xi,theta,dtheta_dxi,rho_over_rhoc,dimensionless_mass
0.000000000000000000e+00,1.000000000000000000e+00,0.000000000000000000e+00,1.000000000000000000e+00,-0.000000000000000000e+00
1.000000000000000082e-05,9.999999999833333320e-01,-3.333333333200000597e-06,9.999999999333333278e-01,3.333333333200001308e-16
3.753820042221519843e-03,9.999976514791336646e-01,-1.251266294671404475e-03,9.999906059496278532e-01,1.763179970376860112e-08
7.497640084443039227e-03,9.999906310041953850e-01,-2.499157165561918456e-03,9.999625245434466958e-01,1.404891374830530982e-07
1.124146012666455904e-02,9.999789387946718122e-01,-3.746963971490770064e-03,9.999157578400961199e-01,4.735054324573196619e-07
1.498528016888607886e-02,9.999625752438483506e-01,-4.994644745495044509e-03,9.998503093788579932e-01,1.121590540129352069e-06
1.872910021110759868e-02,9.999415409021070733e-01,-6.242157531984996767e-03,9.997661841124259041e-01,2.189618992370789558e-06
2.247292025332911850e-02,9.999158364768768736e-01,-7.489460390438977024e-03,9.996633884061145725e-01,3.782418243722640431e-06
2.621674029555063831e-02,9.998854628325709593e-01,-8.736511399392549171e-03,9.995419300368499904e-01,6.004756926721437771e-06
2.996056033777215813e-02,9.998504209905062501e-01,-9.983268659869438608e-03,9.994018181919193111e-01,8.961333118094175806e-06
3.370438037999368142e-02,9.998107121288153376e-01,-1.122969029952418027e-02,9.992430634675230072e-01,1.275676261868161854e-05
3.744820042221520123e-02,9.997663375823363507e-01,-1.247573447609546214e-02,9.990656778670707894e-01,1.749556724847203836e-05
4.119202046443672105e-02,9.997172988424958273e-01,-1.372135938135089946e-02,9.988696747992825697e-01,2.328216315976703357e-05
4.493584050665824087e-02,9.996635975571742661e-01,-1.496652324482915762e-02,9.986550690760530591e-01,3.022084917021992516e-05
4.867966054887976068e-02,9.996052355305532489e-01,-1.621118433736847692e-02,9.984218769100765556e-01,3.841579511754594561e-05
5.242348059110128050e-02,9.995422147229614529e-01,-1.745530097521339960e-02,9.981701159123015366e-01,4.797103023971711460e-05
5.616730063332280032e-02,9.994745372506913528e-01,-1.869883152344412741e-02,9.978998050891026983e-01,5.899043158040350447e-05
5.991112067554432014e-02,9.994022053858154786e-01,-1.994173439994011837e-02,9.976109648392863516e-01,7.157771242436667476e-05
6.365494071776582607e-02,9.993252215559671470e-01,-2.118396807858517403e-02,9.973036169507905058e-01,8.583641076131586693e-05
6.739876075998735283e-02,9.992435883441482813e-01,-2.242549109382781930e-02,9.969777845973294417e-01,1.018698777875576164e-04
7.114258080220887959e-02,9.991573084884722844e-01,-2.366626204355242596e-02,9.966334923346163999e-01,1.197812664368361326e-04
7.488640084443039246e-02,9.990663848819418824e-01,-2.490623959344296159e-02,9.962707660965646195e-01,1.396735199544295986e-04
7.863022088665190534e-02,9.989708205721595791e-01,-2.614538247987470074e-02,9.958896331910586097e-01,1.616493605038666508e-04
8.237404092887343210e-02,9.988706187610751908e-01,-2.738364951409228212e-02,9.954901222957126539e-01,1.858112778213387700e-04
8.611786097109495886e-02,9.987657828047122877e-01,-2.862099958619068740e-02,9.950722634533872846e-01,2.122615179141884166e-04
8.986168101331647173e-02,9.986563162128306859e-01,-2.985739166784923473e-02,9.946360880672922011e-01,2.411020717965464200e-04
9.360550105553798461e-02,9.985422226486481145e-01,-3.109278481674705025e-02,9.941816288961683457e-01,2.724346642841253747e-04
9.734932109775951137e-02,9.984235059285031522e-01,-3.232713817996772654e-02,9.937089200490797358e-01,3.063607428326779519e-04
1.010931411399810381e-01,9.983001700214767515e-01,-3.356041099683764600e-02,9.932179969798867747e-01,3.429814664220056882e-04
1.048369611822025510e-01,9.981722190490760482e-01,-3.479256260325677003e-02,9.927088964818128192e-01,3.823976945070946070e-04
1.085807812244240639e-01,9.980396572849027370e-01,-3.602355243597895468e-02,9.921816566817972527e-01,4.247099760282036277e-04
1.123246012666455906e-01,9.979024891541906639e-01,-3.725334003451129944e-02,9.916363170341784272e-01,4.700185384527605674e-04
1.160684213088671174e-01,9.977607192334495556e-01,-3.848188504546502797e-02,9.910729183146468335e-01,5.184232769024361542e-04
1.198122413510886303e-01,9.976143522500807714e-01,-3.970914722634798222e-02,9.904915026139412548e-01,5.700237433384634962e-04
1.235560613933101431e-01,9.974633930819425398e-01,-4.093508644884555348e-02,9.898921133311946452e-01,6.249191358049153121e-04
1.272998814355316699e-01,9.973078467568804450e-01,-4.215966270172306907e-02,9.892747951669986772e-01,6.832082877309653916e-04
1.310437014777532105e-01,9.971477184522747894e-01,-4.338283609416742487e-02,9.886395941163901302e-01,7.449896573055460845e-04
1.347875215199747234e-01,9.969830134946571221e-01,-4.460456686038467844e-02,9.879865574619695057e-01,8.103613169440070660e-04
1.385313415621962363e-01,9.968137373592508288e-01,-4.582481536320406890e-02,9.873157337665773303e-01,8.794209428145724049e-04
1.422751616044177769e-01,9.966398956693619526e-01,-4.704354209549087285e-02,9.866271728652367123e-01,9.522658043957410879e-04
1.460189816466392898e-01,9.964614941959553107e-01,-4.826070768476184436e-02,9.859209258576939749e-01,1.028992754165208422e-03
1.497628016888608027e-01,9.962785388571494538e-01,-4.947627289647978099e-02,9.851970451005007678e-01,1.109698217344505132e-03
1.535066217310823156e-01,9.960910357177128471e-01,-5.069019863758921635e-02,9.844555841989666156e-01,1.194478181728379426e-03
1.572504417733038284e-01,9.958989909885107572e-01,-5.190244595958523610e-02,9.836965979987833952e-01,1.283428187585322362e-03
1.609942618155253691e-01,9.957024110259268257e-01,-5.311297606141043848e-02,9.829201425774202194e-01,1.376643317635065046e-03
1.647380818577468820e-01,9.955013023312864195e-01,-5.432175029247496290e-02,9.821262752353955294e-01,1.474218187111394967e-03
1.684819018999683948e-01,9.952956715503038509e-01,-5.552873015609489926e-02,9.813150544875168801e-01,1.576246933921455042e-03
1.722257219421899355e-01,9.950855254725805565e-01,-5.673387731364379349e-02,9.804865400541958875e-01,1.682823208915776780e-03
1.759695419844114483e-01,9.948708710310624204e-01,-5.793715358835183071e-02,9.796407928524779596e-01,1.794040166244588626e-03
1.797133620266329612e-01,9.946517153011720236e-01,-5.913852096529366442e-02,9.787778749856693716e-01,1.909990453687850174e-03
1.834571820688544741e-01,9.944280655003755465e-01,-6.033794159675186924e-02,9.778978497345590659e-01,2.030766203234163261e-03
1.872010021110759870e-01,9.941999289874967616e-01,-6.153537780468643775e-02,9.770007815475258983e-01,2.156459021670981743e-03
1.909448221532975276e-01,9.939673132621122953e-01,-6.273079208410359264e-02,9.760867360308501661e-01,2.287159981298892385e-03
1.946886421955190405e-01,9.937302259639098079e-01,-6.392414710618599116e-02,9.751557799387660097e-01,2.422959610737380944e-03
1.984324622377405534e-01,9.934886748720119787e-01,-6.511540572117800740e-02,9.742079811632678998e-01,2.563947885821361589e-03
2.021762822799620940e-01,9.932426679042773987e-01,-6.630453096113393674e-02,9.732434087237173959e-01,2.710214220592147265e-03
2.059201023221836069e-01,9.929922131165908050e-01,-6.749148604263750795e-02,9.722621327563015781e-01,2.861847458387682674e-03
2.096639223644051198e-01,9.927373187021545364e-01,-6.867623436960058891e-02,9.712642245033923372e-01,3.018935863038103157e-03
2.134077424066266326e-01,9.924779929907929787e-01,-6.985873953624915922e-02,9.702497563028527061e-01,3.181567110174008534e-03
2.171515624488481455e-01,9.922142444482812129e-01,-7.103896533040476857e-02,9.692188015773387511e-01,3.349828278656314176e-03
2.208953824910696861e-01,9.919460816757115218e-01,-7.221687573716938091e-02,9.681714348236482026e-01,3.523805842138104990e-03
2.246392025332911990e-01,9.916735134087517611e-01,-7.339243494171353299e-02,9.671077316015509462e-01,3.703585660699514753e-03
2.283830225755127119e-01,9.913965485165202596e-01,-7.456560732853101392e-02,9.660277685210306720e-01,3.889252972409640383e-03
2.321268426177342525e-01,9.911151960011915785e-01,-7.573635748751353369e-02,9.649316232322876496e-01,4.080892385332343317e-03
2.358706626599557654e-01,9.908294649970875723e-01,-7.690465021548617552e-02,9.638193744136444030e-01,4.278587869427185990e-03
2.396144827021772783e-01,9.905393647699298754e-01,-7.807045051905821265e-02,9.626911017599930620e-01,4.482422748628664931e-03
2.433583027443987912e-01,9.902449047160739592e-01,-7.923372361741383429e-02,9.615468859710876171e-01,4.692479693039815040e-03
2.471021227866203041e-01,9.899460943617147679e-01,-8.039443494492796993e-02,9.603868087396419950e-01,4.908840711234099645e-03
2.508459428288418169e-01,9.896429433620677063e-01,-8.155255015364748505e-02,9.592109527392537194e-01,5.131587142667468938e-03
2.545897628710633298e-01,9.893354615005324204e-01,-8.270803511567847988e-02,9.580194016121834633e-01,5.360799650202988098e-03
2.583335829132848982e-01,9.890236586878451419e-01,-8.386085592551975609e-02,9.568122399570159198e-01,5.596558212750910380e-03
2.620774029555064111e-01,9.887075449612235944e-01,-8.501097890238304422e-02,9.555895533162200861e-01,5.838942118027637754e-03
2.658212229977279240e-01,9.883871304835136762e-01,-8.615837059254044528e-02,9.543514281636464869e-01,6.088029955437655218e-03
2.695650430399494368e-01,9.880624255423400282e-01,-8.730299777173937403e-02,9.530979518919727722e-01,6.343899609083064432e-03
2.733088630821709497e-01,9.877334405492695923e-01,-8.844482744772540206e-02,9.518292128001331065e-01,6.606628250906115135e-03
2.770526831243924626e-01,9.874001860389918228e-01,-8.958382686291363473e-02,9.505453000807497776e-01,6.876292333970821478e-03
2.807965031666139755e-01,9.870626726685226560e-01,-9.071996349724867348e-02,9.492463038075937831e-01,7.152967585890459071e-03
2.845403232088355439e-01,9.867209112163770612e-01,-9.185320507088147457e-02,9.479323149228655598e-01,7.436729002375253202e-03
2.882841432510570567e-01,9.863749125810780116e-01,-9.298351954218304904e-02,9.466034252218719081e-01,7.727650840526812184e-03
2.920279632932785696e-01,9.860246877807460342e-01,-9.411087511323180943e-02,9.452597273418075208e-01,8.025806612845069743e-03
2.957717833355000825e-01,9.856702479521124438e-01,-9.523524023162263652e-02,9.439013147482674393e-01,8.331269081086037712e-03
2.995156033777215954e-01,9.853116043495364629e-01,-9.635658359207142920e-02,9.425282817217286446e-01,8.644110250227878336e-03
3.032594234199431082e-01,9.849487683441114916e-01,-9.747487413864504291e-02,9.411407233443284115e-01,8.964401362619472957e-03
3.070032434621646211e-01,9.845817514227488410e-01,-9.859008106686591166e-02,9.397387354865135434e-01,9.292212892251634770e-03
3.107470635043861340e-01,9.842105651872399275e-01,-9.970217382570693843e-02,9.383224147935662618e-01,9.627614539151804415e-03
3.144908835466076469e-01,9.838352213533020363e-01,-1.008111221194922663e-01,9.368918586720310637e-01,9.970675223903163395e-03
3.182347035888292153e-01,9.834557317496093187e-01,-1.019168959097195293e-01,9.354471652760487643e-01,1.032146308228940566e-02
3.219785236310507281e-01,9.830721083168127983e-01,-1.030194654168191393e-01,9.339884334936175980e-01,1.068004546006652740e-02
3.257223436732722410e-01,9.826843631065518281e-01,-1.041188011218662779e-01,9.325157629327927022e-01,1.104648890786337663e-02
3.294661637154937539e-01,9.822925082804606634e-01,-1.052148737682609969e-01,9.310292539078383056e-01,1.142085917621278070e-02
3.332099837577152668e-01,9.818965561091724803e-01,-1.063076543633924287e-01,9.295290074253477197e-01,1.180322121071552578e-02
3.369538037999367797e-01,9.814965189713245053e-01,-1.073971141803020390e-01,9.280151251703440130e-01,1.219363914733958762e-02
3.406976238421582925e-01,9.810924093525668077e-01,-1.084832247593622845e-01,9.264877094923748002e-01,1.259217630785746701e-02
3.444414438843798609e-01,9.806842398445779763e-01,-1.095659579099856340e-01,9.249468633916162474e-01,1.299889519542468327e-02
3.481852639266013738e-01,9.802720231440912313e-01,-1.106452857123798039e-01,9.233926905049999467e-01,1.341385749030282043e-02
3.519290839688228867e-01,9.798557720519324166e-01,-1.117211805193650265e-01,9.218252950923710998e-01,1.383712404573106576e-02
3.556729040110443996e-01,9.794354994720749774e-01,-1.127936149582684233e-01,9.202447820226993258e-01,1.426875488395017155e-02
3.594167240532659124e-01,9.790112184107090387e-01,-1.138625619328898220e-01,9.186512567603322132e-01,1.470880919238076387e-02
3.631605440954874253e-01,9.785829419745365465e-01,-1.149279946213342396e-01,9.170448253483395318e-01,1.515734531940382893e-02
3.669043641377089382e-01,9.781506833699895598e-01,-1.159898864785414152e-01,9.154255943953311103e-01,1.561442077085422285e-02
3.706481841799304511e-01,9.777144559026091919e-01,-1.170482112400314662e-01,9.137936710628663528e-01,1.608009220683851229e-02
3.743920042221519640e-01,9.772742729756725977e-01,-1.181029429214971588e-01,9.121491630500478953e-01,1.655441543814970343e-02
3.781358242643735323e-01,9.768301480891800059e-01,-1.191540558202122957e-01,9.104921785794694022e-01,1.703744542305278553e-02
3.818796443065950452e-01,9.763820948388275411e-01,-1.202015245163496893e-01,9.088228263831183984e-01,1.752923626419888165e-02
3.856234643488165581e-01,9.759301269149631697e-01,-1.212453238742153966e-01,9.071412156882234790e-01,1.802984120566812620e-02
3.893672843910380710e-01,9.754742581015304337e-01,-1.222854290434051278e-01,9.054474562030682128e-01,1.853931263014114983e-02
3.931111044332595839e-01,9.750145022750011936e-01,-1.233218154598895999e-01,9.037416581027764018e-01,1.905770205619939511e-02
3.968549244754810967e-01,9.745508734032972686e-01,-1.243544588470349155e-01,9.020239320150748030e-01,1.958506013575441948e-02
4.005987445177026096e-01,9.740833855447049716e-01,-1.253833352165644455e-01,9.002943890060459697e-01,2.012143665160650088e-02
4.043425645599241780e-01,9.736120528467825386e-01,-1.264084208694685463e-01,8.985531405658780946e-01,2.066688051513296959e-02
4.080863846021456909e-01,9.731368895452632284e-01,-1.274296923968682993e-01,8.968002985946204042e-01,2.122143976410668237e-02
4.118302046443672038e-01,9.726579099629548697e-01,-1.284471266808401291e-01,8.950359753879533198e-01,2.178516156064549264e-02
4.155740246865887166e-01,9.721751285086377425e-01,-1.294607008952068372e-01,8.932602836229787124e-01,2.235809218929315709e-02
4.193178447288102295e-01,9.716885596759629040e-01,-1.304703925063022130e-01,8.914733363440435765e-01,2.294027705523282029e-02
4.230616647710317424e-01,9.711982180423520683e-01,-1.314761792737151047e-01,8.896752469486008952e-01,2.353176068263394469e-02
4.268054848132532553e-01,9.707041182679015945e-01,-1.324780392510194194e-01,8.878661291731195782e-01,2.413258671313390710e-02
4.305493048554747682e-01,9.702062750942899161e-01,-1.334759507864963779e-01,8.860460970790443591e-01,2.474279790445548313e-02
4.342931248976962810e-01,9.697047033436940744e-01,-1.344698925238555220e-01,8.842152650388256374e-01,2.536243612916179099e-02
4.380369449399178494e-01,9.691994179177123581e-01,-1.354598434029606335e-01,8.823737477220130465e-01,2.599154237355019367e-02
4.417807649821393623e-01,9.686904337962988221e-01,-1.364457826605668112e-01,8.805216600814319561e-01,2.663015673668696695e-02
4.455245850243608752e-01,9.681777660367084648e-01,-1.374276898310757833e-01,8.786591173394436849e-01,2.727831842958478026e-02
4.492684050665823881e-01,9.676614297724558389e-01,-1.384055447473145628e-01,8.767862349742975292e-01,2.793606577452497491e-02
4.530122251088039009e-01,9.671414402122897602e-01,-1.393793275413451327e-01,8.749031287065885953e-01,2.860343620452704405e-02
4.567560451510254138e-01,9.666178126382733993e-01,-1.403490186416125052e-01,8.730099144825299584e-01,2.928046626219632867e-02
4.604998651932469267e-01,9.660905624046672857e-01,-1.413145987732200293e-01,8.711067084602022170e-01,2.996719159930189696e-02
4.642436852354684951e-01,9.655597049378523700e-01,-1.422760489625580493e-01,8.691936269996031195e-01,3.066364697742299250e-02
4.679875052776900080e-01,9.650252557346369331e-01,-1.432333505353045044e-01,8.672707866469061555e-01,3.136986626736557038e-02
4.717313253199115208e-01,9.644872303611585762e-01,-1.441864851167535544e-01,8.653383041209340432e-01,3.208588244918134796e-02
4.754751453621330337e-01,9.639456444517801037e-01,-1.451354346320853916e-01,8.633962962996691859e-01,3.281172761230637808e-02
4.792189654043545466e-01,9.634005137079773018e-01,-1.460801813065800980e-01,8.614448802067965483e-01,3.354743295581858603e-02
4.829627854465760595e-01,9.628518538972231644e-01,-1.470207076657779610e-01,8.594841729982979350e-01,3.429302878881348993e-02
4.867066054887975723e-01,9.622996808518657907e-01,-1.479569965355888583e-01,8.575142919490876814e-01,3.504854453089760458e-02
4.904504255310190852e-01,9.617440104680039514e-01,-1.488890310423533758e-01,8.555353544397078513e-01,3.581400871279876580e-02
4.941942455732405981e-01,9.611848587043587688e-01,-1.498167946128583228e-01,8.535474779430787251e-01,3.658944897709315303e-02
4.979380656154621665e-01,9.606222415811438431e-01,-1.507402709743093094e-01,8.515507800113141235e-01,3.737489207904815675e-02
5.016818856576835683e-01,9.600561751789341569e-01,-1.516594441542628013e-01,8.495453782626049000e-01,3.817036388758084792e-02
5.054257056999050812e-01,9.594866756375349803e-01,-1.525742984805206204e-01,8.475313903681764849e-01,3.897588938633173017e-02
5.091695257421265941e-01,9.589137591548508865e-01,-1.534848185809891963e-01,8.455089340393221464e-01,3.979149267485303232e-02
5.129133457843482180e-01,9.583374419857566551e-01,-1.543909893835065938e-01,8.434781270145209620e-01,4.061719696991170775e-02
5.166571658265697309e-01,9.577577404409700623e-01,-1.552927961156392311e-01,8.414390870466398331e-01,4.145302460690644675e-02
5.204009858687912438e-01,9.571746708859290020e-01,-1.561902243044520078e-01,8.393919318902317572e-01,4.229899704139897243e-02
5.241448059110127566e-01,9.565882497396707151e-01,-1.570832597762534255e-01,8.373367792889223615e-01,4.315513485075898187e-02
5.278886259532342695e-01,9.559984934737183471e-01,-1.579718886563189484e-01,8.352737469629050171e-01,4.402145773592298222e-02
5.316324459954557824e-01,9.554054186109711688e-01,-1.588560973685949895e-01,8.332029525965322092e-01,4.489798452326694556e-02
5.353762660376772953e-01,9.548090417246033468e-01,-1.597358726353862723e-01,8.311245138260224818e-01,4.578473316659272679e-02
5.391200860798988082e-01,9.542093794369684856e-01,-1.606112014770292307e-01,8.290385482272728535e-01,4.668172074922851550e-02
5.428639061221203210e-01,9.536064484185142742e-01,-1.614820712115536960e-01,8.269451733037938013e-01,4.758896348624338385e-02
5.466077261643418339e-01,9.530002653867055695e-01,-1.623484694543363416e-01,8.248445064747619293e-01,4.850647672677629862e-02
5.503515462065633468e-01,9.523908471049572499e-01,-1.632103841177473535e-01,8.227366650631950939e-01,4.943427495647987474e-02
5.540953662487848597e-01,9.517782103815389805e-01,-1.640678034106684557e-01,8.206217662841202021e-01,5.037237180004075499e-02
5.578391862910063725e-01,9.511623720676681826e-01,-1.649207158354235314e-01,8.184999272300401696e-01,5.132078002300775182e-02
5.615830063332278854e-01,9.505433490571446598e-01,-1.657691101894734065e-01,8.163712648618218770e-01,5.227951153516997157e-02
5.653268263754493983e-01,9.499211582853359648e-01,-1.666129755651023503e-01,8.142358959974238530e-01,5.324857739345937452e-02
5.690706464176710222e-01,9.492958167278763293e-01,-1.674523013481401812e-01,8.120939372997372230e-01,5.422798780465715174e-02
5.728144664598925351e-01,9.486673413995806436e-01,-1.682870772173072627e-01,8.099455052652648757e-01,5.521775212839565017e-02
5.765582865021140480e-01,9.480357493533564384e-01,-1.691172931435212523e-01,8.077907162128920016e-01,5.621787888025418095e-02
5.803021065443355608e-01,9.474010576791176419e-01,-1.699429393891656037e-01,8.056296862727621022e-01,5.722837573494696933e-02
5.840459265865570737e-01,9.467632835026971172e-01,-1.707640065073222635e-01,8.034625313752478126e-01,5.824924952960272573e-02
5.877897466287785866e-01,9.461224439847607526e-01,-1.715804853409693964e-01,8.012893672400276390e-01,5.928050626713442933e-02
5.915335666710000995e-01,9.454785563197235509e-01,-1.723923670221454152e-01,7.991103093652717204e-01,6.032215111969836674e-02
5.952773867132216123e-01,9.448316377346664963e-01,-1.731996429710811747e-01,7.969254730169322842e-01,6.137418843224139858e-02
5.990212067554431252e-01,9.441817054882567506e-01,-1.740023048953010798e-01,7.947349732181492321e-01,6.243662172613546196e-02
6.027650267976646381e-01,9.435287768696702937e-01,-1.748003447886947448e-01,7.925389247387673031e-01,6.350945370289817760e-02
6.065088468398861510e-01,9.428728691975178933e-01,-1.755937549305607026e-01,7.903374420849703652e-01,6.459268624799886782e-02
6.102526668821076639e-01,9.422139998187745169e-01,-1.763825278846231637e-01,7.881306394890319478e-01,6.568632043474867399e-02
6.139964869243291767e-01,9.415521861077145171e-01,-1.771666564980234893e-01,7.859186308991915615e-01,6.679035652827428060e-02
6.177403069665506896e-01,9.408874454648494812e-01,-1.779461339002874898e-01,7.837015299696472592e-01,6.790479398957390000e-02
6.214841270087722025e-01,9.402197953158731858e-01,-1.787209535022699913e-01,7.814794500506786479e-01,6.902963147965519852e-02
6.252279470509937154e-01,9.395492531106112155e-01,-1.794911089950783079e-01,7.792525041788933571e-01,7.016486686375378312e-02
6.289717670932152283e-01,9.388758363219771308e-01,-1.802565943489752576e-01,7.770208050676039591e-01,7.131049721563191557e-02
6.327155871354368522e-01,9.381995624449357418e-01,-1.810174038122639162e-01,7.747844650973364500e-01,7.246651882195645489e-02
6.364594071776583650e-01,9.375204489954728215e-01,-1.817735319101546621e-01,7.725435963064699596e-01,7.363292718675518156e-02
6.402032272198798779e-01,9.368385135095732563e-01,-1.825249734436167892e-01,7.702983103820125743e-01,7.480971703595150346e-02
6.439470472621013908e-01,9.361537735422066353e-01,-1.832717234882149382e-01,7.680487186505120523e-01,7.599688232197576720e-02
6.476908673043229037e-01,9.354662466663222764e-01,-1.840137773929326204e-01,7.657949320691070927e-01,7.719441622845374384e-02
6.514346873465444165e-01,9.347759504718528012e-01,-1.847511307789837243e-01,7.635370612167162729e-01,7.840231117497081792e-02
6.551785073887659294e-01,9.340829025646344430e-01,-1.854837795383820209e-01,7.612752162850660032e-01,7.962055882181259814e-02
6.589223274309874423e-01,9.333871205650050573e-01,-1.862117198316630973e-01,7.590095070687838952e-01,8.084915007440968138e-02
6.626661474732089552e-01,9.326886221073591443e-01,-1.869349480879619330e-01,7.567400429587276545e-01,8.208807508886310778e-02
6.664099675154304681e-01,9.319874248389868887e-01,-1.876534610032828954e-01,7.544669329330820906e-01,8.333732327678224083e-02
6.701537875576519809e-01,9.312835464190413193e-01,-1.883672555390499270e-01,7.521902855489895900e-01,8.459688331030963682e-02
6.738976075998734938e-01,9.305770045175536520e-01,-1.890763289207371134e-01,7.499102089344497069e-01,8.586674312725059433e-02
6.776414276420950067e-01,9.298678168144507428e-01,-1.897806786364749920e-01,7.476268107803376584e-01,8.714688993626187874e-02
6.813852476843165196e-01,9.291560009985773139e-01,-1.904803024356334362e-01,7.453401983325500524e-01,8.843731022209785908e-02
6.851290677265380324e-01,9.284415747667217333e-01,-1.911751983273820565e-01,7.430504783842754035e-01,8.973798975091312746e-02
6.888728877687596563e-01,9.277245558226462352e-01,-1.918653645792287588e-01,7.407577572683903266e-01,9.104891357562018561e-02
6.926167078109811692e-01,9.270049618761221355e-01,-1.925507997155374018e-01,7.384621408499848494e-01,9.237006604130079679e-02
6.963605278532026821e-01,9.262828106419694896e-01,-1.932315025160255828e-01,7.361637345190139570e-01,9.370143079067042025e-02
7.001043478954241950e-01,9.255581198391025222e-01,-1.939074720142431874e-01,7.338626431830808095e-01,9.504299076959382697e-02
7.038481679376457079e-01,9.248309071895800537e-01,-1.945787074960324825e-01,7.315589712603478567e-01,9.639472823265105017e-02
7.075919879798672207e-01,9.241011904176618108e-01,-1.952452084979709457e-01,7.292528226725785157e-01,9.775662474875261576e-02
7.113358080220887336e-01,9.233689872488709538e-01,-1.959069748057972737e-01,7.269443008383115190e-01,9.912866120680267901e-02
7.150796280643102465e-01,9.226343154090627108e-01,-1.965640064528218489e-01,7.246335086661667146e-01,1.005108178214092901e-01
7.188234481065317594e-01,9.218971926234997838e-01,-1.972163037183219669e-01,7.223205485482829813e-01,1.019030741386401789e-01
7.225672681487532722e-01,9.211576366159340834e-01,-1.978638671259232706e-01,7.200055223538890381e-01,1.033054090418237536e-01
7.263110881909747851e-01,9.204156651076963458e-01,-1.985066974419679442e-01,7.176885314230092572e-01,1.047178007573935921e-01
7.300549082331962980e-01,9.196712958167927443e-01,-1.991447956738701952e-01,7.153696765603033692e-01,1.061402268607756910e-01
7.337987282754178109e-01,9.189245464570090505e-01,-1.997781630684606902e-01,7.130490580290392844e-01,1.075726642823176399e-01
7.375425483176393238e-01,9.181754347370226776e-01,-2.004068011103200542e-01,7.107267755452021385e-01,1.090150893132586646e-01
7.412863683598608366e-01,9.174239783595238285e-01,-2.010307115201024342e-01,7.084029282717405618e-01,1.104674776117392510e-01
7.450301884020823495e-01,9.166701950203437477e-01,-2.016498962528504857e-01,7.060776148129447316e-01,1.119298042088503198e-01
7.487740084443038624e-01,9.159141024075929671e-01,-2.022643574963016999e-01,7.037509332089646463e-01,1.134020435147199968e-01
7.525178284865254863e-01,9.151557182008075442e-01,-2.028740976691879860e-01,7.014229809304612928e-01,1.148841693246382550e-01
7.562616485287469992e-01,9.143950600699806142e-01,-2.034791194192660801e-01,6.990938548730151192e-01,1.163761548250674266e-01
7.600054685709685121e-01,9.136321456746131497e-01,-2.040794256213607216e-01,6.967636513517065922e-01,1.178779725996907807e-01
7.637492886131900249e-01,9.128669926631393094e-01,-2.046750193761677217e-01,6.944324660969491969e-01,1.193895946359330024e-01
7.674931086554115378e-01,9.120996186719600995e-01,-2.052659040082172037e-01,6.921003942492274241e-01,1.209109923310407453e-01
7.712369286976330507e-01,9.113300413246100407e-01,-2.058520830640859500e-01,6.897675303543513436e-01,1.224421364983356159e-01
7.749807487398545636e-01,9.105582782309319390e-01,-2.064335603106027817e-01,6.874339683588415184e-01,1.239829973734953156e-01
7.787245687820760764e-01,9.097843469862577637e-01,-2.070103397330421702e-01,6.850998016054371531e-01,1.255335446208580563e-01
7.824683888242975893e-01,9.090082651705950756e-01,-2.075824255333064139e-01,6.827651228287280327e-01,1.270937473397496520e-01
7.862122088665191022e-01,9.082300503478203391e-01,-2.081498221280971284e-01,6.804300241509101399e-01,1.286635740708311770e-01
7.899560289087406151e-01,9.074497200648777850e-01,-2.087125341470767170e-01,6.780945970776627307e-01,1.302429928024674555e-01
7.936998489509621280e-01,9.066672918509856016e-01,-2.092705664310199609e-01,6.757589324941504216e-01,1.318319709771136605e-01
7.974436689931836408e-01,9.058827832168477867e-01,-2.098239240299569208e-01,6.734231206611457354e-01,1.334304754977201912e-01
8.011874890354051537e-01,9.050962116538736613e-01,-2.103726122013072908e-01,6.710872512112757704e-01,1.350384727341540636e-01
8.049313090776266666e-01,9.043075946334035997e-01,-2.109166364080069245e-01,6.687514131453894395e-01,1.366559285296357895e-01
8.086751291198482905e-01,9.035169496059419769e-01,-2.114560023166271174e-01,6.664156948290466120e-01,1.382828082071910492e-01
8.124189491620698034e-01,9.027242940003976646e-01,-2.119907157954872556e-01,6.640801839891303793e-01,1.399190765761156308e-01
8.161627692042913162e-01,9.019296452233310779e-01,-2.125207829127614412e-01,6.617449677105770034e-01,1.415646979384532211e-01
8.199065892465128291e-01,9.011330206582095492e-01,-2.130462099345794835e-01,6.594101324332301006e-01,1.432196360954846037e-01
8.236504092887343420e-01,9.003344376646698066e-01,-2.135670033231229503e-01,6.570757639488130630e-01,1.448838543542271262e-01
8.273942293309558549e-01,8.995339135777881134e-01,-2.140831697347171936e-01,6.547419473980211624e-01,1.465573155339444100e-01
8.311380493731773678e-01,8.987314657073586233e-01,-2.145947160179191293e-01,6.524087672677333360e-01,1.482399819726644141e-01
8.348818694153988806e-01,8.979271113371795066e-01,-2.151016492116022971e-01,6.500763073883437659e-01,1.499318155337054925e-01
8.386256894576203935e-01,8.971208677243474039e-01,-2.156039765430390887e-01,6.477446509312099199e-01,1.516327776122093907e-01
8.423695094998419064e-01,8.963127520985602059e-01,-2.161017054259809778e-01,6.454138804062210522e-01,1.533428291416805977e-01
8.461133295420634193e-01,8.955027816614281599e-01,-2.165948434587374183e-01,6.430840776594815011e-01,1.550619306005308617e-01
8.498571495842849322e-01,8.946909735857935253e-01,-2.170833984222537427e-01,6.407553238711117816e-01,1.567900420186284505e-01
8.536009696265064450e-01,8.938773450150577782e-01,-2.175673782781857302e-01,6.384276995531624754e-01,1.585271229838489948e-01
8.573447896687279579e-01,8.930619130623946855e-01,-2.180467911667397229e-01,6.361012845472928667e-01,1.602731326484565511e-01
8.610886097109494708e-01,8.922446948101565578e-01,-2.185216454048625745e-01,6.337761580230939495e-01,1.620280297357371280e-01
8.648324297531709837e-01,8.914257073092712869e-01,-2.189919494844004833e-01,6.314523984764710551e-01,1.637917725466133956e-01
8.685762497953924965e-01,8.906049675785470132e-01,-2.194577120700663408e-01,6.291300837278503977e-01,1.655643189661177850e-01
8.723200698376141204e-01,8.897824926040309723e-01,-2.199189419974928172e-01,6.268092909206279817e-01,1.673456264699249574e-01
8.760638898798356333e-01,8.889582993383741139e-01,-2.203756482712830866e-01,6.244900965197212050e-01,1.691356521308783611e-01
8.798077099220571462e-01,8.881324047002029376e-01,-2.208278400630597771e-01,6.221725763102248230e-01,1.709343526255108492e-01
8.835515299642786591e-01,8.873048255734989898e-01,-2.212755267095123379e-01,6.198568053961742708e-01,1.727416842405574415e-01
8.872953500065001720e-01,8.864755788069837994e-01,-2.217187177104432694e-01,6.175428581994060195e-01,1.745576028794600110e-01
8.910391700487216848e-01,8.856446812135128077e-01,-2.221574227268135193e-01,6.152308084585266235e-01,1.763820640688624208e-01
8.947829900909431977e-01,8.848121495694746264e-01,-2.225916515787878247e-01,6.129207292279773567e-01,1.782150229650961148e-01
8.985268101331647106e-01,8.839780006141987334e-01,-2.230214142437798308e-01,6.106126928772032114e-01,1.800564343606541606e-01
9.022706301753862235e-01,8.831422510493694977e-01,-2.234467208544977379e-01,6.083067710899191516e-01,1.819062526906540245e-01
9.060144502176077363e-01,8.823049175384479748e-01,-2.238675816969908916e-01,6.060030348634753983e-01,1.837644320392874953e-01
9.097582702598292492e-01,8.814660167061014739e-01,-2.242840072086974834e-01,6.037015545083234125e-01,1.856309261462573690e-01
9.135020903020507621e-01,8.806255651376388993e-01,-2.246960079764938889e-01,6.014023996475730272e-01,1.875056884131998391e-01
9.172459103442722750e-01,8.797835793784555269e-01,-2.251035947347461985e-01,5.991056392166512756e-01,1.893886719100923988e-01
9.209897303864937879e-01,8.789400759334838886e-01,-2.255067783633638856e-01,5.968113414630532576e-01,1.912798293816457273e-01
9.247335504287153007e-01,8.780950712666528712e-01,-2.259055698858565275e-01,5.945195739461881512e-01,1.931791132536796185e-01
9.284773704709369246e-01,8.772485818003540325e-01,-2.262999804673936355e-01,5.922304035373179287e-01,1.950864756394819211e-01
9.322211905131584375e-01,8.764006239149157995e-01,-2.266900214128680646e-01,5.899438964195891089e-01,1.970018683461496056e-01
9.359650105553799504e-01,8.755512139480852163e-01,-2.270757041649634489e-01,5.876601180881547704e-01,1.989252428809121787e-01
9.397088305976014633e-01,8.747003681945181297e-01,-2.274570403022260767e-01,5.853791333503900463e-01,2.008565504574358618e-01
9.434526506398229762e-01,8.738481029052757032e-01,-2.278340415371414018e-01,5.831010063261912180e-01,2.027957420021085089e-01
9.471964706820444890e-01,8.729944342873305896e-01,-2.282067197142158554e-01,5.808258004483706216e-01,2.047427681603045668e-01
9.509402907242660019e-01,8.721393785030798762e-01,-2.285750868080641540e-01,5.785535784631333778e-01,2.066975793026297470e-01
9.546841107664875148e-01,8.712829516698580301e-01,-2.289391549214857269e-01,5.762844024306216228e-01,2.086601255311292813e-01
9.584279308087090277e-01,8.704251698593929998e-01,-2.292989362834157996e-01,5.740183337253724760e-01,2.106303566853530151e-01
9.621717508509305405e-01,8.695660490974168599e-01,-2.296544432471782360e-01,5.717554330372498494e-01,2.126082223486656098e-01
9.659155708931520534e-01,8.687056053631923014e-01,-2.300056882885581910e-01,5.694957603722136108e-01,2.145936718543657029e-01
9.696593909353735663e-01,8.678438545890472255e-01,-2.303526840038846446e-01,5.672393750531729006e-01,2.165866542917830317e-01
9.734032109775950792e-01,8.669808126599282128e-01,-2.306954431081397749e-01,5.649863357209492509e-01,2.185871185123688665e-01
9.771470310198165921e-01,8.661164954129598748e-01,-2.310339784330736335e-01,5.627367003353144215e-01,2.205950131357591604e-01
9.808908510620381049e-01,8.652509186370118677e-01,-2.313683029253240098e-01,5.604905261761062851e-01,2.226102865558097776e-01
9.846346711042596178e-01,8.643840980722722334e-01,-2.316984296445417923e-01,5.582478698444192089e-01,2.246328869466030498e-01
9.883784911464811307e-01,8.635160494098280681e-01,-2.320243717615222134e-01,5.560087872638690421e-01,2.266627622684254939e-01
9.921223111887027546e-01,8.626467882912527418e-01,-2.323461425563421445e-01,5.537733336819302687e-01,2.286998602737157771e-01
9.958661312309242675e-01,8.617763303082002224e-01,-2.326637554165034982e-01,5.515415636713464353e-01,2.307441285129818442e-01
9.996099512731457803e-01,8.609046910020058396e-01,-2.329772238350835134e-01,5.493135311316094116e-01,2.327955143406887639e-01
1.003353771315367293e+00,8.600318858632945984e-01,-2.332865614088913131e-01,5.470892892905110383e-01,2.348539649211135449e-01
1.007097591357588806e+00,8.591579303315959315e-01,-2.335917818366320398e-01,5.448688907057614994e-01,2.369194272341697272e-01
1.010841411399810319e+00,8.582828397949653354e-01,-2.338928989170777628e-01,5.426523872666767501e-01,2.389918480811986379e-01
1.014585231442031832e+00,8.574066295896128898e-01,-2.341899265472461855e-01,5.404398301959308926e-01,2.410711740907291178e-01
1.018329051484253345e+00,8.565293149995388822e-01,-2.344828787205870957e-01,5.382312700513761650e-01,2.431573517242029969e-01
1.022072871526475080e+00,8.556509112561760944e-01,-2.347717695251766989e-01,5.360267567279258794e-01,2.452503272816684010e-01
1.025816691568696593e+00,8.547714335380388606e-01,-2.350566131419201676e-01,5.338263394595009759e-01,2.473500469074375596e-01
1.029560511610918105e+00,8.538908969703793428e-01,-2.353374238427630161e-01,5.316300668210399705e-01,2.494564565957126945e-01
1.033304331653139618e+00,8.530093166248502445e-01,-2.356142159889106913e-01,5.294379867305686327e-01,2.515695021961750766e-01
1.037048151695361131e+00,8.521267075191746310e-01,-2.358870040290576842e-01,5.272501464513307257e-01,2.536891294195409707e-01
1.040791971737582644e+00,8.512430846168228538e-01,-2.361558024976253833e-01,5.250665925939783651e-01,2.558152838430810538e-01
1.044535791779804157e+00,8.503584628266956935e-01,-2.364206260130098936e-01,5.228873711188193329e-01,2.579479109161057493e-01
1.048279611822025670e+00,8.494728570028151626e-01,-2.366814892758390687e-01,5.207125273381233432e-01,2.600869559654139240e-01
1.052023431864247183e+00,8.485862819440214144e-01,-2.369384070672399534e-01,5.185421059184812664e-01,2.622323642007062805e-01
1.055767251906468696e+00,8.476987523936663216e-01,-2.371913942470867398e-01,5.163761508831967717e-01,2.643840807199293041e-01
1.059511071948690208e+00,8.468102830393003932e-01,-2.374404657522241335e-01,5.142147056146972872e-01,2.665420505145428276e-01
1.063254891990911721e+00,8.459208885124261945e-01,-2.376856365948605554e-01,5.120578128571451337e-01,2.687062184749274829e-01
1.066998712033133234e+00,8.450305833882055806e-01,-2.379269218608285885e-01,5.099055147189697212e-01,2.708765293955964770e-01
1.070742532075354747e+00,8.441393821851864709e-01,-2.381643367078917217e-01,5.077578526754822352e-01,2.730529279804090326e-01
1.074486352117576260e+00,8.432472993650367288e-01,-2.383978963640637216e-01,5.056148675715415042e-01,2.752353588477471913e-01
1.078230172159797773e+00,8.423543493322842579e-01,-2.386276161259378026e-01,5.034765996242666075e-01,2.774237665356536486e-01
1.081973992202019286e+00,8.414605464340637608e-01,-2.388535113570252333e-01,5.013430884257973341e-01,2.796180955069283991e-01
1.085717812244240799e+00,8.405659049598689370e-01,-2.390755974861041855e-01,4.992143729460987167e-01,2.818182901541859686e-01
1.089461632286462311e+00,8.396704391413115642e-01,-2.392938900055782692e-01,4.970904915358109188e-01,2.840242948048712357e-01
1.093205452328683824e+00,8.387741631518862429e-01,-2.395084044698451708e-01,4.949714819291420875e-01,2.862360537262345073e-01
1.096949272370905337e+00,8.378770911067413563e-01,-2.397191564936758668e-01,4.928573812468036719e-01,2.884535111302657384e-01
1.100693092413126850e+00,8.369792370624555833e-01,-2.399261617506037725e-01,4.907482259989857654e-01,2.906766111785866746e-01
1.104436912455348363e+00,8.360806150168216266e-01,-2.401294359713247728e-01,4.886440520883756911e-01,2.929052979873023599e-01
1.108180732497569876e+00,8.351812389086343824e-01,-2.403289949421075489e-01,4.865448948132122808e-01,2.951395156318099011e-01
1.111924552539791389e+00,8.342811226174862149e-01,-2.405248545032149798e-01,4.844507888703810106e-01,2.973792081515659325e-01
1.115668372582012902e+00,8.333802799635676717e-01,-2.407170305473361749e-01,4.823617683585454396e-01,2.996243195548115579e-01
1.119412192624234414e+00,8.324787247074738605e-01,-2.409055390180296907e-01,4.802778667813143998e-01,3.018747938232561046e-01
1.123156012666455927e+00,8.315764705500170439e-01,-2.410903959081777681e-01,4.781991170504454325e-01,3.041305749167166339e-01
1.126899832708677440e+00,8.306735311320451176e-01,-2.412716172584520591e-01,4.761255514890825880e-01,3.063916067777173735e-01
1.130643652750898953e+00,8.297699200342650849e-01,-2.414492191557903455e-01,4.740572018350259209e-01,3.086578333360445181e-01
1.134387472793120466e+00,8.288656507770731929e-01,-2.416232177318853036e-01,4.719940992440355143e-01,3.109291985132600633e-01
1.138131292835342201e+00,8.279607368203901752e-01,-2.417936291616845368e-01,4.699362742931655901e-01,3.132056462271722297e-01
1.141875112877563714e+00,8.270551915635028228e-01,-2.419604696619025441e-01,4.678837569841304278e-01,3.154871203962630322e-01
1.145618932919785227e+00,8.261490283449099969e-01,-2.421237554895446509e-01,4.658365767466977614e-01,3.177735649440743826e-01
1.149362752962006740e+00,8.252422604421754126e-01,-2.422835029404428742e-01,4.637947624421124848e-01,3.200649238035503386e-01
1.153106573004228252e+00,8.243349010717854197e-01,-2.424397283478041121e-01,4.617583423665479470e-01,3.223611409213372192e-01
1.156850393046449765e+00,8.234269633890068940e-01,-2.425924480807322148e-01,4.597273442545710687e-01,3.246621602619902958e-01
1.160594213088671278e+00,8.225184604877553429e-01,-2.427416785427998491e-01,4.577017952826445413e-01,3.269679258121856447e-01
1.164338033130892791e+00,8.216094054004748903e-01,-2.428874361706670759e-01,4.556817220726683271e-01,3.292783815849361639e-01
1.168081853173114304e+00,8.206998110980143757e-01,-2.430297374326509663e-01,4.536671506955245459e-01,3.315934716236830782e-01
1.171825673215335817e+00,8.197896904895112247e-01,-2.431685988273293297e-01,4.516581066746505613e-01,3.339131400063725663e-01
1.175569493257557330e+00,8.188790564222807600e-01,-2.433040368821556831e-01,4.496546149896353817e-01,3.362373308494878144e-01
1.179313313299778843e+00,8.179679216817103971e-01,-2.434360681520863490e-01,4.476567000798361562e-01,3.385659883120378799e-01
1.183057133342000355e+00,8.170562989911592799e-01,-2.435647092182188500e-01,4.456643858480162645e-01,3.408990565995004829e-01
1.186800953384221868e+00,8.161442010118632462e-01,-2.436899766864424888e-01,4.436776956640030023e-01,3.432364799677224410e-01
1.190544773426443381e+00,8.152316403428438996e-01,-2.438118871861003900e-01,4.416966523683621415e-01,3.455782027267741974e-01
1.194288593468664894e+00,8.143186295208240111e-01,-2.439304573686637001e-01,4.397212782760936967e-01,3.479241692447611056e-01
1.198032413510886407e+00,8.134051810201465837e-01,-2.440457039064173883e-01,4.377515951803410688e-01,3.502743239515895279e-01
1.201776233553107920e+00,8.124913072526998015e-01,-2.441576434911583438e-01,4.357876243561193963e-01,3.526286113426893576e-01
1.205520053595329433e+00,8.115770205678461968e-01,-2.442662928329050742e-01,4.338293865640575064e-01,3.549869759826918547e-01
1.209263873637550946e+00,8.106623332523570369e-01,-2.443716686586197007e-01,4.318769020541553538e-01,3.573493625090635173e-01
1.213007693679772458e+00,8.097472575303511499e-01,-2.444737877109419977e-01,4.299301905695547821e-01,3.597157156356959873e-01
1.216751513721993971e+00,8.088318055632389703e-01,-2.445726667469353688e-01,4.279892713503243851e-01,3.620859801564511038e-01
1.220495333764215484e+00,8.079159894496701355e-01,-2.446683225368452286e-01,4.260541631372539162e-01,3.644601009486633236e-01
1.224239153806436997e+00,8.069998212254870795e-01,-2.447607718628692919e-01,4.241248841756637966e-01,3.668380229765968448e-01
1.227982973848658510e+00,8.060833128636826217e-01,-2.448500315179404085e-01,4.222014522192233943e-01,3.692196912948603749e-01
1.231726793890880023e+00,8.051664762743611092e-01,-2.449361183045214441e-01,4.202838845337777962e-01,3.716050510517771577e-01
1.235470613933101536e+00,8.042493233047058876e-01,-2.450190490334125670e-01,4.183721979011875147e-01,3.739940474927122560e-01
1.239214433975323049e+00,8.033318657389496575e-01,-2.450988405225709710e-01,4.164664086231735785e-01,3.763866259633563138e-01
1.242958254017544562e+00,8.024141152983497172e-01,-2.451755095959427810e-01,4.145665325251714495e-01,3.787827319129658532e-01
1.246702074059766074e+00,8.014960836411677558e-01,-2.452490730823077836e-01,4.126725849601923790e-01,3.811823108975614383e-01
1.250445894101987587e+00,8.005777823626534229e-01,-2.453195478141362573e-01,4.107845808126906473e-01,3.835853085830821518e-01
1.254189714144209100e+00,7.996592229950327813e-01,-2.453869506264566847e-01,4.089025345024372982e-01,3.859916707484950527e-01
1.257933534186430613e+00,7.987404170075054211e-01,-2.454512983557036176e-01,4.070264599884080847e-01,3.884013432888110406e-01
1.261677354228652348e+00,7.978213758062359107e-01,-2.455126078386384303e-01,4.051563707726561492e-01,3.908142722181523476e-01
1.265421174270873861e+00,7.969021107343554622e-01,-2.455708959112552492e-01,4.032922799042005790e-01,3.932304036727353180e-01
1.269164994313095374e+00,7.959826330719683707e-01,-2.456261794076891047e-01,4.014341999829197372e-01,3.956496839137959576e-01
1.272908814355316887e+00,7.950629540361595637e-01,-2.456784751591437888e-01,3.995821431634406506e-01,3.980720593304829524e-01
1.276652634397538399e+00,7.941430847810088123e-01,-2.457277999928316192e-01,3.977361211590367263e-01,4.004974764427092770e-01
1.280396454439759912e+00,7.932230363976063847e-01,-2.457741707309250290e-01,3.958961452455202479e-01,4.029258819039601147e-01
1.284140274481981425e+00,7.923028199140744743e-01,-2.458176041895201169e-01,3.940622262651408136e-01,4.053572225040594224e-01
1.287884094524202938e+00,7.913824462955912908e-01,-2.458581171776119956e-01,3.922343746304800538e-01,4.077914451718929190e-01
1.291627914566424451e+00,7.904619264444202598e-01,-2.458957264960821010e-01,3.904126003283495683e-01,4.102284969780899959e-01
1.295371734608645964e+00,7.895412711999416633e-01,-2.459304489366972990e-01,3.885969129236842012e-01,4.126683251376632167e-01
1.299115554650867477e+00,7.886204913386890558e-01,-2.459623012811207043e-01,3.867873215634365369e-01,4.151108770126059611e-01
1.302859374693088990e+00,7.876995975743888989e-01,-2.459913002999346010e-01,3.849838349804672877e-01,4.175561001144488804e-01
1.306603194735310502e+00,7.867786005580041930e-01,-2.460174627516747425e-01,3.831864614974347938e-01,4.200039421067739975e-01
1.310347014777532015e+00,7.858575108777807738e-01,-2.460408053818769203e-01,3.813952090306781395e-01,4.224543508076893383e-01
1.314090834819753528e+00,7.849363390592986045e-01,-2.460613449221347726e-01,3.796100850941002136e-01,4.249072741922604868e-01
1.317834654861975041e+00,7.840150955655253995e-01,-2.460790980891697788e-01,3.778310968030436090e-01,4.273626603949028380e-01
1.321578474904196554e+00,7.830937907968738010e-01,-2.460940815839127993e-01,3.760582508781619149e-01,4.298204577117334391e-01
1.325322294946418067e+00,7.821724350912627743e-01,-2.461063120905971902e-01,3.742915536492872897e-01,4.322806146028809748e-01
1.329066114988639580e+00,7.812510387241810017e-01,-2.461158062758639076e-01,3.725310110592891522e-01,4.347430796947576725e-01
1.332809935030861093e+00,7.803296119087549387e-01,-2.461225807878781591e-01,3.707766286679295420e-01,4.372078017822901841e-01
1.336553755073082606e+00,7.794081647958188697e-01,-2.461266522554575731e-01,3.690284116557089322e-01,4.396747298311110552e-01
1.340297575115304118e+00,7.784867074739891812e-01,-2.461280372872122757e-01,3.672863648277063242e-01,4.421438129797115590e-01
1.344041395157525631e+00,7.775652499697405240e-01,-2.461267524706964860e-01,3.655504926174096281e-01,4.446150005415548945e-01
1.347785215199747144e+00,7.766438022474865255e-01,-2.461228143715716576e-01,3.638207990905401590e-01,4.470882420071510266e-01
1.351529035241968657e+00,7.757223742096621688e-01,-2.461162395327813335e-01,3.620972879488655871e-01,4.495634870460931132e-01
1.355272855284190170e+00,7.748009756968123884e-01,-2.461070444737326335e-01,3.603799625340101120e-01,4.520406855090464693e-01
1.359016675326411683e+00,7.738796164876902139e-01,-2.460952456894735241e-01,3.586688258312668021e-01,4.545197874296709739e-01
1.362760495368633196e+00,7.729583062993361509e-01,-2.460808596499273471e-01,3.569638804733595294e-01,4.570007430265888293e-01
1.366504315410854709e+00,7.720370547871783229e-01,-2.460639027991033123e-01,3.552651287442278871e-01,4.594835027052510679e-01
1.370248135453076221e+00,7.711158715451317258e-01,-2.460443915543244764e-01,3.535725725827942867e-01,4.619680170597768587e-01
1.373991955495297734e+00,7.701947661056989247e-01,-2.460223423054685721e-01,3.518862135867172891e-01,4.644542368747594518e-01
1.377735775537519469e+00,7.692737479400743039e-01,-2.459977714142196348e-01,3.502060530161347218e-01,4.669421131270340974e-01
1.381479595579740982e+00,7.683528264582509815e-01,-2.459706952133306479e-01,3.485320917973945831e-01,4.694315969874086614e-01
1.385223415621962495e+00,7.674320110091300551e-01,-2.459411300058969574e-01,3.468643305267733457e-01,4.719226398223583252e-01
1.388967235664184008e+00,7.665113108806331788e-01,-2.459090920646403999e-01,3.452027694741823249e-01,4.744151931956822055e-01
1.392711055706405521e+00,7.655907352998176929e-01,-2.458745976312044224e-01,3.435474085868612804e-01,4.769092088701251675e-01
1.396454875748627034e+00,7.646702934329943080e-01,-2.458376629154594983e-01,3.418982474930584159e-01,4.794046388089621691e-01
1.400198695790848546e+00,7.637499943858473417e-01,-2.457983040948195363e-01,3.402552855056966696e-01,4.819014351775473548e-01
1.403942515833070059e+00,7.628298472035575095e-01,-2.457565373135686682e-01,3.386185216260261810e-01,4.843995503448280671e-01
1.407686335875291572e+00,7.619098608709276022e-01,-2.457123786821986122e-01,3.369879545472633242e-01,4.868989368848222754e-01
1.411430155917513085e+00,7.609900443125100500e-01,-2.456658442767565842e-01,3.353635826582137547e-01,4.893995475780625881e-01
1.415173975959734598e+00,7.600704063927373744e-01,-2.456169501382035325e-01,3.337454040468817440e-01,4.919013354130041260e-01
1.418917796001956111e+00,7.591509559160541931e-01,-2.455657122717829211e-01,3.321334165040627506e-01,4.944042535873990341e-01
1.422661616044177624e+00,7.582317016270531118e-01,-2.455121466463995872e-01,3.305276175269232786e-01,4.969082555096361875e-01
1.426405436086399137e+00,7.573126522106110592e-01,-2.454562691940092023e-01,3.289280043225617511e-01,4.994132948000469252e-01
1.430149256128620650e+00,7.563938162920286201e-01,-2.453980958090176967e-01,3.273345738115546188e-01,5.019193252921786419e-01
1.433893076170842162e+00,7.554752024371723662e-01,-2.453376423476910650e-01,3.257473226314877013e-01,5.044263010340330755e-01
1.437636896213063675e+00,7.545568191526174084e-01,-2.452749246275751360e-01,3.241662471404673229e-01,5.069341762892731751e-01
1.441380716255285188e+00,7.536386748857938356e-01,-2.452099584269255561e-01,3.225913434206181263e-01,5.094429055383969951e-01
1.445124536297506701e+00,7.527207780251340408e-01,-2.451427594841477653e-01,3.210226072815611786e-01,5.119524434798788937e-01
1.448868356339728214e+00,7.518031369002226016e-01,-2.450733434972469094e-01,3.194600342638763135e-01,5.144627450312794226e-01
1.452612176381949727e+00,7.508857597819473817e-01,-2.450017261232878274e-01,3.179036196425451544e-01,5.169737653303230207e-01
1.456355996424171240e+00,7.499686548826599575e-01,-2.449279229778572042e-01,3.163533584303890867e-01,5.194854597359289672e-01
1.460099816466392753e+00,7.490518303563349356e-01,-2.448519496345375190e-01,3.148092453814838043e-01,5.219977838292136907e-01
1.463843636508614265e+00,7.481352942987160581e-01,-2.447738216244097764e-01,3.132712749945305020e-01,5.245106934145047362e-01
1.467587456550835778e+00,7.472190547474824029e-01,-2.446935544355442471e-01,3.117394415162391130e-01,5.270241445202761277e-01
1.471331276593057291e+00,7.463031196824100322e-01,-2.446111635125073347e-01,3.102137389446825155e-01,5.295380934000691875e-01
1.475075096635278804e+00,7.453874970255356391e-01,-2.445266642558780734e-01,3.086941610326325303e-01,5.320524965333826017e-01
1.478818916677500317e+00,7.444721946413218605e-01,-2.444400720217737577e-01,3.071807012908762680e-01,5.345673106265319552e-01
1.482562736719721830e+00,7.435572203368245869e-01,-2.443514021213847587e-01,3.056733529915142134e-01,5.370824926134799560e-01
1.486306556761943343e+00,7.426425818618620500e-01,-2.442606698205185556e-01,3.041721091712393243e-01,5.395979996566371284e-01
1.490050376804164856e+00,7.417282869091853525e-01,-2.441678903391526489e-01,3.026769626345958697e-01,5.421137891476325299e-01
1.493794196846386368e+00,7.408143431146512192e-01,-2.440730788509967164e-01,3.011879059572203365e-01,5.446298187080562681e-01
1.497538016888607881e+00,7.399007580573958576e-01,-2.439762504830634005e-01,2.997049314890610217e-01,5.471460461901731520e-01
1.501281836930829616e+00,7.389875392600104842e-01,-2.438774203152482556e-01,2.982280313575786934e-01,5.496624296776075891e-01
1.505025656973051129e+00,7.380746941887191825e-01,-2.437766033799182441e-01,2.967571974709281024e-01,5.521789274860002816e-01
1.508769477015272642e+00,7.371622302535570936e-01,-2.436738146615090306e-01,2.952924215211175096e-01,5.546954981636383897e-01
1.512513297057494155e+00,7.362501548085507164e-01,-2.435690690961311300e-01,2.938336949871492298e-01,5.572121004920567167e-01
1.516257117099715668e+00,7.353384751519000950e-01,-2.434623815711843275e-01,2.923810091381401910e-01,5.597286934866122499e-01
1.520000937141937181e+00,7.344271985261615621e-01,-2.433537669249808966e-01,2.909343550364210662e-01,5.622452363970320555e-01
1.523744757184158694e+00,7.335163321184320351e-01,-2.432432399463771988e-01,2.894937235406146447e-01,5.647616887079345283e-01
1.527488577226380206e+00,7.326058830605353123e-01,-2.431308153744136114e-01,2.880591053086948850e-01,5.672780101393236629e-01
1.531232397268601719e+00,7.316958584292087009e-01,-2.430165078979629745e-01,2.866304908010235408e-01,5.697941606470587894e-01
1.534976217310823232e+00,7.307862652462913111e-01,-2.429003321553870887e-01,2.852078702833663049e-01,5.723101004232965527e-01
1.538720037353044745e+00,7.298771104789137931e-01,-2.427823027342016216e-01,2.837912338298888559e-01,5.748257898969100221e-01
1.542463857395266258e+00,7.289684010396885183e-01,-2.426624341707490085e-01,2.823805713261297590e-01,5.773411897338802667e-01
1.546207677437487771e+00,7.280601437869019810e-01,-2.425407409498795130e-01,2.809758724719548240e-01,5.798562608376651717e-01
1.549951497479709284e+00,7.271523455247067558e-01,-2.424172375046403094e-01,2.795771267844869845e-01,5.823709643495428301e-01
1.553695317521930797e+00,7.262450130033160089e-01,-2.422919382159723356e-01,2.781843236010176357e-01,5.848852616489300660e-01
1.557439137564152309e+00,7.253381529192085564e-01,-2.421648574124070641e-01,2.767974520819107553e-01,5.873991143536588799e-01
1.561182957606373822e+00,7.244317719153183788e-01,-2.420360093697838666e-01,2.754165012134602297e-01,5.899124843202592228e-01
1.564926777648595335e+00,7.235258765812299098e-01,-2.419054083109724307e-01,2.740414598107330235e-01,5.924253336442123485e-01
1.568670597690816848e+00,7.226204734533793195e-01,-2.417730684055975077e-01,2.726723165203984722e-01,5.949376246601684182e-01
1.572414417733038361e+00,7.217155690152547987e-01,-2.416390037697735416e-01,2.713090598235330386e-01,5.974493199421458955e-01
1.576158237775259874e+00,7.208111696975967320e-01,-2.415032284658470141e-01,2.699516780384016434e-01,5.999603823037109596e-01
1.579902057817481387e+00,7.199072818785997585e-01,-2.413657565021458395e-01,2.686001593232192342e-01,6.024707747981317141e-01
1.583645877859702900e+00,7.190039118841151655e-01,-2.412266018327362815e-01,2.672544916788892055e-01,6.049804607185114147e-01
1.587389697901924412e+00,7.181010659878542812e-01,-2.410857783571867807e-01,2.659146629517210036e-01,6.074894035979003792e-01
1.591133517944145925e+00,7.171987504115934220e-01,-2.409432999203389991e-01,2.645806608361267465e-01,6.099975672093842505e-01
1.594877337986367438e+00,7.162969713253789505e-01,-2.407991803120861085e-01,2.632524728772947520e-01,6.125049155661532740e-01
1.598621158028588951e+00,7.153957348477332223e-01,-2.406534332671576570e-01,2.619300864738421941e-01,6.150114129215485947e-01
1.602364978070810464e+00,7.144950470458619751e-01,-2.405060724649117632e-01,2.606134888804461647e-01,6.175170237690889019e-01
1.606108798113031977e+00,7.135949139358621629e-01,-2.403571115291338045e-01,2.593026672104532526e-01,6.200217128424756474e-01
1.609852618155253490e+00,7.126953414829296785e-01,-2.402065640278421843e-01,2.579976084384656421e-01,6.225254451155787239e-01
1.613596438197475003e+00,7.117963356015696297e-01,-2.400544434731005927e-01,2.566982994029083365e-01,6.250281858024023807e-01
1.617340258239696738e+00,7.108979021558051725e-01,-2.399007633208369850e-01,2.554047268085715139e-01,6.275299003570302681e-01
1.621084078281918250e+00,7.100000469593890084e-01,-2.397455369706691375e-01,2.541168772291341749e-01,6.300305544735519403e-01
1.624827898324139763e+00,7.091027757760135497e-01,-2.395887777657367268e-01,2.528347371096628660e-01,6.325301140859703741e-01
1.628571718366361276e+00,7.082060943195235270e-01,-2.394304989925398475e-01,2.515582927690916959e-01,6.350285453680902803e-01
1.632315538408582789e+00,7.073100082541272648e-01,-2.392707138807837475e-01,2.502875304026777603e-01,6.375258147333872083e-01
1.636059358450804302e+00,7.064145231946101777e-01,-2.391094356032302248e-01,2.490224360844373042e-01,6.400218888348602198e-01
1.639803178493025815e+00,7.055196447065478216e-01,-2.389466772755548252e-01,2.477629957695586527e-01,6.425167345648634676e-01
1.643546998535247328e+00,7.046253783065191678e-01,-2.387824519562105896e-01,2.465091952967932987e-01,6.450103190549234533e-01
1.647290818577468841e+00,7.037317294623212094e-01,-2.386167726462976035e-01,2.452610203908265618e-01,6.475026096755361893e-01
1.651034638619690353e+00,7.028387035931827898e-01,-2.384496522894387904e-01,2.440184566646248221e-01,6.499935740359472636e-01
1.654778458661911866e+00,7.019463060699812074e-01,-2.382811037716608404e-01,2.427814896217645735e-01,6.524831799839154733e-01
1.658522278704133379e+00,7.010545422154661477e-01,-2.381111399212768320e-01,2.415501046587494594e-01,6.549713956054439290e-01
1.662266098746354892e+00,7.001634173044657405e-01,-2.379397735087852572e-01,2.403242870672804565e-01,6.574581892245277004e-01
1.666009918788576405e+00,6.992729365641050521e-01,-2.377670172467677423e-01,2.391040220365213409e-01,6.599435294028624943e-01
1.669753738830797918e+00,6.983831051740243545e-01,-2.375928837897926527e-01,2.378892946553422538e-01,6.624273849395397873e-01
1.673497558873019431e+00,6.974939282665965079e-01,-2.374173857343253868e-01,2.366800899145398707e-01,6.649097248707293017e-01
1.677241378915240944e+00,6.966054109271441197e-01,-2.372405356186437497e-01,2.354763927090358644e-01,6.673905184693429415e-01
1.680985198957462456e+00,6.957175581941579257e-01,-2.370623459227591823e-01,2.342781878400551354e-01,6.698697352446857378e-01
1.684729018999683969e+00,6.948303750595146155e-01,-2.368828290683430426e-01,2.330854600172820867e-01,6.723473449420908077e-01
1.688472839041905482e+00,6.939438664686957692e-01,-2.367019974186582443e-01,2.318981938609966931e-01,6.748233175425389918e-01
1.692216659084126995e+00,6.930580373210061262e-01,-2.365198632784962784e-01,2.307163739041883099e-01,6.772976232622637260e-01
1.695960479126348508e+00,6.921728924697934104e-01,-2.363364388941193717e-01,2.295399845946506090e-01,6.797702325523427014e-01
1.699704299168570021e+00,6.912884367226667104e-01,-2.361517364532075558e-01,2.283690102970529767e-01,6.822411160982734257e-01
1.703448119210791534e+00,6.904046748417166368e-01,-2.359657680848110395e-01,2.272034352949935110e-01,6.847102448195365731e-01
1.707191939253013047e+00,6.895216115437345916e-01,-2.357785458593075201e-01,2.260432437930297300e-01,6.871775898691437900e-01
1.710935759295234559e+00,6.886392515004328141e-01,-2.355900817883643805e-01,2.248884199186895194e-01,6.896431226331745101e-01
1.714679579337456072e+00,6.877575993386638720e-01,-2.354003878249057158e-01,2.237389477244603186e-01,6.921068147302963380e-01
1.718423399379677585e+00,6.868766596406411518e-01,-2.352094758630842719e-01,2.225948111897592951e-01,6.945686380112755520e-01
1.722167219421899098e+00,6.859964369441585719e-01,-2.350173577382580758e-01,2.214559942228815914e-01,6.970285645584722856e-01
1.725911039464120611e+00,6.851169357428111839e-01,-2.348240452269717560e-01,2.203224806629294208e-01,6.994865666853247177e-01
1.729654859506342124e+00,6.842381604862146638e-01,-2.346295500469424977e-01,2.191942542817192641e-01,7.019426169358206069e-01
1.733398679548563637e+00,6.833601155802260241e-01,-2.344338838570505512e-01,2.180712987856705254e-01,7.043966880839558353e-01
1.737142499590785150e+00,6.824828053871634381e-01,-2.342370582573341520e-01,2.169535978176725943e-01,7.068487531331822948e-01
1.740886319633006885e+00,6.816062342260266194e-01,-2.340390847889891046e-01,2.158411349589329786e-01,7.092987853158433387e-01
1.744630139675228397e+00,6.807304063727166454e-01,-2.338399749343724743e-01,2.147338937308043427e-01,7.117467580925974646e-01
1.748373959717449910e+00,6.798553260602557824e-01,-2.336397401170107746e-01,2.136318575965920896e-01,7.141926451518322283e-01
1.752117779759671423e+00,6.789809974790076419e-01,-2.334383917016123744e-01,2.125350099633424306e-01,7.166364204090652779e-01
1.755861599801892936e+00,6.781074247768988927e-01,-2.332359409940829020e-01,2.114433341836129132e-01,7.190780580063322880e-01
1.759605419844114449e+00,6.772346120596444141e-01,-2.330323992415442858e-01,2.103568135572275455e-01,7.215175323115620154e-01
1.763349239886335962e+00,6.763625633909581270e-01,-2.328277776323630366e-01,2.092754313329948102e-01,7.239548179179566834e-01
1.767093059928557475e+00,6.754912827927772589e-01,-2.326220872961773101e-01,2.081991707104231537e-01,7.263898896433467200e-01
1.770836879970778988e+00,6.746207742454811696e-01,-2.324153393039294635e-01,2.071280148414105238e-01,7.288227225295399458e-01
1.774580700013000500e+00,6.737510416881117292e-01,-2.322075446679025268e-01,2.060619468319168368e-01,7.312532918416599914e-01
1.778324520055222013e+00,6.728820890185925885e-01,-2.319987143417607811e-01,2.050009497436161288e-01,7.336815730674780545e-01
1.782068340097443526e+00,6.720139200939483359e-01,-2.317888592205935294e-01,2.039450065955297209e-01,7.361075419167311118e-01
1.785812160139665039e+00,6.711465387305237673e-01,-2.315779901409631691e-01,2.028941003656410391e-01,7.385311743204343582e-01
1.789555980181886552e+00,6.702799487042029325e-01,-2.313661178809565122e-01,2.018482139924913377e-01,7.409524464301823210e-01
1.793299800224108065e+00,6.694141537506279604e-01,-2.311532531602399354e-01,2.008073303767569651e-01,7.433713346174422032e-01
1.797043620266329578e+00,6.685491575654178842e-01,-2.309394066401178058e-01,1.997714323828080896e-01,7.457878154728375675e-01
1.800787440308551091e+00,6.676849638043864665e-01,-2.307245889235947367e-01,1.987405028402483009e-01,7.482018658054245819e-01
1.804531260350772603e+00,6.668215760837612471e-01,-2.305088105554411460e-01,1.977145245454372258e-01,7.506134626419599387e-01
1.808275080392994116e+00,6.659589979804005910e-01,-2.302920820222620346e-01,1.966934802629932422e-01,7.530225832261592256e-01
1.812018900435215629e+00,6.650972330320119585e-01,-2.300744137525693178e-01,1.956773527272795410e-01,7.554292050179487461e-01
1.815762720477437142e+00,6.642362847373690649e-01,-2.298558161168574310e-01,1.946661246438711468e-01,7.578333056927095690e-01
1.819506540519658655e+00,6.633761565565290397e-01,-2.296362994276820446e-01,1.936597786910045638e-01,7.602348631405131396e-01
1.823250360561880168e+00,6.625168519110490317e-01,-2.294158739397420266e-01,1.926582975210091864e-01,7.626338554653505630e-01
1.826994180604101681e+00,6.616583741842025912e-01,-2.291945498499645961e-01,1.916616637617211405e-01,7.650302609843537827e-01
1.830738000646323194e+00,6.608007267211963853e-01,-2.289723372975933924e-01,1.906698600178802772e-01,7.674240582270103195e-01
1.834481820688544706e+00,6.599439128293849155e-01,-2.287492463642797347e-01,1.896828688725079315e-01,7.698152259343705728e-01
1.838225640730766219e+00,6.590879357784865666e-01,-2.285252870741767695e-01,1.887006728882689999e-01,7.722037430582493478e-01
1.841969460772987732e+00,6.582327988007982134e-01,-2.283004693940365037e-01,1.877232546088158927e-01,7.745895887604198338e-01
1.845713280815209245e+00,6.573785050914100481e-01,-2.280748032333097808e-01,1.867505965601156948e-01,7.769727424118020309e-01
1.849457100857430758e+00,6.565250578084192989e-01,-2.278482984442490866e-01,1.857826812517597015e-01,7.793531835916446271e-01
1.853200920899652271e+00,6.556724600731437258e-01,-2.276209648220139659e-01,1.848194911782563565e-01,7.817308920867003241e-01
1.856944740941874006e+00,6.548207149703392238e-01,-2.273928121047782136e-01,1.838610088203121162e-01,7.841058478903923934e-01
1.860688560984095519e+00,6.539698255484114320e-01,-2.271638499738414529e-01,1.829072166460898041e-01,7.864780312019804542e-01
1.864432381026317032e+00,6.531197948196253433e-01,-2.269340880537433491e-01,1.819580971124483693e-01,7.888474224257229217e-01
1.868176201068538544e+00,6.522706257603200219e-01,-2.267035359123791005e-01,1.810136326661724859e-01,7.912140021700264647e-01
1.871920021110760057e+00,6.514223213111195454e-01,-2.264722030611181491e-01,1.800738057451823360e-01,7.935777512465951311e-01
1.875663841152981570e+00,6.505748843771449463e-01,-2.262400989549252783e-01,1.791385987797285695e-01,7.959386506695729224e-01
1.879407661195203083e+00,6.497283178282251548e-01,-2.260072329924842083e-01,1.782079941935707235e-01,7.982966816546815947e-01
1.883151481237424596e+00,6.488826244991067194e-01,-2.257736145163235231e-01,1.772819744051389035e-01,8.006518256183545734e-01
1.886895301279646109e+00,6.480378071896649717e-01,-2.255392528129449570e-01,1.763605218286816434e-01,8.030040641768639853e-01
1.890639121321867622e+00,6.471938686651121930e-01,-2.253041571129539011e-01,1.754436188753954740e-01,8.053533791454455804e-01
1.894382941364089135e+00,6.463508116562078909e-01,-2.250683365911923806e-01,1.745312479545415296e-01,8.076997525374182141e-01
1.898126761406310647e+00,6.455086388594662994e-01,-2.248318003668740017e-01,1.736233914745445028e-01,8.100431665632988887e-01
1.901870581448532160e+00,6.446673529373652123e-01,-2.245945575037211484e-01,1.727200318440779980e-01,8.123836036299141306e-01
1.905614401490753673e+00,6.438269565185530396e-01,-2.243566170101043700e-01,1.718211514731334821e-01,8.147210463395071489e-01
1.909358221532975186e+00,6.429874521980557533e-01,-2.241179878391838520e-01,1.709267327740744968e-01,8.170554774888417748e-01
1.913102041575196699e+00,6.421488425374836106e-01,-2.238786788890528567e-01,1.700367581626762159e-01,8.193868800683021814e-01
1.916845861617418212e+00,6.413111300652369895e-01,-2.236386990028831900e-01,1.691512100591498757e-01,8.217152372609896060e-01
1.920589681659639725e+00,6.404743172767116688e-01,-2.233980569690727225e-01,1.682700708891523012e-01,8.240405324418146327e-01
1.924333501701861238e+00,6.396384066345036645e-01,-2.231567615213946865e-01,1.673933230847811093e-01,8.263627491765876965e-01
1.928077321744082750e+00,6.388034005686132888e-01,-2.229148213391490829e-01,1.665209490855550922e-01,8.286818712211064808e-01
1.931821141786304263e+00,6.379693014766490977e-01,-2.226722450473155868e-01,1.656529313393806102e-01,8.309978825202377628e-01
1.935564961828525776e+00,6.371361117240303962e-01,-2.224290412167085895e-01,1.647892523035031365e-01,8.333107672070000360e-01
1.939308781870747289e+00,6.363038336441902976e-01,-2.221852183641337686e-01,1.639298944454454510e-01,8.356205096016405820e-01
1.943052601912968802e+00,6.354724695387768962e-01,-2.219407849525465715e-01,1.630748402439308464e-01,8.379270942107117648e-01
1.946796421955190315e+00,6.346420216778548840e-01,-2.216957493912121158e-01,1.622240721897931781e-01,8.402305057261434396e-01
1.950540241997411828e+00,6.338124923001058342e-01,-2.214501200358669764e-01,1.613775727868727305e-01,8.425307290243132519e-01
1.954284062039633341e+00,6.329838836130284863e-01,-2.212039051888823604e-01,1.605353245528987893e-01,8.448277491651156046e-01
1.958027882081854854e+00,6.321561977931406950e-01,-2.209571130994284205e-01,1.596973100203609996e-01,8.471215513910245187e-01
1.961771702124076366e+00,6.313294369861760513e-01,-2.207097519636415928e-01,1.588635117373627670e-01,8.494121211261624893e-01
1.965515522166297879e+00,6.305036033072815016e-01,-2.204618299247920743e-01,1.580339122684626674e-01,8.516994439753603485e-01
1.969259342208519392e+00,6.296786988412160779e-01,-2.202133550734533263e-01,1.572084941955047832e-01,8.539835057232185722e-01
1.973003162250740905e+00,6.288547256425474075e-01,-2.199643354476726320e-01,1.563872401184340233e-01,8.562642923331651446e-01
1.976746982292962418e+00,6.280316857358482219e-01,-2.197147790331434869e-01,1.555701326560995357e-01,8.585417899465135338e-01
1.980490802335184153e+00,6.272095811158918677e-01,-2.194646937633790151e-01,1.547571544470445482e-01,8.608159848815184478e-01
1.984234622377405666e+00,6.263884137478478165e-01,-2.192140875198868577e-01,1.539482881502845235e-01,8.630868636324292575e-01
1.987978442419627179e+00,6.255681855674749547e-01,-2.189629681323453092e-01,1.531435164460708265e-01,8.653544128685443093e-01
1.991722262461848691e+00,6.247488984813166502e-01,-2.187113433787806760e-01,1.523428220366446206e-01,8.676186194332622392e-01
1.995466082504070204e+00,6.239305543668928200e-01,-2.184592209857458001e-01,1.515461876469759439e-01,8.698794703431327324e-01
1.999209902546291717e+00,6.231131550728924440e-01,-2.182066086284999984e-01,1.507535960254915985e-01,8.721369527869065053e-01
2.002953722588513230e+00,6.222967024193657437e-01,-2.179535139311898351e-01,1.499650299447914670e-01,8.743910541245846213e-01
2.006697542630734521e+00,6.214811981979148081e-01,-2.176999444670313644e-01,1.491804722023517826e-01,8.766417618864665862e-01
2.010441362672956256e+00,6.206666441718839966e-01,-2.174459077584930400e-01,1.483999056212168821e-01,8.788890637721982202e-01
2.014185182715177547e+00,6.198530420765496762e-01,-2.171914112774802064e-01,1.476233130506795221e-01,8.811329476498181990e-01
2.017929002757399282e+00,6.190403936193091816e-01,-2.169364624455200341e-01,1.468506773669490395e-01,8.833734015548054819e-01
2.021672822799620572e+00,6.182287004798691088e-01,-2.166810686339481762e-01,1.460819814738083533e-01,8.856104136891251866e-01
2.025416642841842307e+00,6.174179643104326098e-01,-2.164252371640955352e-01,1.453172083032589490e-01,8.878439724202750183e-01
2.029160462884063598e+00,6.166081867358866875e-01,-2.161689753074768072e-01,1.445563408161554264e-01,8.900740662803303671e-01
2.032904282926285333e+00,6.157993693539878244e-01,-2.159122902859793025e-01,1.437993620028277242e-01,8.923006839649912925e-01
2.036648102968506624e+00,6.149915137355479455e-01,-2.156551892720529884e-01,1.430462548836935188e-01,8.945238143326265101e-01
2.040391923010728359e+00,6.141846214246183822e-01,-2.153976793889012253e-01,1.422970025098579949e-01,8.967434464033211539e-01
2.044135743052950094e+00,6.133786939386747239e-01,-2.151397677106724193e-01,1.415515879637047614e-01,8.989595693579207625e-01
2.047879563095171385e+00,6.125737327687992284e-01,-2.148814612626523957e-01,1.408099943594738890e-01,9.011721725370783753e-01
2.051623383137393120e+00,6.117697393798635641e-01,-2.146227670214574668e-01,1.400722048438305944e-01,9.033812454403012948e-01
2.055367203179614410e+00,6.109667152107111088e-01,-2.143636919152283604e-01,1.393382025964235715e-01,9.055867777249960726e-01
2.059111023221836145e+00,6.101646616743391371e-01,-2.141042428238245920e-01,1.386079708304333302e-01,9.077887592055171595e-01
2.062854843264057436e+00,6.093635801580776779e-01,-2.138444265790203636e-01,1.378814927931079903e-01,9.099871798522150002e-01
2.066598663306279171e+00,6.085634720237689255e-01,-2.135842499647001014e-01,1.371587517662898603e-01,9.121820297904844610e-01
2.070342483348500462e+00,6.077643386079474297e-01,-2.133237197170551602e-01,1.364397310669333285e-01,9.143732992998132580e-01
2.074086303390722197e+00,6.069661812220170649e-01,-2.130628425247809432e-01,1.357244140476106531e-01,9.165609788128331603e-01
2.077830123432943488e+00,6.061690011524296651e-01,-2.128016250292748823e-01,1.350127840970098136e-01,9.187450589143689728e-01
2.081573943475165223e+00,6.053727996608602169e-01,-2.125400738248345023e-01,1.343048246404201229e-01,9.209255303404932924e-01
2.085317763517386513e+00,6.045775779843846065e-01,-2.122781954588565945e-01,1.336005191402113712e-01,9.231023839775756024e-01
2.089061583559608248e+00,6.037833373356532585e-01,-2.120159964320363077e-01,1.328998510963000645e-01,9.252756108613393593e-01
2.092805403601829539e+00,6.029900789030665509e-01,-2.117534831985672938e-01,1.322028040466085297e-01,9.274452021759140852e-01
2.096549223644051274e+00,6.021978038509482323e-01,-2.114906621663417141e-01,1.315093615675136940e-01,9.296111492528941200e-01
2.100293043686272565e+00,6.014065133197182833e-01,-2.112275396971512731e-01,1.308195072742865117e-01,9.317734435703937113e-01
2.104036863728494300e+00,6.006162084260654455e-01,-2.109641221068881967e-01,1.301332248215227028e-01,9.339320767521070987e-01
2.107780683770715591e+00,5.998268902631183064e-01,-2.107004156657469318e-01,1.294504979035638881e-01,9.360870405663680449e-01
2.111524503812937326e+00,5.990385599006162742e-01,-2.104364265984259297e-01,1.287713102549101207e-01,9.382383269252116964e-01
2.115268323855158616e+00,5.982512183850797749e-01,-2.101721610843301780e-01,1.280956456506236740e-01,9.403859278834370006e-01
2.119012143897380351e+00,5.974648667399785618e-01,-2.099076252577734281e-01,1.274234879067230319e-01,9.425298356376723419e-01
2.122755963939601642e+00,5.966795059659012468e-01,-2.096428252081816157e-01,1.267548208805699406e-01,9.446700425254407341e-01
2.126499783981823377e+00,5.958951370407220560e-01,-2.093777669802956154e-01,1.260896284712461346e-01,9.468065410242293423e-01
2.130243604024044668e+00,5.951117609197685843e-01,-2.091124565743750219e-01,1.254278946199230138e-01,9.489393237505572287e-01
2.133987424066266403e+00,5.943293785359871073e-01,-2.088468999464016262e-01,1.247696033102216467e-01,9.510683834590490937e-01
2.137731244108487694e+00,5.935479908001085603e-01,-2.085811030082835305e-01,1.241147385685656135e-01,9.531937130415060189e-01
2.141475064150709429e+00,5.927675986008127396e-01,-2.083150716280591785e-01,1.234632844645247862e-01,9.553153055259839821e-01
2.145218884192930719e+00,5.919882028048925049e-01,-2.080488116301016377e-01,1.228152251111517684e-01,9.574331540758675985e-01
2.148962704235152454e+00,5.912098042574164269e-01,-2.077823287953231290e-01,1.221705446653095356e-01,9.595472519889525209e-01
2.152706524277373745e+00,5.904324037818914350e-01,-2.075156288613795308e-01,1.215292273279919011e-01,9.616575926965235110e-01
2.156450344319595480e+00,5.896560021804242435e-01,-2.072487175228750200e-01,1.208912573446357663e-01,9.637641697624401704e-01
2.160194164361817215e+00,5.888806002338830003e-01,-2.069816004315672697e-01,1.202566190054264739e-01,9.658669768822216728e-01
2.163937984404038506e+00,5.881061987020562709e-01,-2.067142831965722294e-01,1.196252966455939315e-01,9.679660078821351599e-01
2.167681804446260241e+00,5.873327983238121330e-01,-2.064467713845690167e-01,1.189972746457019503e-01,9.700612567182859136e-01
2.171425624488481532e+00,5.865603998172578271e-01,-2.061790705200051144e-01,1.183725374319312823e-01,9.721527174757076395e-01
2.175169444530703267e+00,5.857890038798961863e-01,-2.059111860853013731e-01,1.177510694763531651e-01,9.742403843674609654e-01
2.178913264572924557e+00,5.850186111887836216e-01,-2.056431235210572639e-01,1.171328552971976078e-01,9.763242517337262782e-01
2.182657084615146292e+00,5.842492224006855528e-01,-2.053748882262557696e-01,1.165178794591129885e-01,9.784043140409064421e-01
2.186400904657367583e+00,5.834808381522325060e-01,-2.051064855584688040e-01,1.159061265734197682e-01,9.804805658807277391e-01
2.190144724699589318e+00,5.827134590600739905e-01,-2.048379208340619373e-01,1.152975812983559611e-01,9.825530019693441419e-01
2.193888544741810609e+00,5.819470857210333747e-01,-2.045691993283997312e-01,1.146922283393171926e-01,9.846216171464442501e-01
2.197632364784032344e+00,5.811817187122598760e-01,-2.043003262760504368e-01,1.140900524490881529e-01,9.866864063743620017e-01
2.201376184826253635e+00,5.804173585913819933e-01,-2.040313068709910804e-01,1.134910384280691381e-01,9.887473647371871621e-01
2.205120004868475370e+00,5.796540058966579423e-01,-2.037621462668120220e-01,1.128951711244941258e-01,9.908044874398825863e-01
2.208863824910696660e+00,5.788916611471277562e-01,-2.034928495769218748e-01,1.123024354346441739e-01,9.928577698073991487e-01
2.212607644952918395e+00,5.781303248427622776e-01,-2.032234218747518417e-01,1.117128163030525201e-01,9.949072072837988889e-01
2.216351464995139686e+00,5.773699974646129274e-01,-2.029538681939604128e-01,1.111262987227044918e-01,9.969527954313762708e-01
2.220095285037361421e+00,5.766106794749602527e-01,-2.026841935286372576e-01,1.105428677352306849e-01,9.989945299297851022e-01
2.223839105079582712e+00,5.758523713174615866e-01,-2.024144028335077006e-01,1.099625084310938139e-01,1.001032406575166789e+00
2.227582925121804447e+00,5.750950734172977086e-01,-2.021445010241364193e-01,1.093852059497692902e-01,1.003066421279283471e+00
2.231326745164025738e+00,5.743387861813198381e-01,-2.018744929771313090e-01,1.088109454799204151e-01,1.005096570068650941e+00
2.235070565206247473e+00,5.735835099981945184e-01,-2.016043835303468479e-01,1.082397122595666616e-01,1.007122849083677218e+00
2.238814385248468763e+00,5.728292452385483902e-01,-2.013341774830876008e-01,1.076714915762464753e-01,1.009145254577803019e+00
2.242558205290690498e+00,5.720759922551120757e-01,-2.010638795963110570e-01,1.071062687671741065e-01,1.011163782916645104e+00
2.246302025332911789e+00,5.713237513828640646e-01,-2.007934945928306902e-01,1.065440292193913091e-01,1.013178430577142963e+00
2.250045845375133524e+00,5.705725229391717113e-01,-2.005230271575182410e-01,1.059847583699116552e-01,1.015189194146708385e+00
2.253789665417354815e+00,5.698223072239345655e-01,-2.002524819375062215e-01,1.054284417058616447e-01,1.017196070322377022e+00
2.257533485459576550e+00,5.690731045197238158e-01,-1.999818635423897262e-01,1.048750647646138484e-01,1.019199055909966400e+00
2.261277305501797841e+00,5.683249150919236214e-01,-1.997111765444284648e-01,1.043246131339165828e-01,1.021198147823233260e+00
2.265021125544019576e+00,5.675777391888695567e-01,-1.994404254787479347e-01,1.037770724520166582e-01,1.023193343083037110e+00
2.268764945586240867e+00,5.668315770419882771e-01,-1.991696148435406211e-01,1.032324284077781734e-01,1.025184638816503124e+00
2.272508765628462601e+00,5.660864288659340771e-01,-1.988987491002666141e-01,1.026906667407943702e-01,1.027172032256193690e+00
2.276252585670684336e+00,5.653422948587274455e-01,-1.986278326738542266e-01,1.021517732414963658e-01,1.029155520739277518e+00
2.279996405712905627e+00,5.645991752018906240e-01,-1.983568699529001111e-01,1.016157337512550579e-01,1.031135101706706303e+00
2.283740225755127362e+00,5.638570700605830543e-01,-1.980858652898686290e-01,1.010825341624785323e-01,1.033110772702392266e+00
2.287484045797348653e+00,5.631159795837373805e-01,-1.978148230012916897e-01,1.005521604187054330e-01,1.035082531372389703e+00
2.291227865839570388e+00,5.623759039041922314e-01,-1.975437473679673428e-01,1.000245985146915872e-01,1.037050375464080521e+00
2.294971685881791679e+00,5.616368431388267801e-01,-1.972726426351585627e-01,9.949983449649373035e-02,1.039014302825361558e+00
2.298715505924013414e+00,5.608987973886924161e-01,-1.970015130127912295e-01,9.897785446154684641e-02,1.040974311403836561e+00
2.302459325966234704e+00,5.601617667391456390e-01,-1.967303626756522483e-01,9.845864455873823418e-02,1.042930399246011275e+00
2.306203146008456439e+00,5.594257512599783988e-01,-1.964591957635863917e-01,9.794219098847574412e-02,1.044882564496491195e+00
2.309946966050677730e+00,5.586907510055492132e-01,-1.961880163816937528e-01,9.742848000275240727e-02,1.046830805397183317e+00
2.313690786092899465e+00,5.579567660149121755e-01,-1.959168286005257831e-01,9.691749790520566565e-02,1.048775120286502549e+00
2.317434606135120756e+00,5.572237963119468507e-01,-1.956456364562816908e-01,9.640923105117338299e-02,1.050715507598577902e+00
2.321178426177342491e+00,5.564918419054855070e-01,-1.953744439510037845e-01,9.590366584774399905e-02,1.052651965862467565e+00
2.324922246219563782e+00,5.557609027894413467e-01,-1.951032550527727338e-01,9.540078875380371415e-02,1.054584493701371306e+00
2.328666066261785517e+00,5.550309789429349605e-01,-1.948320736959021637e-01,9.490058628007867758e-02,1.056513089831852215e+00
2.332409886304006807e+00,5.543020703304205599e-01,-1.945609037811329434e-01,9.440304498917335974e-02,1.058437753063056874e+00
2.336153706346228542e+00,5.535741769018112102e-01,-1.942897491758266426e-01,9.390815149560455266e-02,1.060358482295943539e+00
2.339897526388449833e+00,5.528472985926035088e-01,-1.940186137141590439e-01,9.341589246583160977e-02,1.062275276522509415e+00
2.343641346430671568e+00,5.521214353240013750e-01,-1.937475011973125161e-01,9.292625461828238342e-02,1.064188134825025722e+00
2.347385166472892859e+00,5.513965870030392846e-01,-1.934764153936684439e-01,9.243922472337549878e-02,1.066097056375272523e+00
2.351128986515114594e+00,5.506727535227048387e-01,-1.932053600389986858e-01,9.195478960353875575e-02,1.068002040433780442e+00
2.354872806557335885e+00,5.499499347620602219e-01,-1.929343388366568379e-01,9.147293613322340922e-02,1.069903086349072607e+00
2.358616626599557620e+00,5.492281305863631058e-01,-1.926633554577686924e-01,9.099365123891489660e-02,1.071800193556913028e+00
2.362360446641778911e+00,5.485073408471872192e-01,-1.923924135414226966e-01,9.051692189914002651e-02,1.073693361579557193e+00
2.366104266684000645e+00,5.477875653825419189e-01,-1.921215166948590514e-01,9.004273514447043436e-02,1.075582590025008001e+00
2.369848086726221936e+00,5.470688040169909838e-01,-1.918506684936589213e-01,8.957107805752236029e-02,1.077467878586270134e+00
2.373591906768443671e+00,5.463510565617709647e-01,-1.915798724819327559e-01,8.910193777295311035e-02,1.079349227040616199e+00
2.377335726810664962e+00,5.456343228149084235e-01,-1.913091321725082505e-01,8.863530147745372900e-02,1.081226635248847767e+00
2.381079546852886697e+00,5.449186025613366180e-01,-1.910384510471175301e-01,8.817115640973846591e-02,1.083100103154568394e+00
2.384823366895107988e+00,5.442038955730120753e-01,-1.907678325565840272e-01,8.770948986053113405e-02,1.084969630783452210e+00
2.388567186937329723e+00,5.434902016090294996e-01,-1.904972801210083611e-01,8.725028917254767924e-02,1.086835218242522938e+00
2.392311006979551014e+00,5.427775204157365696e-01,-1.902267971299542448e-01,8.679354174047576587e-02,1.088696865719432916e+00
2.396054827021772748e+00,5.420658517268478471e-01,-1.899563869426330320e-01,8.633923501095104591e-02,1.090554573481745670e+00
2.399798647063994483e+00,5.413551952635582420e-01,-1.896860528880884578e-01,8.588735648253058297e-02,1.092408341876224043e+00
2.403542467106215774e+00,5.406455507346556999e-01,-1.894157982653801864e-01,8.543789370566293173e-02,1.094258171328120310e+00
2.407286287148437509e+00,5.399369178366325572e-01,-1.891456263437668872e-01,8.499083428265492846e-02,1.096104062340470975e+00
2.411030107190658800e+00,5.392292962537973411e-01,-1.888755403628891161e-01,8.454616586763606667e-02,1.097946015493394212e+00
2.414773927232880535e+00,5.385226856583849031e-01,-1.886055435329508090e-01,8.410387616651945897e-02,1.099784031443392651e+00
2.418517747275101826e+00,5.378170857106667757e-01,-1.883356390349009979e-01,8.366395293696034241e-02,1.101618110922658378e+00
2.422261567317323561e+00,5.371124960590596409e-01,-1.880658300206141664e-01,8.322638398831105899e-02,1.103448254738381040e+00
2.426005387359544851e+00,5.364089163402347982e-01,-1.877961196130705779e-01,8.279115718157427362e-02,1.105274463772061955e+00
2.429749207401766586e+00,5.357063461792247461e-01,-1.875265109065354374e-01,8.235826042935207036e-02,1.107096738978829986e+00
2.433493027443987877e+00,5.350047851895319839e-01,-1.872570069667379433e-01,8.192768169579409121e-02,1.108915081386761425e+00
2.437236847486209612e+00,5.343042329732337059e-01,-1.869876108310492002e-01,8.149940899654101178e-02,1.110729492096204751e+00
2.440980667528430903e+00,5.336046891210892706e-01,-1.867183255086599381e-01,8.107343039866737877e-02,1.112539972279106726e+00
2.444724487570652638e+00,5.329061532126442291e-01,-1.864491539807570375e-01,8.064973402062031171e-02,1.114346523178344484e+00
2.448468307612873929e+00,5.322086248163359068e-01,-1.861800992007001110e-01,8.022830803215702522e-02,1.116149146107059176e+00
2.452212127655095664e+00,5.315121034895959884e-01,-1.859111640941966681e-01,7.980914065427832660e-02,1.117947842447996720e+00
2.455955947697316955e+00,5.308165887789549897e-01,-1.856423515594773088e-01,7.939222015916140573e-02,1.119742613652846774e+00
2.459699767739538689e+00,5.301220802201428439e-01,-1.853736644674695844e-01,7.897753487008822570e-02,1.121533461241591478e+00
2.463443587781759980e+00,5.294285773381931515e-01,-1.851051056619719692e-01,7.856507316137409380e-02,1.123320386801852644e+00
2.467187407823981715e+00,5.287360796475429892e-01,-1.848366779598264731e-01,7.815482345829177779e-02,1.125103391988247381e+00
2.470931227866203006e+00,5.280445866521338294e-01,-1.845683841510908640e-01,7.774677423699435930e-02,1.126882478521742392e+00
2.474675047908424741e+00,5.273540978455116823e-01,-1.843002269992102815e-01,7.734091402443578345e-02,1.128657648189016260e+00
2.478418867950646032e+00,5.266646127109263498e-01,-1.840322092411880717e-01,7.693723139828913260e-02,1.130428902841822625e+00
2.482162687992867767e+00,5.259761307214295689e-01,-1.837643335877559014e-01,7.653571498686242980e-02,1.132196244396358908e+00
2.485906508035089058e+00,5.252886513399741553e-01,-1.834966027235434005e-01,7.613635346901338752e-02,1.133959674832636377e+00
2.489650328077310792e+00,5.246021740195101479e-01,-1.832290193072468043e-01,7.573913557406070085e-02,1.135719196193857528e+00
2.493394148119532083e+00,5.239166982030826203e-01,-1.829615859717972082e-01,7.534405008169457740e-02,1.137474810585792140e+00
2.497137968161753818e+00,5.232322233239273812e-01,-1.826943053245278781e-01,7.495108582188458879e-02,1.139226520176162216e+00
2.500881788203975109e+00,5.225487488055662322e-01,-1.824271799473411171e-01,7.456023167478556535e-02,1.140974327194025584e+00
2.504625608246196844e+00,5.218662740619023355e-01,-1.821602123968742160e-01,7.417147657064208921e-02,1.142718233929168159e+00
2.508369428288418135e+00,5.211847984973144721e-01,-1.818934052046648764e-01,7.378480948969083630e-02,1.144458242731495101e+00
2.512113248330639870e+00,5.205043215067499673e-01,-1.816267608773157738e-01,7.340021946206062853e-02,1.146194356010429294e+00
2.515857068372861161e+00,5.198248424758188380e-01,-1.813602818966585928e-01,7.301769556767183367e-02,1.147926576234309826e+00
2.519600888415082895e+00,5.191463607808853853e-01,-1.810939707199172577e-01,7.263722693613292036e-02,1.149654905929799797e+00
2.523344708457304630e+00,5.184688757891602329e-01,-1.808278297798705248e-01,7.225880274663573632e-02,1.151379347681290133e+00
2.527088528499525921e+00,5.177923868587919198e-01,-1.805618614850137693e-01,7.188241222784944040e-02,1.153099904130312492e+00
2.530832348541747656e+00,5.171168933389568290e-01,-1.802960682197201625e-01,7.150804465781201991e-02,1.154816577974956626e+00
2.534576168583968947e+00,5.164423945699498919e-01,-1.800304523444011540e-01,7.113568936382100305e-02,1.156529371969284625e+00
2.538319988626190682e+00,5.157688898832735180e-01,-1.797650161956661219e-01,7.076533572232202030e-02,1.158238288922756709e+00
2.542063808668411973e+00,5.150963786017267454e-01,-1.794997620864814958e-01,7.039697315879618611e-02,1.159943331699654800e+00
2.545807628710633708e+00,5.144248600394932813e-01,-1.792346923063289632e-01,7.003059114764574600e-02,1.161644503218512980e+00
2.549551448752854999e+00,5.137543335022293212e-01,-1.789698091213631770e-01,6.966617921207839126e-02,1.163341806451549498e+00
2.553295268795076733e+00,5.130847982871504787e-01,-1.787051147745684909e-01,6.930372692399004719e-02,1.165035244424104333e+00
2.557039088837298024e+00,5.124162536831178283e-01,-1.784406114859153070e-01,6.894322390384605148e-02,1.166724820214076308e+00
2.560782908879519759e+00,5.117486989707239475e-01,-1.781763014525153954e-01,6.858465982056122234e-02,1.168410536951371093e+00
2.564526728921741050e+00,5.110821334223787371e-01,-1.779121868487767710e-01,6.822802439137887198e-02,1.170092397817343421e+00
2.568270548963962785e+00,5.104165563023933538e-01,-1.776482698265576532e-01,6.787330738174771061e-02,1.171770406044251978e+00
2.572014369006184076e+00,5.097519668670652537e-01,-1.773845525153198155e-01,6.752049860519841740e-02,1.173444564914709387e+00
2.575758189048405811e+00,5.090883643647607926e-01,-1.771210370222811581e-01,6.716958792321789384e-02,1.175114877761142873e+00
2.579502009090627102e+00,5.084257480359989367e-01,-1.768577254325676973e-01,6.682056524512329510e-02,1.176781347965253799e+00
2.583245829132848836e+00,5.077641171135335307e-01,-1.765946198093645281e-01,6.647342052793429878e-02,1.178443978957482319e+00
2.586989649175070127e+00,5.071034708224347876e-01,-1.763317221940666202e-01,6.612814377624411100e-02,1.180102774216475581e+00
2.590733469217291862e+00,5.064438083801711121e-01,-1.760690346064281431e-01,6.578472504208987548e-02,1.181757737268559039e+00
2.594477289259513153e+00,5.057851289966895925e-01,-1.758065590447119297e-01,6.544315442482144529e-02,1.183408871687211317e+00
2.598221109301734888e+00,5.051274318744960468e-01,-1.755442974858373584e-01,6.510342207096919687e-02,1.185056181092542849e+00
2.601964929343956179e+00,5.044707162087348484e-01,-1.752822518855283174e-01,6.476551817411101142e-02,1.186699669150777181e+00
2.605708749386177914e+00,5.038149811872679740e-01,-1.750204241784596992e-01,6.442943297473802122e-02,1.188339339573736053e+00
2.609452569428399205e+00,5.031602259907534958e-01,-1.747588162784039778e-01,6.409515676011931506e-02,1.189975196118328915e+00
2.613196389470620939e+00,5.025064497927232976e-01,-1.744974300783762311e-01,6.376267986416574163e-02,1.191607242586044002e+00
2.616940209512842230e+00,5.018536517596613455e-01,-1.742362674507791920e-01,6.343199266729308838e-02,1.193235482822442961e+00
2.620684029555063965e+00,5.012018310510791830e-01,-1.739753302475469943e-01,6.310308559628331759e-02,1.194859920716662582e+00
2.624427849597285256e+00,5.005509868195939793e-01,-1.737146203002887523e-01,6.277594912414649619e-02,1.196480560200912979e+00
2.628171669639506991e+00,4.999011182110028040e-01,-1.734541394204308085e-01,6.245057376998013748e-02,1.198097405249987091e+00
2.631915489681728282e+00,4.992522243643590651e-01,-1.731938893993589246e-01,6.212695009882907710e-02,1.199710459880765967e+00
2.635659309723950017e+00,4.986043044120465617e-01,-1.729338720085591419e-01,6.180506872154361425e-02,1.201319728151733823e+00
2.639403129766171752e+00,4.979573574798541458e-01,-1.726740889997584183e-01,6.148492029463738240e-02,1.202925214162491763e+00
2.643146949808393043e+00,4.973113826870495524e-01,-1.724145421050643223e-01,6.116649552014431085e-02,1.204526922053277049e+00
2.646890769850614777e+00,4.966663791464519528e-01,-1.721552330371038386e-01,6.084978514547444151e-02,1.206124856004485713e+00
2.650634589892836068e+00,4.960223459645056177e-01,-1.718961634891620349e-01,6.053477996326982885e-02,1.207719020236197816e+00
2.654378409935057803e+00,4.953792822413512487e-01,-1.716373351353192300e-01,6.022147081125880930e-02,1.209309419007706055e+00
2.658122229977279094e+00,4.947371870708973107e-01,-1.713787496305881342e-01,5.990984857210988890e-02,1.210896056617045913e+00
2.661866050019500829e+00,4.940960595408918077e-01,-1.711204086110498512e-01,5.959990417328536738e-02,1.212478937400534251e+00
2.665609870061722120e+00,4.934558987329930035e-01,-1.708623136939895759e-01,5.929162858689409482e-02,1.214058065732305236e+00
2.669353690103943855e+00,4.928167037228391445e-01,-1.706044664780310138e-01,5.898501282954336095e-02,1.215633446023853370e+00
2.673097510146165146e+00,4.921784735801184030e-01,-1.703468685432707741e-01,5.868004796219048608e-02,1.217205082723577636e+00
2.676841330188386880e+00,4.915412073686375449e-01,-1.700895214514113740e-01,5.837672508999352389e-02,1.218772980316330079e+00
2.680585150230608171e+00,4.909049041463912078e-01,-1.698324267458941328e-01,5.807503536216190171e-02,1.220337143322965945e+00
2.684328970272829906e+00,4.902695629656292908e-01,-1.695755859520309550e-01,5.777496997180583960e-02,1.221897576299901367e+00
2.688072790315051197e+00,4.896351828729252897e-01,-1.693190005771356699e-01,5.747652015578594287e-02,1.223454283838666390e+00
2.691816610357272932e+00,4.890017629092426876e-01,-1.690626721106543162e-01,5.717967719456163583e-02,1.225007270565469764e+00
2.695560430399494223e+00,4.883693021100025122e-01,-1.688066020242953713e-01,5.688443241203985229e-02,1.226556541140760848e+00
2.699304250441715958e+00,4.877377995051483950e-01,-1.685507917721583981e-01,5.659077717542231045e-02,1.228102100258797291e+00
2.703048070483937249e+00,4.871072541192134620e-01,-1.682952427908629700e-01,5.629870289505348180e-02,1.229643952647215155e+00
2.706791890526158983e+00,4.864776649713843382e-01,-1.680399564996759298e-01,5.600820102426692926e-02,1.231182103066602584e+00
2.710535710568380274e+00,4.858490310755668729e-01,-1.677849343006387883e-01,5.571926305923236705e-02,1.232716556310074596e+00
2.714279530610602009e+00,4.852213514404496442e-01,-1.675301775786938729e-01,5.543188053880138827e-02,1.234247317202855854e+00
2.718023350652823300e+00,4.845946250695682966e-01,-1.672756877018100607e-01,5.514604504435354632e-02,1.235774390601858785e+00
2.721767170695045035e+00,4.839688509613683243e-01,-1.670214660211077340e-01,5.486174819964150656e-02,1.237297781395273910e+00
2.725510990737266326e+00,4.833440281092685753e-01,-1.667675138709830140e-01,5.457898167063643391e-02,1.238817494502153949e+00
2.729254810779488061e+00,4.827201555017228141e-01,-1.665138325692314125e-01,5.429773716537236034e-02,1.240333534872009258e+00
2.732998630821709352e+00,4.820972321222825041e-01,-1.662604234171707329e-01,5.401800643379105205e-02,1.241845907484400158e+00
2.736742450863931087e+00,4.814752569496574819e-01,-1.660072876997631952e-01,5.373978126758580803e-02,1.243354617348535918e+00
2.740486270906152377e+00,4.808542289577777962e-01,-1.657544266857371718e-01,5.346305350004570967e-02,1.244859669502874189e+00
2.744230090948374112e+00,4.802341471158534936e-01,-1.655018416277078408e-01,5.318781500589894740e-02,1.246361069014726874e+00
2.747973910990595403e+00,4.796150103884354587e-01,-1.652495337622975069e-01,5.291405770115653606e-02,1.247858820979863781e+00
2.751717731032817138e+00,4.789968177354744228e-01,-1.649975043102549777e-01,5.264177354295516281e-02,1.249352930522124261e+00
2.755461551075038873e+00,4.783795681123806931e-01,-1.647457544765745796e-01,5.237095452940043055e-02,1.250843402793029524e+00
2.759205371117260164e+00,4.777632604700818852e-01,-1.644942854506140084e-01,5.210159269940915078e-02,1.252330242971395169e+00
2.762949191159481899e+00,4.771478937550820976e-01,-1.642430984062119848e-01,5.183368013255228862e-02,1.253813456262954373e+00
2.766693011201703190e+00,4.765334669095200315e-01,-1.639921945018052718e-01,5.156720894889750550e-02,1.255293047899975090e+00
2.770436831243924924e+00,4.759199788712256685e-01,-1.637415748805443605e-01,5.130217130885108417e-02,1.256769023140886121e+00
2.774180651286146215e+00,4.753074285737780569e-01,-1.634912406704094046e-01,5.103855941300040888e-02,1.258241387269902756e+00
2.777924471328367950e+00,4.746958149465611565e-01,-1.632411929843246845e-01,5.077636550195561982e-02,1.259710145596658171e+00
2.781668291370589241e+00,4.740851369148205707e-01,-1.629914329202730439e-01,5.051558185619177410e-02,1.261175303455834174e+00
2.785412111412810976e+00,4.734753933997188913e-01,-1.627419615614090764e-01,5.025620079589050021e-02,1.262636866206798159e+00
2.789155931455032267e+00,4.728665833183914868e-01,-1.624927799761722857e-01,4.999821468078188835e-02,1.264094839233240064e+00
2.792899751497254002e+00,4.722587055840005710e-01,-1.622438892183989956e-01,4.974161590998579102e-02,1.265549227942815325e+00
2.796643571539475293e+00,4.716517591057906578e-01,-1.619952903274340661e-01,4.948639692185385908e-02,1.267000037766786047e+00
2.800387391581697027e+00,4.710457427891416859e-01,-1.617469843282415554e-01,4.923255019381063413e-02,1.268447274159670179e+00
2.804131211623918318e+00,4.704406555356233643e-01,-1.614989722315151865e-01,4.898006824219541810e-02,1.269890942598888239e+00
2.807875031666140053e+00,4.698364962430479075e-01,-1.612512550337876494e-01,4.872894362210349745e-02,1.271331048584418033e+00
2.811618851708361344e+00,4.692332638055231042e-01,-1.610038337175398182e-01,4.847916892722774901e-02,1.272767597638447601e+00
2.815362671750583079e+00,4.686309571135044982e-01,-1.607567092513087215e-01,4.823073678970002387e-02,1.274200595305033046e+00
2.819106491792804370e+00,4.680295750538476796e-01,-1.605098825897954551e-01,4.798363987993275320e-02,1.275630047149759250e+00
2.822850311835026105e+00,4.674291165098595768e-01,-1.602633546739719861e-01,4.773787090646031822e-02,1.277055958759402143e+00
2.826594131877247396e+00,4.668295803613499717e-01,-1.600171264311876507e-01,4.749342261578076013e-02,1.278478335741594973e+00
2.830337951919469131e+00,4.662309654846819584e-01,-1.597711987752747642e-01,4.725028779219720559e-02,1.279897183724495680e+00
2.834081771961690421e+00,4.656332707528226811e-01,-1.595255726066538704e-01,4.700845925765965994e-02,1.281312508356457824e+00
2.837825592003912156e+00,4.650364950353930715e-01,-1.592802488124380189e-01,4.676792987160663384e-02,1.282724315305705520e+00
2.841569412046133447e+00,4.644406371987179760e-01,-1.590352282665368489e-01,4.652869253080711698e-02,1.284132610260007912e+00
2.845313232088355182e+00,4.638456961058746719e-01,-1.587905118297594509e-01,4.629074016920220469e-02,1.285537398926358099e+00
2.849057052130576473e+00,4.632516706167426057e-01,-1.585461003499173960e-01,4.605406575774741162e-02,1.286938687030654505e+00
2.852800872172798208e+00,4.626585595880511881e-01,-1.583019946619262930e-01,4.581866230425449965e-02,1.288336480317386457e+00
2.856544692215019499e+00,4.620663618734279776e-01,-1.580581955879073741e-01,4.558452285323374292e-02,1.289730784549316889e+00
2.860288512257241234e+00,4.614750763234458653e-01,-1.578147039372879423e-01,4.535164048573605416e-02,1.291121605507173919e+00
2.864032332299462524e+00,4.608847017856717021e-01,-1.575715205069019020e-01,4.512000831919595750e-02,1.292508948989341322e+00
2.867776152341684259e+00,4.602952371047120961e-01,-1.573286460810889020e-01,4.488961950727376332e-02,1.293892820811554323e+00
2.871519972383905550e+00,4.597066811222608185e-01,-1.570860814317934506e-01,4.466046723969867294e-02,1.295273226806593181e+00
2.875263792426127285e+00,4.591190326771443231e-01,-1.568438273186630039e-01,4.443254474211141836e-02,1.296650172823984315e+00
2.879007612468349020e+00,4.585322906053682090e-01,-1.566018844891458317e-01,4.420584527590764451e-02,1.298023664729700544e+00
2.882751432510570311e+00,4.579464537401625179e-01,-1.563602536785879682e-01,4.398036213808109024e-02,1.299393708405865766e+00
2.886495252552792046e+00,4.573615209120264202e-01,-1.561189356103297177e-01,4.375608866106694278e-02,1.300760309750461863e+00
2.890239072595013337e+00,4.567774909487737900e-01,-1.558779309958015780e-01,4.353301821258578203e-02,1.302123474677035153e+00
2.893982892637235071e+00,4.561943626755768921e-01,-1.556372405346193866e-01,4.331114419548721950e-02,1.303483209114410846e+00
2.897726712679456362e+00,4.556121349150109023e-01,-1.553968649146791892e-01,4.309046004759415488e-02,1.304839519006402826e+00
2.901470532721678097e+00,4.550308064870973168e-01,-1.551568048122511090e-01,4.287095924154701171e-02,1.306192410311533436e+00
2.905214352763899388e+00,4.544503762093475840e-01,-1.549170608920731329e-01,4.265263528464835474e-02,1.307541889002749036e+00
2.908958172806121123e+00,4.538708428968056818e-01,-1.546776338074437318e-01,4.243548171870751423e-02,1.308887961067142225e+00
2.912701992848342414e+00,4.532922053620911940e-01,-1.544385242003144532e-01,4.221949211988580003e-02,1.310230632505674508e+00
2.916445812890564149e+00,4.527144624154413322e-01,-1.541997327013814034e-01,4.200466009854165322e-02,1.311569909332901407e+00
2.920189632932785440e+00,4.521376128647531800e-01,-1.539612599301767581e-01,4.179097929907626269e-02,1.312905797576700451e+00
2.923933452975007175e+00,4.515616555156248269e-01,-1.537231064951589676e-01,4.157844339977921633e-02,1.314238303278000952e+00
2.927677273017228465e+00,4.509865891713972785e-01,-1.534852729938031846e-01,4.136704611267474907e-02,1.315567432490516664e+00
2.931421093059450200e+00,4.504124126331949252e-01,-1.532477600126903594e-01,4.115678118336795616e-02,1.316893191280480879e+00
2.935164913101671491e+00,4.498391246999665638e-01,-1.530105681275964469e-01,4.094764239089154073e-02,1.318215585726381978e+00
2.938908733143893226e+00,4.492667241685252000e-01,-1.527736979035804188e-01,4.073962354755256143e-02,1.319534621918704076e+00
2.942652553186114517e+00,4.486952098335886263e-01,-1.525371498950722493e-01,4.053271849877985999e-02,1.320850305959666793e+00
2.946396373228336252e+00,4.481245804878185024e-01,-1.523009246459600119e-01,4.032692112297139864e-02,1.322162643962971007e+00
2.950140193270557543e+00,4.475548349218603228e-01,-1.520650226896765878e-01,4.012222533134231217e-02,1.323471642053542396e+00
2.953884013312779278e+00,4.469859719243816643e-01,-1.518294445492855693e-01,3.991862506777276581e-02,1.324777306367281859e+00
2.957627833355000568e+00,4.464179902821109880e-01,-1.515941907375669140e-01,3.971611430865649300e-02,1.326079643050811940e+00
2.961371653397222303e+00,4.458508887798759424e-01,-1.513592617571018484e-01,3.951468706274954140e-02,1.327378658261233690e+00
2.965115473439443594e+00,4.452846662006418876e-01,-1.511246581003573564e-01,3.931433737101957399e-02,1.328674358165877312e+00
2.968859293481665329e+00,4.447193213255490329e-01,-1.508903802497699731e-01,3.911505930649512158e-02,1.329966748942061905e+00
2.972603113523886620e+00,4.441548529339502949e-01,-1.506564286778292461e-01,3.891684697411552235e-02,1.331255836776851886e+00
2.976346933566108355e+00,4.435912598034479348e-01,-1.504228038471603357e-01,3.871969451058089595e-02,1.332541627866820289e+00
2.980090753608329646e+00,4.430285407099308626e-01,-1.501895062106064493e-01,3.852359608420285325e-02,1.333824128417809174e+00
2.983834573650551381e+00,4.424666944276105518e-01,-1.499565362113103872e-01,3.832854589475509499e-02,1.335103344644697154e+00
2.987578393692772671e+00,4.419057197290575667e-01,-1.497238942827959496e-01,3.813453817332476681e-02,1.336379282771165133e+00
2.991322213734994406e+00,4.413456153852373109e-01,-1.494915808490482334e-01,3.794156718216400853e-02,1.337651949029465381e+00
2.995066033777215697e+00,4.407863801655457214e-01,-1.492595963245941793e-01,3.774962721454190595e-02,1.338921349660195270e+00
2.998809853819437432e+00,4.402280128378441848e-01,-1.490279411145817579e-01,3.755871259459670625e-02,1.340187490912066792e+00
3.002553673861659167e+00,4.396705121684948980e-01,-1.487966156148593233e-01,3.736881767718863712e-02,1.341450379041686070e+00
3.006297493903880458e+00,4.391138769223953964e-01,-1.485656202120540503e-01,3.717993684775294100e-02,1.342710020313327091e+00
3.010041313946102193e+00,4.385581058630125817e-01,-1.483349552836498719e-01,3.699206452215321461e-02,1.343966420998713662e+00
3.013785133988323484e+00,4.380031977524174724e-01,-1.481046211980652227e-01,3.680519514653549096e-02,1.345219587376799364e+00
3.017528954030545219e+00,4.374491513513183438e-01,-1.478746183147297000e-01,3.661932319718226581e-02,1.346469525733552164e+00
3.021272774072766509e+00,4.368959654190947561e-01,-1.476449469841609741e-01,3.643444318036732910e-02,1.347716242361739036e+00
3.025016594114988244e+00,4.363436387138303063e-01,-1.474156075480402839e-01,3.625054963221062410e-02,1.348959743560712576e+00
3.028760414157209535e+00,4.357921699923461012e-01,-1.471866003392883759e-01,3.606763711853393228e-02,1.350200035636201834e+00
3.032504234199431270e+00,4.352415580102327319e-01,-1.469579256821400837e-01,3.588570023471646803e-02,1.351437124900102482e+00
3.036248054241652561e+00,4.346918015218834697e-01,-1.467295838922190732e-01,3.570473360555145165e-02,1.352671017670269649e+00
3.039991874283874296e+00,4.341428992805256848e-01,-1.465015752766116175e-01,3.552473188510257146e-02,1.353901720270314080e+00
3.043735694326095587e+00,4.335948500382532100e-01,-1.462739001339402600e-01,3.534568975656128542e-02,1.355129239029398081e+00
3.047479514368317322e+00,4.330476525460574266e-01,-1.460465587544365063e-01,3.516760193210417829e-02,1.356353580282034565e+00
3.051223334410538612e+00,4.325013055538591278e-01,-1.458195514200137377e-01,3.499046315275117225e-02,1.357574750367888106e+00
3.054967154452760347e+00,4.319558078105388832e-01,-1.455928784043387103e-01,3.481426818822364044e-02,1.358792755631576643e+00
3.058710974494981638e+00,4.314111580639678478e-01,-1.453665399729034136e-01,3.463901183680331841e-02,1.360007602422475204e+00
3.062454794537203373e+00,4.308673550610383485e-01,-1.451405363830958750e-01,3.446468892519155558e-02,1.361219297094523828e+00
3.066198614579424664e+00,4.303243975476944705e-01,-1.449148678842708815e-01,3.429129430836915654e-02,1.362427846006032839e+00
3.069942434621646399e+00,4.297822842689613121e-01,-1.446895347178199509e-01,3.411882286945629866e-02,1.363633255519497212e+00
3.073686254663867690e+00,4.292410139689755155e-01,-1.444645371172409987e-01,3.394726951957338645e-02,1.364835532001402507e+00
3.077430074706089425e+00,4.287005853910137443e-01,-1.442398753082072549e-01,3.377662919770173938e-02,1.366034681822042351e+00
3.081173894748310715e+00,4.281609972775226591e-01,-1.440155495086362092e-01,3.360689687054537605e-02,1.367230711355331696e+00
3.084917714790532450e+00,4.276222483701472843e-01,-1.437915599287575286e-01,3.343806753239273594e-02,1.368423626978624075e+00
3.088661534832753741e+00,4.270843374097601508e-01,-1.435679067711809198e-01,3.327013620497920598e-02,1.369613435072530194e+00
3.092405354874975476e+00,4.265472631364889966e-01,-1.433445902309632425e-01,3.310309793734974443e-02,1.370800142020738299e+00
3.096149174917196767e+00,4.260110242897457988e-01,-1.431216104956754553e-01,3.293694780572242742e-02,1.371983754209836093e+00
3.099892994959418502e+00,4.254756196082538633e-01,-1.428989677454687579e-01,3.277168091335196098e-02,1.373164278029134655e+00
3.103636815001639793e+00,4.249410478300761351e-01,-1.426766621531406209e-01,3.260729239039406729e-02,1.374341719870493250e+00
3.107380635043861528e+00,4.244073076926418997e-01,-1.424546938842000954e-01,3.244377739376996805e-02,1.375516086128147686e+00
3.111124455086082818e+00,4.238743979327747602e-01,-1.422330630969327880e-01,3.228113110703173527e-02,1.376687383198537340e+00
3.114868275128304553e+00,4.233423172867187834e-01,-1.420117699424653657e-01,3.211934874022765590e-02,1.377855617480137740e+00
3.118612095170526288e+00,4.228110644901658111e-01,-1.417908145648297258e-01,3.195842552976852630e-02,1.379020795373291142e+00
3.122355915212747579e+00,4.222806382782814949e-01,-1.415701971010264182e-01,3.179835673829401604e-02,1.380182923280039553e+00
3.126099735254969314e+00,4.217510373857315531e-01,-1.413499176810879554e-01,3.163913765453974652e-02,1.381342007603962863e+00
3.129843555297190605e+00,4.212222605467080827e-01,-1.411299764281416236e-01,3.148076359320481354e-02,1.382498054750013194e+00
3.133587375339412340e+00,4.206943064949545952e-01,-1.409103734584715439e-01,3.132322989481960140e-02,1.383651071124355036e+00
3.137331195381633631e+00,4.201671739637925507e-01,-1.406911088815808175e-01,3.116653192561445393e-02,1.384801063134204036e+00
3.141075015423855366e+00,4.196408616861455054e-01,-1.404721828002527262e-01,3.101066507738830386e-02,1.385948037187670900e+00
3.144818835466076656e+00,4.191153683945652575e-01,-1.402535953106119060e-01,3.085562476737836041e-02,1.387091999693602196e+00
3.148562655508298391e+00,4.185906928212557165e-01,-1.400353465021848265e-01,3.070140643812969278e-02,1.388232957061427575e+00
3.152306475550519682e+00,4.180668336980982724e-01,-1.398174364579601037e-01,3.054800555736581977e-02,1.389370915701005016e+00
3.156050295592741417e+00,4.175437897566755541e-01,-1.395998652544478691e-01,3.039541761785935145e-02,1.390505882022468498e+00
3.159794115634962708e+00,4.170215597282955766e-01,-1.393826329617394444e-01,3.024363813730330044e-02,1.391637862436077899e+00
3.163537935677184443e+00,4.165001423440158890e-01,-1.391657396435659333e-01,3.009266265818294830e-02,1.392766863352069118e+00
3.167281755719405734e+00,4.159795363346674435e-01,-1.389491853573570634e-01,2.994248674764818027e-02,1.393892891180509075e+00
3.171025575761627469e+00,4.154597404308777442e-01,-1.387329701542988070e-01,2.979310599738613924e-02,1.395015952331146947e+00
3.174769395803848759e+00,4.149407533630944389e-01,-1.385170940793914451e-01,2.964451602349458398e-02,1.396136053213271389e+00
3.178513215846070494e+00,4.144225738616079679e-01,-1.383015571715064396e-01,2.949671246635550415e-02,1.397253200235566428e+00
3.182257035888291785e+00,4.139052006565748232e-01,-1.380863594634436087e-01,2.934969099050947078e-02,1.398367399805971134e+00
3.186000855930513520e+00,4.133886324780398080e-01,-1.378715009819872495e-01,2.920344728453025743e-02,1.399478658331538838e+00
3.189744675972734811e+00,4.128728680559588526e-01,-1.376569817479623981e-01,2.905797706090014476e-02,1.400586982218296583e+00
3.193488496014956546e+00,4.123579061202208296e-01,-1.374428017762902854e-01,2.891327605588550620e-02,1.401692377871112338e+00
3.197232316057177837e+00,4.118437454006697584e-01,-1.372289610760437928e-01,2.876934002941306315e-02,1.402794851693554889e+00
3.200976136099399572e+00,4.113303846271264552e-01,-1.370154596505019362e-01,2.862616476494650800e-02,1.403894410087761502e+00
3.204719956141620862e+00,4.108178225294105701e-01,-1.368022974972047112e-01,2.848374606936381059e-02,1.404991059454304247e+00
3.208463776183842597e+00,4.103060578373611267e-01,-1.365894746080068001e-01,2.834207977283462881e-02,1.406084806192059000e+00
3.212207596226063888e+00,4.097950892808585599e-01,-1.363769909691315008e-01,2.820116172869870444e-02,1.407175656698073762e+00
3.215951416268285623e+00,4.092849155898451441e-01,-1.361648465612237402e-01,2.806098781334435618e-02,1.408263617367441434e+00
3.219695236310506914e+00,4.087755354943461428e-01,-1.359530413594033094e-01,2.792155392608771172e-02,1.409348694593171691e+00
3.223439056352728649e+00,4.082669477244899037e-01,-1.357415753333169883e-01,2.778285598905219991e-02,1.410430894766063981e+00
3.227182876394949940e+00,4.077591510105289530e-01,-1.355304484471910320e-01,2.764488994704888264e-02,1.411510224274583836e+00
3.230926696437171675e+00,4.072521440828594796e-01,-1.353196606598826846e-01,2.750765176745684562e-02,1.412586689504739201e+00
3.234670516479393410e+00,4.067459256720418193e-01,-1.351092119249316659e-01,2.737113744010447741e-02,1.413660296839956754e+00
3.238414336521614700e+00,4.062404945088202157e-01,-1.348991021906112142e-01,2.723534297715102248e-02,1.414731052660963329e+00
3.242158156563836435e+00,4.057358493241421948e-01,-1.346893313999786568e-01,2.710026441296863042e-02,1.415798963345664907e+00
3.245901976606057726e+00,4.052319888491783262e-01,-1.344798994909257028e-01,2.696589780402502967e-02,1.416864035269028266e+00
3.249645796648279461e+00,4.047289118153412080e-01,-1.342708063962283760e-01,2.683223922876654122e-02,1.417926274802965070e+00
3.253389616690500752e+00,4.042266169543049514e-01,-1.340620520435966412e-01,2.669928478750176193e-02,1.418985688316215299e+00
3.257133436732722487e+00,4.037251029980232220e-01,-1.338536363557232822e-01,2.656703060228542135e-02,1.420042282174232229e+00
3.260877256774943778e+00,4.032243686787485015e-01,-1.336455592503330014e-01,2.643547281680309197e-02,1.421096062739068522e+00
3.264621076817165513e+00,4.027244127290505737e-01,-1.334378206402308253e-01,2.630460759625623257e-02,1.422147036369267648e+00
3.268364896859386803e+00,4.022252338818348982e-01,-1.332304204333502329e-01,2.617443112724775894e-02,1.423195209419749752e+00
3.272108716901608538e+00,4.017268308703604296e-01,-1.330233585328007284e-01,2.604493961766798926e-02,1.424240588241702410e+00
3.275852536943829829e+00,4.012292024282581582e-01,-1.328166348369155814e-01,2.591612929658132849e-02,1.425283179182474491e+00
3.279596356986051564e+00,4.007323472895481520e-01,-1.326102492392985666e-01,2.578799641411309504e-02,1.426322988585467133e+00
3.283340177028272855e+00,4.002362641886579864e-01,-1.324042016288708712e-01,2.566053724133724595e-02,1.427360022790027383e+00
3.287083997070494590e+00,3.997409518604395084e-01,-1.321984918899173911e-01,2.553374807016421319e-02,1.428394288131346057e+00
3.290827817112715881e+00,3.992464090401865451e-01,-1.319931199021327772e-01,2.540762521322950315e-02,1.429425790940350938e+00
3.294571637154937616e+00,3.987526344636518338e-01,-1.317880855406670382e-01,2.528216500378263967e-02,1.430454537543606408e+00
3.298315457197158906e+00,3.982596268670639539e-01,-1.315833886761710592e-01,2.515736379557666214e-02,1.431480534263211313e+00
3.302059277239380641e+00,3.977673849871439793e-01,-1.313790291748414552e-01,2.503321796275802605e-02,1.432503787416700147e+00
3.305803097281601932e+00,3.972759075611224655e-01,-1.311750068984652851e-01,2.490972389975719403e-02,1.433524303316941806e+00
3.309546917323823667e+00,3.967851933267552700e-01,-1.309713217044644606e-01,2.478687802117940028e-02,1.434542088272044102e+00
3.313290737366044958e+00,3.962952410223404276e-01,-1.307679734459396836e-01,2.466467676169624423e-02,1.435557148585254739e+00
3.317034557408266693e+00,3.958060493867336382e-01,-1.305649619717141052e-01,2.454311657593746115e-02,1.436569490554867601e+00
3.320778377450487984e+00,3.953176171593648092e-01,-1.303622871263769023e-01,2.442219393838345257e-02,1.437579120474128391e+00
3.324522197492709719e+00,3.948299430802533205e-01,-1.301599487503259656e-01,2.430190534325808033e-02,1.438586044631138705e+00
3.328266017534931009e+00,3.943430258900240126e-01,-1.299579466798109761e-01,2.418224730442210604e-02,1.439590269308766324e+00
3.332009837577152744e+00,3.938568643299222294e-01,-1.297562807469754831e-01,2.406321635526695313e-02,1.440591800784552845e+00
3.335753657619374035e+00,3.933714571418296391e-01,-1.295549507798992583e-01,2.394480904860919399e-02,1.441590645330623977e+00
3.339497477661595770e+00,3.928868030682788337e-01,-1.293539566026398191e-01,2.382702195658521066e-02,1.442586809213600052e+00
3.343241297703817061e+00,3.924029008524689277e-01,-1.291532980352741444e-01,2.370985167054667081e-02,1.443580298694507880e+00
3.346985117746038796e+00,3.919197492382797132e-01,-1.289529748939395037e-01,2.359329480095614592e-02,1.444571120028694589e+00
3.350728937788260087e+00,3.914373469702869812e-01,-1.287529869908745905e-01,2.347734797728352404e-02,1.445559279465740588e+00
3.354472757830481822e+00,3.909556927937765103e-01,-1.285533341344598512e-01,2.336200784790263760e-02,1.446544783249376298e+00
3.358216577872703557e+00,3.904747854547584995e-01,-1.283540161292576753e-01,2.324727107998849490e-02,1.447527637617395113e+00
3.361960397914924847e+00,3.899946236999820015e-01,-1.281550327760523911e-01,2.313313435941502516e-02,1.448507848801572351e+00
3.365704217957146582e+00,3.895152062769489110e-01,-1.279563838718898450e-01,2.301959439065325366e-02,1.449485423027585096e+00
3.369448037999367873e+00,3.890365319339278982e-01,-1.277580692101167870e-01,2.290664789666993495e-02,1.450460366514928268e+00
3.373191858041589608e+00,3.885585994199680648e-01,-1.275600885804196449e-01,2.279429161882666130e-02,1.451432685476835349e+00
3.376935678083810899e+00,3.880814074849128770e-01,-1.273624417688636323e-01,2.268252231677954020e-02,1.452402386120202227e+00
3.380679498126032634e+00,3.876049548794132105e-01,-1.271651285579307178e-01,2.257133676837915631e-02,1.453369474645505033e+00
3.384423318168253925e+00,3.871292403549412287e-01,-1.269681487265581221e-01,2.246073176957123080e-02,1.454333957246726206e+00
3.388167138210475660e+00,3.866542626638029834e-01,-1.267715020501759271e-01,2.235070413429752004e-02,1.455295840111277217e+00
3.391910958252696950e+00,3.861800205591521262e-01,-1.265751883007447121e-01,2.224125069439742905e-02,1.456255129419923078e+00
3.395654778294918685e+00,3.857065127950021211e-01,-1.263792072467928018e-01,2.213236829950981921e-02,1.457211831346710174e+00
3.399398598337139976e+00,3.852337381262397331e-01,-1.261835586534532372e-01,2.202405381697557923e-02,1.458165952058890102e+00
3.403142418379361711e+00,3.847616953086370750e-01,-1.259882422825004400e-01,2.191630413174037312e-02,1.459117497716849954e+00
3.406886238421583002e+00,3.842903830988644853e-01,-1.257932578923867117e-01,2.180911614625809236e-02,1.460066474474039033e+00
3.410630058463804737e+00,3.838198002545026855e-01,-1.255986052382782325e-01,2.170248678039460657e-02,1.461012888476900251e+00
3.414373878506026028e+00,3.833499455340552697e-01,-1.254042840720910323e-01,2.159641297133210736e-02,1.461956745864798624e+00
3.418117698548247763e+00,3.828808176969603627e-01,-1.252102941425264349e-01,2.149089167347375054e-02,1.462898052769953772e+00
3.421861518590469053e+00,3.824124155036031647e-01,-1.250166351951065291e-01,2.138591985834898193e-02,1.463836815317371753e+00
3.425605338632690788e+00,3.819447377153271650e-01,-1.248233069722090027e-01,2.128149451451906080e-02,1.464773039624778228e+00
3.429349158674912079e+00,3.814777830944465764e-01,-1.246303092131021556e-01,2.117761264748333622e-02,1.465706731802552953e+00
3.433092978717133814e+00,3.810115504042569934e-01,-1.244376416539790670e-01,2.107427127958562407e-02,1.466637897953663616e+00
3.436836798759355105e+00,3.805460384090478820e-01,-1.242453040279921372e-01,2.097146744992146525e-02,1.467566544173602106e+00
3.440580618801576840e+00,3.800812458741130162e-01,-1.240532960652868111e-01,2.086919821424541160e-02,1.468492676550321452e+00
3.444324438843798131e+00,3.796171715657622459e-01,-1.238616174930354252e-01,2.076746064487909951e-02,1.469416301164171879e+00
3.448068258886019866e+00,3.791538142513322662e-01,-1.236702680354705430e-01,2.066625183061957319e-02,1.470337424087841960e+00
3.451812078928241156e+00,3.786911726991978866e-01,-1.234792474139182056e-01,2.056556887664818048e-02,1.471256051386293340e+00
3.455555898970462891e+00,3.782292456787823554e-01,-1.232885553468307666e-01,2.046540890443978092e-02,1.472172189116705221e+00
3.459299719012684182e+00,3.777680319605683512e-01,-1.230981915498195745e-01,2.036576905167252621e-02,1.473085843328410194e+00
3.463043539054905917e+00,3.773075303161084193e-01,-1.229081557356873217e-01,2.026664647213802586e-02,1.473997020062840724e+00
3.466787359097127208e+00,3.768477395180356293e-01,-1.227184476144603659e-01,2.016803833565201931e-02,1.474905725353467423e+00
3.470531179139348943e+00,3.763886583400738450e-01,-1.225290668934203991e-01,2.006994182796543319e-02,1.475811965225744427e+00
3.474274999181570234e+00,3.759302855570478830e-01,-1.223400132771362975e-01,1.997235415067589656e-02,1.476715745697052773e+00
3.478018819223791969e+00,3.754726199448934487e-01,-1.221512864674953597e-01,1.987527252113964471e-02,1.477617072776645779e+00
3.481762639266013704e+00,3.750156602806676287e-01,-1.219628861637345602e-01,1.977869417238404398e-02,1.478515952465592420e+00
3.485506459308234994e+00,3.745594053425582159e-01,-1.217748120624714270e-01,1.968261635302030743e-02,1.479412390756725371e+00
3.489250279350456729e+00,3.741038539098935911e-01,-1.215870638577346702e-01,1.958703632715679682e-02,1.480306393634588380e+00
3.492994099392678020e+00,3.736490047631527700e-01,-1.213996412409946574e-01,1.949195137431281727e-02,1.481197967075382094e+00
3.496737919434899755e+00,3.731948566839742298e-01,-1.212125439011935424e-01,1.939735878933262353e-02,1.482087117046914759e+00
3.500481739477121046e+00,3.727414084551659013e-01,-1.210257715247752552e-01,1.930325588230010631e-02,1.482973849508549158e+00
3.504225559519342781e+00,3.722886588607141056e-01,-1.208393237957151728e-01,1.920963997845373181e-02,1.483858170411155308e+00
3.507969379561564072e+00,3.718366066857930474e-01,-1.206532003955496091e-01,1.911650841810205378e-02,1.484740085697058731e+00
3.511713199603785807e+00,3.713852507167734740e-01,-1.204674010034049864e-01,1.902385855653947536e-02,1.485619601299992709e+00
3.515457019646007097e+00,3.709345897412321680e-01,-1.202819252960270063e-01,1.893168776396267003e-02,1.486496723145051435e+00
3.519200839688228832e+00,3.704846225479602739e-01,-1.200967729478091689e-01,1.883999342538717967e-02,1.487371457148641829e+00
3.522944659730450123e+00,3.700353479269725132e-01,-1.199119436308215686e-01,1.874877294056466123e-02,1.488243809218436464e+00
3.526688479772671858e+00,3.695867646695153996e-01,-1.197274370148390110e-01,1.865802372390036601e-02,1.489113785253330491e+00
3.530432299814893149e+00,3.691388715680762322e-01,-1.195432527673692680e-01,1.856774320437121553e-02,1.489981391143392786e+00
3.534176119857114884e+00,3.686916674163910335e-01,-1.193593905536807637e-01,1.847792882544412388e-02,1.490846632769825764e+00
3.537919939899336175e+00,3.682451510094533753e-01,-1.191758500368304413e-01,1.838857804499490628e-02,1.491709516004918523e+00
3.541663759941557910e+00,3.677993211435223175e-01,-1.189926308776909497e-01,1.829968833522748264e-02,1.492570046712005105e+00
3.545407579983779200e+00,3.673541766161306787e-01,-1.188097327349780657e-01,1.821125718259354945e-02,1.493428230745423191e+00
3.549151400026000935e+00,3.669097162260928080e-01,-1.186271552652774647e-01,1.812328208771261939e-02,1.494284073950470360e+00
3.552895220068222226e+00,3.664659387735130225e-01,-1.184448981230717263e-01,1.803576056529260924e-02,1.495137582163365009e+00
3.556639040110443961e+00,3.660228430597928240e-01,-1.182629609607666055e-01,1.794869014405059762e-02,1.495988761211204832e+00
3.560382860152665252e+00,3.655804278876387814e-01,-1.180813434287175806e-01,1.786206836663419006e-02,1.496837616911927293e+00
3.564126680194886987e+00,3.651386920610704134e-01,-1.179000451752558465e-01,1.777589278954326210e-02,1.497684155074270773e+00
3.567870500237108278e+00,3.646976343854276270e-01,-1.177190658467143630e-01,1.769016098305208409e-02,1.498528381497736595e+00
3.571614320279330013e+00,3.642572536673779338e-01,-1.175384050874534320e-01,1.760487053113178602e-02,1.499370301972550834e+00
3.575358140321551303e+00,3.638175487149241660e-01,-1.173580625398862598e-01,1.752001903137337044e-02,1.500209922279626795e+00
3.579101960363773038e+00,3.633785183374111938e-01,-1.171780378445042153e-01,1.743560409491095101e-02,1.501047248190529482e+00
3.582845780405994329e+00,3.629401613455336961e-01,-1.169983306399019485e-01,1.735162334634558420e-02,1.501882285467438516e+00
3.586589600448216064e+00,3.625024765513427116e-01,-1.168189405628022037e-01,1.726807442366932316e-02,1.502715039863114388e+00
3.590333420490437355e+00,3.620654627682528548e-01,-1.166398672480806198e-01,1.718495497818979187e-02,1.503545517120861597e+00
3.594077240532659090e+00,3.616291188110491439e-01,-1.164611103287900018e-01,1.710226267445508902e-02,1.504373722974497118e+00
3.597821060574880825e+00,3.611934434958937179e-01,-1.162826694361848295e-01,1.701999519017911161e-02,1.505199663148314215e+00
3.601564880617102116e+00,3.607584356403326087e-01,-1.161045441997451827e-01,1.693815021616726715e-02,1.506023343357051569e+00
3.605308700659323851e+00,3.603240940633022360e-01,-1.159267342472006523e-01,1.685672545624257099e-02,1.506844769305860643e+00
3.609052520701545141e+00,3.598904175851360132e-01,-1.157492392045540441e-01,1.677571862717214257e-02,1.507663946690272594e+00
3.612796340743766876e+00,3.594574050275706756e-01,-1.155720586961048318e-01,1.669512745859408689e-02,1.508480881196168522e+00
3.616540160785988167e+00,3.590250552137527196e-01,-1.153951923444725275e-01,1.661494969294475751e-02,1.509295578499747714e+00
3.620283980828209902e+00,3.585933669682445091e-01,-1.152186397706196908e-01,1.653518308538639778e-02,1.510108044267499006e+00
3.624027800870431193e+00,3.581623391170306592e-01,-1.150424005938749661e-01,1.645582540373521918e-02,1.510918284156169689e+00
3.627771620912652928e+00,3.577319704875236983e-01,-1.148664744319556202e-01,1.637687442838972607e-02,1.511726303812737537e+00
3.631515440954874219e+00,3.573022599085707296e-01,-1.146908609009903157e-01,1.629832795225965789e-02,1.512532108874381942e+00
3.635259260997095954e+00,3.568732062104585934e-01,-1.145155596155412597e-01,1.622018378069501124e-02,1.513335704968456374e+00
3.639003081039317244e+00,3.564448082249201954e-01,-1.143405701886265335e-01,1.614243973141568644e-02,1.514137097712460855e+00
3.642746901081538979e+00,3.560170647851400028e-01,-1.141658922317419500e-01,1.606509363444139082e-02,1.514936292714015753e+00
3.646490721123760270e+00,3.555899747257600385e-01,-1.139915253548829527e-01,1.598814333202197221e-02,1.515733295570833805e+00
3.650234541165982005e+00,3.551635368828849892e-01,-1.138174691665661681e-01,1.591158667856803349e-02,1.516528111870697026e+00
3.653978361208203296e+00,3.547377500940880890e-01,-1.136437232738509440e-01,1.583542154058204324e-02,1.517320747191428731e+00
3.657722181250425031e+00,3.543126131984160598e-01,-1.134702872823604020e-01,1.575964579658965456e-02,1.518111207100870663e+00
3.661466001292646322e+00,3.538881250363951070e-01,-1.132971607963027816e-01,1.568425733707161374e-02,1.518899497156857459e+00
3.665209821334868057e+00,3.534642844500354708e-01,-1.131243434184921320e-01,1.560925406439579374e-02,1.519685622907193556e+00
3.668953641377089347e+00,3.530410902828373110e-01,-1.129518347503692260e-01,1.553463389274981066e-02,1.520469589889630768e+00
3.672697461419311082e+00,3.526185413797950918e-01,-1.127796343920219740e-01,1.546039474807379792e-02,1.521251403631843857e+00
3.676441281461532373e+00,3.521966365874033000e-01,-1.126077419422059495e-01,1.538653456799374611e-02,1.522031069651409441e+00
3.680185101503754108e+00,3.517753747536609410e-01,-1.124361569983644421e-01,1.531305130175503529e-02,1.522808593455784232e+00
3.683928921545975399e+00,3.513547547280765349e-01,-1.122648791566486920e-01,1.523994291015640969e-02,1.523583980542283056e+00
3.687672741588197134e+00,3.509347753616728904e-01,-1.120939080119376097e-01,1.516720736548428546e-02,1.524357236398059090e+00
3.691416561630418425e+00,3.505154355069919903e-01,-1.119232431578575937e-01,1.509484265144744874e-02,1.525128366500081878e+00
3.695160381672640160e+00,3.500967340180994314e-01,-1.117528841868020151e-01,1.502284676311203999e-02,1.525897376315119791e+00
3.698904201714861451e+00,3.496786697505891994e-01,-1.115828306899506323e-01,1.495121770683696498e-02,1.526664271299717823e+00
3.702648021757083185e+00,3.492612415615878318e-01,-1.114130822572887841e-01,1.487995350020956432e-02,1.527429056900181825e+00
3.706391841799304476e+00,3.488444483097594140e-01,-1.112436384776264719e-01,1.480905217198177568e-02,1.528191738552556300e+00
3.710135661841526211e+00,3.484282888553094093e-01,-1.110744989386171916e-01,1.473851176200647282e-02,1.528952321682609750e+00
3.713879481883747946e+00,3.480127620599891558e-01,-1.109056632267767517e-01,1.466833032117426626e-02,1.529710811705815354e+00
3.717623301925969237e+00,3.475978667871002514e-01,-1.107371309275018145e-01,1.459850591135063679e-02,1.530467214027333656e+00
3.721367121968190972e+00,3.471836019014984398e-01,-1.105689016250882006e-01,1.452903660531336232e-02,1.531221534041996346e+00
3.725110942010412263e+00,3.467699662695978291e-01,-1.104009749027493742e-01,1.445992048669031589e-02,1.531973777134289838e+00
3.728854762052633998e+00,3.463569587593748333e-01,-1.102333503426342759e-01,1.439115564989760544e-02,1.532723948678339276e+00
3.732598582094855288e+00,3.459445782403723912e-01,-1.100660275258455445e-01,1.432274020007808651e-02,1.533472054037893884e+00
3.736342402137077023e+00,3.455328235837034079e-01,-1.098990060324570445e-01,1.425467225304010398e-02,1.534218098566310085e+00
3.740086222179298314e+00,3.451216936620550291e-01,-1.097322854415317545e-01,1.418694993519671252e-02,1.534962087606538628e+00
3.743830042221520049e+00,3.447111873496919721e-01,-1.095658653311390313e-01,1.411957138350508623e-02,1.535704026491110152e+00
3.747573862263741340e+00,3.443013035224606888e-01,-1.093997452783721513e-01,1.405253474540641215e-02,1.536443920542120090e+00
3.751317682305963075e+00,3.438920410577925302e-01,-1.092339248593653389e-01,1.398583817876595733e-02,1.537181775071217116e+00
3.755061502348184366e+00,3.434833988347076872e-01,-1.090684036493109743e-01,1.391947985181360599e-02,1.537917595379589386e+00
3.758805322390406101e+00,3.430753757338181331e-01,-1.089031812224762197e-01,1.385345794308456488e-02,1.538651386757950545e+00
3.762549142432627391e+00,3.426679706373317869e-01,-1.087382571522200747e-01,1.378777064136061173e-02,1.539383154486528849e+00
3.766292962474849126e+00,3.422611824290551219e-01,-1.085736310110097386e-01,1.372241614561142166e-02,1.540112903835056057e+00
3.770036782517070417e+00,3.418550099943972187e-01,-1.084093023704372771e-01,1.365739266493645916e-02,1.540840640062754119e+00
3.773780602559292152e+00,3.414494522203724292e-01,-1.082452708012357212e-01,1.359269841850698282e-02,1.541566368418325839e+00
3.777524422601513443e+00,3.410445079956039294e-01,-1.080815358732954701e-01,1.352833163550851495e-02,1.542290094139943113e+00
3.781268242643735178e+00,3.406401762103266062e-01,-1.079180971556800844e-01,1.346429055508353671e-02,1.543011822455236715e+00
3.785012062685956469e+00,3.402364557563902769e-01,-1.077549542166424262e-01,1.340057342627456669e-02,1.543731558581286745e+00
3.788755882728178204e+00,3.398333455272625203e-01,-1.075921066236402157e-01,1.333717850796749434e-02,1.544449307724613307e+00
3.792499702770399495e+00,3.394308444180319517e-01,-1.074295539433517688e-01,1.327410406883531430e-02,1.545165075081166073e+00
3.796243522812621229e+00,3.390289513254107212e-01,-1.072672957416913875e-01,1.321134838728205141e-02,1.545878865836316507e+00
3.799987342854842520e+00,3.386276651477375665e-01,-1.071053315838248476e-01,1.314890975138710560e-02,1.546590685164849210e+00
3.803731162897064255e+00,3.382269847849805888e-01,-1.069436610341844146e-01,1.308678645884985697e-02,1.547300538230953038e+00
3.807474982939285546e+00,3.378269091387399170e-01,-1.067822836564841088e-01,1.302497681693458483e-02,1.548008430188214435e+00
3.811218802981507281e+00,3.374274371122503169e-01,-1.066211990137344717e-01,1.296347914241567645e-02,1.548714366179608781e+00
3.814962623023728572e+00,3.370285676103839112e-01,-1.064604066682575956e-01,1.290229176152318628e-02,1.549418351337494393e+00
3.818706443065950307e+00,3.366302995396526221e-01,-1.062999061817015284e-01,1.284141300988864837e-02,1.550120390783604307e+00
3.822450263108171598e+00,3.362326318082108356e-01,-1.061396971150551372e-01,1.278084123249123918e-02,1.550820489629041177e+00
3.826194083150393332e+00,3.358355633258575668e-01,-1.059797790286622216e-01,1.272057478360417472e-02,1.551518652974270829e+00
3.829937903192614623e+00,3.354390930040391239e-01,-1.058201514822360717e-01,1.266061202674149087e-02,1.552214885909115827e+00
3.833681723234836358e+00,3.350432197558511627e-01,-1.056608140348734293e-01,1.260095133460502857e-02,1.552909193512749919e+00
3.837425543277058093e+00,3.346479424960414062e-01,-1.055017662450687121e-01,1.254159108903183870e-02,1.553601580853694708e+00
3.841169363319279384e+00,3.342532601410114212e-01,-1.053430076707278229e-01,1.248252968094173271e-02,1.554292052989812323e+00
3.844913183361501119e+00,3.338591716088190053e-01,-1.051845378691818877e-01,1.242376551028523748e-02,1.554980614968302310e+00
3.848657003403722410e+00,3.334656758191802961e-01,-1.050263563972011066e-01,1.236529698599179820e-02,1.555667271825697195e+00
3.852400823445944145e+00,3.330727716934719362e-01,-1.048684628110081313e-01,1.230712252591829349e-02,1.556352028587858927e+00
3.856144643488165435e+00,3.326804581547329054e-01,-1.047108566662916102e-01,1.224924055679779862e-02,1.557034890269974881e+00
3.859888463530387170e+00,3.322887341276664075e-01,-1.045535375182193305e-01,1.219164951418864537e-02,1.557715861876553198e+00
3.863632283572608461e+00,3.318975985386422578e-01,-1.043965049214515967e-01,1.213434784242386176e-02,1.558394948401421898e+00
3.867376103614830196e+00,3.315070503156983261e-01,-1.042397584301541502e-01,1.207733399456074365e-02,1.559072154827725765e+00
3.871119923657051487e+00,3.311170883885424798e-01,-1.040832975980112429e-01,1.202060643233081490e-02,1.559747486127922356e+00
3.874863743699273222e+00,3.307277116885544710e-01,-1.039271219782383349e-01,1.196416362609004427e-02,1.560420947263781999e+00
3.878607563741494513e+00,3.303389191487876020e-01,-1.037712311235949314e-01,1.190800405476934165e-02,1.561092543186384241e+00
3.882351383783716248e+00,3.299507097039702797e-01,-1.036156245863970593e-01,1.185212620582529880e-02,1.561762278836117179e+00
3.886095203825937539e+00,3.295630822905079582e-01,-1.034603019185299372e-01,1.179652857519129447e-02,1.562430159142676356e+00
3.889839023868159273e+00,3.291760358464843050e-01,-1.033052626714600908e-01,1.174120966722874693e-02,1.563096189025062310e+00
3.893582843910380564e+00,3.287895693116632545e-01,-1.031505063962478985e-01,1.168616799467880017e-02,1.563760373391581915e+00
3.897326663952602299e+00,3.284036816274899517e-01,-1.029960326435594709e-01,1.163140207861411250e-02,1.564422717139846375e+00
3.901070483994823590e+00,3.280183717370927510e-01,-1.028418409636789044e-01,1.157691044839107529e-02,1.565083225156770785e+00
3.904814304037045325e+00,3.276336385852841038e-01,-1.026879309065200363e-01,1.152269164160216880e-02,1.565741902318576129e+00
3.908558124079266616e+00,3.272494811185623909e-01,-1.025343020216384349e-01,1.146874420402869792e-02,1.566398753490787721e+00
3.912301944121488351e+00,3.268658982851129768e-01,-1.023809538582429041e-01,1.141506668959372216e-02,1.567053783528236321e+00
3.916045764163709642e+00,3.264828890348094315e-01,-1.022278859652072797e-01,1.136165766031526324e-02,1.567706997275058578e+00
3.919789584205931376e+00,3.261004523192149174e-01,-1.020750978910817813e-01,1.130851568625980581e-02,1.568358399564699690e+00
3.923533404248152667e+00,3.257185870915834114e-01,-1.019225891841045173e-01,1.125563934549606362e-02,1.569007995219912743e+00
3.927277224290374402e+00,3.253372923068605926e-01,-1.017703593922126004e-01,1.120302722404894168e-02,1.569655789052761596e+00
3.931021044332595693e+00,3.249565669216853969e-01,-1.016184080630535558e-01,1.115067791585388178e-02,1.570301785864621991e+00
3.934764864374817428e+00,3.245764098943905163e-01,-1.014667347439961592e-01,1.109859002271130698e-02,1.570945990446184215e+00
3.938508684417038719e+00,3.241968201850040088e-01,-1.013153389821416089e-01,1.104676215424150142e-02,1.571588407577454660e+00
3.942252504459260454e+00,3.238177967552496317e-01,-1.011642203243342253e-01,1.099519292783956298e-02,1.572229042027759816e+00
3.945996324501481745e+00,3.234393385685485067e-01,-1.010133783171723726e-01,1.094388096863081056e-02,1.572867898555746713e+00
3.949740144543703479e+00,3.230614445900195086e-01,-1.008628125070190062e-01,1.089282490942626754e-02,1.573504981909388922e+00
3.953483964585924770e+00,3.226841137864802644e-01,-1.007125224400123309e-01,1.084202339067849054e-02,1.574140296825987217e+00
3.957227784628146505e+00,3.223073451264479861e-01,-1.005625076620761671e-01,1.079147506043763582e-02,1.574773848032174239e+00
3.960971604670368240e+00,3.219311375801401920e-01,-1.004127677189303874e-01,1.074117857430776507e-02,1.575405640243917604e+00
3.964715424712589531e+00,3.215554901194756510e-01,-1.002633021561012139e-01,1.069113259540343391e-02,1.576035678166524345e+00
3.968459244754811266e+00,3.211804017180747706e-01,-1.001141105189313207e-01,1.064133579430645050e-02,1.576663966494645797e+00
3.972203064797032557e+00,3.208058713512605409e-01,-9.996519235258995162e-02,1.059178684902298100e-02,1.577290509912278704e+00
3.975946884839254292e+00,3.204318979960590896e-01,-9.981654720208292531e-02,1.054248444494083545e-02,1.577915313092775440e+00
3.979690704881475583e+00,3.200584806312001818e-01,-9.966817461226248898e-02,1.049342727478699312e-02,1.578538380698842891e+00
3.983434524923697317e+00,3.196856182371177746e-01,-9.952007412783710205e-02,1.044461403858540707e-02,1.579159717382550898e+00
3.987178344965918608e+00,3.193133097959509059e-01,-9.937224529338122003e-02,1.039604344361506547e-02,1.579779327785336918e+00
3.990922165008140343e+00,3.189415542915435831e-01,-9.922468765334475915e-02,1.034771420436818995e-02,1.580397216538010241e+00
3.994665985050361634e+00,3.185703507094456155e-01,-9.907740075206282471e-02,1.029962504250879485e-02,1.581013388260759767e+00
3.998409805092583369e+00,3.181996980369130035e-01,-9.893038413376487039e-02,1.025177468683142849e-02,1.581627847563157108e+00
4.002153625134804216e+00,3.178295952629082710e-01,-9.878363734258430173e-02,1.020416187322014875e-02,1.582240599044164808e+00
4.005897445177025951e+00,3.174600413781005770e-01,-9.863715992256751053e-02,1.015678534460771019e-02,1.582851647292142117e+00
4.009641265219247686e+00,3.170910353748664923e-01,-9.849095141768314521e-02,1.010964385093507389e-02,1.583460996884850092e+00
4.013385085261468532e+00,3.167225762472899442e-01,-9.834501137183122854e-02,1.006273614911104911e-02,1.584068652389459375e+00
4.017128905303690267e+00,3.163546629911623276e-01,-9.819933932885191452e-02,1.001606100297219686e-02,1.584674618362556631e+00
4.020872725345912002e+00,3.159872946039832819e-01,-9.805393483253466158e-02,9.969617183243035391e-03,1.585278899350152093e+00
4.024616545388133737e+00,3.156204700849601363e-01,-9.790879742662685070e-02,9.923403467496332356e-03,1.585881499887685564e+00
4.028360365430354584e+00,3.152541884350087975e-01,-9.776392665484263944e-02,9.877418640113794224e-03,1.586482424500034183e+00
4.032104185472576319e+00,3.148884486567529728e-01,-9.761932206087139963e-02,9.831661492246781750e-03,1.587081677701520421e+00
4.035848005514798054e+00,3.145232497545251693e-01,-9.747498318838651588e-02,9.786130821777483391e-03,1.587679263995920076e+00
4.039591825557019789e+00,3.141585907343661943e-01,-9.733090958105369839e-02,9.740825433280113008e-03,1.588275187876467820e+00
4.043335645599240635e+00,3.137944706040252663e-01,-9.718710078253944840e-02,9.695744137982437172e-03,1.588869453825868527e+00
4.047079465641462370e+00,3.134308883729599038e-01,-9.704355633651923219e-02,9.650885753727470734e-03,1.589462066316303046e+00
4.050823285683684105e+00,3.130678430523362032e-01,-9.690027578668589103e-02,9.606249104935460359e-03,1.590053029809437968e+00
4.054567105725905840e+00,3.127053336550286167e-01,-9.675725867675769032e-02,9.561833022566036330e-03,1.590642348756433178e+00
4.058310925768126687e+00,3.123433591956195077e-01,-9.661450455048635477e-02,9.517636344080537825e-03,1.591230027597951180e+00
4.062054745810348422e+00,3.119819186903993180e-01,-9.647201295166499269e-02,9.473657913404652173e-03,1.591816070764165314e+00
4.065798565852570157e+00,3.116210111573664010e-01,-9.632978342413617279e-02,9.429896580891225857e-03,1.592400482674769968e+00
4.069542385894791892e+00,3.112606356162269106e-01,-9.618781551179964029e-02,9.386351203283297556e-03,1.592983267738988129e+00
4.073286205937012738e+00,3.109007910883943571e-01,-9.604610875862007457e-02,9.343020643677309861e-03,1.593564430355581596e+00
4.077030025979234473e+00,3.105414765969891633e-01,-9.590466270863469422e-02,9.299903771486539572e-03,1.594143974912862527e+00
4.080773846021456208e+00,3.101826911668391085e-01,-9.576347690596098694e-02,9.256999462404847182e-03,1.594721905788698546e+00
4.084517666063677943e+00,3.098244338244782181e-01,-9.562255089480409254e-02,9.214306598370450643e-03,1.595298227350525844e+00
4.088261486105899678e+00,3.094667035981468750e-01,-9.548188421946436633e-02,9.171824067530058230e-03,1.595872943955360057e+00
4.092005306148120525e+00,3.091094995177914306e-01,-9.534147642434462333e-02,9.129550764203159252e-03,1.596446059949802265e+00
4.095749126190342260e+00,3.087528206150633725e-01,-9.520132705395745187e-02,9.087485588846455284e-03,1.597017579670053866e+00
4.099492946232563995e+00,3.083966659233196572e-01,-9.506143565293251330e-02,9.045627448018660893e-03,1.597587507441923016e+00
4.103236766274785730e+00,3.080410344776215448e-01,-9.492180176602359187e-02,9.003975254345316509e-03,1.598155847580837730e+00
4.106980586317006576e+00,3.076859253147346540e-01,-9.478242493811576963e-02,8.962527926483955173e-03,1.598722604391856095e+00
4.110724406359228311e+00,3.073313374731278524e-01,-9.464330471423222646e-02,8.921284389089345623e-03,1.599287782169676930e+00
4.114468226401450046e+00,3.069772699929734228e-01,-9.450444063954140106e-02,8.880243572779073641e-03,1.599851385198650000e+00
4.118212046443671781e+00,3.066237219161460081e-01,-9.436583225936370778e-02,8.839404414099203203e-03,1.600413417752788003e+00
4.121955866485892628e+00,3.062706922862223347e-01,-9.422747911917837838e-02,8.798765855490209981e-03,1.600973884095777011e+00
4.125699686528114363e+00,3.059181801484801566e-01,-9.408938076463008171e-02,8.758326845253036272e-03,1.601532788480989344e+00
4.129443506570336098e+00,3.055661845498983120e-01,-9.395153674153571000e-02,8.718086337515473794e-03,1.602090135151493122e+00
4.133187326612557833e+00,3.052147045391554459e-01,-9.381394659589087359e-02,8.678043292198588110e-03,1.602645928340066028e+00
4.136931146654778679e+00,3.048637391666297325e-01,-9.367660987387642357e-02,8.638196674983450105e-03,1.603200172269203527e+00
4.140674966697000414e+00,3.045132874843977100e-01,-9.353952612186483551e-02,8.598545457277973272e-03,1.603752871151135517e+00
4.144418786739222149e+00,3.041633485462342246e-01,-9.340269488642670426e-02,8.559088616184063261e-03,1.604304029187834102e+00
4.148162606781443884e+00,3.038139214076110428e-01,-9.326611571433698900e-02,8.519825134464812516e-03,1.604853650571028911e+00
4.151906426823664731e+00,3.034650051256965742e-01,-9.312978815258128595e-02,8.480754000512012378e-03,1.605401739482217316e+00
4.155650246865886466e+00,3.031165987593545386e-01,-9.299371174836183751e-02,8.441874208313741509e-03,1.605948300092677306e+00
4.159394066908108201e+00,3.027687013691436335e-01,-9.285788604910390209e-02,8.403184757422250961e-03,1.606493336563479257e+00
4.163137886950329936e+00,3.024213120173163682e-01,-9.272231060246162448e-02,8.364684652921948113e-03,1.607036853045500147e+00
4.166881706992550782e+00,3.020744297678184531e-01,-9.258698495632408654e-02,8.326372905397637358e-03,1.607578853679434872e+00
4.170625527034772517e+00,3.017280536862875784e-01,-9.245190865882116360e-02,8.288248530902863134e-03,1.608119342595809798e+00
4.174369347076994252e+00,3.013821828400528591e-01,-9.231708125832946421e-02,8.250310550928537448e-03,1.608658323914995414e+00
4.178113167119215987e+00,3.010368162981336138e-01,-9.218250230347808938e-02,8.212557992371648935e-03,1.609195801747219878e+00
4.181856987161436834e+00,3.006919531312388094e-01,-9.204817134315436411e-02,8.174989887504261615e-03,1.609731780192579897e+00
4.185600807203658569e+00,3.003475924117653406e-01,-9.191408792650940240e-02,8.137605273942541406e-03,1.610266263341057824e+00
4.189344627245880304e+00,3.000037332137978630e-01,-9.178025160296394980e-02,8.100403194616150396e-03,1.610799255272531427e+00
4.193088447288102039e+00,2.996603746131072388e-01,-9.164666192221371244e-02,8.063382697737661933e-03,1.611330760056790101e+00
4.196832267330323774e+00,2.993175156871498155e-01,-9.151331843423494983e-02,8.026542836772256745e-03,1.611860781753545302e+00
4.200576087372544620e+00,2.989751555150661488e-01,-9.138022068928991493e-02,7.989882670407526602e-03,1.612389324412448088e+00
4.204319907414766355e+00,2.986332931776797817e-01,-9.124736823793211382e-02,7.953401262523465340e-03,1.612916392073099336e+00
4.208063727456988090e+00,2.982919277574966888e-01,-9.111476063101174583e-02,7.917097682162713146e-03,1.613441988765065949e+00
4.211807547499209825e+00,2.979510583387035560e-01,-9.098239741968089378e-02,7.880971003500842481e-03,1.613966118507893288e+00
4.215551367541430672e+00,2.976106840071671700e-01,-9.085027815539876983e-02,7.845020305816949313e-03,1.614488785311119834e+00
4.219295187583652407e+00,2.972708038504325856e-01,-9.071840238993671146e-02,7.809244673464274707e-03,1.615009993174292502e+00
4.223039007625874142e+00,2.969314169577227380e-01,-9.058676967538344116e-02,7.773643195841162083e-03,1.615529746086977969e+00
4.226782827668095877e+00,2.965925224199366661e-01,-9.045537956415000691e-02,7.738214967362037899e-03,1.616048048028779549e+00
4.230526647710316723e+00,2.962541193296485686e-01,-9.032423160897475045e-02,7.702959087428645595e-03,1.616564902969350292e+00
4.234270467752538458e+00,2.959162067811063612e-01,-9.019332536292817837e-02,7.667874660401402705e-03,1.617080314868408975e+00
4.238014287794760193e+00,2.955787838702307324e-01,-9.006266037941794422e-02,7.632960795570977418e-03,1.617594287675752751e+00
4.241758107836981928e+00,2.952418496946135340e-01,-8.993223621219355313e-02,7.598216607129960540e-03,1.618106825331272924e+00
4.245501927879202775e+00,2.949054033535168928e-01,-8.980205241535114957e-02,7.563641214144785525e-03,1.618617931764968931e+00
4.249245747921424510e+00,2.945694439478712678e-01,-8.967210854333813874e-02,7.529233740527697082e-03,1.619127610896964775e+00
4.252989567963646245e+00,2.942339705802749505e-01,-8.954240415095798822e-02,7.494993315009040695e-03,1.619635866637522570e+00
4.256733388005867980e+00,2.938989823549920111e-01,-8.941293879337468276e-02,7.460919071109552159e-03,1.620142702887056974e+00
4.260477208048088826e+00,2.935644783779514655e-01,-8.928371202611731783e-02,7.427010147112938533e-03,1.620648123536151619e+00
4.264221028090310561e+00,2.932304577567452775e-01,-8.915472340508448501e-02,7.393265686038498138e-03,1.621152132465574436e+00
4.267964848132532296e+00,2.928969196006276365e-01,-8.902597248654890716e-02,7.359684835614035449e-03,1.621654733546290750e+00
4.271708668174754031e+00,2.925638630205132373e-01,-8.889745882716167114e-02,7.326266748248832367e-03,1.622155930639480825e+00
4.275452488216974878e+00,2.922312871289758918e-01,-8.876918198395661319e-02,7.293010581006812917e-03,1.622655727596554298e+00
4.279196308259196613e+00,2.918991910402469192e-01,-8.864114151435452393e-02,7.259915495579845855e-03,1.623154128259165940e+00
4.282940128301418348e+00,2.915675738702139808e-01,-8.851333697616751983e-02,7.226980658261245027e-03,1.623651136459230537e+00
4.286683948343640083e+00,2.912364347364194139e-01,-8.838576792760313716e-02,7.194205239919384230e-03,1.624146756018939097e+00
4.290427768385860929e+00,2.909057727580589003e-01,-8.825843392726848147e-02,7.161588415971488139e-03,1.624640990750773950e+00
4.294171588428082664e+00,2.905755870559796894e-01,-8.813133453417426599e-02,7.129129366357548139e-03,1.625133844457525845e+00
4.297915408470304399e+00,2.902458767526793770e-01,-8.800446930773897503e-02,7.096827275514438517e-03,1.625625320932306828e+00
4.301659228512526134e+00,2.899166409723042404e-01,-8.787783780779276355e-02,7.064681332350139335e-03,1.626115423958570005e+00
4.305403048554746981e+00,2.895878788406477944e-01,-8.775143959458139853e-02,7.032690730218142325e-03,1.626604157310121535e+00
4.309146868596968716e+00,2.892595894851487937e-01,-8.762527422877015859e-02,7.000854666891947846e-03,1.627091524751140827e+00
4.312890688639190451e+00,2.889317720348902885e-01,-8.749934127144770590e-02,6.969172344539812519e-03,1.627577530036191211e+00
4.316634508681412186e+00,2.886044256205976821e-01,-8.737364028412991646e-02,6.937642969699556704e-03,1.628062176910241687e+00
4.320378328723633921e+00,2.882775493746371764e-01,-8.724817082876355767e-02,6.906265753253548051e-03,1.628545469108678700e+00
4.324122148765854767e+00,2.879511424310141621e-01,-8.712293246773011868e-02,6.875039910403839445e-03,1.629027410357325456e+00
4.327865968808076502e+00,2.876252039253713866e-01,-8.699792476384925199e-02,6.843964660647421441e-03,1.629508004372455243e+00
4.331609788850298237e+00,2.872997329949877887e-01,-8.687314728038270095e-02,6.813039227751691539e-03,1.629987254860811641e+00
4.335353608892519972e+00,2.869747287787762779e-01,-8.674859958103764423e-02,6.782262839729962488e-03,1.630465165519620063e+00
4.339097428934740819e+00,2.866501904172826798e-01,-8.662428122997035962e-02,6.751634728817231673e-03,1.630941740036608634e+00
4.342841248976962554e+00,2.863261170526831823e-01,-8.650019179178956852e-02,6.721154131445947894e-03,1.631416982090022172e+00
4.346585069019184289e+00,2.860025078287835587e-01,-8.637633083156008584e-02,6.690820288222086923e-03,1.631890895348639958e+00
4.350328889061406024e+00,2.856793618910170030e-01,-8.625269791480605353e-02,6.660632443901243552e-03,1.632363483471791055e+00
4.354072709103626870e+00,2.853566783864424083e-01,-8.612929260751442384e-02,6.630589847364900570e-03,1.632834750109371624e+00
4.357816529145848605e+00,2.850344564637423694e-01,-8.600611447613809579e-02,6.600691751596818313e-03,1.633304698901862695e+00
4.361560349188070340e+00,2.847126952732221827e-01,-8.588316308759944007e-02,6.570937413659647119e-03,1.633773333480345258e+00
4.365304169230292075e+00,2.843913939668072932e-01,-8.576043800929335215e-02,6.541326094671543259e-03,1.634240657466517588e+00
4.369047989272512922e+00,2.840705516980421286e-01,-8.563793880909054135e-02,6.511857059783047671e-03,1.634706674472712340e+00
4.372791809314734657e+00,2.837501676220877123e-01,-8.551566505534055618e-02,6.482529578153984652e-03,1.635171388101913648e+00
4.376535629356956392e+00,2.834302408957203867e-01,-8.539361631687507337e-02,6.453342922930605137e-03,1.635634801947773331e+00
4.380279449399178127e+00,2.831107706773298149e-01,-8.527179216301088160e-02,6.424296371222795905e-03,1.636096919594628440e+00
4.384023269441398973e+00,2.827917561269170932e-01,-8.515019216355292075e-02,6.395389204081432764e-03,1.636557744617517685e+00
4.387767089483620708e+00,2.824731964060929745e-01,-8.502881588879721009e-02,6.366620706475878584e-03,1.637017280582200529e+00
4.391510909525842443e+00,2.821550906780760370e-01,-8.490766290953394302e-02,6.337990167271607966e-03,1.637475531045170962e+00
4.395254729568064178e+00,2.818374381076907964e-01,-8.478673279705030430e-02,6.309496879207961151e-03,1.637932499553677035e+00
4.398998549610285025e+00,2.815202378613659295e-01,-8.466602512313338436e-02,6.281140138876036699e-03,1.638388189645737514e+00
4.402742369652506760e+00,2.812034891071321652e-01,-8.454553946007295484e-02,6.252919246696687396e-03,1.638842604850158757e+00
4.406486189694728495e+00,2.808871910146207296e-01,-8.442527538066438297e-02,6.224833506898693088e-03,1.639295748686552923e+00
4.410230009736950230e+00,2.805713427550611261e-01,-8.430523245821132383e-02,6.196882227497003785e-03,1.639747624665353731e+00
4.413973829779171076e+00,2.802559435012796363e-01,-8.418541026652845427e-02,6.169064720271175313e-03,1.640198236287834677e+00
4.417717649821392811e+00,2.799409924276967665e-01,-8.406580837994410971e-02,6.141380300743841392e-03,1.640647587046127009e+00
4.421461469863614546e+00,2.796264887103259156e-01,-8.394642637330307355e-02,6.113828288159412969e-03,1.641095680423236391e+00
4.425205289905836281e+00,2.793124315267712099e-01,-8.382726382196910297e-02,6.086408005462841733e-03,1.641542519893059771e+00
4.428949109948057128e+00,2.789988200562256715e-01,-8.370832030182751016e-02,6.059118779278526747e-03,1.641988108920403588e+00
4.432692929990278863e+00,2.786856534794687756e-01,-8.358959538928768807e-02,6.031959939889296532e-03,1.642432450961002433e+00
4.436436750032500598e+00,2.783729309788652295e-01,-8.347108866128569171e-02,6.004930821215627955e-03,1.642875549461533913e+00
4.440180570074722333e+00,2.780606517383625298e-01,-8.335279969528668065e-02,5.978030760794866838e-03,1.643317407859638868e+00
4.443924390116944068e+00,2.777488149434889642e-01,-8.323472806928733370e-02,5.951259099760624650e-03,1.643758029583936464e+00
4.447668210159164914e+00,2.774374197813518905e-01,-8.311687336181834695e-02,5.924615182822313975e-03,1.644197418054044402e+00
4.451412030201386649e+00,2.771264654406354055e-01,-8.299923515194658485e-02,5.898098358244749026e-03,1.644635576680594680e+00
4.455155850243608384e+00,2.768159511115986238e-01,-8.288181301927773081e-02,5.871707977827925716e-03,1.645072508865252026e+00
4.458899670285830119e+00,2.765058759860735127e-01,-8.276460654395834116e-02,5.845443396886878043e-03,1.645508218000731659e+00
4.462643490328050966e+00,2.761962392574628389e-01,-8.264761530667824596e-02,5.819303974231664588e-03,1.645942707470815947e+00
4.466387310370272701e+00,2.758870401207380585e-01,-8.253083888867268625e-02,5.793289072147468632e-03,1.646375980650374160e+00
4.470131130412494436e+00,2.755782777724376520e-01,-8.241427687172464545e-02,5.767398056374851804e-03,1.646808040905378911e+00
4.473874950454716171e+00,2.752699514106645151e-01,-8.229792883816693105e-02,5.741630296090047617e-03,1.647238891592923693e+00
4.477618770496937017e+00,2.749620602350845155e-01,-8.218179437088438122e-02,5.715985163885462308e-03,1.647668536061241085e+00
4.481362590539158752e+00,2.746546034469236064e-01,-8.206587305331583537e-02,5.690462035750179157e-03,1.648096977649721628e+00
4.485106410581380487e+00,2.743475802489667159e-01,-8.195016446945642408e-02,5.665060291050720391e-03,1.648524219688930037e+00
4.488850230623602222e+00,2.740409898455549720e-01,-8.183466820385942864e-02,5.639779312511782224e-03,1.648950265500624068e+00
4.492594050665823069e+00,2.737348314425837592e-01,-8.171938384163845992e-02,5.614618486197155492e-03,1.649375118397772066e+00
4.496337870708044804e+00,2.734291042475007205e-01,-8.160431096846922083e-02,5.589577201490758193e-03,1.649798781684571392e+00
4.500081690750266539e+00,2.731238074693035922e-01,-8.148944917059171289e-02,5.564654851077756488e-03,1.650221258656466183e+00
4.503825510792488274e+00,2.728189403185381501e-01,-8.137479803481197094e-02,5.539850830925812340e-03,1.650642552600163793e+00
4.507569330834709120e+00,2.725145020072959889e-01,-8.126035714850411706e-02,5.515164540266428300e-03,1.651062666793656097e+00
4.511313150876930855e+00,2.722104917492124132e-01,-8.114612609961198431e-02,5.490595381576409383e-03,1.651481604506233936e+00
4.515056970919152590e+00,2.719069087594642720e-01,-8.103210447665123994e-02,5.466142760559429895e-03,1.651899368998507756e+00
4.518800790961374325e+00,2.716037522547680716e-01,-8.091829186871098145e-02,5.441806086127730369e-03,1.652315963522424047e+00
4.522544611003595172e+00,2.713010214533774223e-01,-8.080468786545565163e-02,5.417584770383871741e-03,1.652731391321284216e+00
4.526288431045816907e+00,2.709987155750810950e-01,-8.069129205712660680e-02,5.393478228602643920e-03,1.653145655629762123e+00
4.530032251088038642e+00,2.706968338412008568e-01,-8.057810403454404580e-02,5.369485879213060225e-03,1.653558759673923184e+00
4.533776071130260377e+00,2.703953754745893612e-01,-8.046512338910856432e-02,5.345607143780469785e-03,1.653970706671240576e+00
4.537519891172481223e+00,2.700943396996279278e-01,-8.035234971280288963e-02,5.321841446988758405e-03,1.654381499830615443e+00
4.541263711214702958e+00,2.697937257422240442e-01,-8.023978259819342096e-02,5.298188216622638780e-03,1.654791142352393551e+00
4.545007531256924693e+00,2.694935328298097565e-01,-8.012742163843195042e-02,5.274646883550108967e-03,1.655199637428383941e+00
4.548751351299146428e+00,2.691937601913391154e-01,-8.001526642725717564e-02,5.251216881704945556e-03,1.655606988241877131e+00
4.552495171341368163e+00,2.688944070572859557e-01,-7.990331655899630958e-02,5.227897648069323479e-03,1.656013197967663775e+00
4.556238991383589010e+00,2.685954726596419539e-01,-7.979157162856656549e-02,5.204688622656556372e-03,1.656418269772051310e+00
4.559982811425810745e+00,2.682969562319139079e-01,-7.968003123147654465e-02,5.181589248493886392e-03,1.656822206812882614e+00
4.563726631468032480e+00,2.679988570091221822e-01,-7.956869496382797113e-02,5.158598971605457030e-03,1.657225012239555761e+00
4.567470451510254215e+00,2.677011742277979334e-01,-7.945756242231694078e-02,5.135717240995298083e-03,1.657626689193040681e+00
4.571214271552475061e+00,2.674039071259813327e-01,-7.934663320423540611e-02,5.112943508630483219e-03,1.658027240805897140e+00
4.574958091594696796e+00,2.671070549432187358e-01,-7.923590690747253640e-02,5.090277229424307499e-03,1.658426670202294062e+00
4.578701911636918531e+00,2.668106169205611278e-01,-7.912538313051616090e-02,5.067717861219662653e-03,1.658824980498027069e+00
4.582445731679140266e+00,2.665145923005615147e-01,-7.901506147245403178e-02,5.045264864772428838e-03,1.659222174800535798e+00
4.586189551721361113e+00,2.662189803272726474e-01,-7.890494153297526736e-02,5.022917703734987825e-03,1.659618256208924780e+00
4.589933371763582848e+00,2.659237802462447453e-01,-7.879502291237144851e-02,5.000675844639835069e-03,1.660013227813978753e+00
4.593677191805804583e+00,2.656289913045234985e-01,-7.868530521153808965e-02,4.978538756883307999e-03,1.660407092698181986e+00
4.597421011848026318e+00,2.653346127506476249e-01,-7.857578803197580453e-02,4.956505912709378500e-03,1.660799853935737813e+00
4.601164831890247164e+00,2.650406438346466498e-01,-7.846647097579152741e-02,4.934576787193553811e-03,1.661191514592583518e+00
4.604908651932468899e+00,2.647470838080384081e-01,-7.835735364569967887e-02,4.912750858226854617e-03,1.661582077726412754e+00
4.608652471974690634e+00,2.644539319238271013e-01,-7.824843564502344251e-02,4.891027606499926718e-03,1.661971546386691312e+00
4.612396292016912369e+00,2.641611874365008550e-01,-7.813971657769580581e-02,4.869406515487210811e-03,1.662359923614673995e+00
4.616140112059133216e+00,2.638688496020296093e-01,-7.803119604826080913e-02,4.847887071431226762e-03,1.662747212443427269e+00
4.619883932101354951e+00,2.635769176778623435e-01,-7.792287366187450326e-02,4.826468763326904714e-03,1.663133415897842582e+00
4.623627752143576686e+00,2.632853909229253553e-01,-7.781474902430615681e-02,4.805151082906083601e-03,1.663518536994658126e+00
4.627371572185798421e+00,2.629942685976196515e-01,-7.770682174193929703e-02,4.783933524622034812e-03,1.663902578742475491e+00
4.631115392228019267e+00,2.627035499638187832e-01,-7.759909142177270902e-02,4.762815585634112489e-03,1.664285544141776985e+00
4.634859212270241002e+00,2.624132342848663479e-01,-7.749155767142143492e-02,4.741796765792466277e-03,1.664667436184947169e+00
4.638603032312462737e+00,2.621233208255738800e-01,-7.738422009911788413e-02,4.720876567622875504e-03,1.665048257856287961e+00
4.642346852354684472e+00,2.618338088522185192e-01,-7.727707831371266600e-02,4.700054496311650148e-03,1.665428012132036839e+00
4.646090672396905319e+00,2.615446976325405681e-01,-7.717013192467567229e-02,4.679330059690621144e-03,1.665806701980388160e+00
4.649834492439127054e+00,2.612559864357412165e-01,-7.706338054209682653e-02,4.658702768222222623e-03,1.666184330361507593e+00
4.653578312481348789e+00,2.609676745324803204e-01,-7.695682377668723595e-02,4.638172134984671312e-03,1.666560900227553432e+00
4.657322132523570524e+00,2.606797611948739046e-01,-7.685046123977988530e-02,4.617737675657210099e-03,1.666936414522692367e+00
4.661065952565791370e+00,2.603922456964921639e-01,-7.674429254333060835e-02,4.597398908505475647e-03,1.667310876183119017e+00
4.664809772608013105e+00,2.601051273123565211e-01,-7.663831729991879560e-02,4.577155354366880743e-03,1.667684288137073922e+00
4.668553592650234840e+00,2.598184053189379616e-01,-7.653253512274844905e-02,4.557006536636180535e-03,1.668056653304862635e+00
4.672297412692456575e+00,2.595320789941542028e-01,-7.642694562564879279e-02,4.536951981251030955e-03,1.668427974598871266e+00
4.676041232734678310e+00,2.592461476173677504e-01,-7.632154842307516118e-02,4.516991216677704139e-03,1.668798254923587798e+00
4.679785052776899157e+00,2.589606104693832345e-01,-7.621634313010973438e-02,4.497123773896830740e-03,1.669167497175618076e+00
4.683528872819120892e+00,2.586754668324450224e-01,-7.611132936246220448e-02,4.477349186389248045e-03,1.669535704243705121e+00
4.687272692861342627e+00,2.583907159902352757e-01,-7.600650673647067757e-02,4.457666990121958266e-03,1.669902879008746899e+00
4.691016512903564362e+00,2.581063572278712304e-01,-7.590187486910227044e-02,4.438076723534120638e-03,1.670269024343814523e+00
4.694760332945785208e+00,2.578223898319029761e-01,-7.579743337795379066e-02,4.418577927523158026e-03,1.670634143114170245e+00
4.698504152988006943e+00,2.575388130903109030e-01,-7.569318188125240265e-02,4.399170145430917299e-03,1.670998238177285655e+00
4.702247973030228678e+00,2.572556262925038140e-01,-7.558911999785636326e-02,4.379852923029965879e-03,1.671361312382860564e+00
4.705991793072450413e+00,2.569728287293160385e-01,-7.548524734725559071e-02,4.360625808509888297e-03,1.671723368572839652e+00
4.709735613114671260e+00,2.566904196930053783e-01,-7.538156354957228911e-02,4.341488352463735399e-03,1.672084409581432007e+00
4.713479433156892995e+00,2.564083984772504987e-01,-7.527806822556147581e-02,4.322440107874495237e-03,1.672444438235128450e+00
4.717223253199114730e+00,2.561267643771488745e-01,-7.517476099661170308e-02,4.303480630101701003e-03,1.672803457352719514e+00
4.720967073241336465e+00,2.558455166892141808e-01,-7.507164148474550214e-02,4.284609476868064988e-03,1.673161469745314323e+00
4.724710893283557311e+00,2.555646547113740730e-01,-7.496870931262002158e-02,4.265826208246224424e-03,1.673518478216357908e+00
4.728454713325779046e+00,2.552841777429674663e-01,-7.486596410352738817e-02,4.247130386645528097e-03,1.673874485561649417e+00
4.732198533368000781e+00,2.550040850847427043e-01,-7.476340548139538689e-02,4.228521576798962602e-03,1.674229494569360321e+00
4.735942353410222516e+00,2.547243760388547273e-01,-7.466103307078790496e-02,4.209999345750086407e-03,1.674583508020052847e+00
4.739686173452443363e+00,2.544450499088629081e-01,-7.455884649690536214e-02,4.191563262840082744e-03,1.674936528686697068e+00
4.743429993494665098e+00,2.541661059997285532e-01,-7.445684538558512700e-02,4.173212899694870616e-03,1.675288559334689342e+00
4.747173813536886833e+00,2.538875436178125722e-01,-7.435502936330211365e-02,4.154947830212300797e-03,1.675639602721870958e+00
4.750917633579108568e+00,2.536093620708732566e-01,-7.425339805716905939e-02,4.136767630549428171e-03,1.675989661598545233e+00
4.754661453621329414e+00,2.533315606680635601e-01,-7.415195109493702419e-02,4.118671879109837841e-03,1.676338738707495946e+00
4.758405273663551149e+00,2.530541387199288228e-01,-7.405068810499564058e-02,4.100660156531060578e-03,1.676686836784004875e+00
4.762149093705772884e+00,2.527770955384045504e-01,-7.394960871637366873e-02,4.082732045672075871e-03,1.677033958555870230e+00
4.765892913747994619e+00,2.525004304368139163e-01,-7.384871255873924623e-02,4.064887131600863554e-03,1.677380106743424415e+00
4.769636733790215466e+00,2.522241427298653749e-01,-7.374799926240026282e-02,4.047125001582039562e-03,1.677725284059551569e+00
4.773380553832437201e+00,2.519482317336499966e-01,-7.364746845830462407e-02,4.029445245064544601e-03,1.678069493209706886e+00
4.777124373874658936e+00,2.516726967656395808e-01,-7.354711977804066769e-02,4.011847453669451641e-03,1.678412736891931711e+00
4.780868193916880671e+00,2.513975371446839358e-01,-7.344695285383739947e-02,3.994331221177795967e-03,1.678755017796875082e+00
4.784612013959101517e+00,2.511227521910085470e-01,-7.334696731856478469e-02,3.976896143518498898e-03,1.679096338607807493e+00
4.788355834001323252e+00,2.508483412262120238e-01,-7.324716280573395633e-02,3.959541818756348759e-03,1.679436702000643100e+00
4.792099654043544987e+00,2.505743035732639901e-01,-7.314753894949757584e-02,3.942267847080075521e-03,1.679776110643954157e+00
4.795843474085766722e+00,2.503006385565025305e-01,-7.304809538464998586e-02,3.925073830790475754e-03,1.680114567198989883e+00
4.799587294127988457e+00,2.500273455016317481e-01,-7.294883174662745995e-02,3.907959374288605230e-03,1.680452074319694677e+00
4.803331114170209304e+00,2.497544237357195163e-01,-7.284974767150842467e-02,3.890924084064058264e-03,1.680788634652725211e+00
4.807074934212431039e+00,2.494818725871947029e-01,-7.275084279601357062e-02,3.873967568683279149e-03,1.681124250837469747e+00
4.810818754254652774e+00,2.492096913858452278e-01,-7.265211675750612996e-02,3.857089438777995018e-03,1.681458925506063240e+00
4.814562574296874509e+00,2.489378794628154812e-01,-7.255356919399200133e-02,3.840289307033677331e-03,1.681792661283406876e+00
4.818306394339095355e+00,2.486664361506038257e-01,-7.245519974411993025e-02,3.823566788178073186e-03,1.682125460787186277e+00
4.822050214381317090e+00,2.483953607830601540e-01,-7.235700804718150914e-02,3.806921498969809484e-03,1.682457326627887051e+00
4.825794034423538825e+00,2.481246526953837239e-01,-7.225899374311149648e-02,3.790353058187079065e-03,1.682788261408814323e+00
4.829537854465760560e+00,2.478543112241206048e-01,-7.216115647248781684e-02,3.773861086616369775e-03,1.683118267726110062e+00
4.833281674507981407e+00,2.475843357071612627e-01,-7.206349587653165800e-02,3.757445207041266392e-03,1.683447348168769730e+00
4.837025494550203142e+00,2.473147254837380071e-01,-7.196601159710752649e-02,3.741105044231310666e-03,1.683775505318660937e+00
4.840769314592424877e+00,2.470454798944229369e-01,-7.186870327672341408e-02,3.724840224930955901e-03,1.684102741750540755e+00
4.844513134634646612e+00,2.467765982811252479e-01,-7.177157055853078393e-02,3.708650377848548424e-03,1.684429060032073044e+00
4.848256954676867458e+00,2.465080799870890127e-01,-7.167461308632464001e-02,3.692535133645397961e-03,1.684754462723846213e+00
4.852000774719089193e+00,2.462399243568904050e-01,-7.157783050454345763e-02,3.676494124924882707e-03,1.685078952379390538e+00
4.855744594761310928e+00,2.459721307364358400e-01,-7.148122245826936394e-02,3.660526986221670619e-03,1.685402531545195703e+00
4.859488414803532663e+00,2.457046984729591432e-01,-7.138478859322806847e-02,3.644633353990945485e-03,1.685725202760729458e+00
4.863232234845753510e+00,2.454376269150193579e-01,-7.128852855578882153e-02,3.628812866597732299e-03,1.686046968558452264e+00
4.866976054887975245e+00,2.451709154124979972e-01,-7.119244199296440034e-02,3.613065164306254740e-03,1.686367831463837730e+00
4.870719874930196980e+00,2.449045633165972125e-01,-7.109652855241113678e-02,3.597389889269406258e-03,1.686687793995388374e+00
4.874463694972418715e+00,2.446385699798369062e-01,-7.100078788242883410e-02,3.581786685518221179e-03,1.687006858664653386e+00
4.878207515014639561e+00,2.443729347560525678e-01,-7.090521963196073918e-02,3.566255198951449878e-03,1.687325027976246172e+00
4.881951335056861296e+00,2.441076570003925528e-01,-7.080982345059337602e-02,3.550795077325159550e-03,1.687642304427862339e+00
4.885695155099083031e+00,2.438427360693161405e-01,-7.071459898855660120e-02,3.535405970242444258e-03,1.687958690510294346e+00
4.889438975141304766e+00,2.435781713205907861e-01,-7.061954589672343741e-02,3.520087529143144534e-03,1.688274188707452828e+00
4.893182795183525613e+00,2.433139621132898722e-01,-7.052466382661001787e-02,3.504839407293659781e-03,1.688588801496380354e+00
4.896926615225747348e+00,2.430501078077900723e-01,-7.042995243037535047e-02,3.489661259776791463e-03,1.688902531347270974e+00
4.900670435267969083e+00,2.427866077657692967e-01,-7.033541136082140099e-02,3.474552743481685614e-03,1.689215380723486426e+00
4.904414255310190818e+00,2.425234613502040004e-01,-7.024104027139274620e-02,3.459513517093790527e-03,1.689527352081573230e+00
4.908158075352411664e+00,2.422606679253669626e-01,-7.014683881617662931e-02,3.444543241084905508e-03,1.689838447871280902e+00
4.911901895394633399e+00,2.419982268568246497e-01,-7.005280664990254369e-02,3.429641577703259128e-03,1.690148670535577713e+00
4.915645715436855134e+00,2.417361375114350508e-01,-6.995894342794235776e-02,3.414808190963673773e-03,1.690458022510669123e+00
4.919389535479076869e+00,2.414743992573452069e-01,-6.986524880630992640e-02,3.400042746637770529e-03,1.690766506226013988e+00
4.923133355521298604e+00,2.412130114639887413e-01,-6.977172244166097992e-02,3.385344912244229575e-03,1.691074124104341880e+00
4.926877175563519451e+00,2.409519735020835274e-01,-6.967836399129295755e-02,3.370714357039116069e-03,1.691380878561671075e+00
4.930620995605741186e+00,2.406912847436291081e-01,-6.958517311314466047e-02,3.356150752006245921e-03,1.691686772007323869e+00
4.934364815647962921e+00,2.404309445619046415e-01,-6.949214946579619634e-02,3.341653769847639181e-03,1.691991806843944790e+00
4.938108635690184656e+00,2.401709523314661809e-01,-6.939929270846868781e-02,3.327223084973990764e-03,1.692295985467517916e+00
4.941852455732405502e+00,2.399113074281444824e-01,-6.930660250102400888e-02,3.312858373495225755e-03,1.692599310267383084e+00
4.945596275774627237e+00,2.396520092290423953e-01,-6.921407850396450734e-02,3.298559313211085059e-03,1.692901783626252765e+00
4.949340095816848972e+00,2.393930571125326701e-01,-6.912172037843283823e-02,3.284325583601791724e-03,1.693203407920229386e+00
4.953083915859070707e+00,2.391344504582555153e-01,-6.902952778621163077e-02,3.270156865818752822e-03,1.693504185518822647e+00
4.956827735901291554e+00,2.388761886471161555e-01,-6.893750038972323857e-02,3.256052842675319445e-03,1.693804118784964841e+00
4.960571555943513289e+00,2.386182710612823055e-01,-6.884563785202936492e-02,3.242013198637594840e-03,1.694103210075029731e+00
4.964315375985735024e+00,2.383606970841820327e-01,-6.875393983683092403e-02,3.228037619815313231e-03,1.694401461738848313e+00
4.968059196027956759e+00,2.381034661005013153e-01,-6.866240600846758302e-02,3.214125793952759842e-03,1.694698876119724806e+00
4.971803016070177605e+00,2.378465774961815715e-01,-6.857103603191756769e-02,3.200277410419737761e-03,1.694995455554455299e+00
4.975546836112399340e+00,2.375900306584170785e-01,-6.847982957279719063e-02,3.186492160202585543e-03,1.695291202373343298e+00
4.979290656154621075e+00,2.373338249756530016e-01,-6.838878629736067083e-02,3.172769735895274168e-03,1.695586118900216155e+00
4.983034476196842810e+00,2.370779598375827857e-01,-6.829790587249968958e-02,3.159109831690524832e-03,1.695880207452442390e+00
4.986778296239063657e+00,2.368224346351457676e-01,-6.820718796574312681e-02,3.145512143370989607e-03,1.696173470340949008e+00
4.990522116281285392e+00,2.365672487605246788e-01,-6.811663224525653371e-02,3.131976368300475478e-03,1.696465909870236155e+00
4.994265936323507127e+00,2.363124016071435074e-01,-6.802623837984200783e-02,3.118502205415241233e-03,1.696757528338396437e+00
4.998009756365728862e+00,2.360578925696650010e-01,-6.793600603893758250e-02,3.105089355215320378e-03,1.697048328037128240e+00
5.001753576407949708e+00,2.358037210439882791e-01,-6.784593489261701860e-02,3.091737519755906067e-03,1.697338311251755272e+00
5.005497396450171443e+00,2.355498864272463355e-01,-6.775602461158924950e-02,3.078446402638774625e-03,1.697627480261241883e+00
5.009241216492393178e+00,2.352963881178039285e-01,-6.766627486719811735e-02,3.065215709003783241e-03,1.697915837338208389e+00
5.012985036534614913e+00,2.350432255152550276e-01,-6.757668533142191514e-02,3.052045145520390201e-03,1.698203384748950162e+00
5.016728856576835760e+00,2.347903980204204821e-01,-6.748725567687295646e-02,3.038934420379237576e-03,1.698490124753452291e+00
5.020472676619057495e+00,2.345379050353454675e-01,-6.739798557679708979e-02,3.025883243283769043e-03,1.698776059605405564e+00
5.024216496661279230e+00,2.342857459632975148e-01,-6.730887470507340709e-02,3.012891325441929228e-03,1.699061191552224237e+00
5.027960316703500965e+00,2.340339202087637904e-01,-6.721992273621367475e-02,2.999958379557868694e-03,1.699345522835061573e+00
5.031704136745721812e+00,2.337824271774489038e-01,-6.713112934536197285e-02,2.987084119823726121e-03,1.699629055688826496e+00
5.035447956787943546e+00,2.335312662762723535e-01,-6.704249420829413997e-02,2.974268261911438248e-03,1.699911792342200689e+00
5.039191776830165281e+00,2.332804369133664180e-01,-6.695401700141738466e-02,2.961510522964621358e-03,1.700193735017652141e+00
5.042935596872387016e+00,2.330299384980736854e-01,-6.686569740176982746e-02,2.948810621590477934e-03,1.700474885931454905e+00
5.046679416914608751e+00,2.327797704409445556e-01,-6.677753508701993190e-02,2.936168277851752308e-03,1.700755247293702865e+00
5.050423236956829598e+00,2.325299321537351860e-01,-6.668952973546612983e-02,2.923583213258751801e-03,1.701034821308326617e+00
5.054167056999051333e+00,2.322804230494047162e-01,-6.660168102603619689e-02,2.911055150761379575e-03,1.701313610173110780e+00
5.057910877041273068e+00,2.320312425421132696e-01,-6.651398863828686392e-02,2.898583814741250743e-03,1.701591616079707769e+00
5.061654697083494803e+00,2.317823900472195109e-01,-6.642645225240328966e-02,2.886168931003833642e-03,1.701868841213656447e+00
5.065398517125715649e+00,2.315338649812782312e-01,-6.633907154919849170e-02,2.873810226770635336e-03,1.702145287754395442e+00
5.069142337167937384e+00,2.312856667620379336e-01,-6.625184621011284691e-02,2.861507430671433091e-03,1.702420957875282914e+00
5.072886157210159119e+00,2.310377948084386956e-01,-6.616477591721359186e-02,2.849260272736565264e-03,1.702695853743608767e+00
5.076629977252380854e+00,2.307902485406096715e-01,-6.607786035319426765e-02,2.837068484389246477e-03,1.702969977520612632e+00
5.080373797294601701e+00,2.305430273798667884e-01,-6.599109920137419261e-02,2.824931798437938738e-03,1.703243331361499413e+00
5.084117617336823436e+00,2.302961307487103038e-01,-6.590449214569785163e-02,2.812849949068757256e-03,1.703515917415456382e+00
5.087861437379045171e+00,2.300495580708226961e-01,-6.581803887073441051e-02,2.800822671837939135e-03,1.703787737825666060e+00
5.091605257421266906e+00,2.298033087710661115e-01,-6.573173906167716074e-02,2.788849703664330291e-03,1.704058794729325976e+00
5.095349077463487752e+00,2.295573822754802262e-01,-6.564559240434292287e-02,2.776930782821938719e-03,1.704329090257661550e+00
5.099092897505709487e+00,2.293117780112795545e-01,-6.555959858517138028e-02,2.765065648932500328e-03,1.704598626535942518e+00
5.102836717547931222e+00,2.290664954068515613e-01,-6.547375729122471844e-02,2.753254042958130660e-03,1.704867405683500481e+00
5.106580537590152957e+00,2.288215338917541086e-01,-6.538806821018683380e-02,2.741495707193982237e-03,1.705135429813741998e+00
5.110324357632373804e+00,2.285768928967131242e-01,-6.530253103036286200e-02,2.729790385260957419e-03,1.705402701034166579e+00
5.114068177674595539e+00,2.283325718536202142e-01,-6.521714544067847008e-02,2.718137822098458996e-03,1.705669221446380224e+00
5.117811997716817274e+00,2.280885701955305822e-01,-6.513191113067938465e-02,2.706537763957198896e-03,1.705934993146113632e+00
5.121555817759039009e+00,2.278448873566604471e-01,-6.504682779053071184e-02,2.694989958392020758e-03,1.706200018223236192e+00
5.125299637801259856e+00,2.276015227723849621e-01,-6.496189511101631286e-02,2.683494154254792343e-03,1.706464298761771081e+00
5.129043457843481590e+00,2.273584758792355498e-01,-6.487711278353815170e-02,2.672050101687304443e-03,1.706727836839912138e+00
5.132787277885703325e+00,2.271157461148980428e-01,-6.479248050011578164e-02,2.660657552114255656e-03,1.706990634530039186e+00
5.136531097927925060e+00,2.268733329182099911e-01,-6.470799795338562366e-02,2.649316258236232829e-03,1.707252693898733353e+00
5.140274917970145907e+00,2.266312357291586643e-01,-6.462366483660034189e-02,2.638025974022766527e-03,1.707514017006791507e+00
5.144018738012367642e+00,2.263894539888783308e-01,-6.453948084362817750e-02,2.626786454705391273e-03,1.707774605909243792e+00
5.147762558054589377e+00,2.261479871396484265e-01,-6.445544566895237970e-02,2.615597456770788615e-03,1.708034462655367181e+00
5.151506378096811112e+00,2.259068346248910286e-01,-6.437155900767049799e-02,2.604458737953936707e-03,1.708293589288702563e+00
5.155250198139032847e+00,2.256659958891684414e-01,-6.428782055549367436e-02,2.593370057231300652e-03,1.708551987847068077e+00
5.158994018181253693e+00,2.254254703781811697e-01,-6.420423000874612984e-02,2.582331174814086593e-03,1.708809660362576199e+00
5.162737838223475428e+00,2.251852575387653099e-01,-6.412078706436427633e-02,2.571341852141501017e-03,1.709066608861648406e+00
5.166481658265697163e+00,2.249453568188905517e-01,-6.403749141989624472e-02,2.560401851874079867e-03,1.709322835365030047e+00
5.170225478307918898e+00,2.247057676676577354e-01,-6.395434277350110774e-02,2.549510937887034586e-03,1.709578341887806330e+00
5.173969298350139745e+00,2.244664895352966594e-01,-6.387134082394824164e-02,2.538668875263648886e-03,1.709833130439416982e+00
5.177713118392361480e+00,2.242275218731635544e-01,-6.378848527061653506e-02,2.527875430288695040e-03,1.710087203023671787e+00
5.181456938434583215e+00,2.239888641337391961e-01,-6.370577581349382013e-02,2.517130370441919996e-03,1.710340561638765022e+00
5.185200758476804950e+00,2.237505157706262404e-01,-6.362321215317612300e-02,2.506433464391531057e-03,1.710593208277291888e+00
5.188944578519025796e+00,2.235124762385473085e-01,-6.354079399086697000e-02,2.495784481987754419e-03,1.710845144926262051e+00
5.192688398561247531e+00,2.232747449933422668e-01,-6.345852102837663822e-02,2.485183194256393273e-03,1.711096373567116524e+00
5.196432218603469266e+00,2.230373214919664504e-01,-6.337639296812148937e-02,2.474629373392463541e-03,1.711346896175740095e+00
5.200176038645691001e+00,2.228002051924880544e-01,-6.329440951312327590e-02,2.464122792753832645e-03,1.711596714722479318e+00
5.203919858687911848e+00,2.225633955540860798e-01,-6.321257036700836385e-02,2.453663226854914652e-03,1.711845831172155386e+00
5.207663678730133583e+00,2.223268920370476964e-01,-6.313087523400698342e-02,2.443250451360378869e-03,1.712094247484079235e+00
5.211407498772355318e+00,2.220906941027665782e-01,-6.304932381895260451e-02,2.432884243078934760e-03,1.712341965612067307e+00
5.215151318814577053e+00,2.218548012137400993e-01,-6.296791582728114567e-02,2.422564379957104722e-03,1.712588987504456428e+00
5.218895138856797900e+00,2.216192128335675027e-01,-6.288665096503022467e-02,2.412290641073071892e-03,1.712835315104117795e+00
5.222638958899019634e+00,2.213839284269471797e-01,-6.280552893883839527e-02,2.402062806630527510e-03,1.713080950348472076e+00
5.226382778941241369e+00,2.211489474596749216e-01,-6.272454945594446718e-02,2.391880657952592457e-03,1.713325895169504287e+00
5.230126598983463104e+00,2.209142693986413386e-01,-6.264371222418674279e-02,2.381743977475739207e-03,1.713570151493779115e+00
5.233870419025683951e+00,2.206798937118298054e-01,-6.256301695200221225e-02,2.371652548743771044e-03,1.713813721242454013e+00
5.237614239067905686e+00,2.204458198683139636e-01,-6.248246334842580407e-02,2.361606156401815145e-03,1.714056606331295862e+00
5.241358059110127421e+00,2.202120473382558341e-01,-6.240205112308970514e-02,2.351604586190376382e-03,1.714298808670694951e+00
5.245101879152349156e+00,2.199785755929033193e-01,-6.232177998622250720e-02,2.341647624939400228e-03,1.714540330165677862e+00
5.248845699194570003e+00,2.197454041045881212e-01,-6.224164964864849908e-02,2.331735060562386413e-03,1.714781172715924784e+00
5.252589519236791737e+00,2.195125323467233269e-01,-6.216165982178679938e-02,2.321866682050520349e-03,1.715021338215782842e+00
5.256333339279013472e+00,2.192799597938014378e-01,-6.208181021765070418e-02,2.312042279466857905e-03,1.715260828554279637e+00
5.260077159321235207e+00,2.190476859213919825e-01,-6.200210054884682659e-02,2.302261643940527094e-03,1.715499645615139457e+00
5.263820979363456054e+00,2.188157102061392967e-01,-6.192253052857436824e-02,2.292524567660966621e-03,1.715737791276797042e+00
5.267564799405677789e+00,2.185840321257603025e-01,-6.184309987062421715e-02,2.282830843872199131e-03,1.715975267412410910e+00
5.271308619447899524e+00,2.183526511590424268e-01,-6.176380828937832329e-02,2.273180266867143480e-03,1.716212075889880007e+00
5.275052439490121259e+00,2.181215667858412144e-01,-6.168465549980878954e-02,2.263572631981943060e-03,1.716448218571856366e+00
5.278796259532342994e+00,2.178907784870782738e-01,-6.160564121747712230e-02,2.254007735590344858e-03,1.716683697315759538e+00
5.282540079574563840e+00,2.176602857447389738e-01,-6.152676515853340578e-02,2.244485375098095436e-03,1.716918513973791693e+00
5.286283899616785575e+00,2.174300880418701676e-01,-6.144802703971549013e-02,2.235005348937373765e-03,1.717152670392951164e+00
5.290027719659007310e+00,2.172001848625782217e-01,-6.136942657834824205e-02,2.225567456561264833e-03,1.717386168415047765e+00
5.293771539701229045e+00,2.169705756920266293e-01,-6.129096349234268437e-02,2.216171498438250596e-03,1.717619009876714786e+00
5.297515359743449892e+00,2.167412600164339564e-01,-6.121263750019521888e-02,2.206817276046742562e-03,1.717851196609425868e+00
5.301259179785671627e+00,2.165122373230713992e-01,-6.113444832098673121e-02,2.197504591869632162e-03,1.718082730439507433e+00
5.305002999827893362e+00,2.162835071002609244e-01,-6.105639567438188309e-02,2.188233249388894450e-03,1.718313613188152678e+00
5.308746819870115097e+00,2.160550688373728823e-01,-6.097847928062823109e-02,2.179003053080200061e-03,1.718543846671437336e+00
5.312490639912335944e+00,2.158269220248239528e-01,-6.090069886055542864e-02,2.169813808407573558e-03,1.718773432700331671e+00
5.316234459954557678e+00,2.155990661540747033e-01,-6.082305413557431706e-02,2.160665321818064366e-03,1.719002373080715795e+00
5.319978279996779413e+00,2.153715007176277840e-01,-6.074554482767621777e-02,2.151557400736472773e-03,1.719230669613392770e+00
5.323722100039001148e+00,2.151442252090254859e-01,-6.066817065943203718e-02,2.142489853560084184e-03,1.719458324094104373e+00
5.327465920081221995e+00,2.149172391228477697e-01,-6.059093135399142710e-02,2.133462489653445860e-03,1.719685338313541978e+00
5.331209740123443730e+00,2.146905419547097404e-01,-6.051382663508192428e-02,2.124475119343156686e-03,1.719911714057363428e+00
5.334953560165665465e+00,2.144641332012600099e-01,-6.043685622700818716e-02,2.115527553912718937e-03,1.720137453106205028e+00
5.338697380207887200e+00,2.142380123601781428e-01,-6.036001985465109382e-02,2.106619605597382251e-03,1.720362557235696421e+00
5.342441200250108047e+00,2.140121789301726862e-01,-6.028331724346691622e-02,2.097751087579041804e-03,1.720587028216473025e+00
5.346185020292329781e+00,2.137866324109787830e-01,-6.020674811948642513e-02,2.088921813981147770e-03,1.720810867814192013e+00
5.349928840334551516e+00,2.135613723033563949e-01,-6.013031220931413373e-02,2.080131599863665939e-03,1.721034077789544314e+00
5.353672660376773251e+00,2.133363981090878603e-01,-6.005400924012735397e-02,2.071380261218043993e-03,1.721256659898267705e+00
5.357416480418994098e+00,2.131117093309759514e-01,-5.997783893967541941e-02,2.062667614962222871e-03,1.721478615891162578e+00
5.361160300461215833e+00,2.128873054728413483e-01,-5.990180103627872066e-02,2.053993478935655943e-03,1.721699947514104823e+00
5.364904120503437568e+00,2.126631860395211127e-01,-5.982589525882796300e-02,2.045357671894391070e-03,1.721920656508057812e+00
5.368647940545659303e+00,2.124393505368660229e-01,-5.975012133678324344e-02,2.036760013506141824e-03,1.722140744609088392e+00
5.372391760587880150e+00,2.122157984717387980e-01,-5.967447900017320422e-02,2.028200324345415511e-03,1.722360213548378649e+00
5.376135580630101884e+00,2.119925293520115994e-01,-5.959896797959411685e-02,2.019678425888645108e-03,1.722579065052241010e+00
5.379879400672323619e+00,2.117695426865643105e-01,-5.952358800620909107e-02,2.011194140509375405e-03,1.722797300842129120e+00
5.383623220714545354e+00,2.115468379852821768e-01,-5.944833881174715895e-02,2.002747291473452179e-03,1.723014922634654722e+00
5.387367040756766201e+00,2.113244147590538080e-01,-5.937322012850243524e-02,1.994337702934254747e-03,1.723231932141598088e+00
5.391110860798987936e+00,2.111022725197687910e-01,-5.929823168933314598e-02,1.985965199927938046e-03,1.723448331069923789e+00
5.394854680841209671e+00,2.108804107803160244e-01,-5.922337322766089984e-02,1.977629608368728503e-03,1.723664121121791348e+00
5.398598500883431406e+00,2.106588290545812758e-01,-5.914864447746969595e-02,1.969330755044219460e-03,1.723879303994571233e+00
5.402342320925653141e+00,2.104375268574451840e-01,-5.907404517330509114e-02,1.961068467610707806e-03,1.724093881380856619e+00
5.406086140967873988e+00,2.102165037047811769e-01,-5.899957505027332572e-02,1.952842574588553159e-03,1.724307854968477383e+00
5.409829961010095722e+00,2.099957591134532786e-01,-5.892523384404035891e-02,1.944652905357561546e-03,1.724521226440511867e+00
5.413573781052317457e+00,2.097752926013141117e-01,-5.885102129083111255e-02,1.936499290152400099e-03,1.724733997475302871e+00
5.417317601094539192e+00,2.095551036872028428e-01,-5.877693712742848575e-02,1.928381560058035384e-03,1.724946169746467417e+00
5.421061421136760039e+00,2.093351918909430454e-01,-5.870298109117251528e-02,1.920299547005195574e-03,1.725157744922912961e+00
5.424805241178981774e+00,2.091155567333404242e-01,-5.862915291995941802e-02,1.912253083765852587e-03,1.725368724668848053e+00
5.428549061221203509e+00,2.088961977361811218e-01,-5.855545235224079992e-02,1.904242003948749531e-03,1.725579110643797431e+00
5.432292881263425244e+00,2.086771144222293040e-01,-5.848187912702267066e-02,1.896266141994929020e-03,1.725788904502612908e+00
5.436036701305646091e+00,2.084583063152253279e-01,-5.840843298386461796e-02,1.888325333173305944e-03,1.725998107895488687e+00
5.439780521347867825e+00,2.082397729398834108e-01,-5.833511366287882222e-02,1.880419413576248262e-03,1.726206722467972909e+00
5.443524341390089560e+00,2.080215138218897974e-01,-5.826192090472925161e-02,1.872548220115199859e-03,1.726414749860979869e+00
5.447268161432311295e+00,2.078035284879006239e-01,-5.818885445063072537e-02,1.864711590516317284e-03,1.726622191710805998e+00
5.451011981474532142e+00,2.075858164655398630e-01,-5.811591404234799779e-02,1.856909363316133158e-03,1.726829049649138303e+00
5.454755801516753877e+00,2.073683772833971040e-01,-5.804309942219484236e-02,1.849141377857239747e-03,1.727035325303071689e+00
5.458499621558975612e+00,2.071512104710257762e-01,-5.797041033303319824e-02,1.841407474284009619e-03,1.727241020295118279e+00
5.462243441601197347e+00,2.069343155589409289e-01,-5.789784651827221962e-02,1.833707493538327352e-03,1.727446136243222519e+00
5.465987261643418194e+00,2.067176920786172600e-01,-5.782540772186742228e-02,1.826041277355352696e-03,1.727650674760772276e+00
5.469731081685639928e+00,2.065013395624868964e-01,-5.775309368831965662e-02,1.818408668259298032e-03,1.727854637456612608e+00
5.473474901727861663e+00,2.062852575439376168e-01,-5.768090416267435128e-02,1.810809509559245739e-03,1.728058025935058417e+00
5.477218721770083398e+00,2.060694455573106321e-01,-5.760883889052050705e-02,1.803243645344974021e-03,1.728260841795906888e+00
5.480962541812304245e+00,2.058539031378986972e-01,-5.753689761798981561e-02,1.795710920482816329e-03,1.728463086634449253e+00
5.484706361854525980e+00,2.056386298219437803e-01,-5.746508009175569504e-02,1.788211180611529259e-03,1.728664762041485226e+00
5.488450181896747715e+00,2.054236251466354246e-01,-5.739338605903246404e-02,1.780744272138207922e-03,1.728865869603334104e+00
5.492194001938969450e+00,2.052088886501085285e-01,-5.732181526757435669e-02,1.773310042234202411e-03,1.729066410901847650e+00
5.495937821981190297e+00,2.049944198714413746e-01,-5.725036746567465501e-02,1.765908338831068082e-03,1.729266387514422965e+00
5.499681642023412032e+00,2.047802183506533535e-01,-5.717904240216468287e-02,1.758539010616525173e-03,1.729465801014014481e+00
5.503425462065633766e+00,2.045662836287034658e-01,-5.710783982641302187e-02,1.751201907030470670e-03,1.729664652969146843e+00
5.507169282107855501e+00,2.043526152474878788e-01,-5.703675948832447051e-02,1.743896878260976953e-03,1.729862944943927117e+00
5.510913102150077236e+00,2.041392127498381226e-01,-5.696580113833918380e-02,1.736623775240337276e-03,1.730060678498056781e+00
5.514656922192298083e+00,2.039260756795190366e-01,-5.689496452743177113e-02,1.729382449641122524e-03,1.730257855186845051e+00
5.518400742234519818e+00,2.037132035812266595e-01,-5.682424940711027633e-02,1.722172753872260520e-03,1.730454476561220423e+00
5.522144562276741553e+00,2.035005960005864534e-01,-5.675365552941535885e-02,1.714994541075145259e-03,1.730650544167742444e+00
5.525888382318963288e+00,2.032882524841511662e-01,-5.668318264691934311e-02,1.707847665119758933e-03,1.730846059548616367e+00
5.529632202361184135e+00,2.030761725793989725e-01,-5.661283051272526790e-02,1.700731980600823229e-03,1.731041024241701365e+00
5.533376022403405869e+00,2.028643558347311693e-01,-5.654259888046593574e-02,1.693647342833956050e-03,1.731235439780526963e+00
5.537119842445627604e+00,2.026528017994706221e-01,-5.647248750430307329e-02,1.686593607851877242e-03,1.731429307694302588e+00
5.540863662487849339e+00,2.024415100238594889e-01,-5.640249613892634600e-02,1.679570632400609548e-03,1.731622629507930666e+00
5.544607482530070186e+00,2.022304800590574159e-01,-5.633262453955242832e-02,1.672578273935716861e-03,1.731815406742017727e+00
5.548351302572291921e+00,2.020197114571393449e-01,-5.626287246192406694e-02,1.665616390618550931e-03,1.732007640912888391e+00
5.552095122614513656e+00,2.018092037710937925e-01,-5.619323966230918566e-02,1.658684841312533208e-03,1.732199333532594920e+00
5.555838942656735391e+00,2.015989565548208240e-01,-5.612372589749995561e-02,1.651783485579449247e-03,1.732390486108932093e+00
5.559582762698956238e+00,2.013889693631299993e-01,-5.605433092481183766e-02,1.644912183675760692e-03,1.732581100145446085e+00
5.563326582741177972e+00,2.011792417517383746e-01,-5.598505450208262485e-02,1.638070796548941757e-03,1.732771177141449792e+00
5.567070402783399707e+00,2.009697732772687817e-01,-5.591589638767158199e-02,1.631259185833843026e-03,1.732960718592030824e+00
5.570814222825621442e+00,2.007605634972476905e-01,-5.584685634045847419e-02,1.624477213849063063e-03,1.733149725988067269e+00
5.574558042867842289e+00,2.005516119701033495e-01,-5.577793411984265093e-02,1.617724743593349293e-03,1.733338200816237018e+00
5.578301862910064024e+00,2.003429182551636767e-01,-5.570912948574205381e-02,1.611001638742009514e-03,1.733526144559030646e+00
5.582045682952285759e+00,2.001344819126545382e-01,-5.564044219859235613e-02,1.604307763643357445e-03,1.733713558694762735e+00
5.585789502994507494e+00,1.999263025036977226e-01,-5.557187201934600529e-02,1.597642983315167384e-03,1.733900444697584087e+00
5.589533323036728341e+00,1.997183795903090253e-01,-5.550341870947129302e-02,1.591007163441151857e-03,1.734086804037493490e+00
5.593277143078950076e+00,1.995107127353961673e-01,-5.543508203095135617e-02,1.584400170367453132e-03,1.734272638180348824e+00
5.597020963121171810e+00,1.993033015027571297e-01,-5.536686174628334400e-02,1.577821871099169011e-03,1.734457948587879050e+00
5.600764783163393545e+00,1.990961454570780720e-01,-5.529875761847742599e-02,1.571272133296883590e-03,1.734642736717695977e+00
5.604508603205614392e+00,1.988892441639315001e-01,-5.523076941105586890e-02,1.564750825273224059e-03,1.734827004023306030e+00
5.608252423247836127e+00,1.986825971897740739e-01,-5.516289688805204455e-02,1.558257815989427461e-03,1.735010751954121799e+00
5.611996243290057862e+00,1.984762041019451362e-01,-5.509513981400959715e-02,1.551792975051947358e-03,1.735193981955473141e+00
5.615740063332279597e+00,1.982700644686645197e-01,-5.502749795398143018e-02,1.545356172709057025e-03,1.735376695468618946e+00
5.619483883374500444e+00,1.980641778590307156e-01,-5.495997107352881134e-02,1.538947279847483656e-03,1.735558893930758906e+00
5.623227703416722179e+00,1.978585438430189025e-01,-5.489255893872035247e-02,1.532566167989055572e-03,1.735740578775044618e+00
5.626971523458943913e+00,1.976531619914791427e-01,-5.482526131613120468e-02,1.526212709287373724e-03,1.735921751430591797e+00
5.630715343501165648e+00,1.974480318761344388e-01,-5.475807797284200362e-02,1.519886776524497505e-03,1.736102413322490046e+00
5.634459163543387383e+00,1.972431530695789581e-01,-5.469100867643799518e-02,1.513588243107652888e-03,1.736282565871816175e+00
5.638202983585608230e+00,1.970385251452759223e-01,-5.462405319500809181e-02,1.507316983065950773e-03,1.736462210495644198e+00
5.641946803627829965e+00,1.968341476775558041e-01,-5.455721129714385942e-02,1.501072871047129820e-03,1.736641348607057544e+00
5.645690623670051700e+00,1.966300202416146614e-01,-5.449048275193871249e-02,1.494855782314324011e-03,1.736819981615159714e+00
5.649434443712273435e+00,1.964261424135119449e-01,-5.442386732898685936e-02,1.488665592742830640e-03,1.736998110925085603e+00
5.653178263754494282e+00,1.962225137701688882e-01,-5.435736479838244178e-02,1.482502178816914526e-03,1.737175737938013054e+00
5.656922083796716016e+00,1.960191338893663426e-01,-5.429097493071850106e-02,1.476365417626612211e-03,1.737352864051174173e+00
5.660665903838937751e+00,1.958160023497432234e-01,-5.422469749708615228e-02,1.470255186864573033e-03,1.737529490657865328e+00
5.664409723881159486e+00,1.956131187307944830e-01,-5.415853226907358514e-02,1.464171364822902796e-03,1.737705619147460689e+00
5.668153543923380333e+00,1.954104826128693073e-01,-5.409247901876513415e-02,1.458113830390032374e-03,1.737881250905420671e+00
5.671897363965602068e+00,1.952080935771690895e-01,-5.402653751874029325e-02,1.452082463047595215e-03,1.738056387313304363e+00
5.675641184007823803e+00,1.950059512057458477e-01,-5.396070754207288322e-02,1.446077142867337574e-03,1.738231029748781076e+00
5.679385004050045538e+00,1.948040550815002547e-01,-5.389498886233001773e-02,1.440097750508032232e-03,1.738405179585640337e+00
5.683128824092266385e+00,1.946024047881797781e-01,-5.382938125357122905e-02,1.434144167212413013e-03,1.738578838193803655e+00
5.686872644134488120e+00,1.944009999103767095e-01,-5.376388449034744110e-02,1.428216274804123848e-03,1.738752006939334072e+00
5.690616464176709854e+00,1.941998400335266384e-01,-5.369849834770015068e-02,1.422313955684696880e-03,1.738924687184449480e+00
5.694360284218931589e+00,1.939989247439063702e-01,-5.363322260116040047e-02,1.416437092830530363e-03,1.739096880287531954e+00
5.698104104261152436e+00,1.937982536286321777e-01,-5.356805702674788394e-02,1.410585569789893443e-03,1.739268587603138183e+00
5.701847924303374171e+00,1.935978262756578860e-01,-5.350300140096996004e-02,1.404759270679943519e-03,1.739439810482011906e+00
5.705591744345595906e+00,1.933976422737732626e-01,-5.343805550082077888e-02,1.398958080183767237e-03,1.739610550271093681e+00
5.709335564387817641e+00,1.931977012126019355e-01,-5.337321910378030332e-02,1.393181883547424740e-03,1.739780808313531546e+00
5.713079384430038488e+00,1.929980026825998396e-01,-5.330849198781340004e-02,1.387430566577025791e-03,1.739950585948692341e+00
5.716823204472260223e+00,1.927985462750530787e-01,-5.324387393136882640e-02,1.381704015635804592e-03,1.740119884512172366e+00
5.720567024514481957e+00,1.925993315820764273e-01,-5.317936471337841864e-02,1.376002117641228440e-03,1.740288705335808261e+00
5.724310844556703692e+00,1.924003581966113874e-01,-5.311496411325605793e-02,1.370324760062111577e-03,1.740457049747687446e+00
5.728054664598924539e+00,1.922016257124243843e-01,-5.305067191089677531e-02,1.364671830915746391e-03,1.740624919072157661e+00
5.731798484641146274e+00,1.920031337241049352e-01,-5.298648788667577325e-02,1.359043218765051096e-03,1.740792314629840076e+00
5.735542304683368009e+00,1.918048818270639000e-01,-5.292241182144755141e-02,1.353438812715734981e-03,1.740959237737637277e+00
5.739286124725589744e+00,1.916068696175317887e-01,-5.285844349654494206e-02,1.347858502413479915e-03,1.741125689708746815e+00
5.743029944767810591e+00,1.914090966925567905e-01,-5.279458269377817342e-02,1.342302178041131829e-03,1.741291671852667866e+00
5.746773764810032326e+00,1.912115626500029697e-01,-5.273082919543391200e-02,1.336769730315909115e-03,1.741457185475215219e+00
5.750517584852254060e+00,1.910142670885487393e-01,-5.266718278427438144e-02,1.331261050486636389e-03,1.741622231878528382e+00
5.754261404894475795e+00,1.908172096076848623e-01,-5.260364324353638404e-02,1.325776030330979779e-03,1.741786812361082237e+00
5.758005224936697530e+00,1.906203898077127312e-01,-5.254021035693039882e-02,1.320314562152703677e-03,1.741950928217696148e+00
5.761749044978918377e+00,1.904238072897426470e-01,-5.247688390863963076e-02,1.314876538778944831e-03,1.742114580739546614e+00
5.765492865021140112e+00,1.902274616556919040e-01,-5.241366368331905334e-02,1.309461853557493394e-03,1.742277771214177262e+00
5.769236685063361847e+00,1.900313525082831800e-01,-5.235054946609452725e-02,1.304070400354099971e-03,1.742440500925506175e+00
5.772980505105583582e+00,1.898354794510427601e-01,-5.228754104256184976e-02,1.298702073549790276e-03,1.742602771153840990e+00
5.776724325147804429e+00,1.896398420882987601e-01,-5.222463819878582492e-02,1.293356768038195822e-03,1.742764583175885340e+00
5.780468145190026164e+00,1.894444400251792393e-01,-5.216184072129928517e-02,1.288034379222895891e-03,1.742925938264750618e+00
5.784211965232247898e+00,1.892492728676106462e-01,-5.209914839710224482e-02,1.282734803014783358e-03,1.743086837689967306e+00
5.787955785274469633e+00,1.890543402223159863e-01,-5.203656101366091469e-02,1.277457935829437018e-03,1.743247282717492075e+00
5.791699605316690480e+00,1.888596416968131020e-01,-5.197407835890680700e-02,1.272203674584510827e-03,1.743407274609721780e+00
5.795443425358912215e+00,1.886651768994128398e-01,-5.191170022123574312e-02,1.266971916697135067e-03,1.743566814625501005e+00
5.799187245401133950e+00,1.884709454392174410e-01,-5.184942638950700011e-02,1.261762560081337685e-03,1.743725904020132278e+00
5.802931065443355685e+00,1.882769469261187378e-01,-5.178725665304235309e-02,1.256575503145474513e-03,1.743884544045387175e+00
5.806674885485576532e+00,1.880831809707965152e-01,-5.172519080162515243e-02,1.251410644789676188e-03,1.744042735949516532e+00
5.810418705527798267e+00,1.878896471847165128e-01,-5.166322862549935918e-02,1.246267884403302884e-03,1.744200480977259993e+00
5.814162525570020001e+00,1.876963451801291205e-01,-5.160136991536869167e-02,1.241147121862427654e-03,1.744357780369855337e+00
5.817906345612241736e+00,1.875032745700672965e-01,-5.153961446239564703e-02,1.236048257527315236e-03,1.744514635365049360e+00
5.821650165654462583e+00,1.873104349683450964e-01,-5.147796205820060617e-02,1.230971192239929896e-03,1.744671047197108527e+00
5.825393985696684318e+00,1.871178259895557028e-01,-5.141641249486084836e-02,1.225915827321443939e-03,1.744827017096825861e+00
5.829137805738906053e+00,1.869254472490699814e-01,-5.135496556490973252e-02,1.220882064569772879e-03,1.744982546291535819e+00
5.832881625781127788e+00,1.867332983630347054e-01,-5.129362106133568411e-02,1.215869806257116256e-03,1.745137636005119175e+00
5.836625445823348635e+00,1.865413789483707230e-01,-5.123237877758134162e-02,1.210878955127509937e-03,1.745292287458015679e+00
5.840369265865570370e+00,1.863496886227713478e-01,-5.117123850754254355e-02,1.205909414394397503e-03,1.745446501867234046e+00
5.844113085907792104e+00,1.861582270047006937e-01,-5.111020004556751650e-02,1.200961087738213352e-03,1.745600280446359509e+00
5.847856905950013839e+00,1.859669937133919815e-01,-5.104926318645588296e-02,1.196033879303978363e-03,1.745753624405566917e+00
5.851600725992234686e+00,1.857759883688457903e-01,-5.098842772545778002e-02,1.191127693698906418e-03,1.745906534951626510e+00
5.855344546034456421e+00,1.855852105918283368e-01,-5.092769345827289490e-02,1.186242435990026529e-03,1.746059013287917683e+00
5.859088366076678156e+00,1.853946600038699766e-01,-5.086706018104959759e-02,1.181378011701821225e-03,1.746211060614435429e+00
5.862832186118899891e+00,1.852043362272633442e-01,-5.080652769038401101e-02,1.176534326813870367e-03,1.746362678127802104e+00
5.866576006161120738e+00,1.850142388850618269e-01,-5.074609578331909510e-02,1.171711287758514476e-03,1.746513867021275646e+00
5.870319826203342473e+00,1.848243676010776493e-01,-5.068576425734367535e-02,1.166908801418523262e-03,1.746664628484760673e+00
5.874063646245564208e+00,1.846347219998805134e-01,-5.062553291039162406e-02,1.162126775124787794e-03,1.746814963704816037e+00
5.877807466287785942e+00,1.844453017067957112e-01,-5.056540154084089578e-02,1.157365116654014833e-03,1.746964873864666812e+00
5.881551286330007677e+00,1.842561063479025985e-01,-5.050536994751261138e-02,1.152623734226441120e-03,1.747114360144212064e+00
5.885295106372228524e+00,1.840671355500329009e-01,-5.044543792967016299e-02,1.147902536503555464e-03,1.747263423720034403e+00
5.889038926414450259e+00,1.838783889407688832e-01,-5.038560528701827024e-02,1.143201432585830594e-03,1.747412065765411304e+00
5.892782746456671994e+00,1.836898661484420436e-01,-5.032587181970211293e-02,1.138520332010481244e-03,1.747560287450321992e+00
5.896526566498893729e+00,1.835015668021311441e-01,-5.026623732830640817e-02,1.133859144749214867e-03,1.747708089941458320e+00
5.900270386541114576e+00,1.833134905316608221e-01,-5.020670161385450136e-02,1.129217781206012707e-03,1.747855474402234544e+00
5.904014206583336311e+00,1.831256369675996754e-01,-5.014726447780740864e-02,1.124596152214906754e-03,1.748002441992795752e+00
5.907758026625558045e+00,1.829380057412589022e-01,-5.008792572206299809e-02,1.119994169037783795e-03,1.748148993870027201e+00
5.911501846667779780e+00,1.827505964846904973e-01,-5.002868514895503216e-02,1.115411743362190776e-03,1.748295131187564522e+00
5.915245666710000627e+00,1.825634088306857528e-01,-4.996954256125227256e-02,1.110848787299158376e-03,1.748440855095802604e+00
5.918989486752222362e+00,1.823764424127733152e-01,-4.991049776215755740e-02,1.106305213381026525e-03,1.748586166741904480e+00
5.922733306794444097e+00,1.821896968652180482e-01,-4.985155055530692686e-02,1.101780934559299860e-03,1.748731067269810868e+00
5.926477126836665832e+00,1.820031718230190054e-01,-4.979270074476870728e-02,1.097275864202495793e-03,1.748875557820249504e+00
5.930220946878886679e+00,1.818168669219080991e-01,-4.973394813504262990e-02,1.092789916094017095e-03,1.749019639530744241e+00
5.933964766921108414e+00,1.816307817983481288e-01,-4.967529253105887332e-02,1.088323004430024905e-03,1.749163313535625264e+00
5.937708586963330148e+00,1.814449160895316437e-01,-4.961673373817723082e-02,1.083875043817339500e-03,1.749306580966035085e+00
5.941452407005551883e+00,1.812592694333789445e-01,-4.955827156218616664e-02,1.079445949271334556e-03,1.749449442949940980e+00
5.945196227047772730e+00,1.810738414685366948e-01,-4.949990580930197642e-02,1.075035636213855046e-03,1.749591900612143203e+00
5.948940047089994465e+00,1.808886318343761457e-01,-4.944163628616777412e-02,1.070644020471138609e-03,1.749733955074283864e+00
5.952683867132216200e+00,1.807036401709917472e-01,-4.938346279985273563e-02,1.066271018271757300e-03,1.749875607454854487e+00
5.956427687174437935e+00,1.805188661191994004e-01,-4.932538515785112043e-02,1.061916546244560640e-03,1.750016858869207770e+00
5.960171507216658782e+00,1.803343093205350134e-01,-4.926740316808140424e-02,1.057580521416639054e-03,1.750157710429564917e+00
5.963915327258880517e+00,1.801499694172526422e-01,-4.920951663888534916e-02,1.053262861211285350e-03,1.750298163245024519e+00
5.967659147301102252e+00,1.799658460523232140e-01,-4.915172537902717798e-02,1.048963483445984612e-03,1.750438218421572323e+00
5.971402967343323986e+00,1.797819388694328058e-01,-4.909402919769263046e-02,1.044682306330401052e-03,1.750577877062089227e+00
5.975146787385544833e+00,1.795982475129810907e-01,-4.903642790448810296e-02,1.040419248464381991e-03,1.750717140266361049e+00
5.978890607427766568e+00,1.794147716280796723e-01,-4.897892130943972550e-02,1.036174228835969003e-03,1.750856009131087188e+00
5.982634427469988303e+00,1.792315108605506691e-01,-4.892150922299251525e-02,1.031947166819424666e-03,1.750994484749889057e+00
5.986378247512210038e+00,1.790484648569251047e-01,-4.886419145600946756e-02,1.027737982173267985e-03,1.751132568213318974e+00
5.990122067554430885e+00,1.788656332644412705e-01,-4.880696781977068160e-02,1.023546595038316541e-03,1.751270260608868812e+00
5.993865887596652620e+00,1.786830157310431710e-01,-4.874983812597244448e-02,1.019372925935743386e-03,1.751407563020980884e+00
5.997609707638874355e+00,1.785006119053790807e-01,-4.869280218672639854e-02,1.015216895765146512e-03,1.751544476531052608e+00
6.001353527681096089e+00,1.783184214367998788e-01,-4.863585981455861851e-02,1.011078425802622001e-03,1.751681002217448713e+00
6.005097347723317824e+00,1.781364439753575779e-01,-4.857901082240874413e-02,1.006957437698854105e-03,1.751817141155509017e+00
6.008841167765538671e+00,1.779546791718037146e-01,-4.852225502362911280e-02,1.002853853477211595e-03,1.751952894417555306e+00
6.012584987807760406e+00,1.777731266775877950e-01,-4.846559223198384364e-02,9.987675955318545302e-04,1.752088263072903773e+00
6.016328807849982141e+00,1.775917861448558233e-01,-4.840902226164800481e-02,9.946985866258546867e-04,1.752223248187869675e+00
6.020072627892203876e+00,1.774106572264487480e-01,-4.835254492720670455e-02,9.906467498893229209e-04,1.752357850825778440e+00
6.023816447934424723e+00,1.772297395759009075e-01,-4.829616004365424459e-02,9.866120088175478128e-04,1.752492072046972327e+00
6.027560267976646458e+00,1.770490328474384478e-01,-4.823986742639319036e-02,9.825942872691418965e-04,1.752625912908821970e+00
6.031304088018868192e+00,1.768685366959778793e-01,-4.818366689123355917e-02,9.785935094642026367e-04,1.752759374465731268e+00
6.035047908061089927e+00,1.766882507771245781e-01,-4.812755825439193891e-02,9.746095999824814279e-04,1.752892457769149148e+00
6.038791728103310774e+00,1.765081747471712315e-01,-4.807154133249057909e-02,9.706424837615599665e-04,1.753025163867575120e+00
6.042535548145532509e+00,1.763283082630960896e-01,-4.801561594255653043e-02,9.666920860950342122e-04,1.753157493806570155e+00
6.046279368187754244e+00,1.761486509825619384e-01,-4.795978190202080521e-02,9.627583326307223100e-04,1.753289448628763791e+00
6.050023188229975979e+00,1.759692025639141566e-01,-4.790403902871750302e-02,9.588411493688626464e-04,1.753421029373862794e+00
6.053767008272196826e+00,1.757899626661794112e-01,-4.784838714088292949e-02,9.549404626603352157e-04,1.753552237078660037e+00
6.057510828314418561e+00,1.756109309490640757e-01,-4.779282605715469423e-02,9.510561992048866724e-04,1.753683072777042051e+00
6.061254648356640296e+00,1.754321070729528143e-01,-4.773735559657094063e-02,9.471882860493686116e-04,1.753813537499997688e+00
6.064998468398862030e+00,1.752534906989069718e-01,-4.768197557856939522e-02,9.433366505859802935e-04,1.753943632275627218e+00
6.068742288441082877e+00,1.750750814886632145e-01,-4.762668582298657666e-02,9.395012205505269814e-04,1.754073358129148996e+00
6.072486108483304612e+00,1.748968791046318916e-01,-4.757148615005683812e-02,9.356819240206813151e-04,1.754202716082909230e+00
6.076229928525526347e+00,1.747188832098956202e-01,-4.751637638041161793e-02,9.318786894142583451e-04,1.754331707156389975e+00
6.079973748567748082e+00,1.745410934682078696e-01,-4.746135633507850976e-02,9.280914454875003250e-04,1.754460332366216013e+00
6.083717568609968929e+00,1.743635095439913796e-01,-4.740642583548045075e-02,9.243201213333665988e-04,1.754588592726164853e+00
6.087461388652190664e+00,1.741861311023366610e-01,-4.735158470343478476e-02,9.205646463798349824e-04,1.754716489247173605e+00
6.091205208694412399e+00,1.740089578090005806e-01,-4.729683276115251994e-02,9.168249503882131175e-04,1.754844022937348536e+00
6.094949028736634133e+00,1.738319893304049457e-01,-4.724216983123739194e-02,9.131009634514593689e-04,1.754971194801971723e+00
6.098692848778854980e+00,1.736552253336349771e-01,-4.718759573668505902e-02,9.093926159925104415e-04,1.755098005843509057e+00
6.102436668821076715e+00,1.734786654864376998e-01,-4.713311030088218612e-02,9.056998387626157216e-04,1.755224457061620003e+00
6.106180488863298450e+00,1.733023094572207212e-01,-4.707871334760568849e-02,9.020225628396887465e-04,1.755350549453164932e+00
6.109924308905520185e+00,1.731261569150507051e-01,-4.702440470102180886e-02,8.983607196266610610e-04,1.755476284012211785e+00
6.113668128947741920e+00,1.729502075296517616e-01,-4.697018418568529863e-02,8.947142408498435541e-04,1.755601661730046059e+00
6.117411948989962767e+00,1.727744609714042812e-01,-4.691605162653858518e-02,8.910830585573044924e-04,1.755726683595177473e+00
6.121155769032184502e+00,1.725989169113430755e-01,-4.686200684891085599e-02,8.874671051172436506e-04,1.755851350593348403e+00
6.124899589074406236e+00,1.724235750211563500e-01,-4.680804967851733001e-02,8.838663132163901860e-04,1.755975663707542100e+00
6.128643409116627971e+00,1.722484349731840392e-01,-4.675417994145831396e-02,8.802806158583978023e-04,1.756099623917990238e+00
6.132387229158848818e+00,1.720734964404164180e-01,-4.670039746421843913e-02,8.767099463622523821e-04,1.756223232202181128e+00
6.136131049201070553e+00,1.718987590964926038e-01,-4.664670207366572452e-02,8.731542383606873169e-04,1.756346489534867050e+00
6.139874869243292288e+00,1.717242226156991958e-01,-4.659309359705084141e-02,8.696134257986091369e-04,1.756469396888072465e+00
6.143618689285514023e+00,1.715498866729688321e-01,-4.653957186200621821e-02,8.660874429315299720e-04,1.756591955231101787e+00
6.147362509327734870e+00,1.713757509438788018e-01,-4.648613669654523550e-02,8.625762243240096610e-04,1.756714165530547378e+00
6.151106329369956605e+00,1.712018151046494352e-01,-4.643278792906132407e-02,8.590797048481012234e-04,1.756836028750297318e+00
6.154850149412178340e+00,1.710280788321429102e-01,-4.637952538832722238e-02,8.555978196818136766e-04,1.756957545851542513e+00
6.158593969454400074e+00,1.708545418038617258e-01,-4.632634890349408840e-02,8.521305043075753970e-04,1.757078717792785794e+00
6.162337789496620921e+00,1.706812036979473701e-01,-4.627325830409068780e-02,8.486776945107100565e-04,1.757199545529847695e+00
6.166081609538842656e+00,1.705080641931786822e-01,-4.622025342002254039e-02,8.452393263779144029e-04,1.757320030015876444e+00
6.169825429581064391e+00,1.703351229689707147e-01,-4.616733408157112223e-02,8.418153362957542544e-04,1.757440172201353956e+00
6.173569249623286126e+00,1.701623797053731513e-01,-4.611450011939303290e-02,8.384056609491591936e-04,1.757559973034103828e+00
6.177313069665506973e+00,1.699898340830691135e-01,-4.606175136451914898e-02,8.350102373199331986e-04,1.757679433459298668e+00
6.181056889707728708e+00,1.698174857833733564e-01,-4.600908764835380527e-02,8.316290026852607214e-04,1.757798554419469639e+00
6.184800709749950443e+00,1.696453344882313530e-01,-4.595650880267399679e-02,8.282618946162393280e-04,1.757917336854511348e+00
6.188544529792172177e+00,1.694733798802176006e-01,-4.590401465962853228e-02,8.249088509764026904e-04,1.758035781701691169e+00
6.192288349834393024e+00,1.693016216425342890e-01,-4.585160505173722922e-02,8.215698099202608162e-04,1.758153889895656130e+00
6.196032169876614759e+00,1.691300594590099404e-01,-4.579927981189004654e-02,8.182447098918457003e-04,1.758271662368440458e+00
6.199775989918836494e+00,1.689586930140979937e-01,-4.574703877334635599e-02,8.149334896232643486e-04,1.758389100049473353e+00
6.203519809961058229e+00,1.687875219928755000e-01,-4.569488176973404703e-02,8.116360881332615592e-04,1.758506203865586315e+00
6.207263630003279076e+00,1.686165460810416794e-01,-4.564280863504874969e-02,8.083524447257870414e-04,1.758622974741020473e+00
6.211007450045500811e+00,1.684457649649164779e-01,-4.559081920365298801e-02,8.050824989885709904e-04,1.758739413597434798e+00
6.214751270087722546e+00,1.682751783314393734e-01,-4.553891331027541678e-02,8.018261907917112637e-04,1.758855521353912543e+00
6.218495090129944280e+00,1.681047858681678497e-01,-4.548709079000996108e-02,7.985834602862619666e-04,1.758971298926967686e+00
6.222238910172165127e+00,1.679345872632761194e-01,-4.543535147831505999e-02,7.953542479028337473e-04,1.759086747230555581e+00
6.225982730214386862e+00,1.677645822055536529e-01,-4.538369521101277143e-02,7.921384943501986456e-04,1.759201867176077627e+00
6.229726550256608597e+00,1.675947703844040126e-01,-4.533212182428805748e-02,7.889361406139070842e-04,1.759316659672388594e+00
6.233470370298830332e+00,1.674251514898432436e-01,-4.528063115468794475e-02,7.857471279549046441e-04,1.759431125625806391e+00
6.237214190341052067e+00,1.672557252124987903e-01,-4.522922303912068481e-02,7.825713979081653192e-04,1.759545265940114955e+00
6.240958010383272914e+00,1.670864912436079430e-01,-4.517789731485501170e-02,7.794088922813233612e-04,1.759659081516576240e+00
6.244701830425494649e+00,1.669174492750165051e-01,-4.512665381951926763e-02,7.762595531533169431e-04,1.759772573253935546e+00
6.248445650467716384e+00,1.667485989991775441e-01,-4.507549239110068134e-02,7.731233228730393032e-04,1.759885742048426849e+00
6.252189470509938118e+00,1.665799401091500320e-01,-4.502441286794452158e-02,7.700001440579965026e-04,1.759998588793783458e+00
6.255933290552158965e+00,1.664114722985974848e-01,-4.497341508875329907e-02,7.668899595929708213e-04,1.760111114381242459e+00
6.259677110594380700e+00,1.662431952617864916e-01,-4.492249889258597556e-02,7.637927126286900075e-04,1.760223319699553812e+00
6.263420930636602435e+00,1.660751086935856879e-01,-4.487166411885717271e-02,7.607083465805111657e-04,1.760335205634985467e+00
6.267164750678824170e+00,1.659072122894641177e-01,-4.482091060733639498e-02,7.576368051271007396e-04,1.760446773071333126e+00
6.270908570721045017e+00,1.657395057454901510e-01,-4.477023819814721778e-02,7.545780322091311934e-04,1.760558022889924246e+00
6.274652390763266752e+00,1.655719887583298744e-01,-4.471964673176645477e-02,7.515319720279753065e-04,1.760668955969628025e+00
6.278396210805488487e+00,1.654046610252460914e-01,-4.466913604902345708e-02,7.484985690444180334e-04,1.760779573186860292e+00
6.282140030847710221e+00,1.652375222440968239e-01,-4.461870599109926672e-02,7.454777679773665197e-04,1.760889875415591943e+00
6.285883850889931068e+00,1.650705721133340353e-01,-4.456835639952584638e-02,7.424695138025700931e-04,1.760999863527355158e+00
6.289627670932152803e+00,1.649038103320021875e-01,-4.451808711618526065e-02,7.394737517513450247e-04,1.761109538391250950e+00
6.293371490974374538e+00,1.647372365997371857e-01,-4.446789798330894050e-02,7.364904273093119758e-04,1.761218900873955828e+00
6.297115311016596273e+00,1.645708506167649077e-01,-4.441778884347689221e-02,7.335194862151333357e-04,1.761327951839728456e+00
6.300859131058817120e+00,1.644046520838999548e-01,-4.436775953961688557e-02,7.305608744592605348e-04,1.761436692150417205e+00
6.304602951101038855e+00,1.642386407025442641e-01,-4.431780991500367667e-02,7.276145382826856942e-04,1.761545122665467034e+00
6.308346771143260590e+00,1.640728161746858871e-01,-4.426793981325827937e-02,7.246804241757030330e-04,1.761653244241926375e+00
6.312090591185482324e+00,1.639071782028977409e-01,-4.421814907834711872e-02,7.217584788766756966e-04,1.761761057734452462e+00
6.315834411227703171e+00,1.637417264903362479e-01,-4.416843755458132320e-02,7.188486493708076816e-04,1.761868563995321324e+00
6.319578231269924906e+00,1.635764607407399762e-01,-4.411880508661586431e-02,7.159508828889213968e-04,1.761975763874431777e+00
6.323322051312146641e+00,1.634113806584285011e-01,-4.406925151944886959e-02,7.130651269062467188e-04,1.762082658219313203e+00
6.327065871354368376e+00,1.632464859483010733e-01,-4.401977669842081775e-02,7.101913291412111301e-04,1.762189247875133979e+00
6.330809691396589223e+00,1.630817763158353417e-01,-4.397038046921375454e-02,7.073294375542392909e-04,1.762295533684704374e+00
6.334553511438810958e+00,1.629172514670859107e-01,-4.392106267785052254e-02,7.044794003465541278e-04,1.762401516488487641e+00
6.338297331481032693e+00,1.627529111086833402e-01,-4.387182317069401177e-02,7.016411659589934279e-04,1.762507197124603797e+00
6.342041151523254428e+00,1.625887549478327310e-01,-4.382266179444639642e-02,6.988146830708236125e-04,1.762612576428837619e+00
6.345784971565475274e+00,1.624247826923124749e-01,-4.377357839614836460e-02,6.959999005985646791e-04,1.762717655234645520e+00
6.349528791607697009e+00,1.622609940504728954e-01,-4.372457282317831345e-02,6.931967676948174199e-04,1.762822434373161329e+00
6.353272611649918744e+00,1.620973887312351924e-01,-4.367564492325165526e-02,6.904052337471032171e-04,1.762926914673202727e+00
6.357016431692140479e+00,1.619339664440899718e-01,-4.362679454442001947e-02,6.876252483767023201e-04,1.763031096961280131e+00
6.360760251734362214e+00,1.617707268990961622e-01,-4.357802153507049636e-02,6.848567614375049165e-04,1.763134982061601130e+00
6.364504071776583061e+00,1.616076698068796280e-01,-4.352932574392488763e-02,6.820997230148627454e-04,1.763238570796076932e+00
6.368247891818804796e+00,1.614447948786318920e-01,-4.348070702003890842e-02,6.793540834244487332e-04,1.763341863984330349e+00
6.371991711861026531e+00,1.612821018261090811e-01,-4.343216521280150733e-02,6.766197932111264962e-04,1.763444862443702688e+00
6.375735531903248265e+00,1.611195903616305380e-01,-4.338370017193405453e-02,6.738968031478200600e-04,1.763547566989257964e+00
6.379479351945469112e+00,1.609572601980775730e-01,-4.333531174748962017e-02,6.711850642343910591e-04,1.763649978433791343e+00
6.383223171987690847e+00,1.607951110488922419e-01,-4.328699978985216940e-02,6.684845276965235275e-04,1.763752097587835133e+00
6.386966992029912582e+00,1.606331426280761254e-01,-4.323876414973589627e-02,6.657951449846131325e-04,1.763853925259665889e+00
6.390710812072134317e+00,1.604713546501890797e-01,-4.319060467818441884e-02,6.631168677726631327e-04,1.763955462255309969e+00
6.394454632114355164e+00,1.603097468303481266e-01,-4.314252122657005056e-02,6.604496479571867308e-04,1.764056709378549526e+00
6.398198452156576899e+00,1.601483188842258709e-01,-4.309451364659301620e-02,6.577934376561091027e-04,1.764157667430930942e+00
6.401942272198798634e+00,1.599870705280497241e-01,-4.304658179028078568e-02,6.551481892076865560e-04,1.764258337211769057e+00
6.405686092241020368e+00,1.598260014786003769e-01,-4.299872550998725534e-02,6.525138551694208101e-04,1.764358719518155594e+00
6.409429912283241215e+00,1.596651114532107174e-01,-4.295094465839206788e-02,6.498903883169843349e-04,1.764458815144963166e+00
6.413173732325462950e+00,1.595044001697644709e-01,-4.290323908849980744e-02,6.472777416431485086e-04,1.764558624884854598e+00
6.416917552367684685e+00,1.593438673466952005e-01,-4.285560865363931271e-02,6.446758683567218587e-04,1.764658149528286035e+00
6.420661372409906420e+00,1.591835127029848918e-01,-4.280805320746293441e-02,6.420847218814877602e-04,1.764757389863516046e+00
6.424405192452127267e+00,1.590233359581629258e-01,-4.276057260394578591e-02,6.395042558551535189e-04,1.764856346676609844e+00
6.428149012494349002e+00,1.588633368323045802e-01,-4.271316669738497995e-02,6.369344241282976112e-04,1.764955020751447279e+00
6.431892832536570737e+00,1.587035150460301691e-01,-4.266583534239896253e-02,6.343751807633324271e-04,1.765053412869727945e+00
6.435636652578792472e+00,1.585438703205037103e-01,-4.261857839392674263e-02,6.318264800334651718e-04,1.765151523810978063e+00
6.439380472621013318e+00,1.583844023774316212e-01,-4.257139570722717065e-02,6.292882764216635363e-04,1.765249354352556033e+00
6.443124292663235053e+00,1.582251109390616084e-01,-4.252428713787816117e-02,6.267605246196314515e-04,1.765346905269659317e+00
6.446868112705456788e+00,1.580659957281815020e-01,-4.247725254177606158e-02,6.242431795267878785e-04,1.765444177335330656e+00
6.450611932747678523e+00,1.579070564681180622e-01,-4.243029177513484712e-02,6.217361962492509112e-04,1.765541171320462954e+00
6.454355752789899370e+00,1.577482928827357300e-01,-4.238340469448544784e-02,6.192395300988267574e-04,1.765637887993807720e+00
6.458099572832121105e+00,1.575897046964354342e-01,-4.233659115667495754e-02,6.167531365920034909e-04,1.765734328121979280e+00
6.461843392874342840e+00,1.574312916341535362e-01,-4.228985101886600234e-02,6.142769714489536943e-04,1.765830492469462110e+00
6.465587212916564575e+00,1.572730534213604980e-01,-4.224318413853594273e-02,6.118109905925369924e-04,1.765926381798615497e+00
6.469331032958786309e+00,1.571149897840598275e-01,-4.219659037347620739e-02,6.093551501473122361e-04,1.766021996869681310e+00
6.473074853001007156e+00,1.569571004487868848e-01,-4.215006958179154384e-02,6.069094064385527213e-04,1.766117338440789108e+00
6.476818673043228891e+00,1.567993851426074670e-01,-4.210362162189929675e-02,6.044737159912630343e-04,1.766212407267961915e+00
6.480562493085450626e+00,1.566418435931171138e-01,-4.205724635252874183e-02,6.020480355292118354e-04,1.766307204105123763e+00
6.484306313127672361e+00,1.564844755284394706e-01,-4.201094363272031562e-02,5.996323219739557514e-04,1.766401729704103696e+00
6.488050133169893208e+00,1.563272806772255108e-01,-4.196471332182494934e-02,5.972265324438807239e-04,1.766495984814642872e+00
6.491793953212114943e+00,1.561702587686520094e-01,-4.191855527950330562e-02,5.948306242532373951e-04,1.766589970184401226e+00
6.495537773254336678e+00,1.560134095324206549e-01,-4.187246936572512623e-02,5.924445549111905874e-04,1.766683686558961464e+00
6.499281593296558412e+00,1.558567326987568558e-01,-4.182645544076850352e-02,5.900682821208700843e-04,1.766777134681837724e+00
6.503025413338779259e+00,1.557002279984084636e-01,-4.178051336521915876e-02,5.877017637784239055e-04,1.766870315294477578e+00
6.506769233381000994e+00,1.555438951626447186e-01,-4.173464299996974131e-02,5.853449579720802548e-04,1.766963229136272906e+00
6.510513053423222729e+00,1.553877339232550281e-01,-4.168884420621914166e-02,5.829978229812119621e-04,1.767055876944561454e+00
6.514256873465444464e+00,1.552317440125480230e-01,-4.164311684547178372e-02,5.806603172754099245e-04,1.767148259454635717e+00
6.518000693507665311e+00,1.550759251633501146e-01,-4.159746077953693777e-02,5.783323995135531857e-04,1.767240377399746265e+00
6.521744513549887046e+00,1.549202771090045505e-01,-4.155187587052795034e-02,5.760140285428920265e-04,1.767332231511109741e+00
6.525488333592108781e+00,1.547647995833702772e-01,-4.150636198086164741e-02,5.737051633981325727e-04,1.767423822517913745e+00
6.529232153634330516e+00,1.546094923208206906e-01,-4.146091897325759196e-02,5.714057633005240056e-04,1.767515151147322605e+00
6.532975973676551362e+00,1.544543550562426648e-01,-4.141554671073736926e-02,5.691157876569556380e-04,1.767606218124482709e+00
6.536719793718773097e+00,1.542993875250352198e-01,-4.137024505662390689e-02,5.668351960590522565e-04,1.767697024172530273e+00
6.540463613760994832e+00,1.541445894631086055e-01,-4.132501387454080854e-02,5.645639482822806298e-04,1.767787570012594456e+00
6.544207433803216567e+00,1.539899606068829974e-01,-4.127985302841162552e-02,5.623020042850548255e-04,1.767877856363804234e+00
6.547951253845437414e+00,1.538355006932875524e-01,-4.123476238245921133e-02,5.600493242078519347e-04,1.767967883943295515e+00
6.551695073887659149e+00,1.536812094597591050e-01,-4.118974180120496542e-02,5.578058683723256285e-04,1.768057653466214463e+00
6.555438893929880884e+00,1.535270866442411397e-01,-4.114479114946821559e-02,5.555715972804304474e-04,1.768147165645724384e+00
6.559182713972102619e+00,1.533731319851827923e-01,-4.109991029236550325e-02,5.533464716135488024e-04,1.768236421193011498e+00
6.562926534014323465e+00,1.532193452215374896e-01,-4.105509909530991042e-02,5.511304522316186252e-04,1.768325420817290938e+00
6.566670354056545200e+00,1.530657260927620056e-01,-4.101035742401032413e-02,5.489235001722708859e-04,1.768414165225810297e+00
6.570414174098766935e+00,1.529122743388153793e-01,-4.096568514447085363e-02,5.467255766499699290e-04,1.768502655123858514e+00
6.574157994140988670e+00,1.527589897001576935e-01,-4.092108212299006703e-02,5.445366430551556525e-04,1.768590891214769423e+00
6.577901814183209517e+00,1.526058719177491030e-01,-4.087654822616036687e-02,5.423566609533943608e-04,1.768678874199926421e+00
6.581645634225431252e+00,1.524529207330485581e-01,-4.083208332086724068e-02,5.401855920845290756e-04,1.768766604778770901e+00
6.585389454267652987e+00,1.523001358880129164e-01,-4.078768727428869201e-02,5.380233983618392789e-04,1.768854083648805808e+00
6.589133274309874722e+00,1.521475171250956937e-01,-4.074335995389446324e-02,5.358700418712016326e-04,1.768941311505600966e+00
6.592877094352096456e+00,1.519950641872461206e-01,-4.069910122744544584e-02,5.337254848702567686e-04,1.769028289042799962e+00
6.596620914394317303e+00,1.518427768179078374e-01,-4.065491096299294477e-02,5.315896897875774891e-04,1.769115016952124142e+00
6.600364734436539038e+00,1.516906547610180067e-01,-4.061078902887803321e-02,5.294626192218455322e-04,1.769201495923380385e+00
6.604108554478760773e+00,1.515386977610061470e-01,-4.056673529373090031e-02,5.273442359410296376e-04,1.769287726644463321e+00
6.607852374520982508e+00,1.513869055627930227e-01,-4.052274962647017115e-02,5.252345028815678420e-04,1.769373709801364436e+00
6.611596194563203355e+00,1.512352779117897283e-01,-4.047883189630223366e-02,5.231333831475574710e-04,1.769459446078173182e+00
6.615340014605425090e+00,1.510838145538963284e-01,-4.043498197272055866e-02,5.210408400099417713e-04,1.769544936157087633e+00
6.619083834647646825e+00,1.509325152355010247e-01,-4.039119972550510307e-02,5.189568369057097688e-04,1.769630180718415824e+00
6.622827654689868560e+00,1.507813797034789904e-01,-4.034748502472156051e-02,5.168813374370941766e-04,1.769715180440581737e+00
6.626571474732089406e+00,1.506304077051913715e-01,-4.030383774072079234e-02,5.148143053707758066e-04,1.769799936000133078e+00
6.630315294774311141e+00,1.504795989884840646e-01,-4.026025774413805047e-02,5.127557046370901511e-04,1.769884448071743721e+00
6.634059114816532876e+00,1.503289533016867741e-01,-4.021674490589245698e-02,5.107054993292404685e-04,1.769968717328220587e+00
6.637802934858754611e+00,1.501784703936120124e-01,-4.017329909718624775e-02,5.086636537025144471e-04,1.770052744440509640e+00
6.641546754900975458e+00,1.500281500135539348e-01,-4.012992018950416878e-02,5.066301321735032547e-04,1.770136530077699000e+00
6.645290574943197193e+00,1.498779919112871728e-01,-4.008660805461277538e-02,5.046048993193239483e-04,1.770220074907026486e+00
6.649034394985418928e+00,1.497279958370660857e-01,-4.004336256455983539e-02,5.025879198768511006e-04,1.770303379593882731e+00
6.652778215027640663e+00,1.495781615416234556e-01,-4.000018359167364923e-02,5.005791587419461484e-04,1.770386444801819614e+00
6.656522035069861509e+00,1.494284887761695713e-01,-3.995707100856240451e-02,4.985785809686941149e-04,1.770469271192551375e+00
6.660265855112083244e+00,1.492789772923910074e-01,-3.991402468811352383e-02,4.965861517686420657e-04,1.770551859425964603e+00
6.664009675154304979e+00,1.491296268424498472e-01,-3.987104450349301249e-02,4.946018365100454802e-04,1.770634210160118016e+00
6.667753495196526714e+00,1.489804371789824333e-01,-3.982813032814484788e-02,4.926256007171136465e-04,1.770716324051253121e+00
6.671497315238747561e+00,1.488314080550984242e-01,-3.978528203579030642e-02,4.906574100692617790e-04,1.770798201753795320e+00
6.675241135280969296e+00,1.486825392243796284e-01,-3.974249950042730434e-02,4.886972304003651957e-04,1.770879843920361685e+00
6.678984955323191031e+00,1.485338304408791721e-01,-3.969978259632979400e-02,4.867450276980204342e-04,1.770961251201764286e+00
6.682728775365412766e+00,1.483852814591203328e-01,-3.965713119804710474e-02,4.848007681028066395e-04,1.771042424247015745e+00
6.686472595407633612e+00,1.482368920340955964e-01,-3.961454518040333911e-02,4.828644179075530763e-04,1.771123363703336784e+00
6.690216415449855347e+00,1.480886619212653521e-01,-3.957202441849663743e-02,4.809359435566061005e-04,1.771204070216156667e+00
6.693960235492077082e+00,1.479405908765573652e-01,-3.952956878769867816e-02,4.790153116451092486e-04,1.771284544429123198e+00
6.697704055534298817e+00,1.477926786563653061e-01,-3.948717816365393540e-02,4.771024889182757384e-04,1.771364786984104267e+00
6.701447875576519664e+00,1.476449250175480010e-01,-3.944485242227911692e-02,4.751974422706729492e-04,1.771444798521194741e+00
6.705191695618741399e+00,1.474973297174281828e-01,-3.940259143976246325e-02,4.733001387455046806e-04,1.771524579678720901e+00
6.708935515660963134e+00,1.473498925137917137e-01,-3.936039509256317875e-02,4.714105455339031680e-04,1.771604131093245327e+00
6.712679335703184869e+00,1.472026131648864200e-01,-3.931826325741079320e-02,4.695286299742192017e-04,1.771683453399573116e+00
6.716423155745406604e+00,1.470554914294211479e-01,-3.927619581130450260e-02,4.676543595513191296e-04,1.771762547230754992e+00
6.720166975787627450e+00,1.469085270665647924e-01,-3.923419263151257941e-02,4.657877018958848968e-04,1.771841413218093519e+00
6.723910795829849185e+00,1.467617198359450481e-01,-3.919225359557168553e-02,4.639286247837140845e-04,1.771920051991147993e+00
6.727654615872070920e+00,1.466150694976477431e-01,-3.915037858128635889e-02,4.620770961350307367e-04,1.771998464177740207e+00
6.731398435914292655e+00,1.464685758122156456e-01,-3.910856746672827094e-02,4.602330840137933685e-04,1.772076650403956233e+00
6.735142255956513502e+00,1.463222385406475479e-01,-3.906682013023571320e-02,4.583965566270095876e-04,1.772154611294156190e+00
6.738886075998735237e+00,1.461760574443970728e-01,-3.902513645041286866e-02,4.565674823240508241e-04,1.772232347470974911e+00
6.742629896040956972e+00,1.460300322853720079e-01,-3.898351630612929136e-02,4.547458295959772522e-04,1.772309859555329270e+00
6.746373716083178707e+00,1.458841628259330558e-01,-3.894195957651924028e-02,4.529315670748585375e-04,1.772387148166421955e+00
6.750117536125399553e+00,1.457384488288929469e-01,-3.890046614098108257e-02,4.511246635331028244e-04,1.772464213921747689e+00
6.753861356167621288e+00,1.455928900575153284e-01,-3.885903587917663438e-02,4.493250878827860484e-04,1.772541057437095446e+00
6.757605176209843023e+00,1.454474862755140152e-01,-3.881766867103061958e-02,4.475328091749893804e-04,1.772617679326556450e+00
6.761348996252064758e+00,1.453022372470518242e-01,-3.877636439673001756e-02,4.457477965991346646e-04,1.772694080202527500e+00
6.765092816294285605e+00,1.451571427367396583e-01,-3.873512293672345258e-02,4.439700194823263625e-04,1.772770260675715193e+00
6.768836636336507340e+00,1.450122025096353962e-01,-3.869394417172057621e-02,4.421994472886943092e-04,1.772846221355142138e+00
6.772580456378729075e+00,1.448674163312431984e-01,-3.865282798269149833e-02,4.404360496187450895e-04,1.772921962848150290e+00
6.776324276420950810e+00,1.447227839675122862e-01,-3.861177425086615572e-02,4.386797962087099988e-04,1.772997485760407832e+00
6.780068096463171656e+00,1.445783051848360257e-01,-3.857078285773370835e-02,4.369306569299001596e-04,1.773072790695911616e+00
6.783811916505393391e+00,1.444339797500510114e-01,-3.852985368504190100e-02,4.351886017880647823e-04,1.773147878256992049e+00
6.787555736547615126e+00,1.442898074304360678e-01,-3.848898661479654981e-02,4.334536009227518108e-04,1.773222749044320645e+00
6.791299556589836861e+00,1.441457879937112774e-01,-3.844818152926086224e-02,4.317256246066718218e-04,1.773297403656911797e+00
6.795043376632057708e+00,1.440019212080370647e-01,-3.840743831095488198e-02,4.300046432450659343e-04,1.773371842692128775e+00
6.798787196674279443e+00,1.438582068420131144e-01,-3.836675684265482972e-02,4.282906273750751295e-04,1.773446066745687499e+00
6.802531016716501178e+00,1.437146446646775932e-01,-3.832613700739258972e-02,4.265835476651160213e-04,1.773520076411662316e+00
6.806274836758722913e+00,1.435712344455060130e-01,-3.828557868845507139e-02,4.248833749142554884e-04,1.773593872282491102e+00
6.810018656800943759e+00,1.434279759544104804e-01,-3.824508176938361953e-02,4.231900800515933842e-04,1.773667454948977484e+00
6.813762476843165494e+00,1.432848689617384763e-01,-3.820464613397338977e-02,4.215036341356423726e-04,1.773740825000298393e+00
6.817506296885387229e+00,1.431419132382721338e-01,-3.816427166627281431e-02,4.198240083537170889e-04,1.773813983024006724e+00
6.821250116927608964e+00,1.429991085552272667e-01,-3.812395825058297744e-02,4.181511740213231373e-04,1.773886929606036222e+00
6.824993936969829811e+00,1.428564546842522875e-01,-3.808370577145706037e-02,4.164851025815479867e-04,1.773959665330707924e+00
6.828737757012051546e+00,1.427139513974273743e-01,-3.804351411369966129e-02,4.148257656044578284e-04,1.774032190780731044e+00
6.832481577054273281e+00,1.425715984672634995e-01,-3.800338316236634428e-02,4.131731347864960068e-04,1.774104506537212300e+00
6.836225397096495016e+00,1.424293956667015415e-01,-3.796331280276295239e-02,4.115271819498849196e-04,1.774176613179656581e+00
6.839969217138716751e+00,1.422873427691112580e-01,-3.792330292044505946e-02,4.098878790420299768e-04,1.774248511285972496e+00
6.843713037180937597e+00,1.421454395482904531e-01,-3.788335340121738726e-02,4.082551981349280610e-04,1.774320201432478150e+00
6.847456857223159332e+00,1.420036857784638673e-01,-3.784346413113321567e-02,4.066291114245765823e-04,1.774391684193904473e+00
6.851200677265381067e+00,1.418620812342825666e-01,-3.780363499649381370e-02,4.050095912303903404e-04,1.774462960143400103e+00
6.854944497307602802e+00,1.417206256908226381e-01,-3.776386588384786358e-02,4.033966099946141039e-04,1.774534029852536499e+00
6.858688317349823649e+00,1.415793189235845795e-01,-3.772415667999087785e-02,4.017901402817453810e-04,1.774604893891310597e+00
6.862432137392045384e+00,1.414381607084921333e-01,-3.768450727196458877e-02,4.001901547779545339e-04,1.774675552828151259e+00
6.866175957434267119e+00,1.412971508218915651e-01,-3.764491754705644871e-02,3.985966262905119950e-04,1.774746007229922817e+00
6.869919777476488854e+00,1.411562890405506365e-01,-3.760538739279899179e-02,3.970095277472154827e-04,1.774816257661929741e+00
6.873663597518709700e+00,1.410155751416577175e-01,-3.756591669696930647e-02,3.954288321958213917e-04,1.774886304687920635e+00
6.877407417560931435e+00,1.408750089028207864e-01,-3.752650534758840417e-02,3.938545128034776467e-04,1.774956148870093120e+00
6.881151237603153170e+00,1.407345901020666812e-01,-3.748715323292071272e-02,3.922865428561627364e-04,1.775025790769098277e+00
6.884895057645374905e+00,1.405943185178400723e-01,-3.744786024147350040e-02,3.907248957581236086e-04,1.775095230944045088e+00
6.888638877687595752e+00,1.404541939290026298e-01,-3.740862626199627228e-02,3.891695450313193663e-04,1.775164469952503987e+00
6.892382697729817487e+00,1.403142161148319689e-01,-3.736945118348020817e-02,3.876204643148645299e-04,1.775233508350512190e+00
6.896126517772039222e+00,1.401743848550209282e-01,-3.733033489515764219e-02,3.860776273644792923e-04,1.775302346692577471e+00
6.899870337814260957e+00,1.400346999296765982e-01,-3.729127728650147300e-02,3.845410080519395574e-04,1.775370985531683488e+00
6.903614157856481803e+00,1.398951611193194056e-01,-3.725227824722460168e-02,3.830105803645303939e-04,1.775439425419292672e+00
6.907357977898703538e+00,1.397557682048821415e-01,-3.721333766727932812e-02,3.814863184045012780e-04,1.775507666905350890e+00
6.911101797940925273e+00,1.396165209677092400e-01,-3.717445543685688608e-02,3.799681963885272987e-04,1.775575710538292995e+00
6.914845617983147008e+00,1.394774191895558069e-01,-3.713563144638681174e-02,3.784561886471699303e-04,1.775643556865045269e+00
6.918589438025367855e+00,1.393384626525866754e-01,-3.709686558653641636e-02,3.769502696243409484e-04,1.775711206431031641e+00
6.922333258067589590e+00,1.391996511393755187e-01,-3.705815774821020342e-02,3.754504138767695448e-04,1.775778659780176572e+00
6.926077078109811325e+00,1.390609844329040168e-01,-3.701950782254935512e-02,3.739565960734727483e-04,1.775845917454909051e+00
6.929820898152033060e+00,1.389224623165610517e-01,-3.698091570093113567e-02,3.724687909952287203e-04,1.775912979996168151e+00
6.933564718194253906e+00,1.387840845741416251e-01,-3.694238127496839857e-02,3.709869735340496689e-04,1.775979847943406353e+00
6.937308538236475641e+00,1.386458509898460811e-01,-3.690390443650895524e-02,3.695111186926606736e-04,1.776046521834594660e+00
6.941052358278697376e+00,1.385077613482793013e-01,-3.686548507763508231e-02,3.680412015839808941e-04,1.776113002206224145e+00
6.944796178320919111e+00,1.383698154344496500e-01,-3.682712309066298040e-02,3.665771974306045633e-04,1.776179289593314392e+00
6.948539998363139958e+00,1.382320130337683639e-01,-3.678881836814219819e-02,3.651190815642891890e-04,1.776245384529414162e+00
6.952283818405361693e+00,1.380943539320482749e-01,-3.675057080285507038e-02,3.636668294254395283e-04,1.776311287546607165e+00
6.956027638447583428e+00,1.379568379155034497e-01,-3.671238028781623197e-02,3.622204165626035960e-04,1.776376999175515836e+00
6.959771458489805163e+00,1.378194647707478571e-01,-3.667424671627202148e-02,3.607798186319608131e-04,1.776442519945304888e+00
6.963515278532026898e+00,1.376822342847947855e-01,-3.663616998169998140e-02,3.593450113968208338e-04,1.776507850383686860e+00
6.967259098574247744e+00,1.375451462450559548e-01,-3.659814997780827528e-02,3.579159707271214520e-04,1.776572991016925007e+00
6.971002918616469479e+00,1.374082004393404055e-01,-3.656018659853517427e-02,3.564926725989268322e-04,1.776637942369837742e+00
6.974746738658691214e+00,1.372713966558539722e-01,-3.652227973804851591e-02,3.550750930939342519e-04,1.776702704965803514e+00
6.978490558700912949e+00,1.371347346831982561e-01,-3.648442929074516283e-02,3.536632083989777538e-04,1.776767279326762594e+00
6.982234378743133796e+00,1.369982143103698202e-01,-3.644663515125047548e-02,3.522569948055372189e-04,1.776831665973224172e+00
6.985978198785355531e+00,1.368618353267591625e-01,-3.640889721441776389e-02,3.508564287092469521e-04,1.776895865424268584e+00
6.989722018827577266e+00,1.367255975221501607e-01,-3.637121537532775339e-02,3.494614866094119653e-04,1.776959878197551079e+00
6.993465838869799001e+00,1.365895006867189898e-01,-3.633358952928808505e-02,3.480721451085208996e-04,1.777023704809307381e+00
6.997209658912019847e+00,1.364535446110333727e-01,-3.629601957183275357e-02,3.466883809117651274e-04,1.777087345774356342e+00
7.000953478954241582e+00,1.363177290860517199e-01,-3.625850539872155914e-02,3.453101708265586675e-04,1.777150801606104613e+00
7.004697298996463317e+00,1.361820539031222133e-01,-3.622104690593962867e-02,3.439374917620603234e-04,1.777214072816549972e+00
7.008441119038685052e+00,1.360465188539821124e-01,-3.618364398969686757e-02,3.425703207287002661e-04,1.777277159916286653e+00
7.012184939080905899e+00,1.359111237307568110e-01,-3.614629654642742551e-02,3.412086348377061837e-04,1.777340063414507565e+00
7.015928759123127634e+00,1.357758683259589483e-01,-3.610900447278916209e-02,3.398524113006327917e-04,1.777402783819010068e+00
7.019672579165349369e+00,1.356407524324877434e-01,-3.607176766566315418e-02,3.385016274288954095e-04,1.777465321636197970e+00
7.023416399207571104e+00,1.355057758436279403e-01,-3.603458602215316164e-02,3.371562606333024519e-04,1.777527677371087300e+00
7.027160219249791950e+00,1.353709383530492250e-01,-3.599745943958509303e-02,3.358162884235944270e-04,1.777589851527308973e+00
7.030904039292013685e+00,1.352362397548051154e-01,-3.596038781550649210e-02,3.344816884079803310e-04,1.777651844607113896e+00
7.034647859334235420e+00,1.351016798433323785e-01,-3.592337104768601741e-02,3.331524382926811991e-04,1.777713657111374967e+00
7.038391679376457155e+00,1.349672584134501141e-01,-3.588640903411295657e-02,3.318285158814732226e-04,1.777775289539593073e+00
7.042135499418678002e+00,1.348329752603588949e-01,-3.584950167299666424e-02,3.305098990752327638e-04,1.777836742389899527e+00
7.045879319460899737e+00,1.346988301796398779e-01,-3.581264886276604165e-02,3.291965658714842433e-04,1.777898016159060957e+00
7.049623139503121472e+00,1.345648229672541940e-01,-3.577585050206908562e-02,3.278884943639524189e-04,1.777959111342481968e+00
7.053366959545343207e+00,1.344309534195419764e-01,-3.573910648977231957e-02,3.265856627421133093e-04,1.778020028434210698e+00
7.057110779587564053e+00,1.342972213332216114e-01,-3.570241672496030083e-02,3.252880492907499416e-04,1.778080767926940364e+00
7.060854599629785788e+00,1.341636265053887667e-01,-3.566578110693508635e-02,3.239956323895076123e-04,1.778141330312014823e+00
7.064598419672007523e+00,1.340301687335158087e-01,-3.562919953521578864e-02,3.227083905124554898e-04,1.778201716079432781e+00
7.068342239714229258e+00,1.338968478154508313e-01,-3.559267190953797899e-02,3.214263022276462115e-04,1.778261925717849135e+00
7.072086059756450993e+00,1.337636635494169335e-01,-3.555619812985326422e-02,3.201493461966805763e-04,1.778321959714581846e+00
7.075829879798671840e+00,1.336306157340113876e-01,-3.551977809632873156e-02,3.188775011742727805e-04,1.778381818555613725e+00
7.079573699840893575e+00,1.334977041682046950e-01,-3.548341170934642130e-02,3.176107460078170610e-04,1.778441502725595758e+00
7.083317519883115310e+00,1.333649286513400589e-01,-3.544709886950290351e-02,3.163490596369603579e-04,1.778501012707853324e+00
7.087061339925337045e+00,1.332322889831323576e-01,-3.541083947760870210e-02,3.150924210931721568e-04,1.778560348984387307e+00
7.090805159967557891e+00,1.330997849636674502e-01,-3.537463343468785076e-02,3.138408094993198070e-04,1.778619512035879424e+00
7.094548980009779626e+00,1.329674163934012610e-01,-3.533848064197731703e-02,3.125942040692437853e-04,1.778678502341695111e+00
7.098292800052001361e+00,1.328351830731591687e-01,-3.530238100092658593e-02,3.113525841073377302e-04,1.778737320379888631e+00
7.102036620094223096e+00,1.327030848041350908e-01,-3.526633441319711876e-02,3.101159290081280970e-04,1.778795966627203962e+00
7.105780440136443943e+00,1.325711213878906780e-01,-3.523034078066187430e-02,3.088842182558561430e-04,1.778854441559081678e+00
7.109524260178665678e+00,1.324392926263545101e-01,-3.519440000540477453e-02,3.076574314240630042e-04,1.778912745649661176e+00
7.113268080220887413e+00,1.323075983218214846e-01,-3.515851198972026748e-02,3.064355481751774809e-04,1.778970879371783331e+00
7.117011900263109148e+00,1.321760382769517905e-01,-3.512267663611279983e-02,3.052185482601030113e-04,1.779028843196996279e+00
7.120755720305329994e+00,1.320446122947703249e-01,-3.508689384729633820e-02,3.040064115178098486e-04,1.779086637595557630e+00
7.124499540347551729e+00,1.319133201786656384e-01,-3.505116352619384174e-02,3.027991178749257751e-04,1.779144263036437579e+00
7.128243360389773464e+00,1.317821617323895467e-01,-3.501548557593684580e-02,3.015966473453340793e-04,1.779201719987325347e+00
7.131987180431995199e+00,1.316511367600559645e-01,-3.497985989986490685e-02,3.003989800297670351e-04,1.779259008914628737e+00
7.135731000474216046e+00,1.315202450661404343e-01,-3.494428640152516530e-02,2.992060961154072943e-04,1.779316130283481900e+00
7.139474820516437781e+00,1.313894864554790987e-01,-3.490876498467178346e-02,2.980179758754865696e-04,1.779373084557745122e+00
7.143218640558659516e+00,1.312588607332680901e-01,-3.487329555326555697e-02,2.968345996688894124e-04,1.779429872200011031e+00
7.146962460600881251e+00,1.311283677050626983e-01,-3.483787801147337354e-02,2.956559479397576420e-04,1.779486493671607272e+00
7.150706280643102097e+00,1.309980071767766763e-01,-3.480251226366774114e-02,2.944820012170975393e-04,1.779542949432600052e+00
7.154450100685323832e+00,1.308677789546812686e-01,-3.476719821442630226e-02,2.933127401143863894e-04,1.779599239941797917e+00
7.158193920727545567e+00,1.307376828454046847e-01,-3.473193576853135511e-02,2.921481453291853675e-04,1.779655365656754640e+00
7.161937740769767302e+00,1.306077186559311820e-01,-3.469672483096940263e-02,2.909881976427502559e-04,1.779711327033774326e+00
7.165681560811988149e+00,1.304778861936004564e-01,-3.466156530693062510e-02,2.898328779196472030e-04,1.779767124527911637e+00
7.169425380854209884e+00,1.303481852661065865e-01,-3.462645710180843606e-02,2.886821671073662053e-04,1.779822758592980669e+00
7.173169200896431619e+00,1.302186156814975904e-01,-3.459140012119899660e-02,2.875360462359420155e-04,1.779878229681552515e+00
7.176913020938653354e+00,1.300891772481745090e-01,-3.455639427090074350e-02,2.863944964175727209e-04,1.779933538244963032e+00
7.180656840980874200e+00,1.299598697748907405e-01,-3.452143945691392435e-02,2.852574988462420070e-04,1.779988684733314175e+00
7.184400661023095935e+00,1.298306930707510687e-01,-3.448653558544009096e-02,2.841250347973412046e-04,1.780043669595478439e+00
7.188144481065317670e+00,1.297016469452112186e-01,-3.445168256288167613e-02,2.829970856272974087e-04,1.780098493279102190e+00
7.191888301107539405e+00,1.295727312080768856e-01,-3.441688029584148711e-02,2.818736327731985610e-04,1.780153156230608102e+00
7.195632121149761140e+00,1.294439456695030688e-01,-3.438212869112226150e-02,2.807546577524237916e-04,1.780207658895200495e+00
7.199375941191981987e+00,1.293152901399932941e-01,-3.434742765572617457e-02,2.796401421622737057e-04,1.780262001716866882e+00
7.203119761234203722e+00,1.291867644303988927e-01,-3.431277709685438132e-02,2.785300676796034357e-04,1.780316185138382856e+00
7.206863581276425457e+00,1.290583683519182234e-01,-3.427817692190655158e-02,2.774244160604571563e-04,1.780370209601313203e+00
7.210607401318647192e+00,1.289301017160959795e-01,-3.424362703848043282e-02,2.763231691397043891e-04,1.780424075546019669e+00
7.214351221360868038e+00,1.288019643348224663e-01,-3.420912735437133673e-02,2.752263088306788007e-04,1.780477783411658965e+00
7.218095041403089773e+00,1.286739560203326860e-01,-3.417467777757170200e-02,2.741338171248160790e-04,1.780531333636190761e+00
7.221838861445311508e+00,1.285460765852058374e-01,-3.414027821627062947e-02,2.730456760912979897e-04,1.780584726656377459e+00
7.225582681487533243e+00,1.284183258423644836e-01,-3.410592857885344498e-02,2.719618678766946439e-04,1.780637962907789973e+00
7.229326501529754090e+00,1.282907036050737748e-01,-3.407162877390120664e-02,2.708823747046095300e-04,1.780691042824810832e+00
7.233070321571975825e+00,1.281632096869406989e-01,-3.403737871019024003e-02,2.698071788753260642e-04,1.780743966840635739e+00
7.236814141614197560e+00,1.280358439019134709e-01,-3.400317829669172870e-02,2.687362627654572302e-04,1.780796735387279339e+00
7.240557961656419295e+00,1.279086060642807832e-01,-3.396902744257121465e-02,2.676696088275957617e-04,1.780849348895576112e+00
7.244301781698640141e+00,1.277814959886709456e-01,-3.393492605718816807e-02,2.666071995899649749e-04,1.780901807795185476e+00
7.248045601740861876e+00,1.276545134900512468e-01,-3.390087405009550858e-02,2.655490176560732873e-04,1.780954112514595122e+00
7.251789421783083611e+00,1.275276583837272881e-01,-3.386687133103917502e-02,2.644950457043698756e-04,1.781006263481122787e+00
7.255533241825305346e+00,1.274009304853421509e-01,-3.383291780995766745e-02,2.634452664879012541e-04,1.781058261120920472e+00
7.259277061867526193e+00,1.272743296108758138e-01,-3.379901339698161006e-02,2.623996628339706730e-04,1.781110105858978665e+00
7.263020881909747928e+00,1.271478555766442642e-01,-3.376515800243324456e-02,2.613582176437975703e-04,1.781161798119126782e+00
7.266764701951969663e+00,1.270215081992988604e-01,-3.373135153682606246e-02,2.603209138921798969e-04,1.781213338324040274e+00
7.270508521994191398e+00,1.268952872958257205e-01,-3.369759391086431244e-02,2.592877346271589361e-04,1.781264726895240624e+00
7.274252342036412244e+00,1.267691926835448624e-01,-3.366388503544255617e-02,2.582586629696833626e-04,1.781315964253100015e+00
7.277996162078633979e+00,1.266432241801094816e-01,-3.363022482164521043e-02,2.572336821132762308e-04,1.781367050816844433e+00
7.281739982120855714e+00,1.265173816035054244e-01,-3.359661318074614461e-02,2.562127753237048887e-04,1.781417987004556780e+00
7.285483802163077449e+00,1.263916647720502440e-01,-3.356305002420820194e-02,2.551959259386493207e-04,1.781468773233179981e+00
7.289227622205298296e+00,1.262660735043927007e-01,-3.352953526368277620e-02,2.541831173673758030e-04,1.781519409918520092e+00
7.292971442247520031e+00,1.261406076195118464e-01,-3.349606881100933992e-02,2.531743330904083901e-04,1.781569897475250519e+00
7.296715262289741766e+00,1.260152669367165801e-01,-3.346265057821504879e-02,2.521695566592061476e-04,1.781620236316913353e+00
7.300459082331963501e+00,1.258900512756447321e-01,-3.342928047751427684e-02,2.511687716958378377e-04,1.781670426855924028e+00
7.304202902374184347e+00,1.257649604562624535e-01,-3.339595842130818615e-02,2.501719618926609955e-04,1.781720469503573989e+00
7.307946722416406082e+00,1.256399942988634111e-01,-3.336268432218426200e-02,2.491791110120004623e-04,1.781770364670033580e+00
7.311690542458627817e+00,1.255151526240683157e-01,-3.332945809291592426e-02,2.481902028858319078e-04,1.781820112764355368e+00
7.315434362500849552e+00,1.253904352528240340e-01,-3.329627964646206945e-02,2.472052214154626406e-04,1.781869714194478371e+00
7.319178182543071287e+00,1.252658420064029499e-01,-3.326314889596662661e-02,2.462241505712165933e-04,1.781919169367228273e+00
7.322922002585292134e+00,1.251413727064022985e-01,-3.323006575475814794e-02,2.452469743921202833e-04,1.781968478688324087e+00
7.326665822627513869e+00,1.250170271747433615e-01,-3.319703013634933697e-02,2.442736769855896411e-04,1.782017642562378823e+00
7.330409642669735604e+00,1.248928052336709810e-01,-3.316404195443666686e-02,2.433042425271199555e-04,1.782066661392903040e+00
7.334153462711957339e+00,1.247687067057527271e-01,-3.313110112289993636e-02,2.423386552599756294e-04,1.782115535582309285e+00
7.337897282754178185e+00,1.246447314138782597e-01,-3.309820755580181878e-02,2.413768994948822658e-04,1.782164265531913427e+00
7.341641102796399920e+00,1.245208791812585508e-01,-3.306536116738743869e-02,2.404189596097192972e-04,1.782212851641937768e+00
7.345384922838621655e+00,1.243971498314253576e-01,-3.303256187208397643e-02,2.394648200492161374e-04,1.782261294311515920e+00
7.349128742880843390e+00,1.242735431882304731e-01,-3.299980958450022400e-02,2.385144653246480629e-04,1.782309593938694370e+00
7.352872562923064237e+00,1.241500590758450179e-01,-3.296710421942614100e-02,2.375678800135337210e-04,1.782357750920435358e+00
7.356616382965285972e+00,1.240266973187587468e-01,-3.293444569183244519e-02,2.366250487593343711e-04,1.782405765652620211e+00
7.360360203007507707e+00,1.239034577417794519e-01,-3.290183391687021702e-02,2.356859562711551611e-04,1.782453638530053563e+00
7.364104023049729442e+00,1.237803401700322686e-01,-3.286926880987043470e-02,2.347505873234472418e-04,1.782501369946464020e+00
7.367847843091950288e+00,1.236573444289589818e-01,-3.283675028634359255e-02,2.338189267557112111e-04,1.782548960294509932e+00
7.371591663134172023e+00,1.235344703443172487e-01,-3.280427826197923613e-02,2.328909594722013436e-04,1.782596409965779838e+00
7.375335483176393758e+00,1.234117177421801825e-01,-3.277185265264558056e-02,2.319666704416340484e-04,1.782643719350796241e+00
7.379079303218615493e+00,1.232890864489354366e-01,-3.273947337438909422e-02,2.310460446968938064e-04,1.782690888839020271e+00
7.382823123260836340e+00,1.231665762912847184e-01,-3.270714034343406851e-02,2.301290673347439056e-04,1.782737918818851908e+00
7.386566943303058075e+00,1.230441870962429296e-01,-3.267485347618217378e-02,2.292157235155357117e-04,1.782784809677634863e+00
7.390310763345279810e+00,1.229219186911377076e-01,-3.264261268921211934e-02,2.283059984629221949e-04,1.782831561801659914e+00
7.394054583387501545e+00,1.227997709036086765e-01,-3.261041789927916074e-02,2.273998774635708879e-04,1.782878175576164459e+00
7.397798403429722391e+00,1.226777435616067807e-01,-3.257826902331475288e-02,2.264973458668786586e-04,1.782924651385340287e+00
7.401542223471944126e+00,1.225558364933935357e-01,-3.254616597842607817e-02,2.255983890846872974e-04,1.782970989612332913e+00
7.405286043514165861e+00,1.224340495275405699e-01,-3.251410868189568565e-02,2.247029925910025731e-04,1.783017190639246019e+00
7.409029863556387596e+00,1.223123824929288339e-01,-3.248209705118104695e-02,2.238111419217122860e-04,1.783063254847143897e+00
7.412773683598608443e+00,1.221908352187479896e-01,-3.245013100391419547e-02,2.229228226743067880e-04,1.783109182616054555e+00
7.416517503640830178e+00,1.220694075344956747e-01,-3.241821045790123368e-02,2.220380205076001253e-04,1.783154974324972608e+00
7.420261323683051913e+00,1.219480992699770172e-01,-3.238633533112201396e-02,2.211567211414542993e-04,1.783200630351861493e+00
7.424005143725273648e+00,1.218269102553038163e-01,-3.235450554172970145e-02,2.202789103565022525e-04,1.783246151073658581e+00
7.427748963767495383e+00,1.217058403208940015e-01,-3.232272100805035075e-02,2.194045739938743785e-04,1.783291536866274063e+00
7.431492783809716229e+00,1.215848892974709800e-01,-3.229098164858253128e-02,2.185336979549254660e-04,1.783336788104598503e+00
7.435236603851937964e+00,1.214640570160628735e-01,-3.225928738199687618e-02,2.176662682009621031e-04,1.783381905162500836e+00
7.438980423894159699e+00,1.213433433080020329e-01,-3.222763812713576315e-02,2.168022707529734968e-04,1.783426888412836364e+00
7.442724243936381434e+00,1.212227480049243300e-01,-3.219603380301282874e-02,2.159416916913617780e-04,1.783471738227444980e+00
7.446468063978602281e+00,1.211022709387685192e-01,-3.216447432881262836e-02,2.150845171556742578e-04,1.783516454977155830e+00
7.450211884020824016e+00,1.209819119417755162e-01,-3.213295962389019211e-02,2.142307333443363340e-04,1.783561039031792195e+00
7.453955704063045751e+00,1.208616708464879397e-01,-3.210148960777067795e-02,2.133803265143875152e-04,1.783605490760170609e+00
7.457699524105267486e+00,1.207415474857493065e-01,-3.207006420014892056e-02,2.125332829812161977e-04,1.783649810530105961e+00
7.461443344147488332e+00,1.206215416927035322e-01,-3.203868332088907755e-02,2.116895891182979936e-04,1.783693998708413275e+00
7.465187164189710067e+00,1.205016533007941398e-01,-3.200734689002420613e-02,2.108492313569330283e-04,1.783738055660911703e+00
7.468930984231931802e+00,1.203818821437637604e-01,-3.197605482775588842e-02,2.100121961859868433e-04,1.783781981752426304e+00
7.472674804274153537e+00,1.202622280556535084e-01,-3.194480705445382207e-02,2.091784701516312720e-04,1.783825777346790264e+00
7.476418624316374384e+00,1.201426908708022462e-01,-3.191360349065545943e-02,2.083480398570862371e-04,1.783869442806849115e+00
7.480162444358596119e+00,1.200232704238460152e-01,-3.188244405706556345e-02,2.075208919623634178e-04,1.783912978494463397e+00
7.483906264400817854e+00,1.199039665497174389e-01,-3.185132867455586075e-02,2.066970131840113539e-04,1.783956384770509107e+00
7.487650084443039589e+00,1.197847790836450710e-01,-3.182025726416465305e-02,2.058763902948611735e-04,1.783999661994883690e+00
7.491393904485260435e+00,1.196657078611527841e-01,-3.178922974709640081e-02,2.050590101237738383e-04,1.784042810526506706e+00
7.495137724527482170e+00,1.195467527180590628e-01,-3.175824604472134161e-02,2.042448595553879851e-04,1.784085830723322719e+00
7.498881544569703905e+00,1.194279134904765310e-01,-3.172730607857513624e-02,2.034339255298705054e-04,1.784128722942304845e+00
7.502625364611925640e+00,1.193091900148112450e-01,-3.169640977035843160e-02,2.026261950426667448e-04,1.784171487539456313e+00
7.506369184654146487e+00,1.191905821277621097e-01,-3.166555704193654147e-02,2.018216551442526005e-04,1.784214124869814233e+00
7.510113004696368222e+00,1.190720896663201717e-01,-3.163474781533898161e-02,2.010202929398872691e-04,1.784256635287452486e+00
7.513856824738589957e+00,1.189537124677681607e-01,-3.160398201275915059e-02,2.002220955893684875e-04,1.784299019145482168e+00
7.517600644780811692e+00,1.188354503696797404e-01,-3.157325955655393424e-02,1.994270503067871513e-04,1.784341276796056919e+00
7.521344464823032538e+00,1.187173032099190090e-01,-3.154258036924332403e-02,1.986351443602847513e-04,1.784383408590374920e+00
7.525088284865254273e+00,1.185992708266397494e-01,-3.151194437350999383e-02,1.978463650718102957e-04,1.784425414878679783e+00
7.528832104907476008e+00,1.184813530582849578e-01,-3.148135149219899453e-02,1.970606998168802134e-04,1.784467296010265214e+00
7.532575924949697743e+00,1.183635497435861772e-01,-3.145080164831733777e-02,1.962781360243381218e-04,1.784509052333478341e+00
7.536319744991918590e+00,1.182458607215629287e-01,-3.142029476503360730e-02,1.954986611761162752e-04,1.784550684195718606e+00
7.540063565034140325e+00,1.181282858315219481e-01,-3.138983076567759128e-02,1.947222628069970407e-04,1.784592191943444428e+00
7.543807385076362060e+00,1.180108249130568526e-01,-3.135940957373993532e-02,1.939489285043781137e-04,1.784633575922174087e+00
7.547551205118583795e+00,1.178934778060473365e-01,-3.132903111287171916e-02,1.931786459080359725e-04,1.784674836476487725e+00
7.551295025160805530e+00,1.177762443506586154e-01,-3.129869530688412366e-02,1.924114027098919343e-04,1.784715973950030676e+00
7.555038845203026376e+00,1.176591243873408993e-01,-3.126840207974804220e-02,1.916471866537794856e-04,1.784756988685516577e+00
7.558782665245248111e+00,1.175421177568286568e-01,-3.123815135559370251e-02,1.908859855352114767e-04,1.784797881024730026e+00
7.562526485287469846e+00,1.174252243001401713e-01,-3.120794305871029892e-02,1.901277872011501626e-04,1.784838651308526369e+00
7.566270305329691581e+00,1.173084438585768330e-01,-3.117777711354564538e-02,1.893725795497767288e-04,1.784879299876839243e+00
7.570014125371912428e+00,1.171917762737226532e-01,-3.114765344470577652e-02,1.886203505302633374e-04,1.784919827068677911e+00
7.573757945414134163e+00,1.170752213874435149e-01,-3.111757197695457292e-02,1.878710881425443879e-04,1.784960233222133708e+00
7.577501765456355898e+00,1.169587790418867290e-01,-3.108753263521343499e-02,1.871247804370911115e-04,1.785000518674380476e+00
7.581245585498577633e+00,1.168424490794804094e-01,-3.105753534456089093e-02,1.863814155146857046e-04,1.785040683761678348e+00
7.584989405540798479e+00,1.167262313429328763e-01,-3.102758003023222549e-02,1.856409815261970617e-04,1.785080728819375295e+00
7.588733225583020214e+00,1.166101256752319765e-01,-3.099766661761911568e-02,1.849034666723567790e-04,1.785120654181910016e+00
7.592477045625241949e+00,1.164941319196446667e-01,-3.096779503226928382e-02,1.841688592035380318e-04,1.785160460182814601e+00
7.596220865667463684e+00,1.163782499197163339e-01,-3.093796519988613325e-02,1.834371474195336648e-04,1.785200147154717865e+00
7.599964685709684531e+00,1.162624795192702398e-01,-3.090817704632836671e-02,1.827083196693363436e-04,1.785239715429344676e+00
7.603708505751906266e+00,1.161468205624068689e-01,-3.087843049760963243e-02,1.819823643509189493e-04,1.785279165337522844e+00
7.607452325794128001e+00,1.160312728935034426e-01,-3.084872547989817373e-02,1.812592699110169789e-04,1.785318497209182675e+00
7.611196145836349736e+00,1.159158363572133366e-01,-3.081906191951647514e-02,1.805390248449117595e-04,1.785357711373360301e+00
7.614939965878570582e+00,1.158005107984654558e-01,-3.078943974294088420e-02,1.798216176962138244e-04,1.785396808158200344e+00
7.618683785920792317e+00,1.156852960624636245e-01,-3.075985887680124722e-02,1.791070370566479433e-04,1.785435787890957693e+00
7.622427605963014052e+00,1.155701919946861278e-01,-3.073031924788059005e-02,1.783952715658398047e-04,1.785474650898000837e+00
7.626171426005235787e+00,1.154551984408850457e-01,-3.070082078311473991e-02,1.776863099111024020e-04,1.785513397504813859e+00
7.629915246047456634e+00,1.153403152470857812e-01,-3.067136340959196114e-02,1.769801408272248303e-04,1.785552028035998440e+00
7.633659066089678369e+00,1.152255422595862833e-01,-3.064194705455260473e-02,1.762767530962599995e-04,1.785590542815277626e+00
7.637402886131900104e+00,1.151108793249567275e-01,-3.061257164538877529e-02,1.755761355473162242e-04,1.785628942165497168e+00
7.641146706174121839e+00,1.149963262900387945e-01,-3.058323710964395634e-02,1.748782770563472942e-04,1.785667226408627295e+00
7.644890526216342685e+00,1.148818830019452120e-01,-3.055394337501268071e-02,1.741831665459452299e-04,1.785705395865767597e+00
7.648634346258564420e+00,1.147675493080589776e-01,-3.052469036934013849e-02,1.734907929851319257e-04,1.785743450857147030e+00
7.652378166300786155e+00,1.146533250560330813e-01,-3.049547802062187868e-02,1.728011453891549671e-04,1.785781391702126797e+00
7.656121986343007890e+00,1.145392100937897423e-01,-3.046630625700342751e-02,1.721142128192812806e-04,1.785819218719203905e+00
7.659865806385228737e+00,1.144252042695199506e-01,-3.043717500677995541e-02,1.714299843825937638e-04,1.785856932226012717e+00
7.663609626427450472e+00,1.143113074316828015e-01,-3.040808419839590576e-02,1.707484492317874563e-04,1.785894532539326507e+00
7.667353446469672207e+00,1.141975194290050372e-01,-3.037903376044468612e-02,1.700695965649680395e-04,1.785932019975061902e+00
7.671097266511893942e+00,1.140838401104804778e-01,-3.035002362166829351e-02,1.693934156254506100e-04,1.785969394848279546e+00
7.674841086554115677e+00,1.139702693253694249e-01,-3.032105371095697791e-02,1.687198957015590740e-04,1.786006657473186765e+00
7.678584906596336523e+00,1.138568069231981339e-01,-3.029212395734890914e-02,1.680490261264270342e-04,1.786043808163140456e+00
7.682328726638558258e+00,1.137434527537582035e-01,-3.026323429002980570e-02,1.673807962777992180e-04,1.786080847230649304e+00
7.686072546680779993e+00,1.136302066671061178e-01,-3.023438463833262244e-02,1.667151955778343694e-04,1.786117774987375340e+00
7.689816366723001728e+00,1.135170685135626495e-01,-3.020557493173720021e-02,1.660522134929086563e-04,1.786154591744137710e+00
7.693560186765222575e+00,1.134040381437123463e-01,-3.017680509986992235e-02,1.653918395334202159e-04,1.786191297810913570e+00
7.697304006807444310e+00,1.132911154084028371e-01,-3.014807507250335736e-02,1.647340632535936457e-04,1.786227893496841190e+00
7.701047826849666045e+00,1.131783001587444992e-01,-3.011938477955596050e-02,1.640788742512875036e-04,1.786264379110222178e+00
7.704791646891887780e+00,1.130655922461097640e-01,-3.009073415109170258e-02,1.634262621678006424e-04,1.786300754958523695e+00
7.708535466934108626e+00,1.129529915221326869e-01,-3.006212311731975423e-02,1.627762166876809292e-04,1.786337021348380905e+00
7.712279286976330361e+00,1.128404978387081981e-01,-3.003355160859411122e-02,1.621287275385330164e-04,1.786373178585599186e+00
7.716023107018552096e+00,1.127281110479918247e-01,-3.000501955541330992e-02,1.614837844908296907e-04,1.786409226975155473e+00
7.719766927060773831e+00,1.126158310023989834e-01,-2.997652688842006655e-02,1.608413773577217580e-04,1.786445166821202912e+00
7.723510747102994678e+00,1.125036575546044942e-01,-2.994807353840094402e-02,1.602014959948499617e-04,1.786480998427070865e+00
7.727254567145216413e+00,1.123915905575419844e-01,-2.991965943628600508e-02,1.595641303001571443e-04,1.786516722095267573e+00
7.730998387187438148e+00,1.122796298644034574e-01,-2.989128451314851387e-02,1.589292702137023886e-04,1.786552338127484152e+00
7.734742207229659883e+00,1.121677753286386553e-01,-2.986294870020457515e-02,1.582969057174745612e-04,1.786587846824593484e+00
7.738486027271880729e+00,1.120560268039546420e-01,-2.983465192881282896e-02,1.576670268352082160e-04,1.786623248486657101e+00
7.742229847314102464e+00,1.119443841443150678e-01,-2.980639413047407593e-02,1.570396236321985742e-04,1.786658543412922739e+00
7.745973667356324199e+00,1.118328472039398641e-01,-2.977817523683100667e-02,1.564146862151194603e-04,1.786693731901829230e+00
7.749717487398545934e+00,1.117214158373045912e-01,-2.974999517966783052e-02,1.557922047318406405e-04,1.786728814251008934e+00
7.753461307440766781e+00,1.116100898991399665e-01,-2.972185389090997373e-02,1.551721693712464635e-04,1.786763790757288195e+00
7.757205127482988516e+00,1.114988692444312118e-01,-2.969375130262371515e-02,1.545545703630548523e-04,1.786798661716690662e+00
7.760948947525210251e+00,1.113877537284176933e-01,-2.966568734701591908e-02,1.539393979776384114e-04,1.786833427424440845e+00
7.764692767567431986e+00,1.112767432065922962e-01,-2.963766195643365714e-02,1.533266425258450179e-04,1.786868088174962788e+00
7.768436587609652832e+00,1.111658375347009536e-01,-2.960967506336391677e-02,1.527162943588200670e-04,1.786902644261885387e+00
7.772180407651874567e+00,1.110550365687420216e-01,-2.958172660043324395e-02,1.521083438678287440e-04,1.786937095978043732e+00
7.775924227694096302e+00,1.109443401649659044e-01,-2.955381650040746905e-02,1.515027814840805189e-04,1.786971443615481103e+00
7.779668047736318037e+00,1.108337481798744167e-01,-2.952594469619133910e-02,1.508995976785528826e-04,1.787005687465450743e+00
7.783411867778538884e+00,1.107232604702203527e-01,-2.949811112082822637e-02,1.502987829618170881e-04,1.787039827818418303e+00
7.787155687820760619e+00,1.106128768930068340e-01,-2.947031570749978138e-02,1.497003278838636214e-04,1.787073864964064507e+00
7.790899507862982354e+00,1.105025973054869631e-01,-2.944255838952564847e-02,1.491042230339299215e-04,1.787107799191287594e+00
7.794643327905204089e+00,1.103924215651631846e-01,-2.941483910036310837e-02,1.485104590403275046e-04,1.787141630788203539e+00
7.798387147947425824e+00,1.102823495297868273e-01,-2.938715777360679723e-02,1.479190265702707684e-04,1.787175360042150496e+00
7.802130967989646670e+00,1.101723810573575907e-01,-2.935951434298836316e-02,1.473299163297062846e-04,1.787208987239689240e+00
7.805874788031868405e+00,1.100625160061229346e-01,-2.933190874237614695e-02,1.467431190631423622e-04,1.787242512666606498e+00
7.809618608074090140e+00,1.099527542345777181e-01,-2.930434090577489076e-02,1.461586255534808878e-04,1.787275936607916060e+00
7.813362428116311875e+00,1.098430956014636306e-01,-2.927681076732540841e-02,1.455764266218485424e-04,1.787309259347862334e+00
7.817106248158532722e+00,1.097335399657686505e-01,-2.924931826130427667e-02,1.449965131274291567e-04,1.787342481169920561e+00
7.820850068200754457e+00,1.096240871867265043e-01,-2.922186332212350218e-02,1.444188759672969066e-04,1.787375602356800819e+00
7.824593888242976192e+00,1.095147371238163053e-01,-2.919444588433023346e-02,1.438435060762508909e-04,1.787408623190448242e+00
7.828337708285197927e+00,1.094054896367619156e-01,-2.916706588260644176e-02,1.432703944266494926e-04,1.787441543952046574e+00
7.832081528327418773e+00,1.092963445855315158e-01,-2.913972325176861916e-02,1.426995320282460947e-04,1.787474364922020165e+00
7.835825348369640508e+00,1.091873018303369802e-01,-2.911241792676742476e-02,1.421309099280249869e-04,1.787507086380035082e+00
7.839569168411862243e+00,1.090783612316335444e-01,-2.908514984268743830e-02,1.415645192100392494e-04,1.787539708605002220e+00
7.843312988454083978e+00,1.089695226501192354e-01,-2.905791893474680976e-02,1.410003509952482319e-04,1.787572231875078632e+00
7.847056808496304825e+00,1.088607859467343453e-01,-2.903072513829697138e-02,1.404383964413561422e-04,1.787604656467669972e+00
7.850800628538526560e+00,1.087521509826608890e-01,-2.900356838882229421e-02,1.398786467426509886e-04,1.787636982659432716e+00
7.854544448580748295e+00,1.086436176193222580e-01,-2.897644862193983831e-02,1.393210931298457167e-04,1.787669210726275493e+00
7.858288268622970030e+00,1.085351857183825680e-01,-2.894936577339900230e-02,1.387657268699180458e-04,1.787701340943362416e+00
7.862032088665190876e+00,1.084268551417463117e-01,-2.892231977908124932e-02,1.382125392659528534e-04,1.787733373585113528e+00
7.865775908707412611e+00,1.083186257515576512e-01,-2.889531057499975658e-02,1.376615216569835828e-04,1.787765308925208352e+00
7.869519728749634346e+00,1.082104974102001821e-01,-2.886833809729916558e-02,1.371126654178363624e-04,1.787797147236586559e+00
7.873263548791856081e+00,1.081024699802962535e-01,-2.884140228225525251e-02,1.365659619589729590e-04,1.787828888791451076e+00
7.877007368834076928e+00,1.079945433247066072e-01,-2.881450306627463334e-02,1.360214027263360079e-04,1.787860533861270307e+00
7.880751188876298663e+00,1.078867173065296975e-01,-2.878764038589444116e-02,1.354789792011931314e-04,1.787892082716778130e+00
7.884495008918520398e+00,1.077789917891014415e-01,-2.876081417778205210e-02,1.349386828999841754e-04,1.787923535627978122e+00
7.888238828960742133e+00,1.076713666359945809e-01,-2.873402437873478349e-02,1.344005053741670894e-04,1.787954892864144663e+00
7.891982649002962980e+00,1.075638417110182654e-01,-2.870727092567958855e-02,1.338644382100657049e-04,1.787986154693825602e+00
7.895726469045184714e+00,1.074564168782174423e-01,-2.868055375567273718e-02,1.333304730287170796e-04,1.788017321384842706e+00
7.899470289087406449e+00,1.073490920018725786e-01,-2.865387280589955579e-02,1.327986014857213896e-04,1.788048393204295206e+00
7.903214109129628184e+00,1.072418669464990093e-01,-2.862722801367410808e-02,1.322688152710905477e-04,1.788079370418560687e+00
7.906957929171849031e+00,1.071347415768465344e-01,-2.860061931643891053e-02,1.317411061090987190e-04,1.788110253293298202e+00
7.910701749214070766e+00,1.070277157578988780e-01,-2.857404665176461328e-02,1.312154657581329992e-04,1.788141042093449373e+00
7.914445569256292501e+00,1.069207893548733135e-01,-2.854750995734973290e-02,1.306918860105453939e-04,1.788171737083240176e+00
7.918189389298514236e+00,1.068139622332200528e-01,-2.852100917102034713e-02,1.301703586925044998e-04,1.788202338526184043e+00
7.921933209340735971e+00,1.067072342586218997e-01,-2.849454423072980344e-02,1.296508756638489474e-04,1.788232846685082311e+00
7.925677029382956817e+00,1.066006052969936946e-01,-2.846811507455842757e-02,1.291334288179407902e-04,1.788263261822027328e+00
7.929420849425178552e+00,1.064940752144817870e-01,-2.844172164071321132e-02,1.286180100815193807e-04,1.788293584198404451e+00
7.933164669467400287e+00,1.063876438774637445e-01,-2.841536386752755577e-02,1.281046114145573079e-04,1.788323814074892493e+00
7.936908489509622022e+00,1.062813111525476861e-01,-2.838904169346096254e-02,1.275932248101150593e-04,1.788353951711467271e+00
7.940652309551842869e+00,1.061750769065719496e-01,-2.836275505709874578e-02,1.270838422941979878e-04,1.788383997367403166e+00
7.944396129594064604e+00,1.060689410066044946e-01,-2.833650389715173384e-02,1.265764559256126820e-04,1.788413951301274452e+00
7.948139949636286339e+00,1.059629033199425557e-01,-2.831028815245599517e-02,1.260710577958250984e-04,1.788443813770957291e+00
7.951883769678508074e+00,1.058569637141120873e-01,-2.828410776197255380e-02,1.255676400288185306e-04,1.788473585033633517e+00
7.955627589720728920e+00,1.057511220568674026e-01,-2.825796266478708754e-02,1.250661947809529346e-04,1.788503265345788407e+00
7.959371409762950655e+00,1.056453782161904942e-01,-2.823185280010964346e-02,1.245667142408235755e-04,1.788532854963217567e+00
7.963115229805172390e+00,1.055397320602908390e-01,-2.820577810727436033e-02,1.240691906291224668e-04,1.788562354141024491e+00
7.966859049847394125e+00,1.054341834576047604e-01,-2.817973852573919108e-02,1.235736161984985078e-04,1.788591763133625667e+00
7.970602869889614972e+00,1.053287322767950118e-01,-2.815373399508560096e-02,1.230799832334190588e-04,1.788621082194750356e+00
7.974346689931836707e+00,1.052233783867502770e-01,-2.812776445501828648e-02,1.225882840500320842e-04,1.788650311577443697e+00
7.978090509974058442e+00,1.051181216565847815e-01,-2.810182984536490486e-02,1.220985109960291638e-04,1.788679451534068043e+00
7.981834330016280177e+00,1.050129619556377930e-01,-2.807593010607578252e-02,1.216106564505087343e-04,1.788708502316304072e+00
7.985578150058501024e+00,1.049078991534731914e-01,-2.805006517722364798e-02,1.211247128238402657e-04,1.788737464175155001e+00
7.989321970100722758e+00,1.048029331198788855e-01,-2.802423499900331266e-02,1.206406725575283703e-04,1.788766337360945480e+00
7.993065790142944493e+00,1.046980637248665774e-01,-2.799843951173144538e-02,1.201585281240790797e-04,1.788795122123326031e+00
7.996809610185166228e+00,1.045932908386710963e-01,-2.797267865584625313e-02,1.196782720268647942e-04,1.788823818711272606e+00
8.000553430227387963e+00,1.044886143317500932e-01,-2.794695237190721743e-02,1.191998967999914676e-04,1.788852427373090359e+00
8.004297250269608810e+00,1.043840340747835133e-01,-2.792126060059482023e-02,1.187233950081654674e-04,1.788880948356414535e+00
8.008041070311829657e+00,1.042795499386731245e-01,-2.789560328271024903e-02,1.182487592465611534e-04,1.788909381908212470e+00
8.011784890354052280e+00,1.041751617945420871e-01,-2.786998035917512273e-02,1.177759821406893496e-04,1.788937728274784700e+00
8.015528710396273127e+00,1.040708695137346207e-01,-2.784439177103126273e-02,1.173050563462668748e-04,1.788965987701768068e+00
8.019272530438495750e+00,1.039666729678152823e-01,-2.781883745944033551e-02,1.168359745490847980e-04,1.788994160434137282e+00
8.023016350480716596e+00,1.038625720285688975e-01,-2.779331736568366878e-02,1.163687294648803539e-04,1.789022246716206022e+00
8.026760170522937443e+00,1.037585665679997132e-01,-2.776783143116188721e-02,1.159033138392058895e-04,1.789050246791627830e+00
8.030503990565160066e+00,1.036546564583311625e-01,-2.774237959739470072e-02,1.154397204473011317e-04,1.789078160903401438e+00
8.034247810607380913e+00,1.035508415720055447e-01,-2.771696180602063395e-02,1.149779420939656989e-04,1.789105989293868992e+00
8.037991630649603536e+00,1.034471217816832350e-01,-2.769157799879669660e-02,1.145179716134300536e-04,1.789133732204718497e+00
8.041735450691824383e+00,1.033434969602426284e-01,-2.766622811759819611e-02,1.140598018692303448e-04,1.789161389876987585e+00
8.045479270734045230e+00,1.032399669807793491e-01,-2.764091210441838725e-02,1.136034257540805806e-04,1.789188962551063522e+00
8.049223090776267853e+00,1.031365317166060003e-01,-2.761562990136823617e-02,1.131488361897476334e-04,1.789216450466684538e+00
8.052966910818488699e+00,1.030331910412517898e-01,-2.759038145067619144e-02,1.126960261269264617e-04,1.789243853862943823e+00
8.056710730860709546e+00,1.029299448284619056e-01,-2.756516669468783362e-02,1.122449885451146811e-04,1.789271172978288416e+00
8.060454550902932169e+00,1.028267929521971269e-01,-2.753998557586565671e-02,1.117957164524887220e-04,1.789298408050523426e+00
8.064198370945153016e+00,1.027237352866335607e-01,-2.751483803678882872e-02,1.113482028857811922e-04,1.789325559316812919e+00
8.067942190987375639e+00,1.026207717061619062e-01,-2.748972402015283784e-02,1.109024409101566139e-04,1.789352627013680586e+00
8.071686011029596486e+00,1.025179020853873579e-01,-2.746464346876933624e-02,1.104584236190906305e-04,1.789379611377013735e+00
8.075429831071817333e+00,1.024151262991288419e-01,-2.743959632556577585e-02,1.100161441342467590e-04,1.789406512642062186e+00
8.079173651114039956e+00,1.023124442224187802e-01,-2.741458253358518976e-02,1.095755956053560715e-04,1.789433331043442932e+00
8.082917471156260802e+00,1.022098557305027022e-01,-2.738960203598595627e-02,1.091367712100966859e-04,1.789460066815140360e+00
8.086661291198481649e+00,1.021073606988386340e-01,-2.736465477604147281e-02,1.086996641539728905e-04,1.789486720190506697e+00
8.090405111240704272e+00,1.020049590030967096e-01,-2.733974069713991997e-02,1.082642676701957741e-04,1.789513291402267114e+00
8.094148931282925119e+00,1.019026505191589910e-01,-2.731485974278404297e-02,1.078305750195652910e-04,1.789539780682517289e+00
8.097892751325147742e+00,1.018004351231186211e-01,-2.729001185659080467e-02,1.073985794903499426e-04,1.789566188262729618e+00
8.101636571367368589e+00,1.016983126912797825e-01,-2.726519698229121907e-02,1.069682743981705230e-04,1.789592514373750554e+00
8.105380391409589436e+00,1.015962831001570310e-01,-2.724041506373000091e-02,1.065396530858817248e-04,1.789618759245805490e+00
8.109124211451812059e+00,1.014943462264748797e-01,-2.721566604486536090e-02,1.061127089234552751e-04,1.789644923108498542e+00
8.112868031494032905e+00,1.013925019471676181e-01,-2.719094986976876294e-02,1.056874353078646309e-04,1.789671006190815650e+00
8.116611851536253752e+00,1.012907501393785631e-01,-2.716626648262460142e-02,1.052638256629678581e-04,1.789697008721125249e+00
8.120355671578476375e+00,1.011890906804597673e-01,-2.714161582772998960e-02,1.048418734393928554e-04,1.789722930927180267e+00
8.124099491620697222e+00,1.010875234479717832e-01,-2.711699784949451672e-02,1.044215721144234175e-04,1.789748773036119678e+00
8.127843311662919845e+00,1.009860483196828446e-01,-2.709241249243992886e-02,1.040029151918832941e-04,1.789774535274470058e+00
8.131587131705140692e+00,1.008846651735689215e-01,-2.706785970119996235e-02,1.035858962020245436e-04,1.789800217868148691e+00
8.135330951747361539e+00,1.007833738878128743e-01,-2.704333942052000034e-02,1.031705087014124722e-04,1.789825821042462684e+00
8.139074771789584162e+00,1.006821743408042175e-01,-2.701885159525685767e-02,1.027567462728137853e-04,1.789851345022112517e+00
8.142818591831805008e+00,1.005810664111388697e-01,-2.699439617037856232e-02,1.023446025250850902e-04,1.789876790031193377e+00
8.146562411874025855e+00,1.004800499776184047e-01,-2.696997309096402923e-02,1.019340710930598281e-04,1.789902156293195157e+00
8.150306231916248478e+00,1.003791249192498153e-01,-2.694558230220285566e-02,1.015251456374379152e-04,1.789927444031008008e+00
8.154050051958469325e+00,1.002782911152452217e-01,-2.692122374939508178e-02,1.011178198446755747e-04,1.789952653466918786e+00
8.157793872000691948e+00,1.001775484450211640e-01,-2.689689737795087493e-02,1.007120874268739889e-04,1.789977784822617268e+00
8.161537692042912795e+00,1.000768967881985050e-01,-2.687260313339037004e-02,1.003079421216709471e-04,1.790002838319194822e+00
8.165281512085133642e+00,9.997633602460172242e-02,-2.684834096134333659e-02,9.990537769213052755e-05,1.790027814177147958e+00
8.169025332127356265e+00,9.987586603425868681e-02,-2.682411080754895649e-02,9.950438792663512499e-05,1.790052712616377883e+00
8.172769152169577112e+00,9.977548669740028686e-02,-2.679991261785561601e-02,9.910496663877754503e-05,1.790077533856194059e+00
8.176512972211799735e+00,9.967519789445981881e-02,-2.677574633822059000e-02,9.870710766725242149e-05,1.790102278115315304e+00
8.180256792254020581e+00,9.957499950607281991e-02,-2.675161191470985800e-02,9.831080487575005939e-05,1.790126945611869802e+00
8.184000612296241428e+00,9.947489141307644389e-02,-2.672750929349779897e-02,9.791605215284888216e-05,1.790151536563399537e+00
8.187744432338464051e+00,9.937487349650916957e-02,-2.670343842086697617e-02,9.752284341190962697e-05,1.790176051186859407e+00
8.191488252380684898e+00,9.927494563761048163e-02,-2.667939924320791856e-02,9.713117259097000101e-05,1.790200489698620556e+00
8.195232072422905745e+00,9.917510771782024614e-02,-2.665539170701881205e-02,9.674103365263851098e-05,1.790224852314470372e+00
8.198975892465128368e+00,9.907535961877844688e-02,-2.663141575890528440e-02,9.635242058399028477e-05,1.790249139249614929e+00
8.202719712507349215e+00,9.897570122232486611e-02,-2.660747134558020047e-02,9.596532739646308297e-05,1.790273350718680989e+00
8.206463532549571838e+00,9.887613241049843238e-02,-2.658355841386334656e-02,9.557974812575244293e-05,1.790297486935717330e+00
8.210207352591792684e+00,9.877665306553715108e-02,-2.655967691068125344e-02,9.519567683170966892e-05,1.790321548114194528e+00
8.213951172634013531e+00,9.867726306987738283e-02,-2.653582678306690146e-02,9.481310759823766740e-05,1.790345534467009836e+00
8.217694992676236154e+00,9.857796230615356592e-02,-2.651200797815950541e-02,9.443203453318895066e-05,1.790369446206486526e+00
8.221438812718457001e+00,9.847875065719800813e-02,-2.648822044320429253e-02,9.405245176826446726e-05,1.790393283544374325e+00
8.225182632760677848e+00,9.837962800604017899e-02,-2.646446412555221797e-02,9.367435345891081963e-05,1.790417046691855196e+00
8.228926452802900471e+00,9.828059423590645993e-02,-2.644073897265973930e-02,9.329773378421985343e-05,1.790440735859539778e+00
8.232670272845121318e+00,9.818164923021988066e-02,-2.641704493208862220e-02,9.292258694682853143e-05,1.790464351257472497e+00
8.236414092887343941e+00,9.808279287259941137e-02,-2.639338195150562130e-02,9.254890717281760129e-05,1.790487893095132232e+00
8.240157912929564787e+00,9.798402504685993497e-02,-2.636974997868232751e-02,9.217668871161328555e-05,1.790511361581432981e+00
8.243901732971785634e+00,9.788534563701153934e-02,-2.634614896149485574e-02,9.180592583588688448e-05,1.790534756924725412e+00
8.247645553014008257e+00,9.778675452725926753e-02,-2.632257884792363681e-02,9.143661284145647959e-05,1.790558079332800201e+00
8.251389373056229104e+00,9.768825160200284019e-02,-2.629903958605323000e-02,9.106874404718907088e-05,1.790581329012887801e+00
8.255133193098449951e+00,9.758983674583601720e-02,-2.627553112407199354e-02,9.070231379490167043e-05,1.790604506171660004e+00
8.258877013140672574e+00,9.749150984354632010e-02,-2.625205341027191108e-02,9.033731644926432059e-05,1.790627611015231935e+00
8.262620833182893421e+00,9.739327078011482397e-02,-2.622860639304836969e-02,8.997374639770370835e-05,1.790650643749164495e+00
8.266364653225116044e+00,9.729511944071542184e-02,-2.620519002089986144e-02,8.961159805030528900e-05,1.790673604578463696e+00
8.270108473267336890e+00,9.719705571071481087e-02,-2.618180424242783425e-02,8.925086583971854044e-05,1.790696493707584436e+00
8.273852293309557737e+00,9.709907947567177067e-02,-2.615844900633636921e-02,8.889154422105998126e-05,1.790719311340428943e+00
8.277596113351780360e+00,9.700119062133692738e-02,-2.613512426143200715e-02,8.853362767181842505e-05,1.790742057680352772e+00
8.281339933394001207e+00,9.690338903365254553e-02,-2.611182995662352652e-02,8.817711069176076321e-05,1.790764732930161918e+00
8.285083753436223830e+00,9.680567459875176473e-02,-2.608856604092164855e-02,8.782198780283616214e-05,1.790787337292117032e+00
8.288827573478444677e+00,9.670804720295861356e-02,-2.606533246343888804e-02,8.746825354908352662e-05,1.790809870967932982e+00
8.292571393520665524e+00,9.661050673278732959e-02,-2.604212917338924807e-02,8.711590249653672693e-05,1.790832334158781958e+00
8.296315213562888147e+00,9.651305307494205399e-02,-2.601895612008803260e-02,8.676492923313179118e-05,1.790854727065295249e+00
8.300059033605108993e+00,9.641568611631666508e-02,-2.599581325295162795e-02,8.641532836861492430e-05,1.790877049887561689e+00
8.303802853647329840e+00,9.631840574399407051e-02,-2.597270052149723563e-02,8.606709453444894139e-05,1.790899302825132766e+00
8.307546673689552463e+00,9.622121184524601301e-02,-2.594961787534265374e-02,8.572022238372205922e-05,1.790921486077021507e+00
8.311290493731773310e+00,9.612410430753276502e-02,-2.592656526420610008e-02,8.537470659105661996e-05,1.790943599841705369e+00
8.315034313773995933e+00,9.602708301850253203e-02,-2.590354263790590333e-02,8.503054185251719146e-05,1.790965644317127570e+00
8.318778133816216780e+00,9.593014786599131372e-02,-2.588054994636036082e-02,8.468772288552079536e-05,1.790987619700697975e+00
8.322521953858437627e+00,9.583329873802236276e-02,-2.585758713958743321e-02,8.434624442874595607e-05,1.791009526189293766e+00
8.326265773900660250e+00,9.573653552280581014e-02,-2.583465416770457102e-02,8.400610124204286103e-05,1.791031363979263213e+00
8.330009593942881096e+00,9.563985810873849858e-02,-2.581175098092849604e-02,8.366728810634461880e-05,1.791053133266425013e+00
8.333753413985101943e+00,9.554326638440335806e-02,-2.578887752957493423e-02,8.332979982357727026e-05,1.791074834246070502e+00
8.337497234027324566e+00,9.544676023856911440e-02,-2.576603376405841445e-02,8.299363121657145326e-05,1.791096467112964552e+00
8.341241054069545413e+00,9.535033956019008106e-02,-2.574321963489208109e-02,8.265877712897460932e-05,1.791118032061349119e+00
8.344984874111768036e+00,9.525400423840550690e-02,-2.572043509268739231e-02,8.232523242516221460e-05,1.791139529284941023e+00
8.348728694153988883e+00,9.515775416253952068e-02,-2.569768008815399157e-02,8.199299199015127411e-05,1.791160958976936612e+00
8.352472514196209730e+00,9.506158922210043716e-02,-2.567495457209940588e-02,8.166205072951218961e-05,1.791182321330011096e+00
8.356216334238432353e+00,9.496550930678061830e-02,-2.565225849542885489e-02,8.133240356928279598e-05,1.791203616536321208e+00
8.359960154280653200e+00,9.486951430645612637e-02,-2.562959180914507057e-02,8.100404545588209932e-05,1.791224844787505877e+00
8.363703974322874046e+00,9.477360411118616879e-02,-2.560695446434801265e-02,8.067697135602374411e-05,1.791246006274687996e+00
8.367447794365096669e+00,9.467777861121284833e-02,-2.558434641223467088e-02,8.035117625663076781e-05,1.791267101188475763e+00
8.371191614407317516e+00,9.458203769696091334e-02,-2.556176760409889157e-02,8.002665516475091108e-05,1.791288129718963562e+00
8.374935434449540139e+00,9.448638125903710550e-02,-2.553921799133107920e-02,7.970340310747080323e-05,1.791309092055734409e+00
8.378679254491760986e+00,9.439080918823015975e-02,-2.551669752541806113e-02,7.938141513183276322e-05,1.791329988387860173e+00
8.382423074533981833e+00,9.429532137551011051e-02,-2.549420615794279962e-02,7.906068630474971692e-05,1.791350818903903575e+00
8.386166894576204456e+00,9.419991771202808339e-02,-2.547174384058421490e-02,7.874121171292193034e-05,1.791371583791919742e+00
8.389910714618425303e+00,9.410459808911605939e-02,-2.544931052511698738e-02,7.842298646275429861e-05,1.791392283239456651e+00
8.393654534660647926e+00,9.400936239828622254e-02,-2.542690616341127322e-02,7.810600568027229319e-05,1.791412917433558238e+00
8.397398354702868772e+00,9.391421053123091833e-02,-2.540453070743258282e-02,7.779026451104057891e-05,1.791433486560763066e+00
8.401142174745089619e+00,9.381914237982202920e-02,-2.538218410924147558e-02,7.747575812007993703e-05,1.791453990807108765e+00
8.404885994787312242e+00,9.372415783611075246e-02,-2.535986632099339680e-02,7.716248169178582805e-05,1.791474430358131364e+00
8.408629814829533089e+00,9.362925679232735054e-02,-2.533757729493847644e-02,7.685043042984742898e-05,1.791494805398866408e+00
8.412373634871753936e+00,9.353443914088052646e-02,-2.531531698342127587e-02,7.653959955716550497e-05,1.791515116113852057e+00
8.416117454913976559e+00,9.343970477435722954e-02,-2.529308533888058666e-02,7.622998431577236809e-05,1.791535362687128874e+00
8.419861274956197406e+00,9.334505358552244725e-02,-2.527088231384925707e-02,7.592157996675184969e-05,1.791555545302241592e+00
8.423605094998420029e+00,9.325048546731848353e-02,-2.524870786095391798e-02,7.561438179015821559e-05,1.791575664142241564e+00
8.427348915040640875e+00,9.315600031286505600e-02,-2.522656193291484064e-02,7.530838508493785963e-05,1.791595719389685426e+00
8.431092735082861722e+00,9.306159801545851873e-02,-2.520444448254565914e-02,7.500358516884876093e-05,1.791615711226639096e+00
8.434836555125084345e+00,9.296727846857176514e-02,-2.518235546275320036e-02,7.469997737838221811e-05,1.791635639834678217e+00
8.438580375167305192e+00,9.287304156585390880e-02,-2.516029482653728624e-02,7.439755706868446145e-05,1.791655505394888381e+00
8.442324195209526039e+00,9.277888720112975607e-02,-2.513826252699049094e-02,7.409631961347777716e-05,1.791675308087868901e+00
8.446068015251748662e+00,9.268481526839951468e-02,-2.511625851729793260e-02,7.379626040498283787e-05,1.791695048093731257e+00
8.449811835293969509e+00,9.259082566183865493e-02,-2.509428275073712425e-02,7.349737485384177850e-05,1.791714725592101987e+00
8.453555655336192132e+00,9.249691827579720194e-02,-2.507233518067767883e-02,7.319965838903987618e-05,1.791734340762124456e+00
8.457299475378412978e+00,9.240309300479974952e-02,-2.505041576058119127e-02,7.290310645782977807e-05,1.791753893782459084e+00
8.461043295420633825e+00,9.230934974354484956e-02,-2.502852444400094703e-02,7.260771452565422486e-05,1.791773384831284455e+00
8.464787115462856448e+00,9.221568838690472059e-02,-2.500666118458177642e-02,7.231347807606992623e-05,1.791792814086299757e+00
8.468530935505077295e+00,9.212210882992515060e-02,-2.498482593605984639e-02,7.202039261067258826e-05,1.791812181724725450e+00
8.472274755547298142e+00,9.202861096782478934e-02,-2.496301865226242117e-02,7.172845364902021969e-05,1.791831487923304600e+00
8.476018575589520765e+00,9.193519469599498173e-02,-2.494123928710767490e-02,7.143765672855848458e-05,1.791850732858303763e+00
8.479762395631741612e+00,9.184185990999955973e-02,-2.491948779460452165e-02,7.114799740454631251e-05,1.791869916705514765e+00
8.483506215673964235e+00,9.174860650557419006e-02,-2.489776412885233783e-02,7.085947124998042454e-05,1.791889039640256032e+00
8.487250035716185081e+00,9.165543437862640197e-02,-2.487606824404085468e-02,7.057207385552225799e-05,1.791908101837373923e+00
8.490993855758405928e+00,9.156234342523490721e-02,-2.485440009444986678e-02,7.028580082942307520e-05,1.791927103471243177e+00
8.494737675800628551e+00,9.146933354164944741e-02,-2.483275963444907253e-02,7.000064779745103732e-05,1.791946044715769126e+00
8.498481495842849398e+00,9.137640462429054422e-02,-2.481114681849789713e-02,6.971661040281823757e-05,1.791964925744388593e+00
8.502225315885070245e+00,9.128355656974890264e-02,-2.478956160114524285e-02,6.943368430610705677e-05,1.791983746730070326e+00
8.505969135927292868e+00,9.119078927478524443e-02,-2.476800393702929814e-02,6.915186518519813165e-05,1.792002507845318116e+00
8.509712955969513715e+00,9.109810263633007221e-02,-2.474647378087739200e-02,6.887114873519839097e-05,1.792021209262170567e+00
8.513456776011736338e+00,9.100549655148301720e-02,-2.472497108750570938e-02,6.859153066836819711e-05,1.792039851152202656e+00
8.517200596053957184e+00,9.091297091751292248e-02,-2.470349581181917678e-02,6.831300671405104909e-05,1.792058433686527508e+00
8.520944416096178031e+00,9.082052563185714911e-02,-2.468204790881119159e-02,6.803557261860115792e-05,1.792076957035796170e+00
8.524688236138400654e+00,9.072816059212135409e-02,-2.466062733356346598e-02,6.775922414531282433e-05,1.792095421370201169e+00
8.528432056180621501e+00,9.063587569607937933e-02,-2.463923404124583605e-02,6.748395707435052130e-05,1.792113826859475401e+00
8.532175876222844124e+00,9.054367084167251611e-02,-2.461786798711602595e-02,6.720976720267722831e-05,1.792132173672895012e+00
8.535919696265064971e+00,9.045154592700961615e-02,-2.459652912651950560e-02,6.693665034398581487e-05,1.792150461979280518e+00
8.539663516307285818e+00,9.035950085036636992e-02,-2.457521741488923744e-02,6.666460232862810660e-05,1.792168691946995684e+00
8.543407336349508441e+00,9.026753551018520949e-02,-2.455393280774550643e-02,6.639361900354618751e-05,1.792186863743952419e+00
8.547151156391729288e+00,9.017564980507500327e-02,-2.453267526069576390e-02,6.612369623220332269e-05,1.792204977537609434e+00
8.550894976433950134e+00,9.008384363381055637e-02,-2.451144472943435695e-02,6.585482989451469141e-05,1.792223033494974249e+00
8.554638796476172757e+00,8.999211689533237468e-02,-2.449024116974238274e-02,6.558701588677913659e-05,1.792241031782604077e+00
8.558382616518393604e+00,8.990046948874648447e-02,-2.446906453748751153e-02,6.532025012161137500e-05,1.792258972566607156e+00
8.562126436560616227e+00,8.980890131332379400e-02,-2.444791478862373690e-02,6.505452852787321826e-05,1.792276856012645636e+00
8.565870256602837074e+00,8.971741226850012130e-02,-2.442679187919124389e-02,6.478984705060700277e-05,1.792294682285932472e+00
8.569614076645057921e+00,8.962600225387559738e-02,-2.440569576531617310e-02,6.452620165096746119e-05,1.792312451551237862e+00
8.573357896687280544e+00,8.953467116921441649e-02,-2.438462640321042638e-02,6.426358830615496267e-05,1.792330163972886137e+00
8.577101716729501391e+00,8.944341891444468340e-02,-2.436358374917154193e-02,6.400200300934926812e-05,1.792347819714760426e+00
8.580845536771722237e+00,8.935224538965783059e-02,-2.434256775958241678e-02,6.374144176964239097e-05,1.792365418940300437e+00
8.584589356813944860e+00,8.926115049510845167e-02,-2.432157839091115756e-02,6.348190061197292163e-05,1.792382961812506448e+00
8.588333176856165707e+00,8.917013413121402388e-02,-2.430061559971091745e-02,6.322337557706025706e-05,1.792400448493939091e+00
8.592076996898388330e+00,8.907919619855442228e-02,-2.427967934261964639e-02,6.296586272133865422e-05,1.792417879146720905e+00
8.595820816940609177e+00,8.898833659787183659e-02,-2.425876957635996270e-02,6.270935811689261157e-05,1.792435253932536998e+00
8.599564636982830024e+00,8.889755523007017435e-02,-2.423788625773891717e-02,6.245385785139111222e-05,1.792452573012637496e+00
8.603308457025052647e+00,8.880685199621493608e-02,-2.421702934364781956e-02,6.219935802802347986e-05,1.792469836547836648e+00
8.607052277067273494e+00,8.871622679753296548e-02,-2.419619879106208599e-02,6.194585476543518036e-05,1.792487044698516163e+00
8.610796097109494340e+00,8.862567953541188037e-02,-2.417539455704100296e-02,6.169334419766295946e-05,1.792504197624625650e+00
8.614539917151716963e+00,8.853521011139992014e-02,-2.415461659872754352e-02,6.144182247407155241e-05,1.792521295485681954e+00
8.618283737193937810e+00,8.844481842720575138e-02,-2.413386487334824582e-02,6.119128575929032592e-05,1.792538338440773593e+00
8.622027557236160433e+00,8.835450438469784340e-02,-2.411313933821292860e-02,6.094173023314928314e-05,1.792555326648559655e+00
8.625771377278381280e+00,8.826426788590449601e-02,-2.409243995071460101e-02,6.069315209061688465e-05,1.792572260267270234e+00
8.629515197320602127e+00,8.817410883301325664e-02,-2.407176666832920586e-02,6.044554754173665653e-05,1.792589139454711100e+00
8.633259017362824750e+00,8.808402712837069826e-02,-2.405111944861546697e-02,6.019891281156496392e-05,1.792605964368260363e+00
8.637002837405045597e+00,8.799402267448228065e-02,-2.403049824921472261e-02,5.995324414010930636e-05,1.792622735164872694e+00
8.640746657447268220e+00,8.790409537401169815e-02,-2.400990302785069655e-02,5.970853778226548828e-05,1.792639452001080436e+00
8.644490477489489066e+00,8.781424512978097674e-02,-2.398933374232937316e-02,5.946479000775708665e-05,1.792656115032992492e+00
8.648234297531709913e+00,8.772447184476976634e-02,-2.396879035053875104e-02,5.922199710107301445e-05,1.792672724416297214e+00
8.651978117573932536e+00,8.763477542211528526e-02,-2.394827281044870082e-02,5.898015536140711033e-05,1.792689280306263289e+00
8.655721937616153383e+00,8.754515576511204267e-02,-2.392778108011079513e-02,5.873926110259738260e-05,1.792705782857740848e+00
8.659465757658374230e+00,8.745561277721132509e-02,-2.390731511765808656e-02,5.849931065306492121e-05,1.792722232225161472e+00
8.663209577700596853e+00,8.736614636202101603e-02,-2.388687488130494807e-02,5.826030035575390751e-05,1.792738628562541736e+00
8.666953397742817700e+00,8.727675642330540162e-02,-2.386646032934691686e-02,5.802222656807189501e-05,1.792754972023481219e+00
8.670697217785040323e+00,8.718744286498458784e-02,-2.384607142016046538e-02,5.778508566182931095e-05,1.792771262761167161e+00
8.674441037827261169e+00,8.709820559113451433e-02,-2.382570811220286952e-02,5.754887402318077379e-05,1.792787500928371358e+00
8.678184857869482016e+00,8.700904450598639928e-02,-2.380537036401199347e-02,5.731358805256519108e-05,1.792803686677455710e+00
8.681928677911704639e+00,8.691995951392650355e-02,-2.378505813420611972e-02,5.707922416464693472e-05,1.792819820160370003e+00
8.685672497953925486e+00,8.683095051949603349e-02,-2.376477138148380339e-02,5.684577878825767351e-05,1.792835901528653908e+00
8.689416317996146333e+00,8.674201742739048870e-02,-2.374451006462364316e-02,5.661324836633694528e-05,1.792851930933438975e+00
8.693160138038368956e+00,8.665316014245959264e-02,-2.372427414248412872e-02,5.638162935587455872e-05,1.792867908525448195e+00
8.696903958080589803e+00,8.656437856970705669e-02,-2.370406357400349842e-02,5.615091822785280533e-05,1.792883834454999770e+00
8.700647778122812426e+00,8.647567261428999730e-02,-2.368387831819948261e-02,5.592111146718798710e-05,1.792899708872004227e+00
8.704391598165033272e+00,8.638704218151897762e-02,-2.366371833416922033e-02,5.569220557267386178e-05,1.792915531925968642e+00
8.708135418207254119e+00,8.629848717685742465e-02,-2.364358358108900257e-02,5.546419705692365841e-05,1.792931303765996631e+00
8.711879238249476742e+00,8.621000750592146267e-02,-2.362347401821413700e-02,5.523708244631349550e-05,1.792947024540790135e+00
8.715623058291697589e+00,8.612160307447971896e-02,-2.360338960487879528e-02,5.501085828092590091e-05,1.792962694398648749e+00
8.719366878333918436e+00,8.603327378845281037e-02,-2.358333030049579102e-02,5.478552111449280310e-05,1.792978313487472386e+00
8.723110698376141059e+00,8.594501955391314896e-02,-2.356329606455642017e-02,5.456106751433956599e-05,1.792993881954762170e+00
8.726854518418361906e+00,8.585684027708477550e-02,-2.354328685663032578e-02,5.433749406132932873e-05,1.793009399947620652e+00
8.730598338460584529e+00,8.576873586434279051e-02,-2.352330263636525504e-02,5.411479734980658655e-05,1.793024867612754036e+00
8.734342158502805376e+00,8.568070622221339583e-02,-2.350334336348697262e-02,5.389297398754255370e-05,1.793040285096472175e+00
8.738085978545026222e+00,8.559275125737327017e-02,-2.348340899779900390e-02,5.367202059567905602e-05,1.793055652544689682e+00
8.741829798587248845e+00,8.550487087664948582e-02,-2.346349949918250660e-02,5.345193380867408367e-05,1.793070970102928374e+00
8.745573618629469692e+00,8.541706498701923111e-02,-2.344361482759612161e-02,5.323271027424700502e-05,1.793086237916316161e+00
8.749317438671692315e+00,8.532933349560935243e-02,-2.342375494307574399e-02,5.301434665332368569e-05,1.793101456129590821e+00
8.753061258713913162e+00,8.524167630969628484e-02,-2.340391980573440847e-02,5.279683961998267146e-05,1.793116624887097554e+00
8.756805078756134009e+00,8.515409333670556635e-02,-2.338410937576207785e-02,5.258018586140068682e-05,1.793131744332792543e+00
8.760548898798356632e+00,8.506658448421160201e-02,-2.336432361342548683e-02,5.236438207779895338e-05,1.793146814610244277e+00
8.764292718840577479e+00,8.497914965993753900e-02,-2.334456247906800674e-02,5.214942498238996229e-05,1.793161835862632669e+00
8.768036538882798325e+00,8.489178877175472537e-02,-2.332482593310941654e-02,5.193531130132352170e-05,1.793176808232751718e+00
8.771780358925020948e+00,8.480450172768257133e-02,-2.330511393604576403e-02,5.172203777363397638e-05,1.793191731863009508e+00
8.775524178967241795e+00,8.471728843588832714e-02,-2.328542644844922363e-02,5.150960115118749521e-05,1.793206606895428878e+00
8.779267999009464418e+00,8.463014880468656964e-02,-2.326576343096787430e-02,5.129799819862882328e-05,1.793221433471651194e+00
8.783011819051685265e+00,8.454308274253921618e-02,-2.324612484432559550e-02,5.108722569332957897e-05,1.793236211732933905e+00
8.786755639093906112e+00,8.445609015805496944e-02,-2.322651064932183124e-02,5.087728042533540593e-05,1.793250941820152544e+00
8.790499459136128735e+00,8.436917095998913707e-02,-2.320692080683147210e-02,5.066815919731420918e-05,1.793265623873804060e+00
8.794243279178349582e+00,8.428232505724349288e-02,-2.318735527780469569e-02,5.045985882450475712e-05,1.793280258034004149e+00
8.797987099220570428e+00,8.419555235886574951e-02,-2.316781402326675496e-02,5.025237613466456533e-05,1.793294844440490809e+00
8.801730919262793051e+00,8.410885277404939186e-02,-2.314829700431784293e-02,5.004570796801886449e-05,1.793309383232625009e+00
8.805474739305013898e+00,8.402222621213351061e-02,-2.312880418213295042e-02,4.983985117720975133e-05,1.793323874549390906e+00
8.809218559347236521e+00,8.393567258260226094e-02,-2.310933551796164054e-02,4.963480262724475001e-05,1.793338318529397180e+00
8.812962379389457368e+00,8.384919179508487641e-02,-2.308989097312795849e-02,4.943055919544682360e-05,1.793352715310878143e+00
8.816706199431678215e+00,8.376278375935516940e-02,-2.307047050903019564e-02,4.922711777140343693e-05,1.793367065031694851e+00
8.820450019473900838e+00,8.367644838533126739e-02,-2.305107408714077155e-02,4.902447525691639189e-05,1.793381367829335993e+00
8.824193839516121685e+00,8.359018558307557134e-02,-2.303170166900608135e-02,4.882262856595235396e-05,1.793395623840918551e+00
8.827937659558342531e+00,8.350399526279415896e-02,-2.301235321624628752e-02,4.862157462459238257e-05,1.793409833203188919e+00
8.831681479600565154e+00,8.341787733483668754e-02,-2.299302869055517770e-02,4.842131037098273543e-05,1.793423996052524227e+00
8.835425299642786001e+00,8.333183170969617193e-02,-2.297372805370004323e-02,4.822183275528566610e-05,1.793438112524933681e+00
8.839169119685008624e+00,8.324585829800848491e-02,-2.295445126752144668e-02,4.802313873962978785e-05,1.793452182756058111e+00
8.842912939727229471e+00,8.315995701055238498e-02,-2.293519829393312823e-02,4.782522529806181310e-05,1.793466206881171754e+00
8.846656759769450318e+00,8.307412775824897511e-02,-2.291596909492178702e-02,4.762808941649725609e-05,1.793480185035184249e+00
8.850400579811672941e+00,8.298837045216149455e-02,-2.289676363254695632e-02,4.743172809267207752e-05,1.793494117352639527e+00
8.854144399853893788e+00,8.290268500349524949e-02,-2.287758186894085777e-02,4.723613833609484406e-05,1.793508003967718922e+00
8.857888219896114634e+00,8.281707132359704404e-02,-2.285842376630819323e-02,4.704131716799797998e-05,1.793521845014239613e+00
8.861632039938337257e+00,8.273152932395504144e-02,-2.283928928692601640e-02,4.684726162129017736e-05,1.793535640625658623e+00
8.865375859980558104e+00,8.264605891619863920e-02,-2.282017839314359753e-02,4.665396874050909787e-05,1.793549390935071930e+00
8.869119680022780727e+00,8.256066001209787231e-02,-2.280109104738220482e-02,4.646143558177312570e-05,1.793563096075214913e+00
8.872863500065001574e+00,8.247533252356351041e-02,-2.278202721213501078e-02,4.626965921273494341e-05,1.793576756178464571e+00
8.876607320107222421e+00,8.239007636264646106e-02,-2.276298684996688401e-02,4.607863671253375928e-05,1.793590371376839965e+00
8.880351140149445044e+00,8.230489144153767256e-02,-2.274396992351425048e-02,4.588836517174883566e-05,1.793603941802003110e+00
8.884094960191665891e+00,8.221977767256795355e-02,-2.272497639548496859e-02,4.569884169235301062e-05,1.793617467585260083e+00
8.887838780233888514e+00,8.213473496820743180e-02,-2.270600622865811061e-02,4.551006338766565708e-05,1.793630948857562579e+00
8.891582600276109360e+00,8.204976324106560970e-02,-2.268705938588387247e-02,4.532202738230713959e-05,1.793644385749507020e+00
8.895326420318330207e+00,8.196486240389083688e-02,-2.266813583008336214e-02,4.513473081215218683e-05,1.793657778391337443e+00
8.899070240360552830e+00,8.188003236957010211e-02,-2.264923552424846429e-02,4.494817082428415863e-05,1.793671126912945057e+00
8.902814060402773677e+00,8.179527305112900548e-02,-2.263035843144172235e-02,4.476234457694991604e-05,1.793684431443870242e+00
8.906557880444994524e+00,8.171058436173110617e-02,-2.261150451479612342e-02,4.457724923951352587e-05,1.793697692113302766e+00
8.910301700487217147e+00,8.162596621467790858e-02,-2.259267373751496985e-02,4.439288199241150354e-05,1.793710909050082680e+00
8.914045520529437994e+00,8.154141852340862640e-02,-2.257386606287176134e-02,4.420924002710783894e-05,1.793724082382701868e+00
8.917789340571660617e+00,8.145694120149972461e-02,-2.255508145420996938e-02,4.402632054604867007e-05,1.793737212239305157e+00
8.921533160613881464e+00,8.137253416266490569e-02,-2.253631987494296440e-02,4.384412076261815595e-05,1.793750298747689209e+00
8.925276980656102310e+00,8.128819732075458215e-02,-2.251758128855378682e-02,4.366263790109340098e-05,1.793763342035306074e+00
8.929020800698324933e+00,8.120393058975576561e-02,-2.249886565859503945e-02,4.348186919660046337e-05,1.793776342229262521e+00
8.932764620740545780e+00,8.111973388379192795e-02,-2.248017294868875221e-02,4.330181189507052632e-05,1.793789299456321373e+00
8.936508440782766627e+00,8.103560711712244624e-02,-2.246150312252617742e-02,4.312246325319533729e-05,1.793802213842902615e+00
8.940252260824989250e+00,8.095155020414253333e-02,-2.244285614386767186e-02,4.294382053838386701e-05,1.793815085515083840e+00
8.943996080867210097e+00,8.086756305938305744e-02,-2.242423197654256489e-02,4.276588102871894817e-05,1.793827914598601581e+00
8.947739900909432720e+00,8.078364559751000096e-02,-2.240563058444894687e-02,4.258864201291329073e-05,1.793840701218851752e+00
8.951483720951653567e+00,8.069979773332454365e-02,-2.238705193155359971e-02,4.241210079026706245e-05,1.793853445500891208e+00
8.955227540993874413e+00,8.061601938176254922e-02,-2.236849598189177141e-02,4.223625467062431756e-05,1.793866147569438185e+00
8.958971361036097036e+00,8.053231045789434328e-02,-2.234996269956706499e-02,4.206110097433030630e-05,1.793878807548872745e+00
8.962715181078317883e+00,8.044867087692468555e-02,-2.233145204875131365e-02,4.188663703218929940e-05,1.793891425563239439e+00
8.966459001120538730e+00,8.036510055419220089e-02,-2.231296399368436559e-02,4.171286018542149791e-05,1.793904001736245313e+00
8.970202821162761353e+00,8.028159940516924054e-02,-2.229449849867398692e-02,4.153976778562104739e-05,1.793916536191263456e+00
8.973946641204982200e+00,8.019816734546182657e-02,-2.227605552809572634e-02,4.136735719471433005e-05,1.793929029051333446e+00
8.977690461247204823e+00,8.011480429080901355e-02,-2.225763504639269308e-02,4.119562578491730139e-05,1.793941480439159797e+00
8.981434281289425670e+00,8.003151015708306892e-02,-2.223923701807551181e-02,4.102457093869464285e-05,1.793953890477116397e+00
8.985178101331646516e+00,7.994828486028880687e-02,-2.222086140772209020e-02,4.085419004871741023e-05,1.793966259287245402e+00
8.988921921373869139e+00,7.986512831656358835e-02,-2.220250817997750092e-02,4.068448051782213887e-05,1.793978586991257451e+00
8.992665741416089986e+00,7.978204044217711288e-02,-2.218417729955387066e-02,4.051543975896979309e-05,1.793990873710534117e+00
8.996409561458312609e+00,7.969902115353089123e-02,-2.216586873123017193e-02,4.034706519520415990e-05,1.794003119566128568e+00
9.000153381500533456e+00,7.961607036715835639e-02,-2.214758243985213634e-02,4.017935425961176066e-05,1.794015324678765122e+00
9.003897201542754303e+00,7.953318799972428077e-02,-2.212931839033206727e-02,4.001230439528052939e-05,1.794027489168841694e+00
9.007641021584976926e+00,7.945037396802469287e-02,-2.211107654764870797e-02,3.984591305525964311e-05,1.794039613156429791e+00
9.011384841627197773e+00,7.936762818898672467e-02,-2.209285687684711674e-02,3.968017770251941310e-05,1.794051696761274739e+00
9.015128661669418619e+00,7.928495057966813975e-02,-2.207465934303850033e-02,3.951509580991067479e-05,1.794063740102799231e+00
9.018872481711641242e+00,7.920234105725718066e-02,-2.205648391140005438e-02,3.935066486012505174e-05,1.794075743300100445e+00
9.022616301753862089e+00,7.911979953907245788e-02,-2.203833054717488707e-02,3.918688234565537545e-05,1.794087706471953148e+00
9.026360121796084712e+00,7.903732594256242250e-02,-2.202019921567179017e-02,3.902374576875552927e-05,1.794099629736810808e+00
9.030103941838305559e+00,7.895492018530544942e-02,-2.200208988226516962e-02,3.886125264140163395e-05,1.794111513212805376e+00
9.033847761880526406e+00,7.887258218500931006e-02,-2.198400251239485126e-02,3.869940048525218285e-05,1.794123357017748388e+00
9.037591581922749029e+00,7.879031185951101968e-02,-2.196593707156595590e-02,3.853818683160913268e-05,1.794135161269132306e+00
9.041335401964969876e+00,7.870810912677672633e-02,-2.194789352534878835e-02,3.837760922137915679e-05,1.794146926084130955e+00
9.045079222007190722e+00,7.862597390490128069e-02,-2.192987183937864307e-02,3.821766520503453259e-05,1.794158651579599750e+00
9.048823042049413345e+00,7.854390611210802786e-02,-2.191187197935569320e-02,3.805835234257455753e-05,1.794170337872078580e+00
9.052566862091634192e+00,7.846190566674872413e-02,-2.189389391104486909e-02,3.789966820348740544e-05,1.794181985077789809e+00
9.056310682133856815e+00,7.837997248730302347e-02,-2.187593760027566406e-02,3.774161036671129862e-05,1.794193593312641610e+00
9.060054502176077662e+00,7.829810649237857467e-02,-2.185800301294205106e-02,3.758417642059700797e-05,1.794205162692227074e+00
9.063798322218298509e+00,7.821630760071041077e-02,-2.184009011500230232e-02,3.742736396286921470e-05,1.794216693331825763e+00
9.067542142260521132e+00,7.813457573116096289e-02,-2.182219887247886791e-02,3.727117060058911897e-05,1.794228185346405491e+00
9.071285962302741979e+00,7.805291080271981041e-02,-2.180432925145825082e-02,3.711559395011683834e-05,1.794239638850620988e+00
9.075029782344962825e+00,7.797131273450327860e-02,-2.178648121809083349e-02,3.696063163707353529e-05,1.794251053958816122e+00
9.078773602387185448e+00,7.788978144575432749e-02,-2.176865473859075639e-02,3.680628129630439843e-05,1.794262430785024565e+00
9.082517422429406295e+00,7.780831685584235768e-02,-2.175084977923581048e-02,3.665254057184148156e-05,1.794273769442970901e+00
9.086261242471628918e+00,7.772691888426276619e-02,-2.173306630636723247e-02,3.649940711686635279e-05,1.794285070046070407e+00
9.090005062513849765e+00,7.764558745063701584e-02,-2.171530428638965282e-02,3.634687859367378743e-05,1.794296332707431274e+00
9.093748882556070612e+00,7.756432247471208019e-02,-2.169756368577087369e-02,3.619495267363446458e-05,1.794307557539853937e+00
9.097492702598293235e+00,7.748312387636036025e-02,-2.167984447104178217e-02,3.604362703715872094e-05,1.794318744655833076e+00
9.101236522640514082e+00,7.740199157557958731e-02,-2.166214660879621848e-02,3.589289937366039942e-05,1.794329894167557393e+00
9.104980342682736705e+00,7.732092549249224012e-02,-2.164447006569080595e-02,3.574276738151998628e-05,1.794341006186912280e+00
9.108724162724957552e+00,7.723992554734571137e-02,-2.162681480844485388e-02,3.559322876804925259e-05,1.794352080825477591e+00
9.112467982767178398e+00,7.715899166051172486e-02,-2.160918080384019099e-02,3.544428124945466917e-05,1.794363118194531426e+00
9.116211802809401021e+00,7.707812375248625225e-02,-2.159156801872103015e-02,3.529592255080195317e-05,1.794374118405048790e+00
9.119955622851621868e+00,7.699732174388941586e-02,-2.157397641999388160e-02,3.514815040598063503e-05,1.794385081567704265e+00
9.123699442893842715e+00,7.691658555546497522e-02,-2.155640597462735175e-02,3.500096255766809003e-05,1.794396007792870673e+00
9.127443262936065338e+00,7.683591510808027158e-02,-2.153885664965204949e-02,3.485435675729454567e-05,1.794406897190622185e+00
9.131187082978286185e+00,7.675531032272604748e-02,-2.152132841216046130e-02,3.470833076500797387e-05,1.794417749870732992e+00
9.134930903020508808e+00,7.667477112051598875e-02,-2.150382122930677084e-02,3.456288234963867143e-05,1.794428565942679965e+00
9.138674723062729655e+00,7.659429742268678010e-02,-2.148633506830678608e-02,3.441800928866489760e-05,1.794439345515640660e+00
9.142418543104950501e+00,7.651388915059761930e-02,-2.146886989643775889e-02,3.427370936817766459e-05,1.794450088698498424e+00
9.146162363147173124e+00,7.643354622573009238e-02,-2.145142568103826017e-02,3.412998038284634808e-05,1.794460795599838843e+00
9.149906183189393971e+00,7.635326856968809028e-02,-2.143400238950808959e-02,3.398682013588452802e-05,1.794471466327952847e+00
9.153650003231614818e+00,7.627305610419726767e-02,-2.141659998930808828e-02,3.384422643901509770e-05,1.794482100990837381e+00
9.157393823273837441e+00,7.619290875110505679e-02,-2.139921844796002434e-02,3.370219711243659246e-05,1.794492699696195626e+00
9.161137643316058288e+00,7.611282643238043155e-02,-2.138185773304650261e-02,3.356072998478912544e-05,1.794503262551437439e+00
9.164881463358280911e+00,7.603280907011347733e-02,-2.136451781221076346e-02,3.341982289312020129e-05,1.794513789663681802e+00
9.168625283400501758e+00,7.595285658651546035e-02,-2.134719865315661685e-02,3.327947368285151932e-05,1.794524281139754596e+00
9.172369103442722604e+00,7.587296890391832804e-02,-2.132990022364826543e-02,3.313968020774487526e-05,1.794534737086193044e+00
9.176112923484945227e+00,7.579314594477461198e-02,-2.131262249151019000e-02,3.300044032986901863e-05,1.794545157609243491e+00
9.179856743527166074e+00,7.571338763165728902e-02,-2.129536542462705587e-02,3.286175191956645578e-05,1.794555542814863625e+00
9.183600563569386921e+00,7.563369388725935116e-02,-2.127812899094351506e-02,3.272361285541996838e-05,1.794565892808723140e+00
9.187344383611609544e+00,7.555406463439368059e-02,-2.126091315846412311e-02,3.258602102421976211e-05,1.794576207696204184e+00
9.191088203653830391e+00,7.547449979599295256e-02,-2.124371789525322102e-02,3.244897432093081182e-05,1.794586487582401357e+00
9.194832023696053014e+00,7.539499929510914966e-02,-2.122654316943475492e-02,3.231247064865969853e-05,1.794596732572124598e+00
9.198575843738273861e+00,7.531556305491360348e-02,-2.120938894919221357e-02,3.217650791862242213e-05,1.794606942769897628e+00
9.202319663780494707e+00,7.523619099869656435e-02,-2.119225520276844105e-02,3.204108405011163143e-05,1.794617118279960399e+00
9.206063483822717330e+00,7.515688304986706259e-02,-2.117514189846553263e-02,3.190619697046440974e-05,1.794627259206268199e+00
9.209807303864938177e+00,7.507763913195278360e-02,-2.115804900464474808e-02,3.177184461503026385e-05,1.794637365652494543e+00
9.213551123907159024e+00,7.499845916859965156e-02,-2.114097648972630347e-02,3.163802492713876056e-05,1.794647437722029615e+00
9.217294943949381647e+00,7.491934308357171834e-02,-2.112392432218930527e-02,3.150473585806775961e-05,1.794657475517983158e+00
9.221038763991602494e+00,7.484029080075102480e-02,-2.110689247057162196e-02,3.137197536701180232e-05,1.794667479143183142e+00
9.224782584033825117e+00,7.476130224413717051e-02,-2.108988090346971406e-02,3.123974142105008029e-05,1.794677448700178202e+00
9.228526404076045964e+00,7.468237733784732768e-02,-2.107288958953857511e-02,3.110803199511532550e-05,1.794687384291237642e+00
9.232270224118266810e+00,7.460351600611582479e-02,-2.105591849749153394e-02,3.097684507196211100e-05,1.794697286018351656e+00
9.236014044160489433e+00,7.452471817329400783e-02,-2.103896759610017833e-02,3.084617864213570038e-05,1.794707153983232883e+00
9.239757864202710280e+00,7.444598376385012928e-02,-2.102203685419423013e-02,3.071603070394113451e-05,1.794716988287317738e+00
9.243501684244932903e+00,7.436731270236889013e-02,-2.100512624066138562e-02,3.058639926341182350e-05,1.794726789031765080e+00
9.247245504287153750e+00,7.428870491355150929e-02,-2.098823572444723576e-02,3.045728233427917554e-05,1.794736556317458431e+00
9.250989324329374597e+00,7.421016032221525172e-02,-2.097136527455510310e-02,3.032867793794142942e-05,1.794746290245006426e+00
9.254733144371597220e+00,7.413167885329328965e-02,-2.095451486004593078e-02,3.020058410343320885e-05,1.794755990914743915e+00
9.258476964413818067e+00,7.405326043183468876e-02,-2.093768445003819575e-02,3.007299886739535106e-05,1.794765658426732191e+00
9.262220784456038913e+00,7.397490498300385298e-02,-2.092087401370772148e-02,2.994592027404402744e-05,1.794775292880759210e+00
9.265964604498261536e+00,7.389661243208049679e-02,-2.090408352028759117e-02,2.981934637514082291e-05,1.794784894376341366e+00
9.269708424540482383e+00,7.381838270445956196e-02,-2.088731293906804717e-02,2.969327522996286278e-05,1.794794463012723273e+00
9.273452244582705006e+00,7.374021572565064853e-02,-2.087056223939631056e-02,2.956770490527226534e-05,1.794803998888879759e+00
9.277196064624925853e+00,7.366211142127819522e-02,-2.085383139067652214e-02,2.944263347528694973e-05,1.794813502103514535e+00
9.280939884667146700e+00,7.358406971708095212e-02,-2.083712036236957943e-02,2.931805902165041377e-05,1.794822972755063972e+00
9.284683704709369323e+00,7.350609053891189737e-02,-2.082042912399301171e-02,2.919397963340234197e-05,1.794832410941693546e+00
9.288427524751590170e+00,7.342817381273815391e-02,-2.080375764512090372e-02,2.907039340694936592e-05,1.794841816761302722e+00
9.292171344793811016e+00,7.335031946464050379e-02,-2.078710589538373260e-02,2.894729844603526568e-05,1.794851190311523181e+00
9.295915164836033640e+00,7.327252742081336034e-02,-2.077047384446824990e-02,2.882469286171206223e-05,1.794860531689720595e+00
9.299658984878254486e+00,7.319479760756458786e-02,-2.075386146211739835e-02,2.870257477231095069e-05,1.794869840992993959e+00
9.303402804920477109e+00,7.311712995131512682e-02,-2.073726871813013836e-02,2.858094230341307431e-05,1.794879118318178923e+00
9.307146624962697956e+00,7.303952437859896618e-02,-2.072069558236138906e-02,2.845979358782096589e-05,1.794888363761845573e+00
9.310890445004918803e+00,7.296198081606279640e-02,-2.070414202472184786e-02,2.833912676552958603e-05,1.794897577420300205e+00
9.314634265047141426e+00,7.288449919046580128e-02,-2.068760801517790723e-02,2.821893998369771038e-05,1.794906759389587325e+00
9.318378085089362273e+00,7.280707942867965798e-02,-2.067109352375154710e-02,2.809923139661977762e-05,1.794915909765488093e+00
9.322121905131583119e+00,7.272972145768802354e-02,-2.065459852052017875e-02,2.797999916569702598e-05,1.794925028643522547e+00
9.325865725173805743e+00,7.265242520458649322e-02,-2.063812297561654768e-02,2.786124145940950729e-05,1.794934116118950262e+00
9.329609545216026589e+00,7.257519059658250338e-02,-2.062166685922863993e-02,2.774295645328810775e-05,1.794943172286770361e+00
9.333353365258249212e+00,7.249801756099480410e-02,-2.060523014159949817e-02,2.762514232988604022e-05,1.794952197241721947e+00
9.337097185300470059e+00,7.242090602525365350e-02,-2.058881279302719053e-02,2.750779727875155619e-05,1.794961191078286111e+00
9.340841005342690906e+00,7.234385591690024875e-02,-2.057241478386461625e-02,2.739091949639960407e-05,1.794970153890684816e+00
9.344584825384913529e+00,7.226686716358669826e-02,-2.055603608451942593e-02,2.727450718628443276e-05,1.794979085772883787e+00
9.348328645427134376e+00,7.218993969307591074e-02,-2.053967666545392437e-02,2.715855855877217484e-05,1.794987986818590953e+00
9.352072465469356999e+00,7.211307343324109553e-02,-2.052333649718490055e-02,2.704307183111295893e-05,1.794996857121258893e+00
9.355816285511577846e+00,7.203626831206594305e-02,-2.050701555028357215e-02,2.692804522741417051e-05,1.795005696774083725e+00
9.359560105553798692e+00,7.195952425764406968e-02,-2.049071379537541204e-02,2.681347697861270990e-05,1.795014505870007548e+00
9.363303925596021315e+00,7.188284119817897611e-02,-2.047443120314007201e-02,2.669936532244813454e-05,1.795023284501718663e+00
9.367047745638242162e+00,7.180621906198392246e-02,-2.045816774431127166e-02,2.658570850343578774e-05,1.795032032761650687e+00
9.370791565680463009e+00,7.172965777748155358e-02,-2.044192338967664585e-02,2.647250477283968003e-05,1.795040750741985880e+00
9.374535385722685632e+00,7.165315727320376027e-02,-2.042569811007765787e-02,2.635975238864580767e-05,1.795049438534653152e+00
9.378279205764906479e+00,7.157671747779160987e-02,-2.040949187640949888e-02,2.624744961553571502e-05,1.795058096231330280e+00
9.382023025807129102e+00,7.150033831999490219e-02,-2.039330465962093178e-02,2.613559472485957924e-05,1.795066723923445462e+00
9.385766845849349949e+00,7.142401972867223892e-02,-2.037713643071422179e-02,2.602418599461019959e-05,1.795075321702174875e+00
9.389510665891570795e+00,7.134776163279053784e-02,-2.036098716074498383e-02,2.591322170939624138e-05,1.795083889658445786e+00
9.393254485933793418e+00,7.127156396142503292e-02,-2.034485682082209576e-02,2.580270016041634384e-05,1.795092427882937658e+00
9.396998305976014265e+00,7.119542664375912155e-02,-2.032874538210759086e-02,2.569261964543305860e-05,1.795100936466079933e+00
9.400742126018235112e+00,7.111934960908390668e-02,-2.031265281581651205e-02,2.558297846874651039e-05,1.795109415498056471e+00
9.404485946060457735e+00,7.104333278679822450e-02,-2.029657909321682177e-02,2.547377494116882679e-05,1.795117865068802665e+00
9.408229766102678582e+00,7.096737610640846405e-02,-2.028052418562930476e-02,2.536500737999839182e-05,1.795126285268008104e+00
9.411973586144901205e+00,7.089147949752810929e-02,-2.026448806442742237e-02,2.525667410899380135e-05,1.795134676185117462e+00
9.415717406187122052e+00,7.081564288987790556e-02,-2.024847070103723279e-02,2.514877345834883840e-05,1.795143037909329387e+00
9.419461226229342898e+00,7.073986621328534619e-02,-2.023247206693724876e-02,2.504130376466653696e-05,1.795151370529598722e+00
9.423205046271565521e+00,7.066414939768461689e-02,-2.021649213365834738e-02,2.493426337093405899e-05,1.795159674134636729e+00
9.426948866313786368e+00,7.058849237311649871e-02,-2.020053087278366605e-02,2.482765062649758161e-05,1.795167948812911085e+00
9.430692686356007215e+00,7.051289506972792387e-02,-2.018458825594847406e-02,2.472146388703680479e-05,1.795176194652647883e+00
9.434436506398229838e+00,7.043735741777196191e-02,-2.016866425484005118e-02,2.461570151454017054e-05,1.795184411741830743e+00
9.438180326440450685e+00,7.036187934760765317e-02,-2.015275884119762870e-02,2.451036187727997708e-05,1.795192600168202146e+00
9.441924146482673308e+00,7.028646078969964794e-02,-2.013687198681221591e-02,2.440544334978731348e-05,1.795200760019264541e+00
9.445667966524894155e+00,7.021110167461819263e-02,-2.012100366352654809e-02,2.430094431282758713e-05,1.795208891382280125e+00
9.449411786567115001e+00,7.013580193303879662e-02,-2.010515384323493041e-02,2.419686315337570909e-05,1.795216994344271733e+00
9.453155606609337624e+00,7.006056149574207970e-02,-2.008932249788314417e-02,2.409319826459162503e-05,1.795225068992023498e+00
9.456899426651558471e+00,6.998538029361367485e-02,-2.007350959946837057e-02,2.398994804579603242e-05,1.795233115412081748e+00
9.460643246693779318e+00,6.991025825764388135e-02,-2.005771512003902760e-02,2.388711090244585391e-05,1.795241133690755442e+00
9.464387066736001941e+00,6.983519531892755372e-02,-2.004193903169469021e-02,2.378468524611012397e-05,1.795249123914116396e+00
9.468130886778222788e+00,6.976019140866397683e-02,-2.002618130658601059e-02,2.368266949444596702e-05,1.795257086168001281e+00
9.471874706820445411e+00,6.968524645815650509e-02,-2.001044191691453769e-02,2.358106207117434861e-05,1.795265020538009626e+00
9.475618526862666258e+00,6.961036039881256243e-02,-1.999472083493269298e-02,2.347986140605642282e-05,1.795272927109507366e+00
9.479362346904887104e+00,6.953553316214330926e-02,-1.997901803294359693e-02,2.337906593486950707e-05,1.795280805967625515e+00
9.483106166947109728e+00,6.946076467976344815e-02,-1.996333348330098581e-02,2.327867409938336855e-05,1.795288657197260829e+00
9.486849986989330574e+00,6.938605488339123772e-02,-1.994766715840913876e-02,2.317868434733687323e-05,1.795296480883078694e+00
9.490593807031553197e+00,6.931140370484799307e-02,-1.993201903072269743e-02,2.307909513241404871e-05,1.795304277109509794e+00
9.494337627073774044e+00,6.923681107605821061e-02,-1.991638907274664513e-02,2.297990491422106186e-05,1.795312045960754999e+00
9.498081447115994891e+00,6.916227692904911017e-02,-1.990077725703612646e-02,2.288111215826255272e-05,1.795319787520782029e+00
9.501825267158217514e+00,6.908780119595057945e-02,-1.988518355619638134e-02,2.278271533591855115e-05,1.795327501873329901e+00
9.505569087200438361e+00,6.901338380899506297e-02,-1.986960794288264442e-02,2.268471292442146805e-05,1.795335189101904927e+00
9.509312907242659207e+00,6.893902470051722908e-02,-1.985405038980001674e-02,2.258710340683283920e-05,1.795342849289787157e+00
9.513056727284881831e+00,6.886472380295376172e-02,-1.983851086970336158e-02,2.248988527202035035e-05,1.795350482520025270e+00
9.516800547327102677e+00,6.879048104884341597e-02,-1.982298935539723514e-02,2.239305701463532308e-05,1.795358088875440572e+00
9.520544367369325300e+00,6.871629637082651842e-02,-1.980748581973572689e-02,2.229661713508952642e-05,1.795365668438626772e+00
9.524288187411546147e+00,6.864216970164506437e-02,-1.979200023562241451e-02,2.220056413953288974e-05,1.795373221291949761e+00
9.528032007453766994e+00,6.856810097414230143e-02,-1.977653257601021120e-02,2.210489653983062269e-05,1.795380747517550279e+00
9.531775827495989617e+00,6.849409012126261853e-02,-1.976108281390127203e-02,2.200961285354085349e-05,1.795388247197341691e+00
9.535519647538210464e+00,6.842013707605154593e-02,-1.974565092234693495e-02,2.191471160389246045e-05,1.795395720413013319e+00
9.539263467580431310e+00,6.834624177165525560e-02,-1.973023687444754731e-02,2.182019131976238837e-05,1.795403167246028886e+00
9.543007287622653934e+00,6.827240414132056123e-02,-1.971484064335240344e-02,2.172605053565367317e-05,1.795410587777627853e+00
9.546751107664874780e+00,6.819862411839482108e-02,-1.969946220225966133e-02,2.163228779167344947e-05,1.795417982088826969e+00
9.550494927707097403e+00,6.812490163632548001e-02,-1.968410152441617961e-02,2.153890163351058557e-05,1.795425350260419606e+00
9.554238747749318250e+00,6.805123662866019441e-02,-1.966875858311748632e-02,2.144589061241412815e-05,1.795432692372976646e+00
9.557982567791539097e+00,6.797762902904644355e-02,-1.965343335170761235e-02,2.135325328517123536e-05,1.795440008506846485e+00
9.561726387833761720e+00,6.790407877123134928e-02,-1.963812580357902210e-02,2.126098821408539452e-05,1.795447298742157916e+00
9.565470207875982567e+00,6.783058578906168978e-02,-1.962283591217253015e-02,2.116909396695503624e-05,1.795454563158817241e+00
9.569214027918203413e+00,6.775715001648349722e-02,-1.960756365097715906e-02,2.107756911705168436e-05,1.795461801836512272e+00
9.572957847960426037e+00,6.768377138754193278e-02,-1.959230899353005262e-02,2.098641224309853617e-05,1.795469014854710332e+00
9.576701668002646883e+00,6.761044983638128669e-02,-1.957707191341640299e-02,2.089562192924930014e-05,1.795476202292659806e+00
9.580445488044869506e+00,6.753718529724445085e-02,-1.956185238426930151e-02,2.080519676506646445e-05,1.795483364229391254e+00
9.584189308087090353e+00,6.746397770447315478e-02,-1.954665037976968667e-02,2.071513534550058872e-05,1.795490500743716966e+00
9.587933128129311200e+00,6.739082699250741049e-02,-1.953146587364620532e-02,2.062543627086871825e-05,1.795497611914232516e+00
9.591676948171533823e+00,6.731773309588549858e-02,-1.951629883967512247e-02,2.053609814683354017e-05,1.795504697819315654e+00
9.595420768213754670e+00,6.724469594924394056e-02,-1.950114925168025537e-02,2.044711958438261428e-05,1.795511758537129632e+00
9.599164588255977293e+00,6.717171548731698527e-02,-1.948601708353281739e-02,2.035849919980709210e-05,1.795518794145621433e+00
9.602908408298198140e+00,6.709879164493676162e-02,-1.947090230915136944e-02,2.027023561468133057e-05,1.795525804722522212e+00
9.606652228340418986e+00,6.702592435703284834e-02,-1.945580490250168118e-02,2.018232745584190251e-05,1.795532790345349516e+00
9.610396048382641609e+00,6.695311355863221847e-02,-1.944072483759665820e-02,2.009477335536711200e-05,1.795539751091407288e+00
9.614139868424862456e+00,6.688035918485914222e-02,-1.942566208849624831e-02,2.000757195055657072e-05,1.795546687037786304e+00
9.617883688467083303e+00,6.680766117093479839e-02,-1.941061662930731319e-02,1.992072188391049307e-05,1.795553598261363515e+00
9.621627508509305926e+00,6.673501945217726050e-02,-1.939558843418354162e-02,1.983422180310954018e-05,1.795560484838804483e+00
9.625371328551526773e+00,6.666243396400131638e-02,-1.938057747732539055e-02,1.974807036099451485e-05,1.795567346846562717e+00
9.629115148593749396e+00,6.658990464191819059e-02,-1.936558373297991853e-02,1.966226621554606661e-05,1.795574184360881231e+00
9.632858968635970243e+00,6.651743142153551669e-02,-1.935060717544075451e-02,1.957680802986474581e-05,1.795580997457791872e+00
9.636602788678191089e+00,6.644501423855699029e-02,-1.933564777904794862e-02,1.949169447215076968e-05,1.795587786213116654e+00
9.640346608720413712e+00,6.637265302878231354e-02,-1.932070551818790283e-02,1.940692421568421873e-05,1.795594550702468650e+00
9.644090428762634559e+00,6.630034772810707022e-02,-1.930578036729328414e-02,1.932249593880521615e-05,1.795601291001250877e+00
9.647834248804855406e+00,6.622809827252239268e-02,-1.929087230084289631e-02,1.923840832489397511e-05,1.795608007184659405e+00
9.651578068847078029e+00,6.615590459811483692e-02,-1.927598129336159996e-02,1.915466006235114083e-05,1.795614699327681585e+00
9.655321888889298876e+00,6.608376664106639653e-02,-1.926110731942023285e-02,1.907124984457838333e-05,1.795621367505097821e+00
9.659065708931521499e+00,6.601168433765401689e-02,-1.924625035363547454e-02,1.898817636995850237e-05,1.795628011791481349e+00
9.662809528973742346e+00,6.593965762424974786e-02,-1.923141037066980127e-02,1.890543834183632172e-05,1.795634632261199570e+00
9.666553349015963192e+00,6.586768643732027195e-02,-1.921658734523134723e-02,1.882303446849898385e-05,1.795641228988414495e+00
9.670297169058185816e+00,6.579577071342690431e-02,-1.920178125207381778e-02,1.874096346315681707e-05,1.795647802047082298e+00
9.674040989100406662e+00,6.572391038922550943e-02,-1.918699206599643048e-02,1.865922404392424008e-05,1.795654351510955316e+00
9.677784809142627509e+00,6.565210540146605711e-02,-1.917221976184376939e-02,1.857781493380027344e-05,1.795660877453581383e+00
9.681528629184850132e+00,6.558035568699267792e-02,-1.915746431450571566e-02,1.849673486064975231e-05,1.795667379948304720e+00
9.685272449227070979e+00,6.550866118274345506e-02,-1.914272569891736775e-02,1.841598255718428185e-05,1.795673859068266820e+00
9.689016269269293602e+00,6.543702182575016069e-02,-1.912800389005890611e-02,1.833555676094322635e-05,1.795680314886406448e+00
9.692760089311514449e+00,6.536543755313824200e-02,-1.911329886295555502e-02,1.825545621427503048e-05,1.795686747475460310e+00
9.696503909353735295e+00,6.529390830212647434e-02,-1.909861059267743341e-02,1.817567966431827964e-05,1.795693156907964383e+00
9.700247729395957919e+00,6.522243401002687790e-02,-1.908393905433949239e-02,1.809622586298311267e-05,1.795699543256253472e+00
9.703991549438178765e+00,6.515101461424466223e-02,-1.906928422310143201e-02,1.801709356693273278e-05,1.795705906592461432e+00
9.707735369480401388e+00,6.507965005227782374e-02,-1.905464607416756592e-02,1.793828153756461363e-05,1.795712246988522498e+00
9.711479189522622235e+00,6.500834026171722901e-02,-1.904002458278678325e-02,1.785978854099234571e-05,1.795718564516172622e+00
9.715223009564843082e+00,6.493708518024619847e-02,-1.902541972425240979e-02,1.778161334802695075e-05,1.795724859246947247e+00
9.718966829607065705e+00,6.486588474564053408e-02,-1.901083147390212821e-02,1.770375473415881627e-05,1.795731131252184198e+00
9.722710649649286552e+00,6.479473889576832513e-02,-1.899625980711792256e-02,1.762621147953942672e-05,1.795737380603024569e+00
9.726454469691507398e+00,6.472364756858965673e-02,-1.898170469932592211e-02,1.754898236896307098e-05,1.795743607370410722e+00
9.730198289733730022e+00,6.465261070215656825e-02,-1.896716612599635629e-02,1.747206619184889540e-05,1.795749811625088510e+00
9.733942109775950868e+00,6.458162823461290059e-02,-1.895264406264346446e-02,1.739546174222291627e-05,1.795755993437608389e+00
9.737685929818173491e+00,6.451070010419396317e-02,-1.893813848482536061e-02,1.731916781869989323e-05,1.795762152878324303e+00
9.741429749860394338e+00,6.443982624922665881e-02,-1.892364936814400558e-02,1.724318322446579237e-05,1.795768290017395019e+00
9.745173569902615185e+00,6.436900660812901187e-02,-1.890917668824506140e-02,1.716750676725966308e-05,1.795774404924785683e+00
9.748917389944837808e+00,6.429824111941015441e-02,-1.889472042081781836e-02,1.709213725935607397e-05,1.795780497670264930e+00
9.752661209987058655e+00,6.422752972167025676e-02,-1.888028054159513608e-02,1.701707351754757933e-05,1.795786568323410437e+00
9.756405030029279501e+00,6.415687235360013896e-02,-1.886585702635329431e-02,1.694231436312691443e-05,1.795792616953604481e+00
9.760148850071502125e+00,6.408626895398125689e-02,-1.885144985091194436e-02,1.686785862186962801e-05,1.795798643630037272e+00
9.763892670113722971e+00,6.401571946168560512e-02,-1.883705899113402929e-02,1.679370512401675536e-05,1.795804648421708283e+00
9.767636490155945594e+00,6.394522381567532832e-02,-1.882268442292564167e-02,1.671985270425718309e-05,1.795810631397422474e+00
9.771380310198166441e+00,6.387478195500279066e-02,-1.880832612223599931e-02,1.664630020171064409e-05,1.795816592625796515e+00
9.775124130240387288e+00,6.380439381881028438e-02,-1.879398406505730298e-02,1.657304645991032626e-05,1.795822532175254338e+00
9.778867950282609911e+00,6.373405934632986325e-02,-1.877965822742466359e-02,1.650009032678574890e-05,1.795828450114030250e+00
9.782611770324830758e+00,6.366377847688331482e-02,-1.876534858541604664e-02,1.642743065464580848e-05,1.795834346510169377e+00
9.786355590367051605e+00,6.359355114988181346e-02,-1.875105511515213000e-02,1.635506630016157032e-05,1.795840221431526995e+00
9.790099410409274228e+00,6.352337730482587874e-02,-1.873677779279624145e-02,1.628299612434947025e-05,1.795846074945769866e+00
9.793843230451495074e+00,6.345325688130523667e-02,-1.872251659455428929e-02,1.621121899255444508e-05,1.795851907120376234e+00
9.797587050493717697e+00,6.338318981899854210e-02,-1.870827149667463399e-02,1.613973377443302584e-05,1.795857718022637162e+00
9.801330870535938544e+00,6.331317605767339263e-02,-1.869404247544804304e-02,1.606853934393676642e-05,1.795863507719656083e+00
9.805074690578159391e+00,6.324321553718596778e-02,-1.867982950720756610e-02,1.599763457929538423e-05,1.795869276278350135e+00
9.808818510620382014e+00,6.317330819748097348e-02,-1.866563256832845866e-02,1.592701836300024982e-05,1.795875023765448830e+00
9.812562330662602861e+00,6.310345397859160044e-02,-1.865145163522812649e-02,1.585668958178798835e-05,1.795880750247497604e+00
9.816306150704823708e+00,6.303365282063914943e-02,-1.863728668436599040e-02,1.578664712662378622e-05,1.795886455790855596e+00
9.820049970747046331e+00,6.296390466383293416e-02,-1.862313769224341331e-02,1.571688989268506373e-05,1.795892140461696762e+00
9.823793790789267177e+00,6.289420944847030903e-02,-1.860900463540365868e-02,1.564741677934531361e-05,1.795897804326011649e+00
9.827537610831489800e+00,6.282456711493623891e-02,-1.859488749043172739e-02,1.557822669015758056e-05,1.795903447449606727e+00
9.831281430873710647e+00,6.275497760370335465e-02,-1.858078623395434045e-02,1.550931853283845228e-05,1.795909069898103949e+00
9.835025250915931494e+00,6.268544085533166166e-02,-1.856670084263980711e-02,1.544069121925181341e-05,1.795914671736943857e+00
9.838769070958154117e+00,6.261595681046842887e-02,-1.855263129319796242e-02,1.537234366539280272e-05,1.795920253031384251e+00
9.842512891000374964e+00,6.254652540984811937e-02,-1.853857756238008053e-02,1.530427479137191256e-05,1.795925813846499297e+00
9.846256711042597587e+00,6.247714659429205730e-02,-1.852453962697877404e-02,1.523648352139884958e-05,1.795931354247183975e+00
9.850000531084818434e+00,6.240782030470847647e-02,-1.851051746382793850e-02,1.516896878376688828e-05,1.795936874298150965e+00
9.853744351127039280e+00,6.233854648209218030e-02,-1.849651104980262403e-02,1.510172951083685868e-05,1.795942374063932423e+00
9.857488171169261904e+00,6.226932506752446556e-02,-1.848252036181898678e-02,1.503476463902148814e-05,1.795947853608880873e+00
9.861231991211482750e+00,6.220015600217308066e-02,-1.846854537683420214e-02,1.496807310876981759e-05,1.795953312997168316e+00
9.864975811253703597e+00,6.213103922729185796e-02,-1.845458607184636071e-02,1.490165386455138575e-05,1.795958752292789118e+00
9.868719631295926220e+00,6.206197468422067209e-02,-1.844064242389438502e-02,1.483550585484077416e-05,1.795964171559557343e+00
9.872463451338147067e+00,6.199296231438538446e-02,-1.842671441005798091e-02,1.476962803210220644e-05,1.795969570861109865e+00
9.876207271380369690e+00,6.192400205929744772e-02,-1.841280200745749884e-02,1.470401935277389002e-05,1.795974950260905034e+00
9.879951091422590537e+00,6.185509386055404457e-02,-1.839890519325390952e-02,1.463867877725291865e-05,1.795980309822224452e+00
9.883694911464811383e+00,6.178623765983766447e-02,-1.838502394464866865e-02,1.457360526987971916e-05,1.795985649608173196e+00
9.887438731507034007e+00,6.171743339891611058e-02,-1.837115823888365099e-02,1.450879779892294209e-05,1.795990969681678484e+00
9.891182551549254853e+00,6.164868101964236791e-02,-1.835730805324110176e-02,1.444425533656431337e-05,1.795996270105493453e+00
9.894926371591475700e+00,6.157998046395433273e-02,-1.834347336504349446e-02,1.437997685888338430e-05,1.796001550942194269e+00
9.898670191633698323e+00,6.151133167387472234e-02,-1.832965415165348569e-02,1.431596134584253911e-05,1.796006812254183238e+00
9.902414011675919170e+00,6.144273459151099875e-02,-1.831585039047384234e-02,1.425220778127205836e-05,1.796012054103687472e+00
9.906157831718141793e+00,6.137418915905505645e-02,-1.830206205894731319e-02,1.418871515285503159e-05,1.796017276552760000e+00
9.909901651760362640e+00,6.130569531878327094e-02,-1.828828913455660121e-02,1.412548245211265791e-05,1.796022479663279547e+00
9.913645471802583486e+00,6.123725301305616570e-02,-1.827453159482424205e-02,1.406250867438926030e-05,1.796027663496953419e+00
9.917389291844806110e+00,6.116886218431830807e-02,-1.826078941731253472e-02,1.399979281883756755e-05,1.796032828115314617e+00
9.921133111887026956e+00,6.110052277509833707e-02,-1.824706257962348255e-02,1.393733388840417072e-05,1.796037973579724278e+00
9.924876931929247803e+00,6.103223472800853311e-02,-1.823335105939866488e-02,1.387513088981463062e-05,1.796043099951371680e+00
9.928620751971470426e+00,6.096399798574482498e-02,-1.821965483431919192e-02,1.381318283355903924e-05,1.796048207291274679e+00
9.932364572013691273e+00,6.089581249108673433e-02,-1.820597388210562495e-02,1.375148873387756771e-05,1.796053295660279936e+00
9.936108392055913896e+00,6.082767818689698014e-02,-1.819230818051787227e-02,1.369004760874579061e-05,1.796058365119064471e+00
9.939852212098134743e+00,6.075959501612158281e-02,-1.817865770735513017e-02,1.362885847986049983e-05,1.796063415728134105e+00
9.943596032140355589e+00,6.069156292178953804e-02,-1.816502244045578932e-02,1.356792037262519495e-05,1.796068447547825464e+00
9.947339852182578213e+00,6.062358184701271274e-02,-1.815140235769735141e-02,1.350723231613582930e-05,1.796073460638306196e+00
9.951083672224799059e+00,6.055565173498584502e-02,-1.813779743699638070e-02,1.344679334316670862e-05,1.796078455059574752e+00
9.954827492267021682e+00,6.048777252898612095e-02,-1.812420765630836858e-02,1.338660249015606943e-05,1.796083430871461495e+00
9.958571312309242529e+00,6.041994417237332715e-02,-1.811063299362771981e-02,1.332665879719222329e-05,1.796088388133629365e+00
9.962315132351463376e+00,6.035216660858946924e-02,-1.809707342698761018e-02,1.326696130799928090e-05,1.796093326905572329e+00
9.966058952393685999e+00,6.028443978115870933e-02,-1.808352893445994841e-02,1.320750906992322519e-05,1.796098247246619373e+00
9.969802772435906846e+00,6.021676363368734519e-02,-1.806999949415528939e-02,1.314830113391806741e-05,1.796103149215931172e+00
9.973546592478127693e+00,6.014913810986342868e-02,-1.805648508422274742e-02,1.308933655453174570e-05,1.796108032872503868e+00
9.977290412520350316e+00,6.008156315345677956e-02,-1.804298568284990606e-02,1.303061438989242355e-05,1.796112898275165515e+00
9.981034232562571162e+00,6.001403870831887449e-02,-1.802950126826279031e-02,1.297213370169473899e-05,1.796117745482581851e+00
9.984778052604793785e+00,5.994656471838252787e-02,-1.801603181872570708e-02,1.291389355518592347e-05,1.796122574553251416e+00
9.988521872647014632e+00,5.987914112766196811e-02,-1.800257731254125207e-02,1.285589301915231876e-05,1.796127385545508659e+00
9.992265692689235479e+00,5.981176788025250463e-02,-1.798913772805017450e-02,1.279813116590559743e-05,1.796132178517525935e+00
9.996009512731458102e+00,5.974444492033045145e-02,-1.797571304363130423e-02,1.274060707126925607e-05,1.796136953527309288e+00
9.999753332773678949e+00,5.967717219215309954e-02,-1.796230323770151363e-02,1.268331981456520503e-05,1.796141710632703115e+00
1.000349715281589980e+01,5.960994964005836977e-02,-1.794890828871559957e-02,1.262626847860013971e-05,1.796146449891389274e+00
1.000724097285812242e+01,5.954277720846477828e-02,-1.793552817516620712e-02,1.256945214965223195e-05,1.796151171360886201e+00
1.001098479290034327e+01,5.947565484187138790e-02,-1.792216287558379834e-02,1.251286991745786378e-05,1.796155875098552013e+00
1.001472861294256589e+01,5.940858248485744036e-02,-1.790881236853650652e-02,1.245652087519813932e-05,1.796160561161581848e+00
1.001847243298478674e+01,5.934156008208246735e-02,-1.789547663263012234e-02,1.240040411948585737e-05,1.796165229607010305e+00
1.002221625302700758e+01,5.927458757828592273e-02,-1.788215564650797243e-02,1.234451875035213676e-05,1.796169880491711668e+00
1.002596007306923021e+01,5.920766491828717559e-02,-1.786884938885086385e-02,1.228886387123339411e-05,1.796174513872399681e+00
1.002970389311145105e+01,5.914079204698539927e-02,-1.785555783837701818e-02,1.223343858895828591e-05,1.796179129805628216e+00
1.003344771315367190e+01,5.907396890935930761e-02,-1.784228097384196743e-02,1.217824201373457108e-05,1.796183728347792163e+00
1.003719153319589452e+01,5.900719545046705788e-02,-1.782901877403848812e-02,1.212327325913618015e-05,1.796188309555126761e+00
1.004093535323811537e+01,5.894047161544623686e-02,-1.781577121779655618e-02,1.206853144209038103e-05,1.796192873483710040e+00
1.004467917328033799e+01,5.887379734951349308e-02,-1.780253828398321164e-02,1.201401568286472620e-05,1.796197420189459937e+00
1.004842299332255884e+01,5.880717259796465479e-02,-1.778931995150254824e-02,1.195972510505443874e-05,1.796201949728138292e+00
1.005216681336477969e+01,5.874059730617436220e-02,-1.777611619929558504e-02,1.190565883556945777e-05,1.796206462155348405e+00
1.005591063340700231e+01,5.867407141959601197e-02,-1.776292700634021435e-02,1.185181600462177364e-05,1.796210957526537477e+00
1.005965445344922315e+01,5.860759488376176413e-02,-1.774975235165114629e-02,1.179819574571289182e-05,1.796215435896995949e+00
1.006339827349144400e+01,5.854116764428213965e-02,-1.773659221427979771e-02,1.174479719562099529e-05,1.796219897321858605e+00
1.006714209353366662e+01,5.847478964684604819e-02,-1.772344657331422282e-02,1.169161949438850161e-05,1.796224341856103024e+00
1.007088591357588747e+01,5.840846083722070481e-02,-1.771031540787907851e-02,1.163866178530960306e-05,1.796228769554553129e+00
1.007462973361811009e+01,5.834218116125129000e-02,-1.769719869713549595e-02,1.158592321491762217e-05,1.796233180471877411e+00
1.007837355366033094e+01,5.827595056486104680e-02,-1.768409642028105286e-02,1.153340293297278899e-05,1.796237574662589598e+00
1.008211737370255179e+01,5.820976899405094773e-02,-1.767100855654966246e-02,1.148110009244971518e-05,1.796241952181049539e+00
1.008586119374477441e+01,5.814363639489963931e-02,-1.765793508521151453e-02,1.142901384952513408e-05,1.796246313081462986e+00
1.008960501378699526e+01,5.807755271356340038e-02,-1.764487598557302334e-02,1.137714336356571187e-05,1.796250657417882923e+00
1.009334883382921788e+01,5.801151789627578825e-02,-1.763183123697671661e-02,1.132548779711564532e-05,1.796254985244209790e+00
1.009709265387143873e+01,5.794553188934777055e-02,-1.761880081880119395e-02,1.127404631588471019e-05,1.796259296614190593e+00
1.010083647391365957e+01,5.787959463916732966e-02,-1.760578471046102614e-02,1.122281808873592669e-05,1.796263591581420460e+00
1.010458029395588220e+01,5.781370609219946971e-02,-1.759278289140669624e-02,1.117180228767359263e-05,1.796267870199342642e+00
1.010832411399810304e+01,5.774786619498614715e-02,-1.757979534112455444e-02,1.112099808783131483e-05,1.796272132521250509e+00
1.011206793404032389e+01,5.768207489414596545e-02,-1.756682203913668278e-02,1.107040466745988639e-05,1.796276378600284440e+00
1.011581175408254651e+01,5.761633213637411960e-02,-1.755386296500087429e-02,1.102002120791542483e-05,1.796280608489435382e+00
1.011955557412476736e+01,5.755063786844236140e-02,-1.754091809831055324e-02,1.096984689364756108e-05,1.796284822241544177e+00
1.012329939416698998e+01,5.748499203719865253e-02,-1.752798741869467797e-02,1.091988091218743362e-05,1.796289019909301787e+00
1.012704321420921083e+01,5.741939458956728248e-02,-1.751507090581770273e-02,1.087012245413609770e-05,1.796293201545249740e+00
1.013078703425143168e+01,5.735384547254850779e-02,-1.750216853937947362e-02,1.082057071315260586e-05,1.796297367201779904e+00
1.013453085429365430e+01,5.728834463321852422e-02,-1.748928029911517648e-02,1.077122488594238837e-05,1.796301516931136932e+00
1.013827467433587515e+01,5.722289201872941128e-02,-1.747640616479527453e-02,1.072208417224566749e-05,1.796305650785416264e+00
1.014201849437809599e+01,5.715748757630884774e-02,-1.746354611622540770e-02,1.067314777482573622e-05,1.796309768816565677e+00
1.014576231442031862e+01,5.709213125326002142e-02,-1.745070013324634406e-02,1.062441489945742852e-05,1.796313871076386404e+00
1.014950613446253946e+01,5.702682299696164997e-02,-1.743786819573391392e-02,1.057588475491573177e-05,1.796317957616530903e+00
1.015324995450476209e+01,5.696156275486757847e-02,-1.742505028359890573e-02,1.052755655296410789e-05,1.796322028488506195e+00
1.015699377454698293e+01,5.689635047450693206e-02,-1.741224637678704182e-02,1.047942950834329386e-05,1.796326083743672752e+00
1.016073759458920378e+01,5.683118610348375510e-02,-1.739945645527887427e-02,1.043150283875974484e-05,1.796330123433245607e+00
1.016448141463142640e+01,5.676606958947697651e-02,-1.738668049908970864e-02,1.038377576487439229e-05,1.796334147608292353e+00
1.016822523467364725e+01,5.670100088024037505e-02,-1.737391848826958310e-02,1.033624751029141237e-05,1.796338156319738033e+00
1.017196905471586810e+01,5.663597992360226013e-02,-1.736117040290314356e-02,1.028891730154686210e-05,1.796342149618361583e+00
1.017571287475809072e+01,5.657100666746542328e-02,-1.734843622310959163e-02,1.024178436809752904e-05,1.796346127554797167e+00
1.017945669480031157e+01,5.650608105980713808e-02,-1.733571592904264297e-02,1.019484794230989277e-05,1.796350090179535730e+00
1.018320051484253419e+01,5.644120304867877164e-02,-1.732300950089039893e-02,1.014810725944881190e-05,1.796354037542923443e+00
1.018694433488475504e+01,5.637637258220593028e-02,-1.731031691887535695e-02,1.010156155766667525e-05,1.796357969695165036e+00
1.019068815492697588e+01,5.631158960858809875e-02,-1.729763816325425446e-02,1.005521007799220414e-05,1.796361886686320242e+00
1.019443197496919851e+01,5.624685407609863325e-02,-1.728497321431806191e-02,1.000905206431957472e-05,1.796365788566308019e+00
1.019817579501141935e+01,5.618216593308468509e-02,-1.727232205239190646e-02,9.963086763397521777e-06,1.796369675384904108e+00
1.020191961505364198e+01,5.611752512796687464e-02,-1.725968465783495748e-02,9.917313424818300209e-06,1.796373547191741915e+00
1.020566343509586282e+01,5.605293160923944390e-02,-1.724706101104043349e-02,9.871731301007053040e-06,1.796377404036315184e+00
1.020940725513808367e+01,5.598838532546984714e-02,-1.723445109243545992e-02,9.826339647210801704e-06,1.796381245967975326e+00
1.021315107518030629e+01,5.592388622529877173e-02,-1.722185488248104135e-02,9.781137721487793754e-06,1.796385073035933200e+00
1.021689489522252714e+01,5.585943425744008262e-02,-1.720927236167199906e-02,9.736124784696835327e-06,1.796388885289259330e+00
1.022063871526474799e+01,5.579502937068051005e-02,-1.719670351053687388e-02,9.691300100486489785e-06,1.796392682776884575e+00
1.022438253530697061e+01,5.573067151387962187e-02,-1.718414830963787068e-02,9.646662935284511820e-06,1.796396465547599686e+00
1.022812635534919146e+01,5.566636063596978184e-02,-1.717160673957081676e-02,9.602212558287318838e-06,1.796400233650056633e+00
1.023187017539141408e+01,5.560209668595582355e-02,-1.715907878096504385e-02,9.557948241449306488e-06,1.796403987132768165e+00
1.023561399543363493e+01,5.553787961291515446e-02,-1.714656441448337773e-02,9.513869259472491135e-06,1.796407726044108921e+00
1.023935781547585577e+01,5.547370936599741592e-02,-1.713406362082201678e-02,9.469974889795913485e-06,1.796411450432314538e+00
1.024310163551807840e+01,5.540958589442446930e-02,-1.712157638071050078e-02,9.426264412585279371e-06,1.796415160345484097e+00
1.024684545556029924e+01,5.534550914749034045e-02,-1.710910267491163803e-02,9.382737110722629337e-06,1.796418855831577899e+00
1.025058927560252009e+01,5.528147907456092830e-02,-1.709664248422143248e-02,9.339392269795884557e-06,1.796422536938420134e+00
1.025433309564474271e+01,5.521749562507396319e-02,-1.708419578946900400e-02,9.296229178088607904e-06,1.796426203713697545e+00
1.025807691568696356e+01,5.515355874853897916e-02,-1.707176257151656398e-02,9.253247126569795505e-06,1.796429856204961206e+00
1.026182073572918618e+01,5.508966839453698083e-02,-1.705934281125929750e-02,9.210445408883536166e-06,1.796433494459625191e+00
1.026556455577140703e+01,5.502582451272054059e-02,-1.704693648962534586e-02,9.167823321338965562e-06,1.796437118524969234e+00
1.026930837581362788e+01,5.496202705281349327e-02,-1.703454358757569218e-02,9.125380162900015437e-06,1.796440728448136070e+00
1.027305219585585050e+01,5.489827596461089448e-02,-1.702216408610413359e-02,9.083115235175366110e-06,1.796444324276135429e+00
1.027679601589807135e+01,5.483457119797897211e-02,-1.700979796623720494e-02,9.041027842408437925e-06,1.796447906055840260e+00
1.028053983594029219e+01,5.477091270285484176e-02,-1.699744520903410591e-02,8.999117291467269211e-06,1.796451473833990731e+00
1.028428365598251482e+01,5.470730042924647207e-02,-1.698510579558663511e-02,8.957382891834587361e-06,1.796455027657193115e+00
1.028802747602473566e+01,5.464373432723264312e-02,-1.697277970701914496e-02,8.915823955597930735e-06,1.796458567571918907e+00
1.029177129606695829e+01,5.458021434696262719e-02,-1.696046692448844456e-02,8.874439797439614706e-06,1.796462093624507705e+00
1.029551511610917913e+01,5.451674043865630676e-02,-1.694816742918376848e-02,8.833229734627024663e-06,1.796465605861164994e+00
1.029925893615139998e+01,5.445331255260382058e-02,-1.693588120232668651e-02,8.792193087002649822e-06,1.796469104327964805e+00
1.030300275619362260e+01,5.438993063916556375e-02,-1.692360822517104471e-02,8.751329176974366063e-06,1.796472589070848613e+00
1.030674657623584345e+01,5.432659464877213906e-02,-1.691134847900292032e-02,8.710637329505750955e-06,1.796476060135625552e+00
1.031049039627806607e+01,5.426330453192402398e-02,-1.689910194514051764e-02,8.670116872106231072e-06,1.796479517567973749e+00
1.031423421632028692e+01,5.420006023919171634e-02,-1.688686860493415418e-02,8.629767134821585055e-06,1.796482961413439883e+00
1.031797803636250777e+01,5.413686172121536661e-02,-1.687464843976615309e-02,8.589587450224158690e-06,1.796486391717440068e+00
1.032172185640473039e+01,5.407370892870477092e-02,-1.686244143105079460e-02,8.549577153403344258e-06,1.796489808525259635e+00
1.032546567644695124e+01,5.401060181243933639e-02,-1.685024756023427439e-02,8.509735581956073434e-06,1.796493211882054020e+00
1.032920949648917208e+01,5.394754032326779664e-02,-1.683806680879459949e-02,8.470062075977203469e-06,1.796496601832848539e+00
1.033295331653139471e+01,5.388452441210814930e-02,-1.682589915824154667e-02,8.430555978050067683e-06,1.796499978422539723e+00
1.033669713657361555e+01,5.382155402994765608e-02,-1.681374459011661729e-02,8.391216633237110677e-06,1.796503341695893985e+00
1.034044095661583818e+01,5.375862912784250963e-02,-1.680160308599292635e-02,8.352043389070349039e-06,1.796506691697549618e+00
1.034418477665805902e+01,5.369574965691793766e-02,-1.678947462747519548e-02,8.313035595542140387e-06,1.796510028472015907e+00
1.034792859670027987e+01,5.363291556836789070e-02,-1.677735919619964197e-02,8.274192605095732171e-06,1.796513352063674684e+00
1.035167241674250249e+01,5.357012681345502819e-02,-1.676525677383394058e-02,8.235513772616030707e-06,1.796516662516779439e+00
1.035541623678472334e+01,5.350738334351064912e-02,-1.675316734207716457e-02,8.196998455420375298e-06,1.796519959875456207e+00
1.035916005682694419e+01,5.344468510993442834e-02,-1.674109088265971282e-02,8.158646013249224257e-06,1.796523244183704016e+00
1.036290387686916681e+01,5.338203206419439573e-02,-1.672902737734323353e-02,8.120455808257025587e-06,1.796526515485395104e+00
1.036664769691138765e+01,5.331942415782686684e-02,-1.671697680792061033e-02,8.082427205003104599e-06,1.796529773824274923e+00
1.037039151695361028e+01,5.325686134243615838e-02,-1.670493915621584086e-02,8.044559570442441420e-06,1.796533019243963913e+00
1.037413533699583112e+01,5.319434356969470618e-02,-1.669291440408401592e-02,8.006852273916738181e-06,1.796536251787954619e+00
1.037787915703805197e+01,5.313187079134270435e-02,-1.668090253341124318e-02,7.969304687145230403e-06,1.796539471499616347e+00
1.038162297708027459e+01,5.306944295918811921e-02,-1.666890352611457432e-02,7.931916184215754192e-06,1.796542678422190953e+00
1.038536679712249544e+01,5.300706002510665454e-02,-1.665691736414197724e-02,7.894686141575828672e-06,1.796545872598797278e+00
1.038911061716471629e+01,5.294472194104143242e-02,-1.664494402947224241e-02,7.857613938023594427e-06,1.796549054072429152e+00
1.039285443720693891e+01,5.288242865900300710e-02,-1.663298350411492044e-02,7.820698954698994195e-06,1.796552222885955619e+00
1.039659825724915976e+01,5.282018013106929560e-02,-1.662103577011029773e-02,7.783940575074928150e-06,1.796555379082122261e+00
1.040034207729138238e+01,5.275797630938529326e-02,-1.660910080952929246e-02,7.747338184948326175e-06,1.796558522703551430e+00
1.040408589733360323e+01,5.269581714616317775e-02,-1.659717860447342333e-02,7.710891172431479323e-06,1.796561653792741575e+00
1.040782971737582407e+01,5.263370259368196913e-02,-1.658526913707472975e-02,7.674598927943145980e-06,1.796564772392068132e+00
1.041157353741804670e+01,5.257163260428755758e-02,-1.657337238949572328e-02,7.638460844199903646e-06,1.796567878543785524e+00
1.041531735746026754e+01,5.250960713039262706e-02,-1.656148834392932520e-02,7.602476316207482954e-06,1.796570972290023160e+00
1.041906117750248839e+01,5.244762612447637778e-02,-1.654961698259880057e-02,7.566644741252005951e-06,1.796574053672790994e+00
1.042280499754471101e+01,5.238568953908451231e-02,-1.653775828775770271e-02,7.530965518891424294e-06,1.796577122733976406e+00
1.042654881758693186e+01,5.232379732682921475e-02,-1.652591224168981771e-02,7.495438050946978616e-06,1.796580179515344877e+00
1.043029263762915448e+01,5.226194944038880380e-02,-1.651407882670909155e-02,7.460061741494504579e-06,1.796583224058541761e+00
1.043403645767137533e+01,5.220014583250788542e-02,-1.650225802515958504e-02,7.424835996856061650e-06,1.796586256405090731e+00
1.043778027771359618e+01,5.213838645599701282e-02,-1.649044981941540783e-02,7.389760225591311147e-06,1.796589276596396667e+00
1.044152409775581880e+01,5.207667126373267258e-02,-1.647865419188064562e-02,7.354833838489114525e-06,1.796592284673742546e+00
1.044526791779803965e+01,5.201500020865727075e-02,-1.646687112498933583e-02,7.320056248559164689e-06,1.796595280678292550e+00
1.044901173784026227e+01,5.195337324377879290e-02,-1.645510060120536008e-02,7.285426871023463145e-06,1.796598264651091403e+00
1.045275555788248312e+01,5.189179032217094284e-02,-1.644334260302244069e-02,7.250945123308103786e-06,1.796601236633064591e+00
1.045649937792470396e+01,5.183025139697280959e-02,-1.643159711296402967e-02,7.216610425034821193e-06,1.796604196665018804e+00
1.046024319796692659e+01,5.176875642138886735e-02,-1.641986411358327402e-02,7.182422198012759170e-06,1.796607144787641497e+00
1.046398701800914743e+01,5.170730534868894779e-02,-1.640814358746297760e-02,7.148379866230254525e-06,1.796610081041503326e+00
1.046773083805136828e+01,5.164589813220792774e-02,-1.639643551721549353e-02,7.114482855846496336e-06,1.796613005467055713e+00
1.047147465809359090e+01,5.158453472534573619e-02,-1.638473988548270338e-02,7.080730595183395283e-06,1.796615918104633280e+00
1.047521847813581175e+01,5.152321508156731261e-02,-1.637305667493596170e-02,7.047122514717452976e-06,1.796618818994452749e+00
1.047896229817803437e+01,5.146193915440231553e-02,-1.636138586827600230e-02,7.013658047071533032e-06,1.796621708176614929e+00
1.048270611822025522e+01,5.140070689744521276e-02,-1.634972744823291746e-02,6.980336627006867626e-06,1.796624585691101839e+00
1.048644993826247607e+01,5.133951826435498994e-02,-1.633808139756608505e-02,6.947157691414886161e-06,1.796627451577781809e+00
1.049019375830469869e+01,5.127837320885513667e-02,-1.632644769906409915e-02,6.914120679309232833e-06,1.796630305876405265e+00
1.049393757834691954e+01,5.121727168473359099e-02,-1.631482633554473885e-02,6.881225031817785036e-06,1.796633148626606946e+00
1.049768139838914038e+01,5.115621364584249653e-02,-1.630321728985488841e-02,6.848470192174608247e-06,1.796635979867906574e+00
1.050142521843136301e+01,5.109519904609814006e-02,-1.629162054487048178e-02,6.815855605712036264e-06,1.796638799639709072e+00
1.050516903847358385e+01,5.103422783948097230e-02,-1.628003608349646789e-02,6.783380719852823448e-06,1.796641607981303457e+00
1.050891285851580648e+01,5.097329998003526097e-02,-1.626846388866672044e-02,6.751044984102137722e-06,1.796644404931865280e+00
1.051265667855802732e+01,5.091241542186922264e-02,-1.625690394334401365e-02,6.718847850039835626e-06,1.796647190530454852e+00
1.051640049860024817e+01,5.085157411915473130e-02,-1.624535623051992853e-02,6.686788771312544258e-06,1.796649964816018574e+00
1.052014431864247079e+01,5.079077602612728365e-02,-1.623382073321483210e-02,6.654867203625905836e-06,1.796652727827390272e+00
1.052388813868469164e+01,5.073002109708596441e-02,-1.622229743447780106e-02,6.623082604736857844e-06,1.796655479603288974e+00
1.052763195872691249e+01,5.066930928639318960e-02,-1.621078631738657322e-02,6.591434434445826772e-06,1.796658220182321353e+00
1.053137577876913511e+01,5.060864054847467181e-02,-1.619928736504747113e-02,6.559922154589058236e-06,1.796660949602981283e+00
1.053511959881135596e+01,5.054801483781940635e-02,-1.618780056059539174e-02,6.528545229031002996e-06,1.796663667903649619e+00
1.053886341885357858e+01,5.048743210897935901e-02,-1.617632588719368839e-02,6.497303123656565763e-06,1.796666375122595749e+00
1.054260723889579943e+01,5.042689231656958398e-02,-1.616486332803417775e-02,6.466195306363609795e-06,1.796669071297976705e+00
1.054635105893802027e+01,5.036639541526793939e-02,-1.615341286633702883e-02,6.435221247055287024e-06,1.796671756467837389e+00
1.055009487898024290e+01,5.030594135981503179e-02,-1.614197448535073867e-02,6.404380417632511314e-06,1.796674430670112788e+00
1.055383869902246374e+01,5.024553010501423000e-02,-1.613054816835208030e-02,6.373672291986495257e-06,1.796677093942624648e+00
1.055758251906468637e+01,5.018516160573133905e-02,-1.611913389864602295e-02,6.343096345991147204e-06,1.796679746323086357e+00
1.056132633910690721e+01,5.012483581689471807e-02,-1.610773165956570427e-02,6.312652057495719866e-06,1.796682387849099394e+00
1.056507015914912806e+01,5.006455269349500969e-02,-1.609634143447234711e-02,6.282338906317294592e-06,1.796685018558154878e+00
1.056881397919135068e+01,5.000431219058507071e-02,-1.608496320675522478e-02,6.252156374233387618e-06,1.796687638487634908e+00
1.057255779923357153e+01,4.994411426327999975e-02,-1.607359695983160558e-02,6.222103944974644407e-06,1.796690247674811447e+00
1.057630161927579238e+01,4.988395886675682511e-02,-1.606224267714668683e-02,6.192181104217387451e-06,1.796692846156846990e+00
1.058004543931801500e+01,4.982384595625451162e-02,-1.605090034217353592e-02,6.162387339576347888e-06,1.796695433970795452e+00
1.058378925936023585e+01,4.976377548707392601e-02,-1.603956993841306952e-02,6.132722140597413198e-06,1.796698011153601948e+00
1.058753307940245847e+01,4.970374741457753848e-02,-1.602825144939394944e-02,6.103184998750262258e-06,1.796700577742102567e+00
1.059127689944467932e+01,4.964376169418954071e-02,-1.601694485867257572e-02,6.073775407421246873e-06,1.796703133773025707e+00
1.059502071948690016e+01,4.958381828139557523e-02,-1.600565014983298950e-02,6.044492861906097129e-06,1.796705679282991408e+00
1.059876453952912279e+01,4.952391713174265214e-02,-1.599436730648684871e-02,6.015336859402754649e-06,1.796708214308512241e+00
1.060250835957134363e+01,4.946405820083920463e-02,-1.598309631227337602e-02,5.986306899004297324e-06,1.796710738885994196e+00
1.060625217961356448e+01,4.940424144435475590e-02,-1.597183715085927561e-02,5.957402481691708197e-06,1.796713253051734460e+00
1.060999599965578710e+01,4.934446681801995388e-02,-1.596058980593870191e-02,5.928623110326840849e-06,1.796715756841925637e+00
1.061373981969800795e+01,4.928473427762649489e-02,-1.594935426123321801e-02,5.899968289645368700e-06,1.796718250292651975e+00
1.061748363974023057e+01,4.922504377902687384e-02,-1.593813050049169497e-02,5.871437526249670781e-06,1.796720733439891804e+00
1.062122745978245142e+01,4.916539527813448829e-02,-1.592691850749032578e-02,5.843030328601916551e-06,1.796723206319518429e+00
1.062497127982467227e+01,4.910578873092332625e-02,-1.591571826603250736e-02,5.814746207016983014e-06,1.796725668967298795e+00
1.062871509986689489e+01,4.904622409342798695e-02,-1.590452975994881973e-02,5.786584673655548857e-06,1.796728121418894375e+00
1.063245891990911574e+01,4.898670132174361147e-02,-1.589335297309698095e-02,5.758545242517181811e-06,1.796730563709861395e+00
1.063620273995133658e+01,4.892722037202566071e-02,-1.588218788936177420e-02,5.730627429433373503e-06,1.796732995875651717e+00
1.063994655999355921e+01,4.886778120048985291e-02,-1.587103449265499580e-02,5.702830752060679337e-06,1.796735417951612401e+00
1.064369038003578005e+01,4.880838376341220530e-02,-1.585989276691542396e-02,5.675154729873936297e-06,1.796737829972985923e+00
1.064743420007800268e+01,4.874902801712866635e-02,-1.584876269610873203e-02,5.647598884159307961e-06,1.796740231974910618e+00
1.065117802012022352e+01,4.868971391803531001e-02,-1.583764426422748159e-02,5.620162738007627671e-06,1.796742623992422017e+00
1.065492184016244437e+01,4.863044142258797498e-02,-1.582653745529101832e-02,5.592845816307501143e-06,1.796745006060451066e+00
1.065866566020466699e+01,4.857121048730229929e-02,-1.581544225334545126e-02,5.565647645738625070e-06,1.796747378213825685e+00
1.066240948024688784e+01,4.851202106875367182e-02,-1.580435864246360761e-02,5.538567754765088785e-06,1.796749740487270985e+00
1.066615330028911046e+01,4.845287312357696163e-02,-1.579328660674495302e-02,5.511605673628602234e-06,1.796752092915410159e+00
1.066989712033133131e+01,4.839376660846660821e-02,-1.578222613031556726e-02,5.484760934341912836e-06,1.796754435532762262e+00
1.067364094037355216e+01,4.833470148017636470e-02,-1.577117719732806442e-02,5.458033070682092747e-06,1.796756768373745539e+00
1.067738476041577478e+01,4.827567769551925625e-02,-1.576013979196156170e-02,5.431421618183949787e-06,1.796759091472675873e+00
1.068112858045799562e+01,4.821669521136757314e-02,-1.574911389842163431e-02,5.404926114133472260e-06,1.796761404863767453e+00
1.068487240050021647e+01,4.815775398465260010e-02,-1.573809950094023566e-02,5.378546097561189900e-06,1.796763708581133434e+00
1.068861622054243909e+01,4.809885397236462329e-02,-1.572709658377566266e-02,5.352281109235679678e-06,1.796766002658785499e+00
1.069236004058465994e+01,4.803999513155287476e-02,-1.571610513121252106e-02,5.326130691657069053e-06,1.796768287130634301e+00
1.069610386062688256e+01,4.798117741932527575e-02,-1.570512512756163867e-02,5.300094389050475706e-06,1.796770562030491014e+00
1.069984768066910341e+01,4.792240079284853377e-02,-1.569415655716004804e-02,5.274171747359627686e-06,1.796772827392065341e+00
1.070359150071132426e+01,4.786366520934788593e-02,-1.568319940437090665e-02,5.248362314240356501e-06,1.796775083248967064e+00
1.070733532075354688e+01,4.780497062610703646e-02,-1.567225365358346223e-02,5.222665639054192708e-06,1.796777329634706266e+00
1.071107914079576773e+01,4.774631700046818444e-02,-1.566131928921301805e-02,5.197081272862035180e-06,1.796779566582694443e+00
1.071482296083798857e+01,4.768770428983173937e-02,-1.565039629570084273e-02,5.171608768417698419e-06,1.796781794126242726e+00
1.071856678088021120e+01,4.762913245165630721e-02,-1.563948465751413899e-02,5.146247680161611467e-06,1.796784012298562772e+00
1.072231060092243204e+01,4.757060144345868352e-02,-1.562858435914601940e-02,5.120997564214538862e-06,1.796786221132769201e+00
1.072605442096465467e+01,4.751211122281356197e-02,-1.561769538511540920e-02,5.095857978371202470e-06,1.796788420661877161e+00
1.072979824100687551e+01,4.745366174735365927e-02,-1.560681771996703590e-02,5.070828482094110857e-06,1.796790610918803210e+00
1.073354206104909636e+01,4.739525297476941679e-02,-1.559595134827134778e-02,5.045908636507228561e-06,1.796792791936366207e+00
1.073728588109131898e+01,4.733688486280898666e-02,-1.558509625462448089e-02,5.021098004389788516e-06,1.796794963747287310e+00
1.074102970113353983e+01,4.727855736927824570e-02,-1.557425242364822264e-02,4.996396150170146833e-06,1.796797126384190868e+00
1.074477352117576068e+01,4.722027045204049006e-02,-1.556341983998992852e-02,4.971802639919517291e-06,1.796799279879602862e+00
1.074851734121798330e+01,4.716202406901646299e-02,-1.555259848832249263e-02,4.947317041345878631e-06,1.796801424265953129e+00
1.075226116126020415e+01,4.710381817818431321e-02,-1.554178835334431297e-02,4.922938923787872533e-06,1.796803559575574472e+00
1.075600498130242677e+01,4.704565273757933125e-02,-1.553098941977919777e-02,4.898667858208628744e-06,1.796805685840702882e+00
1.075974880134464762e+01,4.698752770529405348e-02,-1.552020167237637242e-02,4.874503417189774860e-06,1.796807803093479095e+00
1.076349262138686846e+01,4.692944303947797074e-02,-1.550942509591038236e-02,4.850445174925297034e-06,1.796809911365947476e+00
1.076723644142909109e+01,4.687139869833754913e-02,-1.549865967518106180e-02,4.826492707215557380e-06,1.796812010690056027e+00
1.077098026147131193e+01,4.681339464013618834e-02,-1.548790539501350254e-02,4.802645591461309683e-06,1.796814101097657934e+00
1.077472408151353278e+01,4.675543082319395805e-02,-1.547716224025797588e-02,4.778903406657645663e-06,1.796816182620511348e+00
1.077846790155575540e+01,4.669750720588762560e-02,-1.546643019578989274e-02,4.755265733388079285e-06,1.796818255290278721e+00
1.078221172159797625e+01,4.663962374665058669e-02,-1.545570924650977590e-02,4.731732153818623470e-06,1.796820319138528577e+00
1.078595554164019887e+01,4.658178040397263631e-02,-1.544499937734317672e-02,4.708302251691815960e-06,1.796822374196734851e+00
1.078969936168241972e+01,4.652397713640005206e-02,-1.543430057324066129e-02,4.684975612320899364e-06,1.796824420496276664e+00
1.079344318172464057e+01,4.646621390253533740e-02,-1.542361281917773233e-02,4.661751822583882603e-06,1.796826458068439880e+00
1.079718700176686319e+01,4.640849066103718001e-02,-1.541293610015479106e-02,4.638630470917718413e-06,1.796828486944415770e+00
1.080093082180908404e+01,4.635080737062047262e-02,-1.540227040119711288e-02,4.615611147312518101e-06,1.796830507155303680e+00
1.080467464185130666e+01,4.629316399005601462e-02,-1.539161570735475375e-02,4.592693443305671449e-06,1.796832518732107919e+00
1.080841846189352751e+01,4.623556047817063697e-02,-1.538097200370255012e-02,4.569876951976148721e-06,1.796834521705741317e+00
1.081216228193574835e+01,4.617799679384691075e-02,-1.537033927534003051e-02,4.547161267938666300e-06,1.796836516107022552e+00
1.081590610197797098e+01,4.612047289602316802e-02,-1.535971750739138601e-02,4.524545987337993781e-06,1.796838501966678825e+00
1.081964992202019182e+01,4.606298874369343932e-02,-1.534910668500544077e-02,4.502030707843250896e-06,1.796840479315344963e+00
1.082339374206241267e+01,4.600554429590724553e-02,-1.533850679335556702e-02,4.479615028642170561e-06,1.796842448183563201e+00
1.082713756210463529e+01,4.594813951176957012e-02,-1.532791781763965903e-02,4.457298550435451708e-06,1.796844408601784737e+00
1.083088138214685614e+01,4.589077435044084524e-02,-1.531733974308009671e-02,4.435080875431143454e-06,1.796846360600368842e+00
1.083462520218907876e+01,4.583344877113666727e-02,-1.530677255492366579e-02,4.412961607338941184e-06,1.796848304209583302e+00
1.083836902223129961e+01,4.577616273312794248e-02,-1.529621623844155086e-02,4.390940351364672366e-06,1.796850239459604870e+00
1.084211284227352046e+01,4.571891619574057486e-02,-1.528567077892925216e-02,4.369016714204629052e-06,1.796852166380520144e+00
1.084585666231574308e+01,4.566170911835549379e-02,-1.527513616170655779e-02,4.347190304040048614e-06,1.796854085002324686e+00
1.084960048235796393e+01,4.560454146040861245e-02,-1.526461237211750033e-02,4.325460730531593625e-06,1.796855995354923019e+00
1.085334430240018477e+01,4.554741318139058498e-02,-1.525409939553029788e-02,4.303827604813772461e-06,1.796857897468131071e+00
1.085708812244240740e+01,4.549032424084680643e-02,-1.524359721733730549e-02,4.282290539489474237e-06,1.796859791371673287e+00
1.086083194248462824e+01,4.543327459837739196e-02,-1.523310582295499607e-02,4.260849148624518154e-06,1.796861677095185739e+00
1.086457576252685087e+01,4.537626421363690626e-02,-1.522262519782387191e-02,4.239503047742129148e-06,1.796863554668214347e+00
1.086831958256907171e+01,4.531929304633446759e-02,-1.521215532740845949e-02,4.218251853817573633e-06,1.796865424120216215e+00
1.087206340261129256e+01,4.526236105623351880e-02,-1.520169619719723489e-02,4.197095185272691900e-06,1.796867285480559406e+00
1.087580722265351518e+01,4.520546820315175102e-02,-1.519124779270258213e-02,4.176032661970510145e-06,1.796869138778523389e+00
1.087955104269573603e+01,4.514861444696116610e-02,-1.518081009946076892e-02,4.155063905209923638e-06,1.796870984043298813e+00
1.088329486273795688e+01,4.509179974758775744e-02,-1.517038310303187032e-02,4.134188537720254539e-06,1.796872821303988399e+00
1.088703868278017950e+01,4.503502406501155159e-02,-1.515996678899973575e-02,4.113406183655974035e-06,1.796874650589606714e+00
1.089078250282240035e+01,4.497828735926658050e-02,-1.514956114297196128e-02,4.092716468591404997e-06,1.796876471929080621e+00
1.089452632286462297e+01,4.492158959044061095e-02,-1.513916615057980808e-02,4.072119019515369579e-06,1.796878285351249716e+00
1.089827014290684382e+01,4.486493071867525551e-02,-1.512878179747819199e-02,4.051613464825985893e-06,1.796880090884865444e+00
1.090201396294906466e+01,4.480831070416571582e-02,-1.511840806934561243e-02,4.031199434325360500e-06,1.796881888558593321e+00
1.090575778299128729e+01,4.475172950716076875e-02,-1.510804495188411596e-02,4.010876559214376619e-06,1.796883678401010931e+00
1.090950160303350813e+01,4.469518708796274553e-02,-1.509769243081926678e-02,3.990644472087515366e-06,1.796885460440609927e+00
1.091324542307573076e+01,4.463868340692728198e-02,-1.508735049190006693e-02,3.970502806927597374e-06,1.796887234705795366e+00
1.091698924311795160e+01,4.458221842446342259e-02,-1.507701912089895284e-02,3.950451199100687040e-06,1.796889001224885929e+00
1.092073306316017245e+01,4.452579210103334989e-02,-1.506669830361171206e-02,3.930489285350870573e-06,1.796890760026114364e+00
1.092447688320239507e+01,4.446940439715237753e-02,-1.505638802585746241e-02,3.910616703795156003e-06,1.796892511137628157e+00
1.092822070324461592e+01,4.441305527338896414e-02,-1.504608827347860694e-02,3.890833093918392677e-06,1.796894254587488859e+00
1.093196452328683677e+01,4.435674469036443579e-02,-1.503579903234077315e-02,3.871138096568112835e-06,1.796895990403672760e+00
1.093570834332905939e+01,4.430047260875298598e-02,-1.502552028833278007e-02,3.851531353949490063e-06,1.796897718614071104e+00
1.093945216337128024e+01,4.424423898928168952e-02,-1.501525202736660181e-02,3.832012509620315542e-06,1.796899439246490315e+00
1.094319598341350286e+01,4.418804379273020416e-02,-1.500499423537729818e-02,3.812581208485894255e-06,1.796901152328652662e+00
1.094693980345572371e+01,4.413188697993090243e-02,-1.499474689832300603e-02,3.793237096794102122e-06,1.796902857888195371e+00
1.095068362349794455e+01,4.407576851176862182e-02,-1.498451000218485769e-02,3.773979822130333872e-06,1.796904555952671734e+00
1.095442744354016718e+01,4.401968834918063012e-02,-1.497428353296695498e-02,3.754809033412542821e-06,1.796906246549550890e+00
1.095817126358238802e+01,4.396364645315662539e-02,-1.496406747669634489e-02,3.735724380886310715e-06,1.796907929706219376e+00
1.096191508362460887e+01,4.390764278473850701e-02,-1.495386181942293287e-02,3.716725516119860823e-06,1.796909605449978464e+00
1.096565890366683149e+01,4.385167730502034095e-02,-1.494366654721946720e-02,3.697812091999154464e-06,1.796911273808047493e+00
1.096940272370905234e+01,4.379574997514839446e-02,-1.493348164618150606e-02,3.678983762723026921e-06,1.796912934807562090e+00
1.097314654375127496e+01,4.373986075632082388e-02,-1.492330710242733248e-02,3.660240183798231025e-06,1.796914588475575059e+00
1.097689036379349581e+01,4.368400960978782721e-02,-1.491314290209796306e-02,3.641581012034649729e-06,1.796916234839057269e+00
1.098063418383571666e+01,4.362819649685136664e-02,-1.490298903135706121e-02,3.623005905540386278e-06,1.796917873924896325e+00
1.098437800387793928e+01,4.357242137886515460e-02,-1.489284547639090593e-02,3.604514523716960262e-06,1.796919505759897673e+00
1.098812182392016012e+01,4.351668421723466074e-02,-1.488271222340837620e-02,3.586106527254528236e-06,1.796921130370785713e+00
1.099186564396238097e+01,4.346098497341687600e-02,-1.487258925864086596e-02,3.567781578127042074e-06,1.796922747784202024e+00
1.099560946400460359e+01,4.340532360892027791e-02,-1.486247656834226161e-02,3.549539339587495002e-06,1.796924358026707136e+00
1.099935328404682444e+01,4.334970008530485835e-02,-1.485237413878891070e-02,3.531379476163198962e-06,1.796925961124779869e+00
1.100309710408904706e+01,4.329411436418183906e-02,-1.484228195627955264e-02,3.513301653650987868e-06,1.796927557104818884e+00
1.100684092413126791e+01,4.323856640721378264e-02,-1.483220000713530301e-02,3.495305539112557649e-06,1.796929145993140686e+00
1.101058474417348876e+01,4.318305617611437053e-02,-1.482212827769958767e-02,3.477390800869724565e-06,1.796930727815982065e+00
1.101432856421571138e+01,4.312758363264834749e-02,-1.481206675433810634e-02,3.459557108499750003e-06,1.796932302599498543e+00
1.101807238425793223e+01,4.307214873863155630e-02,-1.480201542343881349e-02,3.441804132830712292e-06,1.796933870369765929e+00
1.102181620430015485e+01,4.301675145593063937e-02,-1.479197427141183338e-02,3.424131545936792965e-06,1.796935431152779650e+00
1.102556002434237570e+01,4.296139174646318448e-02,-1.478194328468946522e-02,3.406539021133719720e-06,1.796936984974456086e+00
1.102930384438459654e+01,4.290606957219746803e-02,-1.477192244972609821e-02,3.389026232974097574e-06,1.796938531860630794e+00
1.103304766442681917e+01,4.285078489515241340e-02,-1.476191175299819067e-02,3.371592857242828959e-06,1.796940071837060504e+00
1.103679148446904001e+01,4.279553767739763953e-02,-1.475191118100423887e-02,3.354238570952579551e-06,1.796941604929422898e+00
1.104053530451126086e+01,4.274032788105316949e-02,-1.474192072026470936e-02,3.336963052339149661e-06,1.796943131163315943e+00
1.104427912455348348e+01,4.268515546828945129e-02,-1.473194035732200945e-02,3.319765980856967594e-06,1.796944650564259671e+00
1.104802294459570433e+01,4.263002040132737175e-02,-1.472197007874045949e-02,3.302647037174592756e-06,1.796946163157695286e+00
1.105176676463792695e+01,4.257492264243795815e-02,-1.471200987110621999e-02,3.285605903170142091e-06,1.796947668968985168e+00
1.105551058468014780e+01,4.251986215394252394e-02,-1.470205972102728818e-02,3.268642261926867730e-06,1.796949168023413979e+00
1.105925440472236865e+01,4.246483889821240504e-02,-1.469211961513341644e-02,3.251755797728630443e-06,1.796950660346188222e+00
1.106299822476459127e+01,4.240985283766893210e-02,-1.468218954007609843e-02,3.234946196055456952e-06,1.796952145962436465e+00
1.106674204480681212e+01,4.235490393478347909e-02,-1.467226948252852749e-02,3.218213143579140867e-06,1.796953624897209778e+00
1.107048586484903296e+01,4.229999215207717878e-02,-1.466235942918554108e-02,3.201556328158758912e-06,1.796955097175482630e+00
1.107422968489125559e+01,4.224511745212092273e-02,-1.465245936676358267e-02,3.184975438836287538e-06,1.796956562822151326e+00
1.107797350493347643e+01,4.219027979753540297e-02,-1.464256928200068086e-02,3.168470165832253399e-06,1.796958021862035570e+00
1.108171732497569906e+01,4.213547915099077890e-02,-1.463268916165636965e-02,3.152040200541281778e-06,1.796959474319878014e+00
1.108546114501791990e+01,4.208071547520687850e-02,-1.462281899251169706e-02,3.135685235527826691e-06,1.796960920220345592e+00
1.108920496506014075e+01,4.202598873295288612e-02,-1.461295876136914015e-02,3.119404964521762079e-06,1.796962359588028635e+00
1.109294878510236337e+01,4.197129888704734940e-02,-1.460310845505257901e-02,3.103199082414084814e-06,1.796963792447440200e+00
1.109669260514458422e+01,4.191664590035818622e-02,-1.459326806040727766e-02,3.087067285252632519e-06,1.796965218823018962e+00
1.110043642518680507e+01,4.186202973580246262e-02,-1.458343756429981292e-02,3.071009270237753116e-06,1.796966638739126987e+00
1.110418024522902769e+01,4.180745035634634427e-02,-1.457361695361804148e-02,3.055024735718037896e-06,1.796968052220051071e+00
1.110792406527124854e+01,4.175290772500514502e-02,-1.456380621527108427e-02,3.039113381186103716e-06,1.796969459290002735e+00
1.111166788531347116e+01,4.169840180484304243e-02,-1.455400533618924491e-02,3.023274907274288384e-06,1.796970859973117784e+00
1.111541170535569201e+01,4.164393255897320262e-02,-1.454421430332400976e-02,3.007509015750487486e-06,1.796972254293458304e+00
1.111915552539791285e+01,4.158949995055753052e-02,-1.453443310364797673e-02,2.991815409513891694e-06,1.796973642275009775e+00
1.112289934544013548e+01,4.153510394280666984e-02,-1.452466172415482759e-02,2.976193792590819789e-06,1.796975023941685068e+00
1.112664316548235632e+01,4.148074449897997534e-02,-1.451490015185930536e-02,2.960643870130552106e-06,1.796976399317321560e+00
1.113038698552457717e+01,4.142642158238531852e-02,-1.450514837379713977e-02,2.945165348401137295e-06,1.796977768425682687e+00
1.113413080556679979e+01,4.137213515637906680e-02,-1.449540637702502986e-02,2.929757934785261767e-06,1.796979131290458165e+00
1.113787462560902064e+01,4.131788518436607660e-02,-1.448567414862061281e-02,2.914421337776139466e-06,1.796980487935263993e+00
1.114161844565124326e+01,4.126367162979943659e-02,-1.447595167568239104e-02,2.899155266973347008e-06,1.796981838383641783e+00
1.114536226569346411e+01,4.120949445618060647e-02,-1.446623894532973395e-02,2.883959433078784605e-06,1.796983182659060763e+00
1.114910608573568496e+01,4.115535362705916023e-02,-1.445653594470280856e-02,2.868833547892541695e-06,1.796984520784916661e+00
1.115284990577790758e+01,4.110124910603275838e-02,-1.444684266096254131e-02,2.853777324308843044e-06,1.796985852784531934e+00
1.115659372582012843e+01,4.104718085674719658e-02,-1.443715908129061115e-02,2.838790476312031695e-06,1.796987178681156649e+00
1.116033754586235105e+01,4.099314884289607941e-02,-1.442748519288935931e-02,2.823872718972460428e-06,1.796988498497968267e+00
1.116408136590457190e+01,4.093915302822102170e-02,-1.441782098298180492e-02,2.809023768442547557e-06,1.796989812258071195e+00
1.116782518594679274e+01,4.088519337651134317e-02,-1.440816643881155830e-02,2.794243341952705663e-06,1.796991119984498564e+00
1.117156900598901537e+01,4.083126985160407535e-02,-1.439852154764280703e-02,2.779531157807374517e-06,1.796992421700210896e+00
1.117531282603123621e+01,4.077738241738398939e-02,-1.438888629676028652e-02,2.764886935381070094e-06,1.796993717428096993e+00
1.117905664607345706e+01,4.072353103778332539e-02,-1.437926067346921230e-02,2.750310395114371754e-06,1.796995007190973936e+00
1.118280046611567968e+01,4.066971567678182020e-02,-1.436964466509525751e-02,2.735801258510002174e-06,1.796996291011587532e+00
1.118654428615790053e+01,4.061593629840670044e-02,-1.436003825898452858e-02,2.721359248128915327e-06,1.796997568912612309e+00
1.119028810620012315e+01,4.056219286673242580e-02,-1.435044144250349589e-02,2.706984087586328554e-06,1.796998840916651519e+00
1.119403192624234400e+01,4.050848534588081390e-02,-1.434085420303898503e-02,2.692675501547876190e-06,1.797000107046237805e+00
1.119777574628456485e+01,4.045481370002079052e-02,-1.433127652799811441e-02,2.678433215725673824e-06,1.797001367323832532e+00
1.120151956632678747e+01,4.040117789336839654e-02,-1.432170840480827094e-02,2.664256956874468111e-06,1.797002621771828013e+00
1.120526338636900832e+01,4.034757789018676710e-02,-1.431214982091707534e-02,2.650146452787791666e-06,1.797003870412544169e+00
1.120900720641122916e+01,4.029401365478593039e-02,-1.430260076379232838e-02,2.636101432294087464e-06,1.797005113268232090e+00
1.121275102645345179e+01,4.024048515152278682e-02,-1.429306122092198483e-02,2.622121625252892535e-06,1.797006350361072924e+00
1.121649484649567263e+01,4.018699234480112292e-02,-1.428353117981412228e-02,2.608206762551046641e-06,1.797007581713177649e+00
1.122023866653789526e+01,4.013353519907134764e-02,-1.427401062799687863e-02,2.594356576098842517e-06,1.797008807346587966e+00
1.122398248658011610e+01,4.008011367883063114e-02,-1.426449955301844347e-02,2.580570798826296378e-06,1.797010027283275635e+00
1.122772630662233695e+01,4.002672774862265498e-02,-1.425499794244700080e-02,2.566849164679326959e-06,1.797011241545143578e+00
1.123147012666455957e+01,3.997337737303758437e-02,-1.424550578387069263e-02,2.553191408616014591e-06,1.797012450154026331e+00
1.123521394670678042e+01,3.992006251671210981e-02,-1.423602306489759814e-02,2.539597266602883574e-06,1.797013653131688260e+00
1.123895776674900127e+01,3.986678314432919729e-02,-1.422654977315567816e-02,2.526066475611130763e-06,1.797014850499826011e+00
1.124270158679122389e+01,3.981353922061809519e-02,-1.421708589629273878e-02,2.512598773612927423e-06,1.797016042280067838e+00
1.124644540683344474e+01,3.976033071035432742e-02,-1.420763142197641223e-02,2.499193899577738022e-06,1.797017228493972718e+00
1.125018922687566736e+01,3.970715757835945742e-02,-1.419818633789409618e-02,2.485851593468589899e-06,1.797018409163032571e+00
1.125393304691788821e+01,3.965401978950120615e-02,-1.418875063175293640e-02,2.472571596238448388e-06,1.797019584308670925e+00
1.125767686696010905e+01,3.960091730869320925e-02,-1.417932429127977817e-02,2.459353649826515279e-06,1.797020753952243588e+00
1.126142068700233168e+01,3.954785010089499619e-02,-1.416990730422112120e-02,2.446197497154594207e-06,1.797021918115038197e+00
1.126516450704455252e+01,3.949481813111203887e-02,-1.416049965834311787e-02,2.433102882123490331e-06,1.797023076818276666e+00
1.126890832708677515e+01,3.944182136439545322e-02,-1.415110134143148825e-02,2.420069549609334640e-06,1.797024230083112295e+00
1.127265214712899599e+01,3.938885976584214493e-02,-1.414171234129152528e-02,2.407097245460034883e-06,1.797025377930631107e+00
1.127639596717121684e+01,3.933593330059457355e-02,-1.413233264574803236e-02,2.394185716491641796e-06,1.797026520381853176e+00
1.128013978721343946e+01,3.928304193384074550e-02,-1.412296224264529207e-02,2.381334710484787755e-06,1.797027657457731964e+00
1.128388360725566031e+01,3.923018563081420024e-02,-1.411360111984704367e-02,2.368543976181138554e-06,1.797028789179153430e+00
1.128762742729788116e+01,3.917736435679381596e-02,-1.410424926523642757e-02,2.355813263279809606e-06,1.797029915566938252e+00
1.129137124734010378e+01,3.912457807710378876e-02,-1.409490666671595581e-02,2.343142322433843984e-06,1.797031036641840052e+00
1.129511506738232463e+01,3.907182675711365349e-02,-1.408557331220748610e-02,2.330530905246706974e-06,1.797032152424547169e+00
1.129885888742454725e+01,3.901911036223802004e-02,-1.407624918965216798e-02,2.317978764268732768e-06,1.797033262935682441e+00
1.130260270746676809e+01,3.896642885793669825e-02,-1.406693428701042727e-02,2.305485652993669422e-06,1.797034368195801868e+00
1.130634652750898894e+01,3.891378220971448976e-02,-1.405762859226190702e-02,2.293051325855164938e-06,1.797035468225396615e+00
1.131009034755121156e+01,3.886117038312113942e-02,-1.404833209340544328e-02,2.280675538223299086e-06,1.797036563044893454e+00
1.131383416759343241e+01,3.880859334375136999e-02,-1.403904477845904254e-02,2.268358046401150804e-06,1.797037652674652763e+00
1.131757798763565326e+01,3.875605105724463928e-02,-1.402976663545981925e-02,2.256098607621310540e-06,1.797038737134970310e+00
1.132132180767787588e+01,3.870354348928517485e-02,-1.402049765246397503e-02,2.243896980042475181e-06,1.797039816446077243e+00
1.132506562772009673e+01,3.865107060560195318e-02,-1.401123781754677437e-02,2.231752922746036201e-06,1.797040890628141208e+00
1.132880944776231935e+01,3.859863237196844987e-02,-1.400198711880247526e-02,2.219666195732633933e-06,1.797041959701263014e+00
1.133255326780454020e+01,3.854622875420278538e-02,-1.399274554434433958e-02,2.207636559918813059e-06,1.797043023685481966e+00
1.133629708784676104e+01,3.849385971816747520e-02,-1.398351308230455503e-02,2.195663777133598058e-06,1.797044082600770754e+00
1.134004090788898367e+01,3.844152522976941599e-02,-1.397428972083421782e-02,2.183747610115139375e-06,1.797045136467040338e+00
1.134378472793120451e+01,3.838922525495992721e-02,-1.396507544810331007e-02,2.171887822507381194e-06,1.797046185304136623e+00
1.134752854797342536e+01,3.833695975973448744e-02,-1.395587025230064608e-02,2.160084178856675430e-06,1.797047229131843116e+00
1.135127236801564798e+01,3.828472871013276213e-02,-1.394667412163383240e-02,2.148336444608471938e-06,1.797048267969877822e+00
1.135501618805786883e+01,3.823253207223861749e-02,-1.393748704432926436e-02,2.136644386104018057e-06,1.797049301837897906e+00
1.135876000810009145e+01,3.818036981217984988e-02,-1.392830900863205323e-02,2.125007770577009860e-06,1.797050330755496361e+00
1.136250382814231230e+01,3.812824189612833148e-02,-1.391914000280602103e-02,2.113426366150343364e-06,1.797051354742203344e+00
1.136624764818453315e+01,3.807614829029976750e-02,-1.390998001513364495e-02,2.101899941832797969e-06,1.797052373817485948e+00
1.136999146822675577e+01,3.802408896095369611e-02,-1.390082903391602794e-02,2.090428267515779616e-06,1.797053388000749985e+00
1.137373528826897662e+01,3.797206387439348851e-02,-1.389168704747288478e-02,2.079011113970081311e-06,1.797054397311337981e+00
1.137747910831119746e+01,3.792007299696613376e-02,-1.388255404414247274e-02,2.067648252842605957e-06,1.797055401768530292e+00
1.138122292835342009e+01,3.786811629506225962e-02,-1.387343001228157589e-02,2.056339456653152705e-06,1.797056401391545100e+00
1.138496674839564093e+01,3.781619373511610482e-02,-1.386431494026548090e-02,2.045084498791207974e-06,1.797057396199539303e+00
1.138871056843786356e+01,3.776430528360531086e-02,-1.385520881648791627e-02,2.033883153512702585e-06,1.797058386211606962e+00
1.139245438848008440e+01,3.771245090705103303e-02,-1.384611162936104714e-02,2.022735195936859103e-06,1.797059371446782405e+00
1.139619820852230525e+01,3.766063057201769065e-02,-1.383702336731541804e-02,2.011640402042965490e-06,1.797060351924036903e+00
1.139994202856452787e+01,3.760884424511298785e-02,-1.382794401879992342e-02,2.000598548667222445e-06,1.797061327662281327e+00
1.140368584860674872e+01,3.755709189298792744e-02,-1.381887357228179028e-02,1.989609413499600918e-06,1.797062298680365267e+00
1.140742966864897134e+01,3.750537348233652646e-02,-1.380981201624651919e-02,1.978672775080646249e-06,1.797063264997077692e+00
1.141117348869119219e+01,3.745368897989600349e-02,-1.380075933919787390e-02,1.967788412798397510e-06,1.797064226631146289e+00
1.141491730873341304e+01,3.740203835244649416e-02,-1.379171552965782754e-02,1.956956106885214100e-06,1.797065183601238569e+00
1.141866112877563566e+01,3.735042156681107894e-02,-1.378268057616653837e-02,1.946175638414684070e-06,1.797066135925962538e+00
1.142240494881785651e+01,3.729883858985577616e-02,-1.377365446728232370e-02,1.935446789298533727e-06,1.797067083623863804e+00
1.142614876886007735e+01,3.724728938848932691e-02,-1.376463719158161139e-02,1.924769342283508431e-06,1.797068026713430244e+00
1.142989258890229998e+01,3.719577392966321588e-02,-1.375562873765890509e-02,1.914143080948309304e-06,1.797068965213088010e+00
1.143363640894452082e+01,3.714429218037167135e-02,-1.374662909412678082e-02,1.903567789700543699e-06,1.797069899141204630e+00
1.143738022898674345e+01,3.709284410765140844e-02,-1.373763824961580539e-02,1.893043253773626330e-06,1.797070828516087460e+00
1.144112404902896429e+01,3.704142967858178176e-02,-1.372865619277455207e-02,1.882569259223783736e-06,1.797071753355984791e+00
1.144486786907118514e+01,3.699004886028452871e-02,-1.371968291226952769e-02,1.872145592926979560e-06,1.797072673679085630e+00
1.144861168911340776e+01,3.693870161992379719e-02,-1.371071839678515876e-02,1.861772042575914347e-06,1.797073589503518809e+00
1.145235550915562861e+01,3.688738792470612482e-02,-1.370176263502376895e-02,1.851448396677023459e-06,1.797074500847356537e+00
1.145609932919784946e+01,3.683610774188024461e-02,-1.369281561570551489e-02,1.841174444547452100e-06,1.797075407728609742e+00
1.145984314924007208e+01,3.678486103873708501e-02,-1.368387732756837748e-02,1.830949976312081599e-06,1.797076310165232282e+00
1.146358696928229293e+01,3.673364778260977681e-02,-1.367494775936813067e-02,1.820774782900566700e-06,1.797077208175118734e+00
1.146733078932451555e+01,3.668246794087342416e-02,-1.366602689987828426e-02,1.810648656044337065e-06,1.797078101776105941e+00
1.147107460936673640e+01,3.663132148094520868e-02,-1.365711473789008729e-02,1.800571388273677975e-06,1.797078990985972569e+00
1.147481842940895724e+01,3.658020837028418126e-02,-1.364821126221245698e-02,1.790542772914757243e-06,1.797079875822438000e+00
1.147856224945117987e+01,3.652912857639126210e-02,-1.363931646167196830e-02,1.780562604086705919e-06,1.797080756303166105e+00
1.148230606949340071e+01,3.647808206680922677e-02,-1.363043032511283142e-02,1.770630676698708092e-06,1.797081632445760802e+00
1.148604988953562156e+01,3.642706880912253281e-02,-1.362155284139682752e-02,1.760746786447067194e-06,1.797082504267770053e+00
1.148979370957784418e+01,3.637608877095727111e-02,-1.361268399940330012e-02,1.750910729812310841e-06,1.797083371786683204e+00
1.149353752962006503e+01,3.632514191998124226e-02,-1.360382378802912559e-02,1.741122304056328918e-06,1.797084235019933418e+00
1.149728134966228765e+01,3.627422822390365814e-02,-1.359497219618865417e-02,1.731381307219450050e-06,1.797085093984895909e+00
1.150102516970450850e+01,3.622334765047531546e-02,-1.358612921281371691e-02,1.721687538117620341e-06,1.797085948698889935e+00
1.150476898974672935e+01,3.617250016748833202e-02,-1.357729482685355454e-02,1.712040796339507798e-06,1.797086799179176797e+00
1.150851280978895197e+01,3.612168574277617450e-02,-1.356846902727480708e-02,1.702440882243675139e-06,1.797087645442962733e+00
1.151225662983117282e+01,3.607090434421364455e-02,-1.355965180306148606e-02,1.692887596955752619e-06,1.797088487507395582e+00
1.151600044987339544e+01,3.602015593971665680e-02,-1.355084314321492074e-02,1.683380742365583306e-06,1.797089325389568781e+00
1.151974426991561629e+01,3.596944049724239145e-02,-1.354204303675375469e-02,1.673920121124450751e-06,1.797090159106518259e+00
1.152348808995783713e+01,3.591875798478899595e-02,-1.353325147271388848e-02,1.664505536642229566e-06,1.797090988675224432e+00
1.152723191000005976e+01,3.586810837039567518e-02,-1.352446844014845717e-02,1.655136793084621553e-06,1.797091814112612207e+00
1.153097573004228060e+01,3.581749162214262205e-02,-1.351569392812780948e-02,1.645813695370371722e-06,1.797092635435549868e+00
1.153471955008450145e+01,3.576690770815087184e-02,-1.350692792573945748e-02,1.636536049168479647e-06,1.797093452660851298e+00
1.153846337012672407e+01,3.571635659658225354e-02,-1.349817042208805232e-02,1.627303660895440465e-06,1.797094265805273761e+00
1.154220719016894492e+01,3.566583825563945237e-02,-1.348942140629536858e-02,1.618116337712515738e-06,1.797095074885520560e+00
1.154595101021116754e+01,3.561535265356574609e-02,-1.348068086750024014e-02,1.608973887522954971e-06,1.797095879918238603e+00
1.154969483025338839e+01,3.556489975864511599e-02,-1.347194879485856533e-02,1.599876118969295274e-06,1.797096680920021061e+00
1.155343865029560924e+01,3.551447953920207345e-02,-1.346322517754324453e-02,1.590822841430620575e-06,1.797097477907405372e+00
1.155718247033783186e+01,3.546409196360161137e-02,-1.345451000474416105e-02,1.581813865019851956e-06,1.797098270896874572e+00
1.156092629038005271e+01,3.541373700024922494e-02,-1.344580326566816378e-02,1.572849000581062568e-06,1.797099059904857299e+00
1.156467011042227355e+01,3.536341461759074517e-02,-1.343710494953901345e-02,1.563928059686766269e-06,1.797099844947728231e+00
1.156841393046449618e+01,3.531312478411228334e-02,-1.342841504559735832e-02,1.555050854635239313e-06,1.797100626041807203e+00
1.157215775050671702e+01,3.526286746834028651e-02,-1.341973354310071684e-02,1.546217198447868920e-06,1.797101403203359204e+00
1.157590157054893965e+01,3.521264263884129470e-02,-1.341106043132342732e-02,1.537426904866460352e-06,1.797102176448598154e+00
1.157964539059116049e+01,3.516245026422206571e-02,-1.340239569955663235e-02,1.528679788350618303e-06,1.797102945793680240e+00
1.158338921063338134e+01,3.511229031312933929e-02,-1.339373933710823715e-02,1.519975664075075154e-06,1.797103711254711911e+00
1.158713303067560396e+01,3.506216275424986484e-02,-1.338509133330287836e-02,1.511314347927074905e-06,1.797104472847742995e+00
1.159087685071782481e+01,3.501206755631038059e-02,-1.337645167748191533e-02,1.502695656503757752e-06,1.797105230588772251e+00
1.159462067076004566e+01,3.496200468807745404e-02,-1.336782035900336424e-02,1.494119407109531744e-06,1.797105984493743813e+00
1.159836449080226828e+01,3.491197411835742642e-02,-1.335919736724188941e-02,1.485585417753470696e-06,1.797106734578548748e+00
1.160210831084448913e+01,3.486197581599649598e-02,-1.335058269158878250e-02,1.477093507146746410e-06,1.797107480859026829e+00
1.160585213088671175e+01,3.481200974988042651e-02,-1.334197632145189827e-02,1.468643494700005838e-06,1.797108223350962986e+00
1.160959595092893260e+01,3.476207588893470701e-02,-1.333337824625566680e-02,1.460235200520835911e-06,1.797108962070091298e+00
1.161333977097115344e+01,3.471217420212432958e-02,-1.332478845544102231e-02,1.451868445411170771e-06,1.797109697032091891e+00
1.161708359101337606e+01,3.466230465845376862e-02,-1.331620693846539798e-02,1.443543050864745379e-06,1.797110428252593595e+00
1.162082741105559691e+01,3.461246722696701555e-02,-1.330763368480269819e-02,1.435258839064565642e-06,1.797111155747173061e+00
1.162457123109781953e+01,3.456266187674734286e-02,-1.329906868394324301e-02,1.427015632880344225e-06,1.797111879531353429e+00
1.162831505114004038e+01,3.451288857691744288e-02,-1.329051192539377688e-02,1.418813255866006471e-06,1.797112599620608098e+00
1.163205887118226123e+01,3.446314729663918497e-02,-1.328196339867739571e-02,1.410651532257144215e-06,1.797113316030356733e+00
1.163580269122448385e+01,3.441343800511361545e-02,-1.327342309333354696e-02,1.402530286968518308e-06,1.797114028775968819e+00
1.163954651126670470e+01,3.436376067158101316e-02,-1.326489099891799660e-02,1.394449345591578507e-06,1.797114737872761658e+00
1.164329033130892554e+01,3.431411526532063966e-02,-1.325636710500278578e-02,1.386408534391944605e-06,1.797115443336001483e+00
1.164703415135114817e+01,3.426450175565076001e-02,-1.324785140117620483e-02,1.378407680306939456e-06,1.797116145180903013e+00
1.165077797139336901e+01,3.421492011192867749e-02,-1.323934387704278452e-02,1.370446610943133630e-06,1.797116843422630339e+00
1.165452179143559164e+01,3.416537030355046994e-02,-1.323084452222322849e-02,1.362525154573851120e-06,1.797117538076295817e+00
1.165826561147781248e+01,3.411585229995115626e-02,-1.322235332635442705e-02,1.354643140136754019e-06,1.797118229156961844e+00
1.166200943152003333e+01,3.406636607060443966e-02,-1.321387027908938784e-02,1.346800397231367712e-06,1.797118916679640188e+00
1.166575325156225595e+01,3.401691158502273549e-02,-1.320539537009722542e-02,1.338996756116659622e-06,1.797119600659290883e+00
1.166949707160447680e+01,3.396748881275717113e-02,-1.319692858906314561e-02,1.331232047708625385e-06,1.797120281110825779e+00
1.167324089164669765e+01,3.391809772339739876e-02,-1.318846992568838833e-02,1.323506103577851087e-06,1.797120958049104322e+00
1.167698471168892027e+01,3.386873828657158830e-02,-1.318001936969020842e-02,1.315818755947114889e-06,1.797121631488937332e+00
1.168072853173114112e+01,3.381941047194645528e-02,-1.317157691080186183e-02,1.308169837689002419e-06,1.797122301445084114e+00
1.168447235177336374e+01,3.377011424922702482e-02,-1.316314253877255182e-02,1.300559182323489973e-06,1.797122967932256010e+00
1.168821617181558459e+01,3.372084958815675659e-02,-1.315471624336742550e-02,1.292986624015592098e-06,1.797123630965113517e+00
1.169195999185780543e+01,3.367161645851734358e-02,-1.314629801436751830e-02,1.285451997572968506e-06,1.797124290558268056e+00
1.169570381190002806e+01,3.362241483012868432e-02,-1.313788784156973838e-02,1.277955138443564878e-06,1.797124946726280870e+00
1.169944763194224890e+01,3.357324467284893837e-02,-1.312948571478685447e-02,1.270495882713278020e-06,1.797125599483665237e+00
1.170319145198446975e+01,3.352410595657429049e-02,-1.312109162384742997e-02,1.263074067103581412e-06,1.797126248844883589e+00
1.170693527202669237e+01,3.347499865123898521e-02,-1.311270555859582118e-02,1.255689528969203710e-06,1.797126894824350618e+00
1.171067909206891322e+01,3.342592272681532001e-02,-1.310432750889215132e-02,1.248342106295808082e-06,1.797127537436432165e+00
1.171442291211113584e+01,3.337687815331344399e-02,-1.309595746461225500e-02,1.241031637697651009e-06,1.797128176695445001e+00
1.171816673215335669e+01,3.332786490078144814e-02,-1.308759541564768515e-02,1.233757962415294242e-06,1.797128812615656379e+00
1.172191055219557754e+01,3.327888293930520575e-02,-1.307924135190565579e-02,1.226520920313286044e-06,1.797129445211286924e+00
1.172565437223780016e+01,3.322993223900830989e-02,-1.307089526330901773e-02,1.219320351877868062e-06,1.797130074496506635e+00
1.172939819228002101e+01,3.318101277005214289e-02,-1.306255713979625685e-02,1.212156098214707609e-06,1.797130700485439991e+00
1.173314201232224185e+01,3.313212450263565423e-02,-1.305422697132142817e-02,1.205028001046596910e-06,1.797131323192161290e+00
1.173688583236446448e+01,3.308326740699536056e-02,-1.304590474785414719e-02,1.197935902711193429e-06,1.797131942630697976e+00
1.174062965240668532e+01,3.303444145340539428e-02,-1.303759045937956905e-02,1.190879646158774387e-06,1.797132558815028425e+00
1.174437347244890795e+01,3.298564661217723987e-02,-1.302928409589833823e-02,1.183859074949955699e-06,1.797133171759084824e+00
1.174811729249112879e+01,3.293688285365988649e-02,-1.302098564742658511e-02,1.176874033253478892e-06,1.797133781476750958e+00
1.175186111253334964e+01,3.288815014823961297e-02,-1.301269510399587735e-02,1.169924365843952065e-06,1.797134387981863091e+00
1.175560493257557226e+01,3.283944846633997383e-02,-1.300441245565320085e-02,1.163009918099630877e-06,1.797134991288211081e+00
1.175934875261779311e+01,3.279077777842183405e-02,-1.299613769246093717e-02,1.156130536000211813e-06,1.797135591409536826e+00
1.176309257266001573e+01,3.274213805498314700e-02,-1.298787080449682017e-02,1.149286066124597924e-06,1.797136188359534925e+00
1.176683639270223658e+01,3.269352926655905850e-02,-1.297961178185392910e-02,1.142476355648720680e-06,1.797136782151853795e+00
1.177058021274445743e+01,3.264495138372174032e-02,-1.297136061464064342e-02,1.135701252343328368e-06,1.797137372800094779e+00
1.177432403278668005e+01,3.259640437708032773e-02,-1.296311729298061689e-02,1.128960604571800960e-06,1.797137960317812588e+00
1.177806785282890090e+01,3.254788821728100273e-02,-1.295488180701276706e-02,1.122254261287990175e-06,1.797138544718515751e+00
1.178181167287112174e+01,3.249940287500675123e-02,-1.294665414689121982e-02,1.115582072034024824e-06,1.797139126015665278e+00
1.178555549291334437e+01,3.245094832097739773e-02,-1.293843430278530417e-02,1.108943886938159972e-06,1.797139704222677548e+00
1.178929931295556521e+01,3.240252452594960531e-02,-1.293022226487952446e-02,1.102339556712631834e-06,1.797140279352921644e+00
1.179304313299778784e+01,3.235413146071668133e-02,-1.292201802337351012e-02,1.095768932651492547e-06,1.797140851419720686e+00
1.179678695304000868e+01,3.230576909610866770e-02,-1.291382156848202255e-02,1.089231866628491101e-06,1.797141420436352721e+00
1.180053077308222953e+01,3.225743740299215345e-02,-1.290563289043489444e-02,1.082728211094926536e-06,1.797141986416048720e+00
1.180427459312445215e+01,3.220913635227027477e-02,-1.289745197947702107e-02,1.076257819077531632e-06,1.797142549371995246e+00
1.180801841316667300e+01,3.216086591488273583e-02,-1.288927882586833606e-02,1.069820544176370360e-06,1.797143109317332899e+00
1.181176223320889385e+01,3.211262606180558671e-02,-1.288111341988377491e-02,1.063416240562706746e-06,1.797143666265156980e+00
1.181550605325111647e+01,3.206441676405129282e-02,-1.287295575181324030e-02,1.057044762976924348e-06,1.797144220228517275e+00
1.181924987329333732e+01,3.201623799266869325e-02,-1.286480581196160558e-02,1.050705966726435779e-06,1.797144771220418713e+00
1.182299369333555994e+01,3.196808971874279953e-02,-1.285666359064864886e-02,1.044399707683579733e-06,1.797145319253821372e+00
1.182673751337778079e+01,3.191997191339493445e-02,-1.284852907820905818e-02,1.038125842283571593e-06,1.797145864341639809e+00
1.183048133342000163e+01,3.187188454778251689e-02,-1.284040226499238470e-02,1.031884227522412739e-06,1.797146406496744397e+00
1.183422515346222426e+01,3.182382759309905496e-02,-1.283228314136302013e-02,1.025674720954837551e-06,1.797146945731960876e+00
1.183796897350444510e+01,3.177580102057418060e-02,-1.282417169770018461e-02,1.019497180692271642e-06,1.797147482060070134e+00
1.184171279354666595e+01,3.172780480147344151e-02,-1.281606792439787292e-02,1.013351465400765723e-06,1.797148015493808426e+00
1.184545661358888857e+01,3.167983890709832884e-02,-1.280797181186485098e-02,1.007237434298969511e-06,1.797148546045869155e+00
1.184920043363110942e+01,3.163190330878627027e-02,-1.279988335052462470e-02,1.001154947156106465e-06,1.797149073728899982e+00
1.185294425367333204e+01,3.158399797791044267e-02,-1.279180253081539827e-02,9.951038642899341346e-07,1.797149598555504824e+00
1.185668807371555289e+01,3.153612288587986923e-02,-1.278372934319007247e-02,9.890840465647481260e-07,1.797150120538244522e+00
1.186043189375777374e+01,3.148827800413923211e-02,-1.277566377811619781e-02,9.830953553893572696e-07,1.797150639689636176e+00
1.186417571379999636e+01,3.144046330416886553e-02,-1.276760582607595028e-02,9.771376527150880107e-07,1.797151156022151586e+00
1.186791953384221721e+01,3.139267875748478348e-02,-1.275955547756612435e-02,9.712108010338023519e-07,1.797151669548220587e+00
1.187166335388443983e+01,3.134492433563845076e-02,-1.275151272309807925e-02,9.653146633758897502e-07,1.797152180280229938e+00
1.187540717392666068e+01,3.129720001021693565e-02,-1.274347755319773547e-02,9.594491033083136472e-07,1.797152688230521100e+00
1.187915099396888152e+01,3.124950575284266702e-02,-1.273544995840553487e-02,9.536139849326166004e-07,1.797153193411394678e+00
1.188289481401110415e+01,3.120184153517346209e-02,-1.272742992927641294e-02,9.478091728829673430e-07,1.797153695835106424e+00
1.188663863405332499e+01,3.115420732890254729e-02,-1.271941745637979182e-02,9.420345323242113376e-07,1.797154195513870123e+00
1.189038245409554584e+01,3.110660310575835349e-02,-1.271141253029953351e-02,9.362899289499038598e-07,1.797154692459856484e+00
1.189412627413776846e+01,3.105902883750453689e-02,-1.270341514163391729e-02,9.305752289803755866e-07,1.797155186685194028e+00
1.189787009417998931e+01,3.101148449594000323e-02,-1.269542528099562931e-02,9.248902991608072908e-07,1.797155678201967088e+00
1.190161391422221193e+01,3.096397005289866847e-02,-1.268744293901171404e-02,9.192350067592783825e-07,1.797156167022220030e+00
1.190535773426443278e+01,3.091648548024961835e-02,-1.267946810632357250e-02,9.136092195648716734e-07,1.797156653157952588e+00
1.190910155430665363e+01,3.086903074989687246e-02,-1.267150077358691375e-02,9.080128058857371649e-07,1.797157136621123863e+00
1.191284537434887625e+01,3.082160583377940508e-02,-1.266354093147173919e-02,9.024456345471939535e-07,1.797157617423649656e+00
1.191658919439109710e+01,3.077421070387117291e-02,-1.265558857066232876e-02,8.969075748898391238e-07,1.797158095577404691e+00
1.192033301443331794e+01,3.072684533218090000e-02,-1.264764368185719232e-02,8.913984967676357830e-07,1.797158571094221280e+00
1.192407683447554056e+01,3.067950969075211587e-02,-1.263970625576905579e-02,8.859182705460379422e-07,1.797159043985890658e+00
1.192782065451776141e+01,3.063220375166316248e-02,-1.263177628312484729e-02,8.804667671001175148e-07,1.797159514264161206e+00
1.193156447455998403e+01,3.058492748702697217e-02,-1.262385375466564506e-02,8.750438578126723620e-07,1.797159981940741114e+00
1.193530829460220488e+01,3.053768086899121686e-02,-1.261593866114668096e-02,8.696494145723846320e-07,1.797160447027296160e+00
1.193905211464442573e+01,3.049046386973807213e-02,-1.260803099333729187e-02,8.642833097719403465e-07,1.797160909535451712e+00
1.194279593468664835e+01,3.044327646148425881e-02,-1.260013074202090411e-02,8.589454163061889041e-07,1.797161369476791393e+00
1.194653975472886920e+01,3.039611861648103611e-02,-1.259223789799501433e-02,8.536356075703026895e-07,1.797161826862857747e+00
1.195028357477109004e+01,3.034899030701402114e-02,-1.258435245207115485e-02,8.483537574579247184e-07,1.797162281705152465e+00
1.195402739481331267e+01,3.030189150540320633e-02,-1.257647439507486239e-02,8.430997403593446575e-07,1.797162734015136820e+00
1.195777121485553351e+01,3.025482218400297324e-02,-1.256860371784568331e-02,8.378734311596818336e-07,1.797163183804230790e+00
1.196151503489775614e+01,3.020778231520188789e-02,-1.256074041123710419e-02,8.326747052370493951e-07,1.797163631083814161e+00
1.196525885493997698e+01,3.016077187142281180e-02,-1.255288446611657095e-02,8.275034384607615668e-07,1.797164075865225641e+00
1.196900267498219783e+01,3.011379082512271113e-02,-1.254503587336542811e-02,8.223595071895133764e-07,1.797164518159764635e+00
1.197274649502442045e+01,3.006683914879266714e-02,-1.253719462387891184e-02,8.172427882695890735e-07,1.797164957978689026e+00
1.197649031506664130e+01,3.001991681495787961e-02,-1.252936070856613439e-02,8.121531590330770081e-07,1.797165395333217841e+00
1.198023413510886215e+01,2.997302379617749687e-02,-1.252153411835003026e-02,8.070904972960712734e-07,1.797165830234528805e+00
1.198397795515108477e+01,2.992616006504462620e-02,-1.251371484416735798e-02,8.020546813569001368e-07,1.797166262693760563e+00
1.198772177519330562e+01,2.987932559418633727e-02,-1.250590287696866885e-02,7.970455899943601873e-07,1.797166692722012016e+00
1.199146559523552824e+01,2.983252035626347484e-02,-1.249809820771826882e-02,7.920631024659361908e-07,1.797167120330341206e+00
1.199520941527774909e+01,2.978574432397077323e-02,-1.249030082739422017e-02,7.871070985060595895e-07,1.797167545529768651e+00
1.199895323531996993e+01,2.973899747003664468e-02,-1.248251072698828776e-02,7.821774583243391564e-07,1.797167968331273347e+00
1.200269705536219256e+01,2.969227976722320361e-02,-1.247472789750593038e-02,7.772740626038227780e-07,1.797168388745796097e+00
1.200644087540441340e+01,2.964559118832628404e-02,-1.246695232996628336e-02,7.723967924992649536e-07,1.797168806784237738e+00
1.201018469544663603e+01,2.959893170617522440e-02,-1.245918401540211350e-02,7.675455296353762965e-07,1.797169222457460913e+00
1.201392851548885687e+01,2.955230129363299596e-02,-1.245142294485981904e-02,7.627201561051152800e-07,1.797169635776288521e+00
1.201767233553107772e+01,2.950569992359600505e-02,-1.244366910939938113e-02,7.579205544679520316e-07,1.797170046751504380e+00
1.202141615557330034e+01,2.945912756899409998e-02,-1.243592250009435338e-02,7.531466077481600797e-07,1.797170455393854338e+00
1.202515997561552119e+01,2.941258420279058150e-02,-1.242818310803184799e-02,7.483981994331148753e-07,1.797170861714044943e+00
1.202890379565774204e+01,2.936606979798203967e-02,-1.242045092431248200e-02,7.436752134715800336e-07,1.797171265722743660e+00
1.203264761569996466e+01,2.931958432759834698e-02,-1.241272594005037727e-02,7.389775342720160202e-07,1.797171667430580655e+00
1.203639143574218551e+01,2.927312776470268954e-02,-1.240500814637313792e-02,7.343050467008997441e-07,1.797172066848146788e+00
1.204013525578440813e+01,2.922670008239135198e-02,-1.239729753442180178e-02,7.296576360810238211e-07,1.797172463985994950e+00
1.204387907582662898e+01,2.918030125379385623e-02,-1.238959409535085252e-02,7.250351881898392482e-07,1.797172858854640287e+00
1.204762289586884982e+01,2.913393125207273948e-02,-1.238189782032815892e-02,7.204375892577667374e-07,1.797173251464558641e+00
1.205136671591107245e+01,2.908759005042358889e-02,-1.237420870053497490e-02,7.158647259665410838e-07,1.797173641826190105e+00
1.205511053595329329e+01,2.904127762207503807e-02,-1.236652672716591350e-02,7.113164854475559576e-07,1.797174029949934138e+00
1.205885435599551414e+01,2.899499394028860408e-02,-1.235885189142891215e-02,7.067927552802011784e-07,1.797174415846154893e+00
1.206259817603773676e+01,2.894873897835869431e-02,-1.235118418454521534e-02,7.022934234902212712e-07,1.797174799525178113e+00
1.206634199607995761e+01,2.890251270961261693e-02,-1.234352359774935903e-02,6.978183785480803747e-07,1.797175180997290678e+00
1.207008581612218023e+01,2.885631510741039352e-02,-1.233587012228913073e-02,6.933675093673149750e-07,1.797175560272744166e+00
1.207382963616440108e+01,2.881014614514486316e-02,-1.232822374942556254e-02,6.889407053029197773e-07,1.797175937361751741e+00
1.207757345620662193e+01,2.876400579624150203e-02,-1.232058447043289477e-02,6.845378561497124038e-07,1.797176312274489263e+00
1.208131727624884455e+01,2.871789403415842684e-02,-1.231295227659855163e-02,6.801588521407221249e-07,1.797176685021096398e+00
1.208506109629106540e+01,2.867181083238640876e-02,-1.230532715922313773e-02,6.758035839455846256e-07,1.797177055611674179e+00
1.208880491633328624e+01,2.862575616444870338e-02,-1.229770910962039131e-02,6.714719426689259732e-07,1.797177424056288997e+00
1.209254873637550887e+01,2.857973000390105767e-02,-1.229009811911716855e-02,6.671638198487687126e-07,1.797177790364968386e+00
1.209629255641772971e+01,2.853373232433173076e-02,-1.228249417905343151e-02,6.628791074549451617e-07,1.797178154547704132e+00
1.210003637645995234e+01,2.848776309936129625e-02,-1.227489728078220294e-02,6.586176978874964138e-07,1.797178516614451382e+00
1.210378019650217318e+01,2.844182230264276010e-02,-1.226730741566957154e-02,6.543794839751059613e-07,1.797178876575129314e+00
1.210752401654439403e+01,2.839590990786135943e-02,-1.225972457509463820e-02,6.501643589735101328e-07,1.797179234439620021e+00
1.211126783658661665e+01,2.835002588873458684e-02,-1.225214875044951073e-02,6.459722165639341529e-07,1.797179590217769185e+00
1.211501165662883750e+01,2.830417021901219729e-02,-1.224457993313928829e-02,6.418029508515337069e-07,1.797179943919387179e+00
1.211875547667106012e+01,2.825834287247601731e-02,-1.223701811458201283e-02,6.376564563638230597e-07,1.797180295554247298e+00
1.212249929671328097e+01,2.821254382294006297e-02,-1.222946328620867600e-02,6.335326280491367384e-07,1.797180645132088195e+00
1.212624311675550182e+01,2.816677304425034209e-02,-1.222191543946317231e-02,6.294313612750698262e-07,1.797180992662611443e+00
1.212998693679772444e+01,2.812103051028486816e-02,-1.221437456580228356e-02,6.253525518269411278e-07,1.797181338155483532e+00
1.213373075683994529e+01,2.807531619495368808e-02,-1.220684065669567012e-02,6.212960959062641687e-07,1.797181681620334981e+00
1.213747457688216613e+01,2.802963007219868435e-02,-1.219931370362582583e-02,6.172618901292041128e-07,1.797182023066761225e+00
1.214121839692438876e+01,2.798397211599361681e-02,-1.219179369808806243e-02,6.132498315250599856e-07,1.797182362504321507e+00
1.214496221696660960e+01,2.793834230034411212e-02,-1.218428063159050605e-02,6.092598175347496497e-07,1.797182699942540207e+00
1.214870603700883223e+01,2.789274059928748689e-02,-1.217677449565404170e-02,6.052917460092844040e-07,1.797183035390907291e+00
1.215244985705105307e+01,2.784716698689286563e-02,-1.216927528181232024e-02,6.013455152082753477e-07,1.797183368858875641e+00
1.215619367709327392e+01,2.780162143726097601e-02,-1.216178298161171671e-02,5.974210237984170848e-07,1.797183700355864611e+00
1.215993749713549654e+01,2.775610392452417322e-02,-1.215429758661131128e-02,5.935181708519971584e-07,1.797184029891258250e+00
1.216368131717771739e+01,2.771061442284645376e-02,-1.214681908838288402e-02,5.896368558454090837e-07,1.797184357474405747e+00
1.216742513721993824e+01,2.766515290642327859e-02,-1.213934747851086286e-02,5.857769786576554298e-07,1.797184683114621429e+00
1.217116895726216086e+01,2.761971934948159735e-02,-1.213188274859232189e-02,5.819384395688730287e-07,1.797185006821184983e+00
1.217491277730438171e+01,2.757431372627985530e-02,-1.212442489023696397e-02,5.781211392588621033e-07,1.797185328603342125e+00
1.217865659734660433e+01,2.752893601110779215e-02,-1.211697389506707218e-02,5.743249788056033240e-07,1.797185648470303487e+00
1.218240041738882518e+01,2.748358617828659117e-02,-1.210952975471752020e-02,5.705498596838091706e-07,1.797185966431244841e+00
1.218614423743104602e+01,2.743826420216865028e-02,-1.210209246083572381e-02,5.667956837634502011e-07,1.797186282495309761e+00
1.218988805747326865e+01,2.739297005713762362e-02,-1.209466200508162864e-02,5.630623533083076841e-07,1.797186596671605185e+00
1.219363187751548949e+01,2.734770371760842853e-02,-1.208723837912769813e-02,5.593497709745297250e-07,1.797186908969205632e+00
1.219737569755771034e+01,2.730246515802706164e-02,-1.207982157465887184e-02,5.556578398091761696e-07,1.797187219397150981e+00
1.220111951759993296e+01,2.725725435287064402e-02,-1.207241158337255676e-02,5.519864632487886005e-07,1.797187527964447806e+00
1.220486333764215381e+01,2.721207127664740724e-02,-1.206500839697860830e-02,5.483355451179591694e-07,1.797187834680068708e+00
1.220860715768437643e+01,2.716691590389651301e-02,-1.205761200719929031e-02,5.447049896278927580e-07,1.797188139552952091e+00
1.221235097772659728e+01,2.712178820918818151e-02,-1.205022240576927861e-02,5.410947013749982572e-07,1.797188442592003277e+00
1.221609479776881813e+01,2.707668816712348325e-02,-1.204283958443561585e-02,5.375045853394584571e-07,1.797188743806094502e+00
1.221983861781104075e+01,2.703161575233437031e-02,-1.203546353495770285e-02,5.339345468838235492e-07,1.797189043204064030e+00
1.222358243785326160e+01,2.698657093948367627e-02,-1.202809424910727780e-02,5.303844917516083338e-07,1.797189340794716816e+00
1.222732625789548422e+01,2.694155370326493937e-02,-1.202073171866838153e-02,5.268543260658798986e-07,1.797189636586825179e+00
1.223107007793770507e+01,2.689656401840252037e-02,-1.201337593543735580e-02,5.233439563278732490e-07,1.797189930589127682e+00
1.223481389797992591e+01,2.685160185965140486e-02,-1.200602689122280686e-02,5.198532894155883040e-07,1.797190222810331361e+00
1.223855771802214853e+01,2.680666720179721366e-02,-1.199868457784557772e-02,5.163822325824073268e-07,1.797190513259107947e+00
1.224230153806436938e+01,2.676176001965624440e-02,-1.199134898713875678e-02,5.129306934557199785e-07,1.797190801944098748e+00
1.224604535810659023e+01,2.671688028807527038e-02,-1.198402011094762062e-02,5.094985800355350308e-07,1.797191088873910436e+00
1.224978917814881285e+01,2.667202798193158558e-02,-1.197669794112963051e-02,5.060858006931157965e-07,1.797191374057118818e+00
1.225353299819103370e+01,2.662720307613299434e-02,-1.196938246955441855e-02,5.026922641696158766e-07,1.797191657502265949e+00
1.225727681823325632e+01,2.658240554561764127e-02,-1.196207368810374254e-02,4.993178795747085552e-07,1.797191939217862133e+00
1.226102063827547717e+01,2.653763536535412235e-02,-1.195477158867149468e-02,4.959625563852414995e-07,1.797192219212384812e+00
1.226476445831769801e+01,2.649289251034130099e-02,-1.194747616316365474e-02,4.926262044438750485e-07,1.797192497494279895e+00
1.226850827835992064e+01,2.644817695560831503e-02,-1.194018740349827440e-02,4.893087339577392421e-07,1.797192774071960431e+00
1.227225209840214148e+01,2.640348867621460094e-02,-1.193290530160547383e-02,4.860100554970968857e-07,1.797193048953807937e+00
1.227599591844436233e+01,2.635882764724972391e-02,-1.192562984942739830e-02,4.827300799939974029e-07,1.797193322148171957e+00
1.227973973848658495e+01,2.631419384383338819e-02,-1.191836103891820431e-02,4.794687187409488994e-07,1.797193593663370281e+00
1.228348355852880580e+01,2.626958724111547183e-02,-1.191109886204404916e-02,4.762258833895966865e-07,1.797193863507688061e+00
1.228722737857102842e+01,2.622500781427581154e-02,-1.190384331078304936e-02,4.730014859493879856e-07,1.797194131689379581e+00
1.229097119861324927e+01,2.618045553852434496e-02,-1.189659437712528578e-02,4.697954387862684511e-07,1.797194398216667821e+00
1.229471501865547012e+01,2.613593038910091287e-02,-1.188935205307275512e-02,4.666076546213577281e-07,1.797194663097743561e+00
1.229845883869769274e+01,2.609143234127527314e-02,-1.188211633063936470e-02,4.634380465296457631e-07,1.797194926340766719e+00
1.230220265873991359e+01,2.604696137034712491e-02,-1.187488720185092030e-02,4.602865279386945141e-07,1.797195187953865458e+00
1.230594647878213443e+01,2.600251745164593523e-02,-1.186766465874508104e-02,4.571530126273298140e-07,1.797195447945137081e+00
1.230969029882435706e+01,2.595810056053095630e-02,-1.186044869337135252e-02,4.540374147243520808e-07,1.797195706322647135e+00
1.231343411886657790e+01,2.591371067239125331e-02,-1.185323929779108151e-02,4.509396487072521626e-07,1.797195963094431859e+00
1.231717793890880053e+01,2.586934776264549971e-02,-1.184603646407739533e-02,4.478596294009155888e-07,1.797196218268493961e+00
1.232092175895102137e+01,2.582501180674211250e-02,-1.183884018431522953e-02,4.447972719763551446e-07,1.797196471852807509e+00
1.232466557899324222e+01,2.578070278015904757e-02,-1.183165045060126548e-02,4.417524919494245978e-07,1.797196723855315037e+00
1.232840939903546484e+01,2.573642065840384130e-02,-1.182446725504393038e-02,4.387252051795540792e-07,1.797196974283927995e+00
1.233215321907768569e+01,2.569216541701360018e-02,-1.181729058976338335e-02,4.357153278684865209e-07,1.797197223146527856e+00
1.233589703911990654e+01,2.564793703155485854e-02,-1.181012044689147555e-02,4.327227765590091719e-07,1.797197470450965229e+00
1.233964085916212916e+01,2.560373547762358204e-02,-1.180295681857173977e-02,4.297474681337006769e-07,1.797197716205060303e+00
1.234338467920435001e+01,2.555956073084518498e-02,-1.179579969695938174e-02,4.267893198136824445e-07,1.797197960416604401e+00
1.234712849924657263e+01,2.551541276687435689e-02,-1.178864907422122986e-02,4.238482491573624969e-07,1.797198203093355540e+00
1.235087231928879348e+01,2.547129156139516654e-02,-1.178150494253575077e-02,4.209241740592021902e-07,1.797198444243044424e+00
1.235461613933101432e+01,2.542719709012088158e-02,-1.177436729409300081e-02,4.180170127484684289e-07,1.797198683873370895e+00
1.235835995937323695e+01,2.538312932879398937e-02,-1.176723612109461387e-02,4.151266837880039858e-07,1.797198921992004372e+00
1.236210377941545779e+01,2.533908825318621424e-02,-1.176011141575379788e-02,4.122531060730015277e-07,1.797199158606584746e+00
1.236584759945768042e+01,2.529507383909832333e-02,-1.175299317029528286e-02,4.093961988297688530e-07,1.797199393724721928e+00
1.236959141949990126e+01,2.525108606236026523e-02,-1.174588137695533469e-02,4.065558816145197524e-07,1.797199627353996076e+00
1.237333523954212211e+01,2.520712489883095500e-02,-1.173877602798171008e-02,4.037320743121467111e-07,1.797199859501959152e+00
1.237707905958434473e+01,2.516319032439832265e-02,-1.173167711563364093e-02,4.009246971350149982e-07,1.797200090176130916e+00
1.238082287962656558e+01,2.511928231497931319e-02,-1.172458463218183436e-02,3.981336706217576569e-07,1.797200319384004263e+00
1.238456669966878643e+01,2.507540084651972354e-02,-1.171749856990842234e-02,3.953589156360649883e-07,1.797200547133041226e+00
1.238831051971100905e+01,2.503154589499423030e-02,-1.171041892110696002e-02,3.926003533654901292e-07,1.797200773430675191e+00
1.239205433975322990e+01,2.498771743640639323e-02,-1.170334567808241182e-02,3.898579053202574884e-07,1.797200998284310236e+00
1.239579815979545252e+01,2.494391544678848521e-02,-1.169627883315110806e-02,3.871314933320650419e-07,1.797201221701321128e+00
1.239954197983767337e+01,2.490013990220160331e-02,-1.168921837864075539e-02,3.844210395529075930e-07,1.797201443689054212e+00
1.240328579987989421e+01,2.485639077873548139e-02,-1.168216430689038819e-02,3.817264664538869022e-07,1.797201664254826081e+00
1.240702961992211684e+01,2.481266805250852137e-02,-1.167511661025036340e-02,3.790476968240385996e-07,1.797201883405925349e+00
1.241077343996433768e+01,2.476897169966779666e-02,-1.166807528108235008e-02,3.763846537691624856e-07,1.797202101149611764e+00
1.241451726000655853e+01,2.472530169638889955e-02,-1.166104031175928951e-02,3.737372607106466901e-07,1.797202317493115986e+00
1.241826108004878115e+01,2.468165801887595504e-02,-1.165401169466538135e-02,3.711054413843070787e-07,1.797202532443639811e+00
1.242200490009100200e+01,2.463804064336163821e-02,-1.164698942219608360e-02,3.684891198392304172e-07,1.797202746008357499e+00
1.242574872013322462e+01,2.459444954610699383e-02,-1.163997348675805885e-02,3.658882204366101251e-07,1.797202958194414446e+00
1.242949254017544547e+01,2.455088470340155773e-02,-1.163296388076919159e-02,3.633026678486042104e-07,1.797203169008927848e+00
1.243323636021766632e+01,2.450734609156315913e-02,-1.162596059665853797e-02,3.607323870571784344e-07,1.797203378458986478e+00
1.243698018025988894e+01,2.446383368693796564e-02,-1.161896362686631878e-02,3.581773033529678463e-07,1.797203586551650689e+00
1.244072400030210979e+01,2.442034746590047295e-02,-1.161197296384391259e-02,3.556373423341394827e-07,1.797203793293953522e+00
1.244446782034433063e+01,2.437688740485336944e-02,-1.160498860005381057e-02,3.531124299052515203e-07,1.797203998692899374e+00
1.244821164038655326e+01,2.433345348022752930e-02,-1.159801052796961655e-02,3.506024922761242868e-07,1.797204202755465552e+00
1.245195546042877410e+01,2.429004566848205413e-02,-1.159103874007602619e-02,3.481074559607181006e-07,1.797204405488600276e+00
1.245569928047099673e+01,2.424666394610407172e-02,-1.158407322886879573e-02,3.456272477760010533e-07,1.797204606899225121e+00
1.245944310051321757e+01,2.420330828960887137e-02,-1.157711398685474027e-02,3.431617948408403487e-07,1.797204806994233683e+00
1.246318692055543842e+01,2.415997867553970960e-02,-1.157016100655169910e-02,3.407110245748788728e-07,1.797205005780492026e+00
1.246693074059766104e+01,2.411667508046783440e-02,-1.156321428048851657e-02,3.382748646974280157e-07,1.797205203264838236e+00
1.247067456063988189e+01,2.407339748099250956e-02,-1.155627380120504907e-02,3.358532432263646760e-07,1.797205399454083974e+00
1.247441838068210451e+01,2.403014585374081691e-02,-1.154933956125210257e-02,3.334460884770197416e-07,1.797205594355012703e+00
1.247816220072432536e+01,2.398692017536780199e-02,-1.154241155319145687e-02,3.310533290610898116e-07,1.797205787974380797e+00
1.248190602076654621e+01,2.394372042255625901e-02,-1.153548976959581536e-02,3.286748938855326649e-07,1.797205980318917984e+00
1.248564984080876883e+01,2.390054657201678284e-02,-1.152857420304880150e-02,3.263107121514817348e-07,1.797206171395326679e+00
1.248939366085098968e+01,2.385739860048776903e-02,-1.152166484614493801e-02,3.239607133531613772e-07,1.797206361210281766e+00
1.249313748089321052e+01,2.381427648473525421e-02,-1.151476169148962607e-02,3.216248272767974276e-07,1.797206549770431705e+00
1.249688130093543315e+01,2.377118020155293693e-02,-1.150786473169912102e-02,3.193029839995417870e-07,1.797206737082398753e+00
1.250062512097765399e+01,2.372810972776221231e-02,-1.150097395940053065e-02,3.169951138884011367e-07,1.797206923152776969e+00
1.250436894101987662e+01,2.368506504021196044e-02,-1.149408936723177350e-02,3.147011475991564950e-07,1.797207107988135100e+00
1.250811276106209746e+01,2.364204611577869555e-02,-1.148721094784158243e-02,3.124210160753063846e-07,1.797207291595013912e+00
1.251185658110431831e+01,2.359905293136636828e-02,-1.148033869388946984e-02,3.101546505469945424e-07,1.797207473979929082e+00
1.251560040114654093e+01,2.355608546390638991e-02,-1.147347259804571210e-02,3.079019825299540919e-07,1.797207655149368977e+00
1.251934422118876178e+01,2.351314369035766016e-02,-1.146661265299134431e-02,3.056629438244550529e-07,1.797207835109796203e+00
1.252308804123098263e+01,2.347022758770639025e-02,-1.145975885141812048e-02,3.034374665142453380e-07,1.797208013867646503e+00
1.252683186127320525e+01,2.342733713296613757e-02,-1.145291118602850822e-02,3.012254829655064667e-07,1.797208191429329638e+00
1.253057568131542610e+01,2.338447230317781955e-02,-1.144606964953567320e-02,2.990269258258120330e-07,1.797208367801229167e+00
1.253431950135764872e+01,2.334163307540952983e-02,-1.143923423466344791e-02,2.968417280230795019e-07,1.797208542989702673e+00
1.253806332139986957e+01,2.329881942675666659e-02,-1.143240493414633165e-02,2.946698227645422287e-07,1.797208717001082645e+00
1.254180714144209041e+01,2.325603133434175213e-02,-1.142558174072944889e-02,2.925111435357089857e-07,1.797208889841673818e+00
1.254555096148431304e+01,2.321326877531444330e-02,-1.141876464716854757e-02,2.903656240993373044e-07,1.797209061517756945e+00
1.254929478152653388e+01,2.317053172685155926e-02,-1.141195364622998344e-02,2.882331984944111075e-07,1.797209232035585913e+00
1.255303860156875473e+01,2.312782016615692882e-02,-1.140514873069068541e-02,2.861138010351133634e-07,1.797209401401389073e+00
1.255678242161097735e+01,2.308513407046138693e-02,-1.139834989333815031e-02,2.840073663098091702e-07,1.797209569621370351e+00
1.256052624165319820e+01,2.304247341702283028e-02,-1.139155712697042730e-02,2.819138291800365162e-07,1.797209736701706584e+00
1.256427006169542082e+01,2.299983818312600556e-02,-1.138477042439608490e-02,2.798331247794862932e-07,1.797209902648550850e+00
1.256801388173764167e+01,2.295722834608264831e-02,-1.137798977843420926e-02,2.777651885130042271e-07,1.797210067468028694e+00
1.257175770177986251e+01,2.291464388323129556e-02,-1.137121518191437294e-02,2.757099560555798910e-07,1.797210231166242567e+00
1.257550152182208514e+01,2.287208477193731007e-02,-1.136444662767662449e-02,2.736673633513498005e-07,1.797210393749268942e+00
1.257924534186430598e+01,2.282955098959290122e-02,-1.135768410857147283e-02,2.716373466126039499e-07,1.797210555223158757e+00
1.258298916190652861e+01,2.278704251361694799e-02,-1.135092761745985605e-02,2.696198423187864721e-07,1.797210715593938302e+00
1.258673298194874945e+01,2.274455932145511700e-02,-1.134417714721314488e-02,2.676147872155139274e-07,1.797210874867608776e+00
1.259047680199097030e+01,2.270210139057967508e-02,-1.133743269071310275e-02,2.656221183135825811e-07,1.797211033050146956e+00
1.259422062203319292e+01,2.265966869848952750e-02,-1.133069424085187890e-02,2.636417728879901329e-07,1.797211190147504301e+00
1.259796444207541377e+01,2.261726122271023182e-02,-1.132396179053199448e-02,2.616736884769596709e-07,1.797211346165607848e+00
1.260170826211763462e+01,2.257487894079383134e-02,-1.131723533266631651e-02,2.597178028809584893e-07,1.797211501110359544e+00
1.260545208215985724e+01,2.253252183031888636e-02,-1.131051486017803885e-02,2.577740541617302474e-07,1.797211654987637353e+00
1.260919590220207809e+01,2.249018986889049498e-02,-1.130380036600067868e-02,2.558423806413295643e-07,1.797211807803294370e+00
1.261293972224430071e+01,2.244788303414010575e-02,-1.129709184307804010e-02,2.539227209011507360e-07,1.797211959563159267e+00
1.261668354228652156e+01,2.240560130372564948e-02,-1.129038928436421410e-02,2.520150137809746655e-07,1.797212110273036734e+00
1.262042736232874240e+01,2.236334465533135543e-02,-1.128369268282354392e-02,2.501191983780046206e-07,1.797212259938706813e+00
1.262417118237096503e+01,2.232111306666777206e-02,-1.127700203143061804e-02,2.482352140459149638e-07,1.797212408565925124e+00
1.262791500241318587e+01,2.227890651547179482e-02,-1.127031732317025636e-02,2.463630003939034281e-07,1.797212556160423746e+00
1.263165882245540672e+01,2.223672497950649612e-02,-1.126363855103748243e-02,2.445024972857381515e-07,1.797212702727910560e+00
1.263540264249762934e+01,2.219456843656116007e-02,-1.125696570803750435e-02,2.426536448388172066e-07,1.797212848274069019e+00
1.263914646253985019e+01,2.215243686445130325e-02,-1.125029878718571998e-02,2.408163834232306697e-07,1.797212992804559706e+00
1.264289028258207281e+01,2.211033024101848043e-02,-1.124363778150766317e-02,2.389906536608170263e-07,1.797213136325017890e+00
1.264663410262429366e+01,2.206824854413043033e-02,-1.123698268403902460e-02,2.371763964242373379e-07,1.797213278841056194e+00
1.265037792266651451e+01,2.202619175168088125e-02,-1.123033348782560316e-02,2.353735528360386350e-07,1.797213420358263480e+00
1.265412174270873713e+01,2.198415984158957545e-02,-1.122369018592330250e-02,2.335820642677293540e-07,1.797213560882204186e+00
1.265786556275095798e+01,2.194215279180229336e-02,-1.121705277139812412e-02,2.318018723388587985e-07,1.797213700418420546e+00
1.266160938279317882e+01,2.190017058029070443e-02,-1.121042123732612569e-02,2.300329189160920194e-07,1.797213838972429700e+00
1.266535320283540145e+01,2.185821318505237060e-02,-1.120379557679342282e-02,2.282751461122948085e-07,1.797213976549726810e+00
1.266909702287762229e+01,2.181628058411078791e-02,-1.119717578289616822e-02,2.265284962856234021e-07,1.797214113155783055e+00
1.267284084291984492e+01,2.177437275551519225e-02,-1.119056184874052569e-02,2.247929120386077799e-07,1.797214248796046521e+00
1.267658466296206576e+01,2.173248967734069809e-02,-1.118395376744267186e-02,2.230683362172518251e-07,1.797214383475942423e+00
1.268032848300428661e+01,2.169063132768811117e-02,-1.117735153212875282e-02,2.213547119101236633e-07,1.797214517200871331e+00
1.268407230304650923e+01,2.164879768468394583e-02,-1.117075513593488931e-02,2.196519824474572789e-07,1.797214649976213385e+00
1.268781612308873008e+01,2.160698872648046318e-02,-1.116416457200715417e-02,2.179600914002584975e-07,1.797214781807323636e+00
1.269155994313095093e+01,2.156520443125550454e-02,-1.115757983350154636e-02,2.162789825794056496e-07,1.797214912699535150e+00
1.269530376317317355e+01,2.152344477721251231e-02,-1.115100091358398222e-02,2.146086000347613763e-07,1.797215042658157902e+00
1.269904758321539440e+01,2.148170974258055768e-02,-1.114442780543028338e-02,2.129488880542874804e-07,1.797215171688478996e+00
1.270279140325761702e+01,2.143999930561416023e-02,-1.113786050222614378e-02,2.112997911631549857e-07,1.797215299795763555e+00
1.270653522329983787e+01,2.139831344459341284e-02,-1.113129899716713313e-02,2.096612541228694169e-07,1.797215426985253162e+00
1.271027904334205871e+01,2.135665213782380820e-02,-1.112474328345866223e-02,2.080332219303873437e-07,1.797215553262167864e+00
1.271402286338428134e+01,2.131501536363625271e-02,-1.111819335431597083e-02,2.064156398172436994e-07,1.797215678631703950e+00
1.271776668342650218e+01,2.127340310038710117e-02,-1.111164920296412589e-02,2.048084532486828039e-07,1.797215803099036613e+00
1.272151050346872481e+01,2.123181532645796940e-02,-1.110511082263797994e-02,2.032116079227840671e-07,1.797215926669318176e+00
1.272525432351094565e+01,2.119025202025586613e-02,-1.109857820658217802e-02,2.016250497696030447e-07,1.797216049347678535e+00
1.272899814355316650e+01,2.114871316021300907e-02,-1.109205134805112125e-02,2.000487249503035730e-07,1.797216171139225382e+00
1.273274196359538912e+01,2.110719872478685269e-02,-1.108553024030895819e-02,1.984825798563010223e-07,1.797216292049045094e+00
1.273648578363760997e+01,2.106570869246011252e-02,-1.107901487662958304e-02,1.969265611084085932e-07,1.797216412082200732e+00
1.274022960367983082e+01,2.102424304174060898e-02,-1.107250525029659059e-02,1.953806155559797218e-07,1.797216531243734039e+00
1.274397342372205344e+01,2.098280175116128826e-02,-1.106600135460327622e-02,1.938446902760603593e-07,1.797216649538665223e+00
1.274771724376427429e+01,2.094138479928023960e-02,-1.105950318285262891e-02,1.923187325725441621e-07,1.797216766971992064e+00
1.275146106380649691e+01,2.089999216468053922e-02,-1.105301072835728968e-02,1.908026899753241883e-07,1.797216883548691024e+00
1.275520488384871776e+01,2.085862382597035089e-02,-1.104652398443956018e-02,1.892965102394571673e-07,1.797216999273715921e+00
1.275894870389093860e+01,2.081727976178276637e-02,-1.104004294443136809e-02,1.878001413443212318e-07,1.797217114152000361e+00
1.276269252393316123e+01,2.077595995077581928e-02,-1.103356760167425836e-02,1.863135314927831514e-07,1.797217228188455973e+00
1.276643634397538207e+01,2.073466437163252324e-02,-1.102709794951937938e-02,1.848366291103691145e-07,1.797217341387971068e+00
1.277018016401760292e+01,2.069339300306069149e-02,-1.102063398132746563e-02,1.833693828444308770e-07,1.797217453755415306e+00
1.277392398405982554e+01,2.065214582379298544e-02,-1.101417569046880818e-02,1.819117415633231342e-07,1.797217565295635477e+00
1.277766780410204639e+01,2.061092281258692510e-02,-1.100772307032326508e-02,1.804636543555822436e-07,1.797217676013457055e+00
1.278141162414426901e+01,2.056972394822471906e-02,-1.100127611428021977e-02,1.790250705291017965e-07,1.797217785913684862e+00
1.278515544418648986e+01,2.052854920951338591e-02,-1.099483481573857932e-02,1.775959396103212402e-07,1.797217895001101295e+00
1.278889926422871071e+01,2.048739857528458427e-02,-1.098839916810675360e-02,1.761762113434072472e-07,1.797218003280469656e+00
1.279264308427093333e+01,2.044627202439462318e-02,-1.098196916480263449e-02,1.747658356894444014e-07,1.797218110756531262e+00
1.279638690431315418e+01,2.040516953572450720e-02,-1.097554479925359587e-02,1.733647628256298552e-07,1.797218217434005449e+00
1.280013072435537502e+01,2.036409108817975946e-02,-1.096912606489645718e-02,1.719729431444633013e-07,1.797218323317592237e+00
1.280387454439759765e+01,2.032303666069046333e-02,-1.096271295517747650e-02,1.705903272529473737e-07,1.797218428411969882e+00
1.280761836443981849e+01,2.028200623221127971e-02,-1.095630546355234360e-02,1.692168659717901131e-07,1.797218532721796214e+00
1.281136218448204112e+01,2.024099978172127362e-02,-1.094990358348614523e-02,1.678525103346037000e-07,1.797218636251708190e+00
1.281510600452426196e+01,2.020001728822403211e-02,-1.094350730845337037e-02,1.664972115871160001e-07,1.797218739006322563e+00
1.281884982456648281e+01,2.015905873074750471e-02,-1.093711663193787376e-02,1.651509211863757024e-07,1.797218840990234545e+00
1.282259364460870543e+01,2.011812408834400684e-02,-1.093073154743287242e-02,1.638135907999655319e-07,1.797218942208020254e+00
1.282633746465092628e+01,2.007721334009026845e-02,-1.092435204844093184e-02,1.624851723052200680e-07,1.797219042664234268e+00
1.283008128469314890e+01,2.003632646508723969e-02,-1.091797812847393814e-02,1.611656177884381352e-07,1.797219142363411848e+00
1.283382510473536975e+01,1.999546344246022622e-02,-1.091160978105309640e-02,1.598548795441088808e-07,1.797219241310066051e+00
1.283756892477759060e+01,1.995462425135871229e-02,-1.090524699970890285e-02,1.585529100741306243e-07,1.797219339508691727e+00
1.284131274481981322e+01,1.991380887095638152e-02,-1.089888977798113452e-02,1.572596620870386289e-07,1.797219436963762407e+00
1.284505656486203407e+01,1.987301728045115165e-02,-1.089253810941884226e-02,1.559750884972364182e-07,1.797219533679732306e+00
1.284880038490425491e+01,1.983224945906501141e-02,-1.088619198758031432e-02,1.546991424242232300e-07,1.797219629661034546e+00
1.285254420494647754e+01,1.979150538604404833e-02,-1.087985140603307636e-02,1.534317771918305216e-07,1.797219724912083594e+00
1.285628802498869838e+01,1.975078504065847645e-02,-1.087351635835388103e-02,1.521729463274611224e-07,1.797219819437272381e+00
1.286003184503092100e+01,1.971008840220245598e-02,-1.086718683812867153e-02,1.509226035613246281e-07,1.797219913240975631e+00
1.286377566507314185e+01,1.966941544999422850e-02,-1.086086283895258860e-02,1.496807028256853146e-07,1.797220006327547193e+00
1.286751948511536270e+01,1.962876616337593319e-02,-1.085454435442993575e-02,1.484471982541029848e-07,1.797220098701321378e+00
1.287126330515758532e+01,1.958814052171364145e-02,-1.084823137817417758e-02,1.472220441806832124e-07,1.797220190366613624e+00
1.287500712519980617e+01,1.954753850439737428e-02,-1.084192390380792070e-02,1.460051951393295964e-07,1.797220281327718272e+00
1.287875094524202702e+01,1.950696009084094268e-02,-1.083562192496289635e-02,1.447966058629936877e-07,1.797220371588911680e+00
1.288249476528424964e+01,1.946640526048199968e-02,-1.082932543527993959e-02,1.435962312829335965e-07,1.797220461154449556e+00
1.288623858532647048e+01,1.942587399278203689e-02,-1.082303442840899278e-02,1.424040265279739242e-07,1.797220550028569175e+00
1.288998240536869311e+01,1.938536626722622835e-02,-1.081674889800906571e-02,1.412199469237634973e-07,1.797220638215487831e+00
1.289372622541091395e+01,1.934488206332354160e-02,-1.081046883774824247e-02,1.400439479920440080e-07,1.797220725719403500e+00
1.289747004545313480e+01,1.930442136060658148e-02,-1.080419424130364854e-02,1.388759854499131743e-07,1.797220812544495283e+00
1.290121386549535742e+01,1.926398413863160755e-02,-1.079792510236144039e-02,1.377160152090957098e-07,1.797220898694922742e+00
1.290495768553757827e+01,1.922357037697855486e-02,-1.079166141461680890e-02,1.365639933752169400e-07,1.797220984174827230e+00
1.290870150557979912e+01,1.918318005525088826e-02,-1.078540317177393258e-02,1.354198762470744065e-07,1.797221068988329895e+00
1.291244532562202174e+01,1.914281315307563014e-02,-1.077915036754597926e-02,1.342836203159168307e-07,1.797221153139533012e+00
1.291618914566424259e+01,1.910246965010337777e-02,-1.077290299565510263e-02,1.331551822647255383e-07,1.797221236632521535e+00
1.291993296570646521e+01,1.906214952600813334e-02,-1.076666104983240065e-02,1.320345189674930787e-07,1.797221319471359768e+00
1.292367678574868606e+01,1.902185276048743920e-02,-1.076042452381792240e-02,1.309215874885129877e-07,1.797221401660093365e+00
1.292742060579090690e+01,1.898157933326219057e-02,-1.075419341136064216e-02,1.298163450816631975e-07,1.797221483202750658e+00
1.293116442583312953e+01,1.894132922407667369e-02,-1.074796770621844547e-02,1.287187491896982088e-07,1.797221564103340219e+00
1.293490824587535037e+01,1.890110241269857966e-02,-1.074174740215812218e-02,1.276287574435431676e-07,1.797221644365851967e+00
1.293865206591757300e+01,1.886089887891884836e-02,-1.073553249295533529e-02,1.265463276615856668e-07,1.797221723994257392e+00
1.294239588595979384e+01,1.882071860255177947e-02,-1.072932297239462957e-02,1.254714178489776849e-07,1.797221802992510220e+00
1.294613970600201469e+01,1.878056156343486938e-02,-1.072311883426939338e-02,1.244039861969322310e-07,1.797221881364544860e+00
1.294988352604423731e+01,1.874042774142883200e-02,-1.071692007238185008e-02,1.233439910820277986e-07,1.797221959114277290e+00
1.295362734608645816e+01,1.870031711641763003e-02,-1.071072668054306141e-02,1.222913910655153335e-07,1.797222036245606391e+00
1.295737116612867901e+01,1.866022966830831534e-02,-1.070453865257288591e-02,1.212461448926227673e-07,1.797222112762411728e+00
1.296111498617090163e+01,1.862016537703106364e-02,-1.069835598229997541e-02,1.202082114918672261e-07,1.797222188668554210e+00
1.296485880621312248e+01,1.858012422253920576e-02,-1.069217866356177507e-02,1.191775499743693048e-07,1.797222263967878764e+00
1.296860262625534510e+01,1.854010618480903330e-02,-1.068600669020447654e-02,1.181541196331644026e-07,1.797222338664209662e+00
1.297234644629756595e+01,1.850011124383995134e-02,-1.067984005608303873e-02,1.171378799425250835e-07,1.797222412761355415e+00
1.297609026633978679e+01,1.846013937965429452e-02,-1.067367875506114276e-02,1.161287905572774282e-07,1.797222486263104546e+00
1.297983408638200942e+01,1.842019057229734441e-02,-1.066752278101119542e-02,1.151268113121250089e-07,1.797222559173229595e+00
1.298357790642423026e+01,1.838026480183737460e-02,-1.066137212781431351e-02,1.141319022209758158e-07,1.797222631495483558e+00
1.298732172646645111e+01,1.834036204836549111e-02,-1.065522678936030136e-02,1.131440234762666031e-07,1.797222703233603447e+00
1.299106554650867373e+01,1.830048229199565668e-02,-1.064908675954763864e-02,1.121631354482942354e-07,1.797222774391307176e+00
1.299480936655089458e+01,1.826062551286472546e-02,-1.064295203228347517e-02,1.111891986845495758e-07,1.797222844972295563e+00
1.299855318659311720e+01,1.822079169113225566e-02,-1.063682260148359968e-02,1.102221739090484494e-07,1.797222914980251884e+00
1.300229700663533805e+01,1.818098080698065180e-02,-1.063069846107244330e-02,1.092620220216729688e-07,1.797222984418841429e+00
1.300604082667755890e+01,1.814119284061499818e-02,-1.062457960498305008e-02,1.083087040975077252e-07,1.797223053291712169e+00
1.300978464671978152e+01,1.810142777226306579e-02,-1.061846602715707001e-02,1.073621813861826100e-07,1.797223121602495866e+00
1.301352846676200237e+01,1.806168558217535053e-02,-1.061235772154474864e-02,1.064224153112186668e-07,1.797223189354804962e+00
1.301727228680422321e+01,1.802196625062492744e-02,-1.060625468210490453e-02,1.054893674693719592e-07,1.797223256552236137e+00
1.302101610684644584e+01,1.798226975790746807e-02,-1.060015690280491189e-02,1.045629996299836440e-07,1.797223323198367861e+00
1.302475992688866668e+01,1.794259608434127518e-02,-1.059406437762070580e-02,1.036432737343327599e-07,1.797223389296762175e+00
1.302850374693088931e+01,1.790294521026710578e-02,-1.058797710053674228e-02,1.027301518949864462e-07,1.797223454850963575e+00
1.303224756697311015e+01,1.786331711604830993e-02,-1.058189506554600527e-02,1.018235963951597058e-07,1.797223519864499020e+00
1.303599138701533100e+01,1.782371178207063644e-02,-1.057581826664998059e-02,1.009235696880699126e-07,1.797223584340879921e+00
1.303973520705755362e+01,1.778412918874229531e-02,-1.056974669785863859e-02,1.000300343962994726e-07,1.797223648283599040e+00
1.304347902709977447e+01,1.774456931649394734e-02,-1.056368035319043934e-02,9.914295331115907983e-08,1.797223711696133819e+00
1.304722284714199532e+01,1.770503214577857920e-02,-1.055761922667229451e-02,9.826228939205068145e-08,1.797223774581943267e+00
1.305096666718421794e+01,1.766551765707152777e-02,-1.055156331233956558e-02,9.738800576583610743e-08,1.797223836944471076e+00
1.305471048722643879e+01,1.762602583087050090e-02,-1.054551260423605696e-02,9.652006572620785731e-08,1.797223898787143170e+00
1.305845430726866141e+01,1.758655664769540744e-02,-1.053946709641397951e-02,9.565843273305791514e-08,1.797223960113369268e+00
1.306219812731088226e+01,1.754711008808849254e-02,-1.053342678293396617e-02,9.480307041185555081e-08,1.797224020926542876e+00
1.306594194735310310e+01,1.750768613261415377e-02,-1.052739165786502860e-02,9.395394255302038332e-08,1.797224081230039738e+00
1.306968576739532573e+01,1.746828476185899315e-02,-1.052136171528456239e-02,9.311101311130280265e-08,1.797224141027220723e+00
1.307342958743754657e+01,1.742890595643180676e-02,-1.051533694927832968e-02,9.227424620516529163e-08,1.797224200321428489e+00
1.307717340747976920e+01,1.738954969696346331e-02,-1.050931735394043665e-02,9.144360611616354919e-08,1.797224259115990819e+00
1.308091722752199004e+01,1.735021596410698044e-02,-1.050330292337333521e-02,9.061905728833404592e-08,1.797224317414218175e+00
1.308466104756421089e+01,1.731090473853740333e-02,-1.049729365168779530e-02,8.980056432757962071e-08,1.797224375219405701e+00
1.308840486760643351e+01,1.727161600095179425e-02,-1.049128953300288748e-02,8.898809200105961709e-08,1.797224432534830996e+00
1.309214868764865436e+01,1.723234973206928117e-02,-1.048529056144599514e-02,8.818160523658338109e-08,1.797224489363756783e+00
1.309589250769087521e+01,1.719310591263090507e-02,-1.047929673115277106e-02,8.738106912200180051e-08,1.797224545709429133e+00
1.309963632773309783e+01,1.715388452339964426e-02,-1.047330803626713228e-02,8.658644890460470707e-08,1.797224601575077907e+00
1.310338014777531868e+01,1.711468554516044557e-02,-1.046732447094126175e-02,8.579770999052050217e-08,1.797224656963916756e+00
1.310712396781754130e+01,1.707550895872005439e-02,-1.046134602933557201e-02,8.501481794411385022e-08,1.797224711879144676e+00
1.311086778785976215e+01,1.703635474490713952e-02,-1.045537270561871200e-02,8.423773848739159099e-08,1.797224766323942902e+00
1.311461160790198299e+01,1.699722288457213362e-02,-1.044940449396753422e-02,8.346643749940494604e-08,1.797224820301478676e+00
1.311835542794420562e+01,1.695811335858725052e-02,-1.044344138856709119e-02,8.270088101565745595e-08,1.797224873814901924e+00
1.312209924798642646e+01,1.691902614784651648e-02,-1.043748338361063198e-02,8.194103522751532627e-08,1.797224926867347916e+00
1.312584306802864731e+01,1.687996123326562098e-02,-1.043153047329956236e-02,8.118686648161625147e-08,1.797224979461935490e+00
1.312958688807086993e+01,1.684091859578195835e-02,-1.042558265184345689e-02,8.043834127928426077e-08,1.797225031601768608e+00
1.313333070811309078e+01,1.680189821635463127e-02,-1.041963991346003295e-02,7.969542627594571534e-08,1.797225083289934799e+00
1.313707452815531340e+01,1.676290007596430501e-02,-1.041370225237513679e-02,7.895808828054463064e-08,1.797225134529506718e+00
1.314081834819753425e+01,1.672392415561331849e-02,-1.040776966282273841e-02,7.822629425496505284e-08,1.797225185323541696e+00
1.314456216823975510e+01,1.668497043632553509e-02,-1.040184213904490548e-02,7.750001131345040453e-08,1.797225235675080857e+00
1.314830598828197772e+01,1.664603889914634607e-02,-1.039591967529179990e-02,7.677920672202799197e-08,1.797225285587150889e+00
1.315204980832419857e+01,1.660712952514272270e-02,-1.039000226582166564e-02,7.606384789793630501e-08,1.797225335062762497e+00
1.315579362836641941e+01,1.656824229540305310e-02,-1.038408990490080619e-02,7.535390240905046396e-08,1.797225384104912171e+00
1.315953744840864204e+01,1.652937719103718048e-02,-1.037818258680357070e-02,7.464933797331346350e-08,1.797225432716579085e+00
1.316328126845086288e+01,1.649053419317642391e-02,-1.037228030581236089e-02,7.395012245816899148e-08,1.797225480900729755e+00
1.316702508849308551e+01,1.645171328297341876e-02,-1.036638305621758946e-02,7.325622387999321534e-08,1.797225528660313820e+00
1.317076890853530635e+01,1.641291444160223115e-02,-1.036049083231768871e-02,7.256761040353333169e-08,1.797225575998267155e+00
1.317451272857752720e+01,1.637413765025820533e-02,-1.035460362841908628e-02,7.188425034134353494e-08,1.797225622917510091e+00
1.317825654861974982e+01,1.633538289015799144e-02,-1.034872143883618957e-02,7.120611215322605502e-08,1.797225669420947636e+00
1.318200036866197067e+01,1.629665014253955588e-02,-1.034284425789138567e-02,7.053316444567399495e-08,1.797225715511469923e+00
1.318574418870419329e+01,1.625793938866204255e-02,-1.033697207991501540e-02,6.986537597131350673e-08,1.797225761191953541e+00
1.318948800874641414e+01,1.621925060980587349e-02,-1.033110489924536808e-02,6.920271562835214789e-08,1.797225806465258646e+00
1.319323182878863499e+01,1.618058378727259966e-02,-1.032524271022866244e-02,6.854515246002486900e-08,1.797225851334232294e+00
1.319697564883085761e+01,1.614193890238492177e-02,-1.031938550721903276e-02,6.789265565404493780e-08,1.797225895801704887e+00
1.320071946887307845e+01,1.610331593648672149e-02,-1.031353328457852887e-02,6.724519454205702060e-08,1.797225939870493949e+00
1.320446328891529930e+01,1.606471487094291231e-02,-1.030768603667708838e-02,6.660273859908907260e-08,1.797225983543401906e+00
1.320820710895752192e+01,1.602613568713948111e-02,-1.030184375789252454e-02,6.596525744300952204e-08,1.797226026823216305e+00
1.321195092899974277e+01,1.598757836648349168e-02,-1.029600644261052626e-02,6.533272083398569860e-08,1.797226069712710705e+00
1.321569474904196539e+01,1.594904289040294590e-02,-1.029017408522462859e-02,6.470509867394185135e-08,1.797226112214643789e+00
1.321943856908418624e+01,1.591052924034689134e-02,-1.028434668013621621e-02,6.408236100602313577e-08,1.797226154331760695e+00
1.322318238912640709e+01,1.587203739778526856e-02,-1.027852422175449393e-02,6.346447801405732427e-08,1.797226196066791459e+00
1.322692620916862971e+01,1.583356734420893197e-02,-1.027270670449648149e-02,6.285142002202122840e-08,1.797226237422451689e+00
1.323067002921085056e+01,1.579511906112968100e-02,-1.026689412278701009e-02,6.224315749350921215e-08,1.797226278401443222e+00
1.323441384925307140e+01,1.575669253008011444e-02,-1.026108647105869291e-02,6.163966103120069935e-08,1.797226319006454354e+00
1.323815766929529403e+01,1.571828773261365816e-02,-1.025528374375191815e-02,6.104090137633253837e-08,1.797226359240158056e+00
1.324190148933751487e+01,1.567990465030459982e-02,-1.024948593531484729e-02,6.044684940817310052e-08,1.797226399105213979e+00
1.324564530937973750e+01,1.564154326474791884e-02,-1.024369304020338045e-02,5.985747614349529319e-08,1.797226438604267562e+00
1.324938912942195834e+01,1.560320355755941135e-02,-1.023790505288117193e-02,5.927275273605589269e-08,1.797226477739950701e+00
1.325313294946417919e+01,1.556488551037553056e-02,-1.023212196781958690e-02,5.869265047607243524e-08,1.797226516514880412e+00
1.325687676950640181e+01,1.552658910485341451e-02,-1.022634377949770655e-02,5.811714078970481953e-08,1.797226554931660614e+00
1.326062058954862266e+01,1.548831432267090864e-02,-1.022057048240232122e-02,5.754619523853865637e-08,1.797226592992881455e+00
1.326436440959084351e+01,1.545006114552643049e-02,-1.021480207102790083e-02,5.697978551906814842e-08,1.797226630701118877e+00
1.326810822963306613e+01,1.541182955513899742e-02,-1.020903853987658975e-02,5.641788346218324488e-08,1.797226668058935717e+00
1.327185204967528698e+01,1.537361953324824920e-02,-1.020327988345820155e-02,5.586046103265850337e-08,1.797226705068880603e+00
1.327559586971750960e+01,1.533543106161428839e-02,-1.019752609629018952e-02,5.530749032864115119e-08,1.797226741733488176e+00
1.327933968975973045e+01,1.529726412201780870e-02,-1.019177717289765882e-02,5.475894358114520151e-08,1.797226778055281304e+00
1.328308350980195129e+01,1.525911869625992678e-02,-1.018603310781332309e-02,5.421479315354300860e-08,1.797226814036766873e+00
1.328682732984417392e+01,1.522099476616221511e-02,-1.018029389557751838e-02,5.367501154106162733e-08,1.797226849680440663e+00
1.329057114988639476e+01,1.518289231356672632e-02,-1.017455953073817879e-02,5.313957137028078735e-08,1.797226884988782691e+00
1.329431496992861561e+01,1.514481132033585614e-02,-1.016883000785082439e-02,5.260844539863039076e-08,1.797226919964261649e+00
1.329805878997083823e+01,1.510675176835236944e-02,-1.016310532147854731e-02,5.208160651389213913e-08,1.797226954609332239e+00
1.330180261001305908e+01,1.506871363951942794e-02,-1.015738546619201176e-02,5.155902773370290749e-08,1.797226988926435398e+00
1.330554643005528170e+01,1.503069691576042893e-02,-1.015167043656941756e-02,5.104068220505734407e-08,1.797227022917998962e+00
1.330929025009750255e+01,1.499270157901912842e-02,-1.014596022719651928e-02,5.052654320381609490e-08,1.797227056586438554e+00
1.331303407013972340e+01,1.495472761125948673e-02,-1.014025483266658111e-02,5.001658413421206299e-08,1.797227089934155142e+00
1.331677789018194602e+01,1.491677499446568585e-02,-1.013455424758038723e-02,4.951077852836073067e-08,1.797227122963538148e+00
1.332052171022416687e+01,1.487884371064216761e-02,-1.012885846654622453e-02,4.900910004577250681e-08,1.797227155676962340e+00
1.332426553026638949e+01,1.484093374181347062e-02,-1.012316748417986349e-02,4.851152247286416089e-08,1.797227188076791382e+00
1.332800935030861034e+01,1.480304507002434822e-02,-1.011748129510455646e-02,4.801801972247569656e-08,1.797227220165374728e+00
1.333175317035083118e+01,1.476517767733961754e-02,-1.011179989395101508e-02,4.752856583338545176e-08,1.797227251945048732e+00
1.333549699039305381e+01,1.472733154584418211e-02,-1.010612327535739992e-02,4.704313496982918915e-08,1.797227283418137977e+00
1.333924081043527465e+01,1.468950665764305781e-02,-1.010045143396932042e-02,4.656170142102092029e-08,1.797227314586953062e+00
1.334298463047749550e+01,1.465170299486124282e-02,-1.009478436443980720e-02,4.608423960067350489e-08,1.797227345453793479e+00
1.334672845051971812e+01,1.461392053964373668e-02,-1.008912206142930333e-02,4.561072404652281012e-08,1.797227376020944289e+00
1.335047227056193897e+01,1.457615927415556629e-02,-1.008346451960566437e-02,4.514112941985367001e-08,1.797227406290678786e+00
1.335421609060416159e+01,1.453841918058164200e-02,-1.007781173364412364e-02,4.467543050502545435e-08,1.797227436265257383e+00
1.335795991064638244e+01,1.450070024112686332e-02,-1.007216369822730960e-02,4.421360220900237566e-08,1.797227465946928282e+00
1.336170373068860329e+01,1.446300243801596982e-02,-1.006652040804520247e-02,4.375561956088239328e-08,1.797227495337926362e+00
1.336544755073082591e+01,1.442532575349356541e-02,-1.006088185779514463e-02,4.330145771142988285e-08,1.797227524440475399e+00
1.336919137077304676e+01,1.438767016982414951e-02,-1.005524804218182328e-02,4.285109193261009237e-08,1.797227553256785404e+00
1.337293519081526760e+01,1.435003566929197831e-02,-1.004961895591725309e-02,4.240449761712319474e-08,1.797227581789055284e+00
1.337667901085749023e+01,1.431242223420108907e-02,-1.004399459372076406e-02,4.196165027794197976e-08,1.797227610039470180e+00
1.338042283089971107e+01,1.427482984687532958e-02,-1.003837495031900326e-02,4.152252554785124032e-08,1.797227638010203910e+00
1.338416665094193370e+01,1.423725848965820724e-02,-1.003276002044590012e-02,4.108709917898669525e-08,1.797227665703417632e+00
1.338791047098415454e+01,1.419970814491300012e-02,-1.002714979884268033e-02,4.065534704237864375e-08,1.797227693121260961e+00
1.339165429102637539e+01,1.416217879502260600e-02,-1.002154428025783112e-02,4.022724512749414406e-08,1.797227720265870632e+00
1.339539811106859801e+01,1.412467042238957707e-02,-1.001594345944709953e-02,3.980276954178308322e-08,1.797227747139371612e+00
1.339914193111081886e+01,1.408718300943612688e-02,-1.001034733117349071e-02,3.938189651022545119e-08,1.797227773743876655e+00
1.340288575115303971e+01,1.404971653860401931e-02,-1.000475589020723317e-02,3.896460237487892597e-08,1.797227800081487192e+00
1.340662957119526233e+01,1.401227099235457900e-02,-9.999169131325782306e-03,3.855086359442950281e-08,1.797227826154291108e+00
1.341037339123748318e+01,1.397484635316872253e-02,-9.993587049313811671e-03,3.814065674374386376e-08,1.797227851964366296e+00
1.341411721127970580e+01,1.393744260354680929e-02,-9.988009638963188733e-03,3.773395851342144941e-08,1.797227877513777550e+00
1.341786103132192665e+01,1.390005972600875245e-02,-9.982436895072976588e-03,3.733074570935091806e-08,1.797227902804578559e+00
1.342160485136414749e+01,1.386269770309386980e-02,-9.976868812449406210e-03,3.693099525226540047e-08,1.797227927838809691e+00
1.342534867140637012e+01,1.382535651736091324e-02,-9.971305385905879920e-03,3.653468417730126849e-08,1.797227952618501767e+00
1.342909249144859096e+01,1.378803615138808787e-02,-9.965746610262955774e-03,3.614178963355836614e-08,1.797227977145672506e+00
1.343283631149081359e+01,1.375073658777291145e-02,-9.960192480348328478e-03,3.575228888366012157e-08,1.797228001422328969e+00
1.343658013153303443e+01,1.371345780913231505e-02,-9.954642990996827659e-03,3.536615930331776849e-08,1.797228025450464894e+00
1.344032395157525528e+01,1.367619979810250769e-02,-9.949098137050400512e-03,3.498337838089368080e-08,1.797228049232064473e+00
1.344406777161747790e+01,1.363896253733899375e-02,-9.943557913358096190e-03,3.460392371696783070e-08,1.797228072769098572e+00
1.344781159165969875e+01,1.360174600951660241e-02,-9.938022314776071009e-03,3.422777302390594084e-08,1.797228096063528069e+00
1.345155541170191960e+01,1.356455019732935065e-02,-9.932491336167557222e-03,3.385490412542747109e-08,1.797228119117302070e+00
1.345529923174414222e+01,1.352737508349047789e-02,-9.926964972402859549e-03,3.348529495617690732e-08,1.797228141932357470e+00
1.345904305178636307e+01,1.349022065073246686e-02,-9.921443218359349975e-03,3.311892356129640684e-08,1.797228164510620507e+00
1.346278687182858569e+01,1.345308688180689091e-02,-9.915926068921443459e-03,3.275576809599830483e-08,1.797228186854006760e+00
1.346653069187080654e+01,1.341597375948453547e-02,-9.910413518980599676e-03,3.239580682514182286e-08,1.797228208964418483e+00
1.347027451191302738e+01,1.337888126655524881e-02,-9.904905563435302193e-03,3.203901812280861274e-08,1.797228230843749275e+00
1.347401833195525001e+01,1.334180938582795947e-02,-9.899402197191046332e-03,3.168538047188152307e-08,1.797228252493879630e+00
1.347776215199747085e+01,1.330475810013071088e-02,-9.893903415160340900e-03,3.133487246362495398e-08,1.797228273916679830e+00
1.348150597203969170e+01,1.326772739231052607e-02,-9.888409212262678702e-03,3.098747279726511918e-08,1.797228295114008834e+00
1.348524979208191432e+01,1.323071724523344067e-02,-9.882919583424538273e-03,3.064316027957345800e-08,1.797228316087714717e+00
1.348899361212413517e+01,1.319372764178451674e-02,-9.877434523579371739e-03,3.030191382445125834e-08,1.797228336839634677e+00
1.349273743216635779e+01,1.315675856486770746e-02,-9.871954027667578790e-03,2.996371245251446495e-08,1.797228357371594365e+00
1.349648125220857864e+01,1.311980999740596128e-02,-9.866478090636522300e-03,2.962853529068214715e-08,1.797228377685408995e+00
1.350022507225079949e+01,1.308288192234107958e-02,-9.861006707440490154e-03,2.929636157176417908e-08,1.797228397782882903e+00
1.350396889229302211e+01,1.304597432263373928e-02,-9.855539873040695259e-03,2.896717063405191764e-08,1.797228417665809319e+00
1.350771271233524295e+01,1.300908718126352406e-02,-9.850077582405275534e-03,2.864094192091039914e-08,1.797228437335971263e+00
1.351145653237746380e+01,1.297222048122878557e-02,-9.844619830509260955e-03,2.831765498037049293e-08,1.797228456795140428e+00
1.351520035241968642e+01,1.293537420554668159e-02,-9.839166612334571821e-03,2.799728946472407591e-08,1.797228476045077850e+00
1.351894417246190727e+01,1.289854833725319339e-02,-9.833717922870022221e-03,2.767982513012048420e-08,1.797228495087534794e+00
1.352268799250412989e+01,1.286174285940297653e-02,-9.828273757111278403e-03,2.736524183616293829e-08,1.797228513924250315e+00
1.352643181254635074e+01,1.282495775506948578e-02,-9.822834110060881321e-03,2.705351954550879652e-08,1.797228532556954361e+00
1.353017563258857159e+01,1.278819300734481551e-02,-9.817398976728208479e-03,2.674463832346880915e-08,1.797228550987365558e+00
1.353391945263079421e+01,1.275144859933973092e-02,-9.811968352129472187e-03,2.643857833760940994e-08,1.797228569217192540e+00
1.353766327267301506e+01,1.271472451418370099e-02,-9.806542231287721303e-03,2.613531985735646359e-08,1.797228587248133058e+00
1.354140709271523768e+01,1.267802073502473717e-02,-9.801120609232804801e-03,2.583484325359879142e-08,1.797228605081874653e+00
1.354515091275745853e+01,1.264133724502952347e-02,-9.795703481001387380e-03,2.553712899829555504e-08,1.797228622720094648e+00
1.354889473279967937e+01,1.260467402738324992e-02,-9.790290841636916513e-03,2.524215766408257136e-08,1.797228640164459712e+00
1.355263855284190200e+01,1.256803106528966291e-02,-9.784882686189622439e-03,2.494990992388186347e-08,1.797228657416626518e+00
1.355638237288412284e+01,1.253140834197107034e-02,-9.779479009716511226e-03,2.466036655051217767e-08,1.797228674478241084e+00
1.356012619292634369e+01,1.249480584066822199e-02,-9.774079807281342222e-03,2.437350841629994060e-08,1.797228691350939878e+00
1.356387001296856631e+01,1.245822354464034068e-02,-9.768685073954622849e-03,2.408931649269279713e-08,1.797228708036348710e+00
1.356761383301078716e+01,1.242166143716513967e-02,-9.763294804813605135e-03,2.380777184987441553e-08,1.797228724536083400e+00
1.357135765305300978e+01,1.238511950153867863e-02,-9.757908994942259689e-03,2.352885565637941832e-08,1.797228740851750217e+00
1.357510147309523063e+01,1.234859772107548340e-02,-9.752527639431277443e-03,2.325254917871173441e-08,1.797228756984944331e+00
1.357884529313745148e+01,1.231209607910839152e-02,-9.747150733378054030e-03,2.297883378096220671e-08,1.797228772937251806e+00
1.358258911317967410e+01,1.227561455898858352e-02,-9.741778271886674181e-03,2.270769092442900557e-08,1.797228788710248493e+00
1.358633293322189495e+01,1.223915314408560717e-02,-9.736410250067915190e-03,2.243910216723930284e-08,1.797228804305500027e+00
1.359007675326411579e+01,1.220271181778725435e-02,-9.731046663039219155e-03,2.217304916397126025e-08,1.797228819724562499e+00
1.359382057330633842e+01,1.216629056349957834e-02,-9.725687505924691251e-03,2.190951366527836039e-08,1.797228834968982447e+00
1.359756439334855926e+01,1.212988936464693031e-02,-9.720332773855092784e-03,2.164847751751523981e-08,1.797228850040295756e+00
1.360130821339078189e+01,1.209350820467180836e-02,-9.714982461967818644e-03,2.138992266236351553e-08,1.797228864940029647e+00
1.360505203343300273e+01,1.205714706703497202e-02,-9.709636565406900774e-03,2.113383113646085410e-08,1.797228879669700685e+00
1.360879585347522358e+01,1.202080593521529656e-02,-9.704295079322985615e-03,2.088018507102948480e-08,1.797228894230816332e+00
1.361253967351744620e+01,1.198448479270979895e-02,-9.698957998873323702e-03,2.062896669150732004e-08,1.797228908624874055e+00
1.361628349355966705e+01,1.194818362303366743e-02,-9.693625319221774866e-03,2.038015831718035638e-08,1.797228922853361555e+00
1.362002731360188790e+01,1.191190240972013134e-02,-9.688297035538778745e-03,2.013374236081531695e-08,1.797228936917758313e+00
1.362377113364411052e+01,1.187564113632048717e-02,-9.682973143001347843e-03,1.988970132829469604e-08,1.797228950819532267e+00
1.362751495368633137e+01,1.183939978640412977e-02,-9.677653636793072736e-03,1.964801781825311403e-08,1.797228964560143583e+00
1.363125877372855399e+01,1.180317834355840319e-02,-9.672338512104087377e-03,1.940867452171377804e-08,1.797228978141042210e+00
1.363500259377077484e+01,1.176697679138871341e-02,-9.667027764131081238e-03,1.917165422172799007e-08,1.797228991563668998e+00
1.363874641381299568e+01,1.173079511351839133e-02,-9.661721388077268088e-03,1.893693979301429439e-08,1.797229004829454357e+00
1.364249023385521831e+01,1.169463329358870832e-02,-9.656419379152391194e-03,1.870451420159992784e-08,1.797229017939821372e+00
1.364623405389743915e+01,1.165849131525890925e-02,-9.651121732572711179e-03,1.847436050446364985e-08,1.797229030896182245e+00
1.364997787393966000e+01,1.162236916220608755e-02,-9.645828443560985205e-03,1.824646184917884049e-08,1.797229043699940521e+00
1.365372169398188262e+01,1.158626681812520778e-02,-9.640539507346461770e-03,1.802080147355883849e-08,1.797229056352490639e+00
1.365746551402410347e+01,1.155018426672913510e-02,-9.635254919164880708e-03,1.779736270530356640e-08,1.797229068855217271e+00
1.366120933406632609e+01,1.151412149174849131e-02,-9.629974674258445430e-03,1.757612896164634429e-08,1.797229081209496870e+00
1.366495315410854694e+01,1.147807847693176411e-02,-9.624698767875826400e-03,1.735708374900354903e-08,1.797229093416696122e+00
1.366869697415076779e+01,1.144205520604517183e-02,-9.619427195272142045e-03,1.714021066262402198e-08,1.797229105478173050e+00
1.367244079419299041e+01,1.140605166287267727e-02,-9.614159951708948354e-03,1.692549338624063746e-08,1.797229117395276132e+00
1.367618461423521126e+01,1.137006783121602763e-02,-9.608897032454244078e-03,1.671291569172327721e-08,1.797229129169346074e+00
1.367992843427743388e+01,1.133410369489460182e-02,-9.603638432782430831e-03,1.650246143873189770e-08,1.797229140801712699e+00
1.368367225431965473e+01,1.129815923774553192e-02,-9.598384147974337380e-03,1.629411457437247256e-08,1.797229152293698951e+00
1.368741607436187557e+01,1.126223444362355053e-02,-9.593134173317179741e-03,1.608785913285254802e-08,1.797229163646617334e+00
1.369115989440409820e+01,1.122632929640102195e-02,-9.587888504104568124e-03,1.588367923513910769e-08,1.797229174861772805e+00
1.369490371444631904e+01,1.119044377996797172e-02,-9.582647135636493049e-03,1.568155908861765511e-08,1.797229185940460328e+00
1.369864753448853989e+01,1.115457787823195650e-02,-9.577410063219313208e-03,1.548148298675160720e-08,1.797229196883967095e+00
1.370239135453076251e+01,1.111873157511809353e-02,-9.572177282165741583e-03,1.528343530874379875e-08,1.797229207693571418e+00
1.370613517457298336e+01,1.108290485456909016e-02,-9.566948787794850653e-03,1.508740051919923093e-08,1.797229218370542503e+00
1.370987899461520598e+01,1.104709770054509467e-02,-9.561724575432039436e-03,1.489336316778799021e-08,1.797229228916141563e+00
1.371362281465742683e+01,1.101131009702381418e-02,-9.556504640409043891e-03,1.470130788891089873e-08,1.797229239331620043e+00
1.371736663469964768e+01,1.097554202800036897e-02,-9.551288978063914373e-03,1.451121940136488159e-08,1.797229249618222280e+00
1.372111045474187030e+01,1.093979347748732373e-02,-9.546077583741006956e-03,1.432308250801051311e-08,1.797229259777183064e+00
1.372485427478409115e+01,1.090406442951471003e-02,-9.540870452790985168e-03,1.413688209544070448e-08,1.797229269809729413e+00
1.372859809482631199e+01,1.086835486812990151e-02,-9.535667580570792237e-03,1.395260313364979183e-08,1.797229279717079686e+00
1.373234191486853462e+01,1.083266477739764679e-02,-9.530468962443647621e-03,1.377023067570465089e-08,1.797229289500442917e+00
1.373608573491075546e+01,1.079699414140009028e-02,-9.525274593779048740e-03,1.358974985741691340e-08,1.797229299161020810e+00
1.373982955495297809e+01,1.076134294423663172e-02,-9.520084469952743225e-03,1.341114589701553761e-08,1.797229308700007078e+00
1.374357337499519893e+01,1.072571117002404234e-02,-9.514898586346730650e-03,1.323440409482186031e-08,1.797229318118585883e+00
1.374731719503741978e+01,1.069009880289631918e-02,-9.509716938349245183e-03,1.305950983292449332e-08,1.797229327417933842e+00
1.375106101507964240e+01,1.065450582700470938e-02,-9.504539521354750387e-03,1.288644857485623338e-08,1.797229336599219574e+00
1.375480483512186325e+01,1.061893222651774833e-02,-9.499366330763932276e-03,1.271520586527219625e-08,1.797229345663603040e+00
1.375854865516408410e+01,1.058337798562112089e-02,-9.494197361983680236e-03,1.254576732962824527e-08,1.797229354612236429e+00
1.376229247520630672e+01,1.054784308851769957e-02,-9.489032610427078351e-03,1.237811867386142667e-08,1.797229363446263051e+00
1.376603629524852757e+01,1.051232751942756879e-02,-9.483872071513412341e-03,1.221224568407149017e-08,1.797229372166818662e+00
1.376978011529075019e+01,1.047683126258788441e-02,-9.478715740668133133e-03,1.204813422620275364e-08,1.797229380775031471e+00
1.377352393533297104e+01,1.044135430225298124e-02,-9.473563613322870738e-03,1.188577024572829877e-08,1.797229389272020583e+00
1.377726775537519188e+01,1.040589662269423774e-02,-9.468415684915408234e-03,1.172513976733414858e-08,1.797229397658898442e+00
1.378101157541741451e+01,1.037045820820009859e-02,-9.463271950889676556e-03,1.156622889460532092e-08,1.797229405936768609e+00
1.378475539545963535e+01,1.033503904307610764e-02,-9.458132406695752767e-03,1.140902380971303841e-08,1.797229414106726431e+00
1.378849921550185798e+01,1.029963911164476220e-02,-9.452997047789837501e-03,1.125351077310227582e-08,1.797229422169860369e+00
1.379224303554407882e+01,1.026425839824562578e-02,-9.447865869634254968e-03,1.109967612318155910e-08,1.797229430127250227e+00
1.379598685558629967e+01,1.022889688723518931e-02,-9.442738867697440808e-03,1.094750627601278756e-08,1.797229437979968703e+00
1.379973067562852229e+01,1.019355456298689892e-02,-9.437616037453923010e-03,1.079698772500288568e-08,1.797229445729080499e+00
1.380347449567074314e+01,1.015823140989118023e-02,-9.432497374384334055e-03,1.064810704059654363e-08,1.797229453375642549e+00
1.380721831571296399e+01,1.012292741235531687e-02,-9.427382873975374486e-03,1.050085086996944409e-08,1.797229460920703348e+00
1.381096213575518661e+01,1.008764255480348003e-02,-9.422272531719821584e-03,1.035520593672323109e-08,1.797229468365304950e+00
1.381470595579740746e+01,1.005237682167675270e-02,-9.417166343116518956e-03,1.021115904058153774e-08,1.797229475710481195e+00
1.381844977583963008e+01,1.001713019743299092e-02,-9.412064303670352253e-03,1.006869705708644563e-08,1.797229482957258151e+00
1.382219359588185092e+01,9.981902666546934796e-03,-9.406966408892263043e-03,9.927806937297045366e-09,1.797229490106655225e+00
1.382593741592407177e+01,9.946694213510069715e-03,-9.401872654299214122e-03,9.788475707488078104e-09,1.797229497159683165e+00
1.382968123596629439e+01,9.911504822830655842e-03,-9.396783035414194712e-03,9.650690468850319162e-09,1.797229504117345611e+00
1.383342505600851524e+01,9.876334479033748934e-03,-9.391697547766215265e-03,9.514438397192017106e-09,1.797229510980638878e+00
1.383716887605073609e+01,9.841183166661084114e-03,-9.386616186890281432e-03,9.379706742640852297e-09,1.797229517750552175e+00
1.384091269609295871e+01,9.806050870271103628e-03,-9.381538948327397542e-03,9.246482829347543193e-09,1.797229524428067382e+00
1.384465651613517956e+01,9.770937574438979395e-03,-9.376465827624554453e-03,9.114754055190476693e-09,1.797229531014157500e+00
1.384840033617740218e+01,9.735843263756475963e-03,-9.371396820334715674e-03,8.984507891480801710e-09,1.797229537509790198e+00
1.385214415621962303e+01,9.700767922832063267e-03,-9.366331922016815636e-03,8.855731882669531125e-09,1.797229543915924488e+00
1.385588797626184387e+01,9.665711536290781322e-03,-9.361271128235742339e-03,8.728413646054746329e-09,1.797229550233513384e+00
1.385963179630406650e+01,9.630674088774254099e-03,-9.356214434562330415e-03,8.602540871490432949e-09,1.797229556463501465e+00
1.386337561634628734e+01,9.595655564940734628e-03,-9.351161836573357658e-03,8.478101321096454787e-09,1.797229562606826869e+00
1.386711943638850819e+01,9.560655949464971423e-03,-9.346113329851527679e-03,8.355082828968928106e-09,1.797229568664420629e+00
1.387086325643073081e+01,9.525675227038236242e-03,-9.341068909985459495e-03,8.233473300892225464e-09,1.797229574637206007e+00
1.387460707647295166e+01,9.490713382368362247e-03,-9.336028572569689266e-03,8.113260714052028417e-09,1.797229580526099380e+00
1.387835089651517428e+01,9.455770400179593083e-03,-9.330992313204647740e-03,7.994433116748773955e-09,1.797229586332011131e+00
1.388209471655739513e+01,9.420846265212699105e-03,-9.325960127496665461e-03,7.876978628113029925e-09,1.797229592055843428e+00
1.388583853659961598e+01,9.385940962224840339e-03,-9.320932011057943278e-03,7.760885437821052433e-09,1.797229597698491110e+00
1.388958235664183860e+01,9.351054475989594231e-03,-9.315907959506562752e-03,7.646141805811898350e-09,1.797229603260844133e+00
1.389332617668405945e+01,9.316186791296979935e-03,-9.310887968466467074e-03,7.532736062005556894e-09,1.797229608743782903e+00
1.389706999672628029e+01,9.281337892953338622e-03,-9.305872033567455862e-03,7.420656606021616414e-09,1.797229614148183385e+00
1.390081381676850292e+01,9.246507765781364699e-03,-9.300860150445166077e-03,7.309891906899430833e-09,1.797229619474912665e+00
1.390455763681072376e+01,9.211696394620128361e-03,-9.295852314741082437e-03,7.200430502819266318e-09,1.797229624724833164e+00
1.390830145685294639e+01,9.176903764324940288e-03,-9.290848522102500978e-03,7.092261000823945075e-09,1.797229629898797532e+00
1.391204527689516723e+01,9.142129859767464395e-03,-9.285848768182553351e-03,6.985372076542274200e-09,1.797229634997654868e+00
1.391578909693738808e+01,9.107374665835572120e-03,-9.280853048640163444e-03,6.879752473912654863e-09,1.797229640022245611e+00
1.391953291697961070e+01,9.072638167433385789e-03,-9.275861359140057799e-03,6.775391004908286286e-09,1.797229644973403540e+00
1.392327673702183155e+01,9.037920349481287294e-03,-9.270873695352760402e-03,6.672276549263227516e-09,1.797229649851957101e+00
1.392702055706405417e+01,9.003221196915796656e-03,-9.265890052954566664e-03,6.570398054199067169e-09,1.797229654658726972e+00
1.393076437710627502e+01,8.968540694689674381e-03,-9.260910427627553829e-03,6.469744534153241752e-09,1.797229659394528056e+00
1.393450819714849587e+01,8.933878827771786144e-03,-9.255934815059548015e-03,6.370305070507620329e-09,1.797229664060167043e+00
1.393825201719071849e+01,8.899235581147130550e-03,-9.250963210944138093e-03,6.272068811318558267e-09,1.797229668656446178e+00
1.394199583723293934e+01,8.864610939816866889e-03,-9.245995610980660070e-03,6.175024971047901408e-09,1.797229673184160381e+00
1.394573965727516018e+01,8.830004888798197171e-03,-9.241032010874174543e-03,6.079162830294551900e-09,1.797229677644097690e+00
1.394948347731738281e+01,8.795417413124390418e-03,-9.236072406335475368e-03,5.984471735527407142e-09,1.797229682037040588e+00
1.395322729735960365e+01,8.760848497844813884e-03,-9.231116793081075786e-03,5.890941098819263231e-09,1.797229686363764234e+00
1.395697111740182628e+01,8.726298128024792544e-03,-9.226165166833187603e-03,5.798560397581213880e-09,1.797229690625037346e+00
1.396071493744404712e+01,8.691766288745723587e-03,-9.221217523319736806e-03,5.707319174298690469e-09,1.797229694821624202e+00
1.396445875748626797e+01,8.657252965104939371e-03,-9.216273858274327130e-03,5.617207036267785819e-09,1.797229698954280641e+00
1.396820257752849059e+01,8.622758142215728241e-03,-9.211334167436245265e-03,5.528213655332936192e-09,1.797229703023757175e+00
1.397194639757071144e+01,8.588281805207377897e-03,-9.206398446550457387e-03,5.440328767625608317e-09,1.797229707030797652e+00
1.397569021761293229e+01,8.553823939225036616e-03,-9.201466691367586603e-03,5.353542173303455431e-09,1.797229710976140371e+00
1.397943403765515491e+01,8.519384529429758351e-03,-9.196538897643911220e-03,5.267843736290886970e-09,1.797229714860516969e+00
1.398317785769737576e+01,8.484963560998521823e-03,-9.191615061141359538e-03,5.183223384020495214e-09,1.797229718684653088e+00
1.398692167773959838e+01,8.450561019124089995e-03,-9.186695177627490771e-03,5.099671107175022917e-09,1.797229722449268374e+00
1.399066549778181923e+01,8.416176889015136720e-03,-9.181779242875498515e-03,5.017176959430916634e-09,1.797229726155076035e+00
1.399440931782404007e+01,8.381811155896092339e-03,-9.176867252664191663e-03,4.935731057202110838e-09,1.797229729802783504e+00
1.399815313786626270e+01,8.347463805007181853e-03,-9.171959202777985737e-03,4.855323579385214103e-09,1.797229733393092221e+00
1.400189695790848354e+01,8.313134821604456146e-03,-9.167055089006908089e-03,4.775944767105577889e-09,1.797229736926697852e+00
1.400564077795070439e+01,8.278824190959660143e-03,-9.162154907146570146e-03,4.697584923463903003e-09,1.797229740404289178e+00
1.400938459799292701e+01,8.244531898360276181e-03,-9.157258652998169143e-03,4.620234413284173672e-09,1.797229743826550763e+00
1.401312841803514786e+01,8.210257929109539624e-03,-9.152366322368481188e-03,4.543883662862418802e-09,1.797229747194159843e+00
1.401687223807737048e+01,8.176002268526310485e-03,-9.147477911069840442e-03,4.468523159716065505e-09,1.797229750507787438e+00
1.402061605811959133e+01,8.141764901945180988e-03,-9.142593414920151262e-03,4.394143452334717021e-09,1.797229753768100569e+00
1.402435987816181218e+01,8.107545814716341989e-03,-9.137712829742858714e-03,4.320735149931293775e-09,1.797229756975759152e+00
1.402810369820403480e+01,8.073344992205610735e-03,-9.132836151366943364e-03,4.248288922194426791e-09,1.797229760131416887e+00
1.403184751824625565e+01,8.039162419794456879e-03,-9.127963375626931691e-03,4.176795499041737837e-09,1.797229763235723699e+00
1.403559133828847827e+01,8.004998082879868915e-03,-9.123094498362861390e-03,4.106245670373666337e-09,1.797229766289321518e+00
1.403933515833069912e+01,7.970851966874468661e-03,-9.118229515420288311e-03,4.036630285828704150e-09,1.797229769292847612e+00
1.404307897837291996e+01,7.936724057206367283e-03,-9.113368422650277786e-03,3.967940254538980242e-09,1.797229772246934587e+00
1.404682279841514259e+01,7.902614339319199988e-03,-9.108511215909382078e-03,3.900166544887086951e-09,1.797229775152207720e+00
1.405056661845736343e+01,7.868522798672153776e-03,-9.103657891059652521e-03,3.833300184263773153e-09,1.797229778009287182e+00
1.405431043849958428e+01,7.834449420739847750e-03,-9.098808443968616974e-03,3.767332258826205682e-09,1.797229780818788480e+00
1.405805425854180690e+01,7.800394191012361735e-03,-9.093962870509271143e-03,3.702253913257411978e-09,1.797229783581320905e+00
1.406179807858402775e+01,7.766357094995265768e-03,-9.089121166560078582e-03,3.638056350526572241e-09,1.797229786297488197e+00
1.406554189862625037e+01,7.732338118209483059e-03,-9.084283328004951613e-03,3.574730831649868286e-09,1.797229788967888320e+00
1.406928571866847122e+01,7.698337246191404477e-03,-9.079449350733254792e-03,3.512268675452664977e-09,1.797229791593114578e+00
1.407302953871069207e+01,7.664354464492748042e-03,-9.074619230639787565e-03,3.450661258332073408e-09,1.797229794173755391e+00
1.407677335875291469e+01,7.630389758680593618e-03,-9.069792963624770388e-03,3.389900014020697784e-09,1.797229796710391403e+00
1.408051717879513554e+01,7.596443114337406328e-03,-9.064970545593858606e-03,3.329976433351205342e-09,1.797229799203600376e+00
1.408426099883735638e+01,7.562514517060923806e-03,-9.060151972458106023e-03,3.270882064021503834e-09,1.797229801653953407e+00
1.408800481887957901e+01,7.528603952464177872e-03,-9.055337240133975313e-03,3.212608510361008414e-09,1.797229804062016933e+00
1.409174863892179985e+01,7.494711406175529229e-03,-9.050526344543327606e-03,3.155147433097767959e-09,1.797229806428352061e+00
1.409549245896402248e+01,7.460836863838533027e-03,-9.045719281613401677e-03,3.098490549126140229e-09,1.797229808753514346e+00
1.409923627900624332e+01,7.426980311112042939e-03,-9.040916047276824352e-03,3.042629631275715240e-09,1.797229811038054015e+00
1.410298009904846417e+01,7.393141733670085397e-03,-9.036116637471586222e-03,2.987556508080678695e-09,1.797229813282517297e+00
1.410672391909068679e+01,7.359321117201881278e-03,-9.031321048141034702e-03,2.933263063550261510e-09,1.797229815487443316e+00
1.411046773913290764e+01,7.325518447411878860e-03,-9.026529275233880975e-03,2.879741236940026442e-09,1.797229817653367645e+00
1.411421155917512849e+01,7.291733710019635863e-03,-9.021741314704173967e-03,2.826983022523739943e-09,1.797229819780820081e+00
1.411795537921735111e+01,7.257966890759844601e-03,-9.016957162511298612e-03,2.774980469366299095e-09,1.797229821870325983e+00
1.412169919925957196e+01,7.224217975382366680e-03,-9.012176814619972387e-03,2.723725681097484057e-09,1.797229823922405156e+00
1.412544301930179458e+01,7.190486949652093347e-03,-9.007400267000226224e-03,2.673210815686264736e-09,1.797229825937572079e+00
1.412918683934401543e+01,7.156773799349060855e-03,-9.002627515627411453e-03,2.623428085216306859e-09,1.797229827916337896e+00
1.413293065938623627e+01,7.123078510268311681e-03,-8.997858556482170311e-03,2.574369755661907773e-09,1.797229829859205763e+00
1.413667447942845889e+01,7.089401068219929221e-03,-8.993093385550448085e-03,2.526028146664999306e-09,1.797229831766677277e+00
1.414041829947067974e+01,7.055741459029060345e-03,-8.988331998823477498e-03,2.478395631312934378e-09,1.797229833639246932e+00
1.414416211951290236e+01,7.022099668535788757e-03,-8.983574392297763098e-03,2.431464635916862569e-09,1.797229835477405446e+00
1.414790593955512321e+01,6.988475682595237347e-03,-8.978820561975088196e-03,2.385227639791234374e-09,1.797229837281638209e+00
1.415164975959734406e+01,6.954869487077443291e-03,-8.974070503862490583e-03,2.339677175033774879e-09,1.797229839052425726e+00
1.415539357963956668e+01,6.921281067867379733e-03,-8.969324213972264259e-03,2.294805826306467435e-09,1.797229840790244060e+00
1.415913739968178753e+01,6.887710410864989613e-03,-8.964581688321950764e-03,2.250606230617330582e-09,1.797229842495564167e+00
1.416288121972400837e+01,6.854157501985065973e-03,-8.959842922934327034e-03,2.207071077102786011e-09,1.797229844168853008e+00
1.416662503976623100e+01,6.820622327157284046e-03,-8.955107913837398459e-03,2.164193106811014164e-09,1.797229845810572213e+00
1.417036885980845184e+01,6.787104872326225544e-03,-8.950376657064397154e-03,2.121965112486074163e-09,1.797229847421178750e+00
1.417411267985067447e+01,6.753605123451251156e-03,-8.945649148653759403e-03,2.080379938352618057e-09,1.797229849001125146e+00
1.417785649989289531e+01,6.720123066506604632e-03,-8.940925384649134333e-03,2.039430479901669242e-09,1.797229850550859043e+00
1.418160031993511616e+01,6.686658687481287014e-03,-8.936205361099366570e-03,1.999109683676890571e-09,1.797229852070824530e+00
1.418534413997733878e+01,6.653211972379080054e-03,-8.931489074058482358e-03,1.959410547061812411e-09,1.797229853561459034e+00
1.418908796001955963e+01,6.619782907218577442e-03,-8.926776519585701702e-03,1.920326118067830796e-09,1.797229855023198208e+00
1.419283178006178048e+01,6.586371478033067710e-03,-8.922067693745405412e-03,1.881849495122800333e-09,1.797229856456470598e+00
1.419657560010400310e+01,6.552977670870566325e-03,-8.917362592607143770e-03,1.843973826860568844e-09,1.797229857861702529e+00
1.420031942014622395e+01,6.519601471793839975e-03,-8.912661212245626130e-03,1.806692311911256066e-09,1.797229859239313443e+00
1.420406324018844657e+01,6.486242866880277333e-03,-8.907963548740705298e-03,1.769998198692123158e-09,1.797229860589721229e+00
1.420780706023066742e+01,6.452901842221999210e-03,-8.903269598177382740e-03,1.733884785199462950e-09,1.797229861913336668e+00
1.421155088027288826e+01,6.419578383925724115e-03,-8.898579356645784297e-03,1.698345418800973269e-09,1.797229863210568324e+00
1.421529470031511089e+01,6.386272478112800348e-03,-8.893892820241161914e-03,1.663373496029064560e-09,1.797229864481818762e+00
1.421903852035733173e+01,6.352984110919232888e-03,-8.889209985063891914e-03,1.628962462374906807e-09,1.797229865727487663e+00
1.422278234039955258e+01,6.319713268495567166e-03,-8.884530847219452437e-03,1.595105812083069533e-09,1.797229866947969157e+00
1.422652616044177520e+01,6.286459937006921156e-03,-8.879855402818421714e-03,1.561797087947064678e-09,1.797229868143654041e+00
1.423026998048399605e+01,6.253224102633013134e-03,-8.875183647976479795e-03,1.529029881105617181e-09,1.797229869314928674e+00
1.423401380052621867e+01,6.220005751568028103e-03,-8.870515578814379062e-03,1.496797830839515625e-09,1.797229870462174306e+00
1.423775762056843952e+01,6.186804870020729680e-03,-8.865851191457965047e-03,1.465094624369439578e-09,1.797229871585769967e+00
1.424150144061066037e+01,6.153621444214328259e-03,-8.861190482038139998e-03,1.433913996654279516e-09,1.797229872686088692e+00
1.424524526065288299e+01,6.120455460386509637e-03,-8.856533446690869824e-03,1.403249730190344935e-09,1.797229873763500185e+00
1.424898908069510384e+01,6.087306904789465366e-03,-8.851880081557180618e-03,1.373095654811296243e-09,1.797229874818369710e+00
1.425273290073732468e+01,6.054175763689774795e-03,-8.847230382783141320e-03,1.343445647488664985e-09,1.797229875851059200e+00
1.425647672077954731e+01,6.021062023368438897e-03,-8.842584346519855032e-03,1.314293632133236820e-09,1.797229876861925701e+00
1.426022054082176815e+01,5.987965670120903687e-03,-8.837941968923464231e-03,1.285633579397141732e-09,1.797229877851322932e+00
1.426396436086399078e+01,5.954886690256936191e-03,-8.833303246155123009e-03,1.257459506476531751e-09,1.797229878819599946e+00
1.426770818090621162e+01,5.921825070100726791e-03,-8.828668174381010952e-03,1.229765476915170020e-09,1.797229879767101801e+00
1.427145200094843247e+01,5.888780795990762595e-03,-8.824036749772308855e-03,1.202545600408535811e-09,1.797229880694170667e+00
1.427519582099065509e+01,5.855753854279857791e-03,-8.819408968505196983e-03,1.175794032608771411e-09,1.797229881601144053e+00
1.427893964103287594e+01,5.822744231335177066e-03,-8.814784826760853342e-03,1.149504974930329208e-09,1.797229882488355468e+00
1.428268346107509856e+01,5.789751913538112443e-03,-8.810164320725429390e-03,1.123672674356204226e-09,1.797229883356134872e+00
1.428642728111731941e+01,5.756776887284386496e-03,-8.805547446590063915e-03,1.098291423245049661e-09,1.797229884204807560e+00
1.429017110115954026e+01,5.723819138983925713e-03,-8.800934200550860481e-03,1.073355559138811071e-09,1.797229885034696828e+00
1.429391492120176288e+01,5.690878655060887387e-03,-8.796324578808878761e-03,1.048859464571177194e-09,1.797229885846120423e+00
1.429765874124398373e+01,5.657955421953690840e-03,-8.791718577570139734e-03,1.024797566876726840e-09,1.797229886639392982e+00
1.430140256128620457e+01,5.625049426114900331e-03,-8.787116193045606607e-03,1.001164338000657085e-09,1.797229887414826033e+00
1.430514638132842720e+01,5.592160654011259745e-03,-8.782517421451177878e-03,9.779542943093158962e-10,1.797229888172726220e+00
1.430889020137064804e+01,5.559289092123716018e-03,-8.777922259007689063e-03,9.551619964014089110e-10,1.797229888913397078e+00
1.431263402141287067e+01,5.526434726947292500e-03,-8.773330701940890153e-03,9.327820489197879304e-10,1.797229889637138367e+00
1.431637784145509151e+01,5.493597544991195639e-03,-8.768742746481457753e-03,9.108091003640840674e-10,1.797229890344246517e+00
1.432012166149731236e+01,5.460777532778688347e-03,-8.764158388864967328e-03,8.892378429038586060e-10,1.797229891035014626e+00
1.432386548153953498e+01,5.427974676847117756e-03,-8.759577625331894934e-03,8.680630121925404070e-10,1.797229891709731131e+00
1.432760930158175583e+01,5.395188963747943843e-03,-8.755000452127617225e-03,8.472793871820339495e-10,1.797229892368682025e+00
1.433135312162397668e+01,5.362420380046626668e-03,-8.750426865502385423e-03,8.268817899379103284e-10,1.797229893012148860e+00
1.433509694166619930e+01,5.329668912322655869e-03,-8.745856861711334002e-03,8.068650854553616357e-10,1.797229893640410081e+00
1.433884076170842015e+01,5.296934547169577547e-03,-8.741290437014472003e-03,7.872241814758184315e-10,1.797229894253741023e+00
1.434258458175064277e+01,5.264217271194870235e-03,-8.736727587676660495e-03,7.679540283041420008e-10,1.797229894852413246e+00
1.434632840179286362e+01,5.231517071020048114e-03,-8.732168309967626441e-03,7.490496186266172185e-10,1.797229895436694092e+00
1.435007222183508446e+01,5.198833933280536113e-03,-8.727612600161940154e-03,7.305059873294706744e-10,1.797229896006849570e+00
1.435381604187730709e+01,5.166167844625695928e-03,-8.723060454539006622e-03,7.123182113181374991e-10,1.797229896563140361e+00
1.435755986191952793e+01,5.133518791718857249e-03,-8.718511869383074181e-03,6.944814093371846619e-10,1.797229897105823815e+00
1.436130368196174878e+01,5.100886761237204137e-03,-8.713966840983211962e-03,6.769907417908084351e-10,1.797229897635155504e+00
1.436504750200397140e+01,5.068271739871807111e-03,-8.709425365633301219e-03,6.598414105640660847e-10,1.797229898151386340e+00
1.436879132204619225e+01,5.035673714327645704e-03,-8.704887439632045740e-03,6.430286588447485222e-10,1.797229898654764346e+00
1.437253514208841487e+01,5.003092671323488769e-03,-8.700353059282942350e-03,6.265477709458274343e-10,1.797229899145534660e+00
1.437627896213063572e+01,4.970528597591995085e-03,-8.695822220894291327e-03,6.103940721286605222e-10,1.797229899623938421e+00
1.438002278217285657e+01,4.937981479879590199e-03,-8.691294920779175578e-03,5.945629284267266551e-10,1.797229900090214105e+00
1.438376660221507919e+01,4.905451304946491578e-03,-8.686771155255460647e-03,5.790497464700757063e-10,1.797229900544597081e+00
1.438751042225730004e+01,4.872938059566743300e-03,-8.682250920645791237e-03,5.638499733104199723e-10,1.797229900987319384e+00
1.439125424229952266e+01,4.840441730528083353e-03,-8.677734213277566930e-03,5.489590962467825941e-10,1.797229901418609055e+00
1.439499806234174351e+01,4.807962304632052049e-03,-8.673221029482963002e-03,5.343726426518927161e-10,1.797229901838693022e+00
1.439874188238396435e+01,4.775499768693867997e-03,-8.668711365598892257e-03,5.200861797991049735e-10,1.797229902247793332e+00
1.440248570242618698e+01,4.743054109542451519e-03,-8.664205217967017175e-03,5.060953146900163974e-10,1.797229902646129807e+00
1.440622952246840782e+01,4.710625314020461078e-03,-8.659702582933741233e-03,4.923956938827142512e-10,1.797229903033918497e+00
1.440997334251062867e+01,4.678213368984175322e-03,-8.655203456850195029e-03,4.789830033205822135e-10,1.797229903411373897e+00
1.441371716255285129e+01,4.645818261303525168e-03,-8.650707836072227611e-03,4.658529681617951901e-10,1.797229903778705840e+00
1.441746098259507214e+01,4.613439977862122433e-03,-8.646215716960413411e-03,4.530013526094309431e-10,1.797229904136121936e+00
1.442120480263729476e+01,4.581078505557133196e-03,-8.641727095880026230e-03,4.404239597421375861e-10,1.797229904483826912e+00
1.442494862267951561e+01,4.548733831299386215e-03,-8.637241969201047906e-03,4.281166313455117821e-10,1.797229904822022384e+00
1.442869244272173646e+01,4.516405942013241963e-03,-8.632760333298152705e-03,4.160752477439962045e-10,1.797229905150907747e+00
1.443243626276395908e+01,4.484094824636627313e-03,-8.628282184550695177e-03,4.042957276334548721e-10,1.797229905470678402e+00
1.443618008280617993e+01,4.451800466121061568e-03,-8.623807519342720565e-03,3.927740279143517580e-10,1.797229905781527082e+00
1.443992390284840077e+01,4.419522853431545432e-03,-8.619336334062940516e-03,3.815061435254886750e-10,1.797229906083644968e+00
1.444366772289062339e+01,4.387261973546591372e-03,-8.614868625104727881e-03,3.704881072784003572e-10,1.797229906377218800e+00
1.444741154293284424e+01,4.355017813458251369e-03,-8.610404388866127121e-03,3.597159896923495565e-10,1.797229906662433763e+00
1.445115536297506686e+01,4.322790360171992891e-03,-8.605943621749817876e-03,3.491858988298732490e-10,1.797229906939471045e+00
1.445489918301728771e+01,4.290579600706802971e-03,-8.601486320163139257e-03,3.388939801330040273e-10,1.797229907208510724e+00
1.445864300305950856e+01,4.258385522095066780e-03,-8.597032480518055145e-03,3.288364162600140128e-10,1.797229907469728660e+00
1.446238682310173118e+01,4.226208111382590178e-03,-8.592582099231162868e-03,3.190094269228016932e-10,1.797229907723298714e+00
1.446613064314395203e+01,4.194047355628635274e-03,-8.588135172723689731e-03,3.094092687248738142e-10,1.797229907969392082e+00
1.446987446318617287e+01,4.161903241905804199e-03,-8.583691697421468730e-03,3.000322349998720724e-10,1.797229908208177296e+00
1.447361828322839550e+01,4.129775757300074672e-03,-8.579251669754945492e-03,2.908746556507353413e-10,1.797229908439820223e+00
1.447736210327061634e+01,4.097664888910825150e-03,-8.574815086159171332e-03,2.819328969894438711e-10,1.797229908664483622e+00
1.448110592331283897e+01,4.065570623850709060e-03,-8.570381943073784176e-03,2.732033615773058081e-10,1.797229908882328475e+00
1.448484974335505981e+01,4.033492949245762356e-03,-8.565952236943022435e-03,2.646824880658913455e-10,1.797229909093513323e+00
1.448859356339728066e+01,4.001431852235280348e-03,-8.561525964215690315e-03,2.563667510384843786e-10,1.797229909298193151e+00
1.449233738343950328e+01,3.969387319971841993e-03,-8.557103121345173424e-03,2.482526608521527878e-10,1.797229909496521394e+00
1.449608120348172413e+01,3.937359339621344587e-03,-8.552683704789428368e-03,2.403367634803965076e-10,1.797229909688648597e+00
1.449982502352394675e+01,3.905347898362874094e-03,-8.548267711010960196e-03,2.326156403563292815e-10,1.797229909874721976e+00
1.450356884356616760e+01,3.873352983388813568e-03,-8.543855136476841486e-03,2.250859082164918665e-10,1.797229910054888968e+00
1.450731266360838845e+01,3.841374581904718685e-03,-8.539445977658677647e-03,2.177442189451786582e-10,1.797229910229291461e+00
1.451105648365061107e+01,3.809412681129346369e-03,-8.535040231032617331e-03,2.105872594193704062e-10,1.797229910398070896e+00
1.451480030369283192e+01,3.777467268294682108e-03,-8.530637893079347223e-03,2.036117513542313776e-10,1.797229910561365607e+00
1.451854412373505276e+01,3.745538330645835443e-03,-8.526238960284072965e-03,1.968144511491421192e-10,1.797229910719311929e+00
1.452228794377727539e+01,3.713625855441063384e-03,-8.521843429136515685e-03,1.901921497343233956e-10,1.797229910872043313e+00
1.452603176381949623e+01,3.681729829951804235e-03,-8.517451296130917199e-03,1.837416724180218869e-10,1.797229911019691206e+00
1.452977558386171886e+01,3.649850241462550531e-03,-8.513062557766017460e-03,1.774598787342212485e-10,1.797229911162385507e+00
1.453351940390393970e+01,3.617987077270956153e-03,-8.508677210545059766e-03,1.713436622909576597e-10,1.797229911300253002e+00
1.453726322394616055e+01,3.586140324687711860e-03,-8.504295250975771672e-03,1.653899506191437002e-10,1.797229911433418037e+00
1.454100704398838317e+01,3.554309971036574353e-03,-8.499916675570364996e-03,1.595957050219754673e-10,1.797229911562002735e+00
1.454475086403060402e+01,3.522496003654394889e-03,-8.495541480845537549e-03,1.539579204248893014e-10,1.797229911686128334e+00
1.454849468407282487e+01,3.490698409891012603e-03,-8.491169663322448852e-03,1.484736252260429457e-10,1.797229911805912517e+00
1.455223850411504749e+01,3.458917177109281822e-03,-8.486801219526723603e-03,1.431398811473683382e-10,1.797229911921470968e+00
1.455598232415726834e+01,3.427152292685101565e-03,-8.482436145988451678e-03,1.379537830861686375e-10,1.797229912032918486e+00
1.455972614419949096e+01,3.395403744007292370e-03,-8.478074439242160379e-03,1.329124589672331149e-10,1.797229912140365871e+00
1.456346996424171181e+01,3.363671518477701246e-03,-8.473716095826830039e-03,1.280130695955309957e-10,1.797229912243922589e+00
1.456721378428393265e+01,3.331955603511079379e-03,-8.469361112285874946e-03,1.232528085094075543e-10,1.797229912343697444e+00
1.457095760432615528e+01,3.300255986535109883e-03,-8.465009485167136402e-03,1.186289018343422006e-10,1.797229912439794797e+00
1.457470142436837612e+01,3.268572654990437292e-03,-8.460661211022884459e-03,1.141386081372410289e-10,1.797229912532318341e+00
1.457844524441059697e+01,3.236905596330560443e-03,-8.456316286409802305e-03,1.097792182812435106e-10,1.797229912621369996e+00
1.458218906445281959e+01,3.205254798021861529e-03,-8.451974707888981059e-03,1.055480552810810467e-10,1.797229912707049015e+00
1.458593288449504044e+01,3.173620247543632988e-03,-8.447636472025921509e-03,1.014424741589641393e-10,1.797229912789452877e+00
1.458967670453726306e+01,3.142001932387958243e-03,-8.443301575390515026e-03,9.745986180097848653e-11,1.797229912868677726e+00
1.459342052457948391e+01,3.110399840059814049e-03,-8.438970014557047039e-03,9.359763681403636116e-11,1.797229912944816377e+00
1.459716434462170476e+01,3.078813958076949062e-03,-8.434641786104183150e-03,8.985324938332361265e-11,1.797229913017961422e+00
1.460090816466392738e+01,3.047244273969912029e-03,-8.430316886614963937e-03,8.622418113028845938e-11,1.797229913088201902e+00
1.460465198470614823e+01,3.015690775282082146e-03,-8.425995312676806681e-03,8.270794497115022865e-11,1.797229913155626413e+00
1.460839580474836907e+01,2.984153449569560638e-03,-8.421677060881488028e-03,7.930208497591142311e-11,1.797229913220321773e+00
1.461213962479059170e+01,2.952632284401200680e-03,-8.417362127825137041e-03,7.600417622790285346e-11,1.797229913282371250e+00
1.461588344483281254e+01,2.921127267358636023e-03,-8.413050510108243882e-03,7.281182468384312227e-11,1.797229913341858554e+00
1.461962726487503517e+01,2.889638386036158697e-03,-8.408742204335628578e-03,6.972266703439609656e-11,1.797229913398863399e+00
1.462337108491725601e+01,2.858165628040824392e-03,-8.404437207116463582e-03,6.673437056526332047e-11,1.797229913453465944e+00
1.462711490495947686e+01,2.826708980992329728e-03,-8.400135515064237335e-03,6.384463301876349528e-11,1.797229913505742793e+00
1.463085872500169948e+01,2.795268432523042614e-03,-8.395837124796769885e-03,6.105118245593539670e-11,1.797229913555769665e+00
1.463460254504392033e+01,2.763843970278028698e-03,-8.391542032936200740e-03,5.835177711914588927e-11,1.797229913603621387e+00
1.463834636508614295e+01,2.732435581914932979e-03,-8.387250236108971524e-03,5.574420529519001636e-11,1.797229913649369015e+00
1.464209018512836380e+01,2.701043255104081716e-03,-8.382961730945839851e-03,5.322628517891292480e-11,1.797229913693083825e+00
1.464583400517058465e+01,2.669666977528361868e-03,-8.378676514081851573e-03,5.079586473731399696e-11,1.797229913734834872e+00
1.464957782521280727e+01,2.638306736883251017e-03,-8.374394582156345981e-03,4.845082157416293668e-11,1.797229913774689436e+00
1.465332164525502812e+01,2.606962520876844255e-03,-8.370115931812952340e-03,4.618906279511251882e-11,1.797229913812713242e+00
1.465706546529724896e+01,2.575634317229750104e-03,-8.365840559699574269e-03,4.400852487329745627e-11,1.797229913848970684e+00
1.466080928533947159e+01,2.544322113675118267e-03,-8.361568462468386281e-03,4.190717351543738162e-11,1.797229913883524599e+00
1.466455310538169243e+01,2.513025897958669555e-03,-8.357299636775832041e-03,3.988300352843163310e-11,1.797229913916435828e+00
1.466829692542391506e+01,2.481745657838574457e-03,-8.353034079282608756e-03,3.793403868643472288e-11,1.797229913947764102e+00
1.467204074546613590e+01,2.450481381085556354e-03,-8.348771786653675850e-03,3.605833159843544847e-11,1.797229913977567817e+00
1.467578456550835675e+01,2.419233055482772690e-03,-8.344512755558230674e-03,3.425396357630888652e-11,1.797229914005903595e+00
1.467952838555057937e+01,2.388000668825842297e-03,-8.340256982669711980e-03,3.251904450336330558e-11,1.797229914032826725e+00
1.468327220559280022e+01,2.356784208922874883e-03,-8.336004464665794714e-03,3.085171270337033323e-11,1.797229914058390721e+00
1.468701602563502107e+01,2.325583663594366080e-03,-8.331755198228379608e-03,2.925013481006988618e-11,1.797229914082648650e+00
1.469075984567724369e+01,2.294399020673226069e-03,-8.327509180043586243e-03,2.771250563716306903e-11,1.797229914105650916e+00
1.469450366571946454e+01,2.263230268004807338e-03,-8.323266406801751310e-03,2.623704804878319637e-11,1.797229914127447481e+00
1.469824748576168716e+01,2.232077393446787149e-03,-8.319026875197419943e-03,2.482201283043690548e-11,1.797229914148086749e+00
1.470199130580390801e+01,2.200940384869268154e-03,-8.314790581929337038e-03,2.346567856043108902e-11,1.797229914167615572e+00
1.470573512584612885e+01,2.169819230154660435e-03,-8.310557523700445523e-03,2.216635148176333646e-11,1.797229914186079469e+00
1.470947894588835148e+01,2.138713917197710562e-03,-8.306327697217870745e-03,2.092236537449128069e-11,1.797229914203523071e+00
1.471322276593057232e+01,2.107624433905528043e-03,-8.302101099192932612e-03,1.973208142857176072e-11,1.797229914219989899e+00
1.471696658597279317e+01,2.076550768197483847e-03,-8.297877726341116103e-03,1.859388811716377088e-11,1.797229914235521253e+00
1.472071040601501579e+01,2.045492908005236855e-03,-8.293657575382079941e-03,1.750620107040372375e-11,1.797229914250157545e+00
1.472445422605723664e+01,2.014450841272764220e-03,-8.289440643039654860e-03,1.646746294964595042e-11,1.797229914263939188e+00
1.472819804609945926e+01,1.983424555956241238e-03,-8.285226926041814113e-03,1.547614332216189831e-11,1.797229914276903262e+00
1.473194186614168011e+01,1.952414040024144128e-03,-8.281016421120699494e-03,1.453073853630919505e-11,1.797229914289087738e+00
1.473568568618390096e+01,1.921419281457131638e-03,-8.276809125012583174e-03,1.362977159715397010e-11,1.797229914300527920e+00
1.473942950622612358e+01,1.890440268248073452e-03,-8.272605034457885045e-03,1.277179204255706320e-11,1.797229914311259336e+00
1.474317332626834443e+01,1.859476988402079464e-03,-8.268404146201155380e-03,1.195537581971726787e-11,1.797229914321314626e+00
1.474691714631056705e+01,1.828529429936380513e-03,-8.264206456991071356e-03,1.117912516216640941e-11,1.797229914330727540e+00
1.475066096635278790e+01,1.797597580880430299e-03,-8.260011963580431854e-03,1.044166846722455980e-11,1.797229914339528722e+00
1.475440478639500874e+01,1.766681429275788725e-03,-8.255820662726147049e-03,9.741660173902188765e-12,1.797229914347748814e+00
1.475814860643723136e+01,1.735780963176148566e-03,-8.251632551189234943e-03,9.077780641257079871e-12,1.797229914355417124e+00
1.476189242647945221e+01,1.704896170647366045e-03,-8.247447625734823096e-03,8.448736027200472017e-12,1.797229914362562520e+00
1.476563624652167306e+01,1.674027039767355448e-03,-8.243265883132124341e-03,7.853258167748264442e-12,1.797229914369211645e+00
1.476938006656389568e+01,1.643173558626119697e-03,-8.239087320154445462e-03,7.290104456721521377e-12,1.797229914375391369e+00
1.477312388660611653e+01,1.612335715325777675e-03,-8.234911933579181983e-03,6.758057725891395640e-12,1.797229914381127225e+00
1.477686770664833915e+01,1.581513497980447562e-03,-8.230739720187797356e-03,6.255926125564735921e-12,1.797229914386443195e+00
1.478061152669056000e+01,1.550706894716347454e-03,-8.226570676765835102e-03,5.782543005615180920e-12,1.797229914391363259e+00
1.478435534673278084e+01,1.519915893671678481e-03,-8.222404800102896261e-03,5.336766796950659114e-12,1.797229914395909400e+00
1.478809916677500347e+01,1.489140482996653215e-03,-8.218242086992646328e-03,4.917480893421942184e-12,1.797229914400104489e+00
1.479184298681722431e+01,1.458380650853524727e-03,-8.214082534232804850e-03,4.523593534167998288e-12,1.797229914403968731e+00
1.479558680685944516e+01,1.427636385416483373e-03,-8.209926138625131542e-03,4.154037686395131278e-12,1.797229914407521889e+00
1.479933062690166778e+01,1.396907674871685195e-03,-8.205772896975433231e-03,3.807770928591947970e-12,1.797229914410783946e+00
1.480307444694388863e+01,1.366194507417281632e-03,-8.201622806093549975e-03,3.483775334176608482e-12,1.797229914413772445e+00
1.480681826698611125e+01,1.335496871263300907e-03,-8.197475862793349860e-03,3.181057355573451952e-12,1.797229914416505814e+00
1.481056208702833210e+01,1.304814754631750595e-03,-8.193332063892725531e-03,2.898647708721452154e-12,1.797229914419000041e+00
1.481430590707055295e+01,1.274148145756500306e-03,-8.189191406213583782e-03,2.635601258008359715e-12,1.797229914421271557e+00
1.481804972711277557e+01,1.243497032883310750e-03,-8.185053886581842089e-03,2.390996901632802465e-12,1.797229914423335684e+00
1.482179354715499642e+01,1.212861404269861484e-03,-8.180919501827430343e-03,2.163937457391188261e-12,1.797229914425207520e+00
1.482553736719721726e+01,1.182241248185648790e-03,-8.176788248784266563e-03,1.953549548887086277e-12,1.797229914426899944e+00
1.482928118723943989e+01,1.151636552912016021e-03,-8.172660124290265574e-03,1.758983492163707541e-12,1.797229914428426945e+00
1.483302500728166073e+01,1.121047306742179415e-03,-8.168535125187333795e-03,1.579413182756733165e-12,1.797229914429800512e+00
1.483676882732388336e+01,1.090473497981114034e-03,-8.164413248321351901e-03,1.414035983165367812e-12,1.797229914431032860e+00
1.484051264736610420e+01,1.059915114945653505e-03,-8.160294490542180021e-03,1.262072610742269660e-12,1.797229914432134645e+00
1.484425646740832505e+01,1.029372145964374237e-03,-8.156178848703645595e-03,1.122767025998376879e-12,1.797229914433117193e+00
1.484800028745054767e+01,9.988445793776240360e-04,-8.152066319663538174e-03,9.953863213232346450e-13,1.797229914433990272e+00
1.485174410749276852e+01,9.683324035375504056e-04,-8.147956900283609416e-03,8.792206101184414115e-13,1.797229914434763431e+00
1.485548792753499114e+01,9.378356068079848635e-04,-8.143850587429554005e-03,7.735829163423180504e-13,1.797229914435445552e+00
1.485923174757721199e+01,9.073541775645431202e-04,-8.139747377971020062e-03,6.778090644657683520e-13,1.797229914436044407e+00
1.486297556761943284e+01,8.768881041945101543e-04,-8.135647268781593527e-03,5.912575698362497605e-13,1.797229914436568654e+00
1.486671938766165546e+01,8.464373750968680766e-04,-8.131550256738787757e-03,5.133095294497518554e-13,1.797229914437024956e+00
1.487046320770387631e+01,8.160019786823250777e-04,-8.127456338724053930e-03,4.433685131287559755e-13,1.797229914437420417e+00
1.487420702774609715e+01,7.855819033732138390e-04,-8.123365511622756760e-03,3.808604551045177893e-13,1.797229914437760812e+00
1.487795084778831978e+01,7.551771376035204802e-04,-8.119277772324181436e-03,3.252335460029211570e-13,1.797229914438052800e+00
1.488169466783054062e+01,7.247876698189131828e-04,-8.115193117721526683e-03,2.759581252320819146e-13,1.797229914438301712e+00
1.488543848787276325e+01,6.944134884766260717e-04,-8.111111544711883947e-03,2.325265737701188066e-13,1.797229914438511988e+00
1.488918230791498409e+01,6.640545820455606967e-04,-8.107033050196259943e-03,1.944532073523013967e-13,1.797229914438689180e+00
1.489292612795720494e+01,6.337109390061699144e-04,-8.102957631079540229e-03,1.612741700554711564e-13,1.797229914438836396e+00
1.489666994799942756e+01,6.033825478504869447e-04,-8.098885284270503082e-03,1.325473282789130211e-13,1.797229914438958298e+00
1.490041376804164841e+01,5.730693970821541024e-04,-8.094816006681809090e-03,1.078521651200246290e-13,1.797229914439057552e+00
1.490415758808386926e+01,5.427714752163214241e-04,-8.090749795229994212e-03,8.678967514333368231e-14,1.797229914439138376e+00
1.490790140812609188e+01,5.124887707796755079e-04,-8.086686646835459374e-03,6.898225954173129740e-14,1.797229914439202769e+00
1.491164522816831273e+01,4.822212723104691125e-04,-8.082626558422479138e-03,5.407362168838937929e-14,1.797229914439254062e+00
1.491538904821053535e+01,4.519689683584043882e-04,-8.078569526919173946e-03,4.172866307795263159e-14,1.797229914439293363e+00
1.491913286825275620e+01,4.217318474847345754e-04,-8.074515549257530941e-03,3.163337965583389358e-14,1.797229914439324006e+00
1.492287668829497704e+01,3.915098982621488619e-04,-8.070464622373372740e-03,2.349475853403972776e-14,1.797229914439346654e+00
1.492662050833719967e+01,3.613031092748007897e-04,-8.066416743206366105e-03,1.704067509234341460e-14,1.797229914439363530e+00
1.493036432837942051e+01,3.311114691183372023e-04,-8.062371908700018477e-03,1.201979046337617354e-14,1.797229914439375520e+00
1.493410814842164136e+01,3.009349663997976316e-04,-8.058330115801658894e-03,8.201449400288136267e-15,1.797229914439383958e+00
1.493785196846386398e+01,2.707735897376432454e-04,-8.054291361462446661e-03,5.375578525695318513e-15,1.797229914439389731e+00
1.494159578850608483e+01,2.406273277617853625e-04,-8.050255642637357475e-03,3.352584960539770613e-15,1.797229914439393283e+00
1.494533960854830745e+01,2.104961691134705267e-04,-8.046222956285176489e-03,1.963255331535606429e-15,1.797229914439395282e+00
1.494908342859052830e+01,1.803801024453816635e-04,-8.042193299368505244e-03,1.058655155904269692e-15,1.797229914439396614e+00
1.495282724863274915e+01,1.502791164215227203e-04,-8.038166668853735652e-03,5.100286020503916674e-16,1.797229914439396836e+00
1.495657106867497177e+01,1.201931997172480895e-04,-8.034143061711062142e-03,2.086986248861793721e-16,1.797229914439397502e+00
1.496031488871719262e+01,9.012234101929094657e-05,-8.030122474914469510e-03,6.596747448367388629e-17,1.797229914439397724e+00
1.496405870875941346e+01,6.006652902566334083e-05,-8.026104905441722517e-03,1.301757675286740863e-17,1.797229914439397502e+00
1.496780252880163609e+01,3.002575244568496751e-05,-8.022090350274367621e-03,8.127848474015405973e-19,1.797229914439397724e+00
1.497154634884385693e+01,0.000000000000000000e+00,-8.018078806397727770e-03,0.000000000000000000e+00,1.797229914439397724e+00
