xi,theta,dtheta_dxi,rho_over_rhoc,dimensionless_mass
0.000000000000000000e+00,1.000000000000000000e+00,0.000000000000000000e+00,1.000000000000000000e+00,-0.000000000000000000e+00
1.000000000000000082e-05,9.999999999833333320e-01,-3.333333333183333953e-06,9.999999999249999938e-01,3.333333333183334649e-16
7.971103587076117103e-03,9.999894104026578745e-01,-2.656958560027959399e-03,9.999523476950517020e-01,1.688191412625518973e-07
1.593220717415223461e-02,9.999576965451544286e-01,-5.310129158218466344e-03,9.998096485456586802e-01,1.347897831992474976e-06
2.389331076122835212e-02,9.999048638369348874e-01,-7.962391282502031403e-03,9.995719585363114223e-01,4.545651941078634724e-06
3.185441434830447310e-02,9.998309213156704178e-01,-1.061329151219445911e-02,9.992393710161604492e-01,1.076934630960013356e-05
3.981551793538059408e-02,9.997358816263675063e-01,-1.326237706325121904e-02,9.988120165460628863e-01,2.102452101187339868e-05
4.777662152245670812e-02,9.996197610154595736e-01,-1.590919599946866159e-02,9.982900627896144075e-01,3.631441930874579739e-05
5.573772510953282217e-02,9.994825793232171574e-01,-1.855329744284618318e-02,9.976737143733110935e-01,5.763941785306428493e-05
6.369882869660893621e-02,9.993243599744870975e-01,-2.119423178303223715e-02,9.969632127160539259e-01,8.599645970362338821e-05
7.165993228368505719e-02,9.991451299677788223e-01,-2.383155088593395463e-02,9.961588358282829070e-01,1.223784907010597005e-04
7.962103587076117817e-02,9.989449198626743076e-01,-2.646480830028205902e-02,9.952608980808759220e-01,1.677738997485109880e-04
8.758213945783728527e-02,9.987237637656194433e-01,-2.909355946339356805e-02,9.942697499443445830e-01,2.231659635428219414e-04
9.554324304491340625e-02,9.984816993141059083e-01,-3.171736190548126583e-02,9.931857776986816599e-01,2.895322962920271600e-04
1.035043466319895272e-01,9.982187676590957848e-01,-3.433577544921733588e-02,9.920094031135400225e-01,3.678443049154416747e-04
1.114654502190656343e-01,9.979350134461353328e-01,-3.694836241316443864e-02,9.907410831011221886e-01,4.590666503203782219e-04
1.194265538061417553e-01,9.976304847945991483e-01,-3.955468780685662822e-02,9.893813093396873759e-01,5.641567151622223133e-04
1.273876573932178902e-01,9.973052332754775984e-01,-4.215431952618264866e-02,9.879306078699688909e-01,6.840640786549386431e-04
1.353487609802939973e-01,9.969593138876220451e-01,-4.474682854584722397e-02,9.863895386645923358e-01,8.197299988966631366e-04
1.433098645673701321e-01,9.965927850325895232e-01,-4.733178911115262094e-02,9.847586951716246206e-01,9.720869032311485556e-04
1.512709681544462392e-01,9.962057084877573576e-01,-4.990877892292600732e-02,9.830387038313210812e-01,1.142057887004933403e-03
1.592320717415223741e-01,9.957981493781994375e-01,-5.247737932330538008e-02,9.812302235688158403e-01,1.330556221307697094e-03
1.671931753285984812e-01,9.953701761464676112e-01,-5.503717546997544119e-02,9.793339452595423156e-01,1.538484869856814085e-03
1.751542789156745883e-01,9.949218605224665612e-01,-5.758775652581633875e-02,9.773505911776941835e-01,1.766736016127501765e-03
1.831153825027507231e-01,9.944532774899801364e-01,-6.012871582115150715e-02,9.752809144131011632e-01,2.016190600064487852e-03
1.910764860898268303e-01,9.939645052532634084e-01,-6.265965102968892864e-02,9.731256982723116566e-01,2.287717865809001626e-03
1.990375896769029374e-01,9.934556252019477451e-01,-6.518016433611345528e-02,9.708857556567819236e-01,2.582174920297460215e-03
2.069986932639790722e-01,9.929267218737124479e-01,-6.768986259117118487e-02,9.685619284164850296e-01,2.900406302833054978e-03
2.149597968510551793e-01,9.923778829169762616e-01,-7.018835747503326949e-02,9.661550866895826095e-01,3.243243566742779697e-03
2.229209004381312864e-01,9.918091990526592960e-01,-7.267526565963530749e-02,9.636661282246643534e-01,3.611504873272418977e-03
2.308820040252074213e-01,9.912207640323913438e-01,-7.515020894447642374e-02,9.610959776748314587e-01,4.005994596768283796e-03
2.388431076122835284e-01,9.906126745978233172e-01,-7.761281440997014336e-02,9.584455858848073273e-01,4.427502943398365330e-03
2.468042111993596632e-01,9.899850304383981392e-01,-8.006271456119497254e-02,9.557159291602194129e-01,4.876805582595540936e-03
2.547653147864357703e-01,9.893379341471264521e-01,-8.249954746099878722e-02,9.529080085178900372e-01,5.354663291294785993e-03
2.627264183735119052e-01,9.886714911751481871e-01,-8.492295685738424083e-02,9.500228489213655703e-01,5.861821611380154534e-03
2.706875219605879845e-01,9.879858097865537037e-01,-8.733259231566342651e-02,9.470614985088575688e-01,6.399010521294302978e-03
2.786486255476641194e-01,9.872810010133142855e-01,-8.972810935408799538e-02,9.440250278136602669e-01,6.966944122195221911e-03
2.866097291347402543e-01,9.865571786046758440e-01,-9.210916954074416241e-02,9.409145289535364443e-01,7.566320335654012907e-03
2.945708327218163336e-01,9.858144589795952983e-01,-9.447544061548870942e-02,9.377311148269604768e-01,8.197820617534223170e-03
3.025319363088924685e-01,9.850529611773934935e-01,-9.682659659900090532e-02,9.344759182961291932e-01,8.862109685672752910e-03
3.104930398959686033e-01,9.842728068077024606e-01,-9.916231789780907691e-02,9.311500913622103859e-01,9.559835262100815911e-03
3.184541434830447382e-01,9.834741199987834248e-01,-1.014822913996749898e-01,9.277548043297111358e-01,1.029162782938454999e-02
3.264152470701208175e-01,9.826570273448933523e-01,-1.037862105627807424e-01,9.242912449637150640e-01,1.105810040138533595e-02
3.343763506571969524e-01,9.818216578534635364e-01,-1.060737755027943152e-01,9.207606176440359391e-01,1.185984830892127841e-02
3.423374542442730872e-01,9.809681428928594960e-01,-1.083446930818885989e-01,9.171641425202817777e-01,1.269744900096476774e-02
3.502985578313491666e-01,9.800966161403225074e-01,-1.105986769973618528e-01,9.135030546668299056e-01,1.357146186139471071e-02
3.582596614184253014e-01,9.792072135231330021e-01,-1.128354478300689218e-01,9.097786032093198028e-01,1.448242803641754117e-02
3.662207650055014363e-01,9.783000731653773707e-01,-1.150547331226411674e-01,9.059920504756120430e-01,1.543087028065549468e-02
3.741818685925775156e-01,9.773753353321006365e-01,-1.172562674409867167e-01,9.021446711372738125e-01,1.641729281674857502e-02
3.821429721796536505e-01,9.764331423737656612e-01,-1.194397924335188765e-01,8.982377513546279113e-01,1.744218121008354189e-02
3.901040757667297854e-01,9.754736386697548944e-01,-1.216050568832798551e-01,8.942725879208137663e-01,1.850600225798030088e-02
3.980651793538058647e-01,9.744969705709534136e-01,-1.237518167526441976e-01,8.902504874057932671e-01,1.960920389313145287e-02
4.060262829408819996e-01,9.735032863418381366e-01,-1.258798352222825212e-01,8.861727653028051988e-01,2.075221510137818456e-02
4.139873865279581344e-01,9.724927361024958694e-01,-1.279888827260665662e-01,8.820407451797004361e-01,2.193544585396731486e-02
4.219484901150342138e-01,9.714654717709927390e-01,-1.300787369835967322e-01,8.778557578375297821e-01,2.315928705450355160e-02
4.299095937021103486e-01,9.704216470065212263e-01,-1.321491830320329908e-01,8.736191404787012615e-01,2.442411050088756988e-02
4.378706972891864835e-01,9.693614171534851165e-01,-1.342000132578279048e-01,8.693322358858803778e-01,2.573026886240762159e-02
4.458318008762625628e-01,9.682849391780995463e-01,-1.362310273924770554e-01,8.649963915782612478e-01,2.707809566493202952e-02
4.537929044633386977e-01,9.671923716102885926e-01,-1.382420325257461280e-01,8.606129589977933314e-01,2.846790529349169444e-02
4.617540080504148325e-01,9.660838744869411077e-01,-1.402328431213613058e-01,8.561832927096373336e-01,2.989999300993197856e-02
4.697151116374909674e-01,9.649596092927105184e-01,-1.422032810165388128e-01,8.517087496020924187e-01,3.137463498168794468e-02
4.776762152245670467e-01,9.638197389016668337e-01,-1.441531754206266669e-01,8.471906880998771872e-01,3.289208832435635416e-02
4.856373188116431816e-01,9.626644275185554100e-01,-1.460823629076980212e-01,8.426304673862717864e-01,3.445259115679857181e-02
4.935984223987193165e-01,9.614938406198917376e-01,-1.479906874038213194e-01,8.380294466355521221e-01,3.605636266861709377e-02
5.015595259857953403e-01,9.603081448951200638e-01,-1.498780001697343212e-01,8.333889842570945117e-01,3.770360319987398762e-02
5.095206295728714752e-01,9.591075081880653386e-01,-1.517441597796468922e-01,8.287104371524848245e-01,3.939449433294647807e-02
5.174817331599476100e-01,9.578920994389085175e-01,-1.535890320968988365e-01,8.239951599869184129e-01,4.112919899644628535e-02
5.254428367470237449e-01,9.566620886269101565e-01,-1.554124902471988867e-01,8.192445044761015316e-01,4.290786158116426802e-02
5.334039403340998797e-01,9.554176467141165530e-01,-1.572144145901703538e-01,8.144598186898492909e-01,4.473060806803913492e-02
5.413650439211759036e-01,9.541589455883009441e-01,-1.589946926835875962e-01,8.096424463659510629e-01,4.659754616633166729e-02
5.493261475082520384e-01,9.528861580000972387e-01,-1.607532192237389745e-01,8.047937262155772098e-01,4.850876545648613591e-02
5.572872510953281733e-01,9.515994575112364240e-01,-1.624898960168148776e-01,7.999149912852453470e-01,5.046433755316095254e-02
5.652483546824043081e-01,9.502990184370886384e-01,-1.642046319271827093e-01,7.950075683110312541e-01,5.246431627291362615e-02
5.732094582694804430e-01,9.489850157907709916e-01,-1.658973428255603455e-01,7.900727770932179927e-01,5.450873781255805017e-02
5.811705618565565779e-01,9.476576252276556200e-01,-1.675679515337345216e-01,7.851119298871049867e-01,5.659762093691724644e-02
5.891316654436326017e-01,9.463170229901594066e-01,-1.692163877654317972e-01,7.801263308097287075e-01,5.873096717547218737e-02
5.970927690307087365e-01,9.449633858529389308e-01,-1.708425880637108873e-01,7.751172752631372287e-01,6.090876102763668337e-02
6.050538726177848714e-01,9.435968910686111100e-01,-1.724464957352444539e-01,7.700860493748125091e-01,6.313097017640247055e-02
6.130149762048610063e-01,9.422177163141221001e-01,-1.740280607818594505e-01,7.650339294558017311e-01,6.539754571011566209e-02
6.209760797919371411e-01,9.408260396378880230e-01,-1.755872398297042558e-01,7.599621814770864958e-01,6.770842235216294192e-02
6.289371833790132760e-01,9.394220394078265368e-01,-1.771239960564113813e-01,7.548720605646614956e-01,7.006351869836584256e-02
6.368982869660894108e-01,9.380058942603775041e-01,-1.786382991165554601e-01,7.497648105136831553e-01,7.246273746187475995e-02
6.448593905531654347e-01,9.365777830475311427e-01,-1.801301250578347946e-01,7.446416633109940175e-01,7.490596572209842763e-02
6.528204941402415695e-01,9.351378847858070609e-01,-1.815994562379652233e-01,7.395038386804101416e-01,7.739307518105652262e-02
6.607815977273177044e-01,9.336863786078005711e-01,-1.830462812442492648e-01,7.343525436527659211e-01,7.992392242784139567e-02
6.687427013143938392e-01,9.322234437124505835e-01,-1.844705948058186495e-01,7.291889721468824970e-01,8.249834920669311955e-02
6.767038049014699741e-01,9.307492593166023509e-01,-1.858723977052525178e-01,7.240143045706795011e-01,8.511618269099345546e-02
6.846649084885461090e-01,9.292640046071642956e-01,-1.872516966878972067e-01,7.188297074398312114e-01,8.777723576211303447e-02
6.926260120756221328e-01,9.277678586939263061e-01,-1.886085043691156649e-01,7.136363330141262118e-01,9.048130729280934315e-02
7.005871156626982676e-01,9.262610005631025656e-01,-1.899428391396937310e-01,7.084353189516426896e-01,9.322818243488538437e-02
7.085482192497744025e-01,9.247436090316645263e-01,-1.912547250696312595e-01,7.032277879808405130e-01,9.601763291083104113e-02
7.165093228368505374e-01,9.232158627025298658e-01,-1.925441918105458283e-01,6.980148475906421401e-01,9.884941730918485325e-02
7.244704264239266722e-01,9.216779399206707080e-01,-1.938112744969165413e-01,6.927975897385446613e-01,1.017232813833674476e-01
7.324315300110028071e-01,9.201300187302086098e-01,-1.950560136463959926e-01,6.875770905767936148e-01,1.046389583537553208e-01
7.403926335980788309e-01,9.185722768322210907e-01,-1.962784550586887944e-01,6.823544101954818197e-01,1.075961692123806879e-01
7.483537371851549658e-01,9.170048915415285329e-01,-1.974786497092767823e-01,6.771305923766257617e-01,1.105946230277897180e-01
7.563148407722311006e-01,9.154280397470360153e-01,-1.986566536479887346e-01,6.719066643743700773e-01,1.136340172550764221e-01
7.642759443593072355e-01,9.138418978716268404e-01,-1.998125278939332505e-01,6.666836367075629211e-01,1.167140380462666771e-01
7.722370479463833703e-01,9.122466418330035243e-01,-2.009463383298170647e-01,6.614625029691939551e-01,1.198343605622720770e-01
7.801981515334595052e-01,9.106424470054172993e-01,-2.020581555956282305e-01,6.562442396522347732e-01,1.229946492860694157e-01
7.881592551205356401e-01,9.090294881821966433e-01,-2.031480549815795900e-01,6.510298059913225410e-01,1.261945583367029278e-01
7.961203587076116639e-01,9.074079395391057012e-01,-2.042161163204621321e-01,6.458201438201199851e-01,1.294337317838566426e-01
8.040814622946877988e-01,9.057779745985620190e-01,-2.052624238795570932e-01,6.406161774441648804e-01,1.327118039627552259e-01
8.120425658817639336e-01,9.041397661947433440e-01,-2.062870662522566512e-01,6.354188135290131934e-01,1.360283997891653662e-01
8.200036694688400685e-01,9.024934864396132461e-01,-2.072901362495421229e-01,6.302289410034666028e-01,1.393831350742844311e-01
8.279647730559162033e-01,9.008393066898955359e-01,-2.082717307914694060e-01,6.250474309776639092e-01,1.427756168393168323e-01
8.359258766429923382e-01,8.991773975150270104e-01,-2.092319507988103511e-01,6.198751366758047388e-01,1.462054436295540383e-01
8.438869802300683620e-01,8.975079286654408239e-01,-2.101709010835990654e-01,6.147128933811768503e-01,1.496722058267930811e-01
8.518480838171444969e-01,8.958310690416277922e-01,-2.110886902395399667e-01,6.095615183946079263e-01,1.531754859603959296e-01
8.598091874042206317e-01,8.941469866650296749e-01,-2.119854305345668100e-01,6.044218110092347551e-01,1.567148590183773671e-01
8.677702909912967666e-01,8.924558486490390408e-01,-2.128612378021180751e-01,5.992945524959091275e-01,1.602898927558507047e-01
8.757313945783729014e-01,8.907578211710739380e-01,-2.137162313331585073e-01,5.941805061019188594e-01,1.639001480019769696e-01
8.836924981654490363e-01,8.890530694454814586e-01,-2.145505337685208458e-01,5.890804170619245994e-01,1.675451789648689238e-01
8.916536017525250601e-01,8.873417576972796317e-01,-2.153642709916620823e-01,5.839950126208058867e-01,1.712245335342689190e-01
8.996147053396011950e-01,8.856240491367439738e-01,-2.161575720219275631e-01,5.789250020680970499e-01,1.749377535818311957e-01
9.075758089266773299e-01,8.839001059348464695e-01,-2.169305689084168320e-01,5.738710767836959770e-01,1.786843752588511969e-01
9.155369125137534647e-01,8.821700891995553073e-01,-2.176833966245453611e-01,5.688339102945267900e-01,1.824639292912983435e-01
9.234980161008295996e-01,8.804341589530016998e-01,-2.184161929633952615e-01,5.638141583418315728e-01,1.862759412720201568e-01
9.314591196879057344e-01,8.786924741095226699e-01,-2.191290984339494263e-01,5.588124589587701863e-01,1.901199319500005702e-01
9.394202232749818693e-01,8.769451924545402788e-01,-2.198222561581920365e-01,5.538294325578697608e-01,1.939954175164710637e-01
9.473813268620578931e-01,8.751924706238088936e-01,-2.204958117680273777e-01,5.488656820266627490e-01,1.979019098867485782e-01
9.553424304491340280e-01,8.734344640840376872e-01,-2.211499133044361465e-01,5.439217928340592811e-01,2.018389169797154548e-01
9.633035340362101628e-01,8.716713271141379726e-01,-2.217847111172091268e-01,5.389983331449554882e-01,2.058059429933648266e-01
9.712646376232862977e-01,8.699032127872127207e-01,-2.224003577656120945e-01,5.340958539430916696e-01,2.098024886765402497e-01
9.792257412103624326e-01,8.681302729533637574e-01,-2.229970079201863964e-01,5.292148891620487294e-01,2.138280515968991324e-01
9.871868447974385674e-01,8.663526582232693452e-01,-2.235748182656351335e-01,5.243559558239205831e-01,2.178821264049111417e-01
9.951479483845145912e-01,8.645705179525240425e-01,-2.241339474048464342e-01,5.195195541853234733e-01,2.219642050938018252e-01
1.003109051971590837e+00,8.627840002267392894e-01,-2.246745557641052216e-01,5.147061678904163440e-01,2.260737772553606251e-01
1.011070155558666972e+00,8.609932518473959462e-01,-2.251968054995445445e-01,5.099162641305985399e-01,2.302103303315432004e-01
1.019031259145743107e+00,8.591984183184435686e-01,-2.257008604048884315e-01,5.051502938105587592e-01,2.343733498618112976e-01
1.026992362732819242e+00,8.573996438336429771e-01,-2.261868858205372534e-01,5.004086917203627305e-01,2.385623197261600992e-01
1.034953466319895377e+00,8.555970712646441267e-01,-2.266550485440469442e-01,4.956918767132548753e-01,2.427767223837990485e-01
1.042914569906971511e+00,8.537908421497192313e-01,-2.271055167417437848e-01,4.910002518886723566e-01,2.470160391071222206e-01
1.050875673494047646e+00,8.519810966831141696e-01,-2.275384598613890419e-01,4.863342047800941481e-01,2.512797502107698699e-01
1.058836777081123781e+00,8.501679737052985075e-01,-2.279540485470582800e-01,4.816941075481661061e-01,2.555673352769741724e-01
1.066797880668199916e+00,8.483516106937457613e-01,-2.283524545548880902e-01,4.770803171778658092e-01,2.598782733756855867e-01
1.074758984255275829e+00,8.465321437544077732e-01,-2.287338506703993080e-01,4.724931756798645410e-01,2.642120432801765006e-01
1.082720087842351964e+00,8.447097076138444516e-01,-2.290984106272559995e-01,4.679330102957217630e-01,2.685681236779224879e-01
1.090681191429428099e+00,8.428844356119954417e-01,-2.294463090274773409e-01,4.634001337066184778e-01,2.729459933767338642e-01
1.098642295016504233e+00,8.410564596955798500e-01,-2.297777212631224864e-01,4.588948442453421595e-01,2.773451315061254419e-01
1.106603398603580368e+00,8.392259104121144730e-01,-2.300928234394690741e-01,4.544174261112536861e-01,2.817650177139158774e-01
1.114564502190656503e+00,8.373929169045357668e-01,-2.303917922997047729e-01,4.499681495879603865e-01,2.862051323580587781e-01
1.122525605777732638e+00,8.355576069064154510e-01,-2.306748051511529063e-01,4.455472712634371280e-01,2.906649566937148932e-01
1.130486709364808773e+00,8.337201067377556507e-01,-2.309420397930517510e-01,4.411550342523353208e-01,2.951439730555845409e-01
1.138447812951884908e+00,8.318805413013540262e-01,-2.311936744458892579e-01,4.367916684202362010e-01,2.996416650354998268e-01
1.146408916538961043e+00,8.300390340797342281e-01,-2.314298876819230466e-01,4.324573906096253473e-01,3.041575176547986481e-01
1.154370020126037177e+00,8.281957071326113695e-01,-2.316508583575666302e-01,4.281524048673073790e-01,3.086910175323502870e-01
1.162331123713113312e+00,8.263506810948993975e-01,-2.318567655472917599e-01,4.238769026730802025e-01,3.132416530478159822e-01
1.170292227300189447e+00,8.245040751752273911e-01,-2.320477884789623468e-01,4.196310631693960791e-01,3.178089145000455584e-01
1.178253330887265360e+00,8.226560071549668951e-01,-2.322241064707334657e-01,4.154150533918307131e-01,3.223922942608073439e-01
1.186214434474341495e+00,8.208065933877609632e-01,-2.323858988694666172e-01,4.112290285001573564e-01,3.269912869238164044e-01
1.194175538061417630e+00,8.189559487995395903e-01,-2.325333449906601402e-01,4.070731320098174844e-01,3.316053894490927356e-01
1.202136641648493764e+00,8.171041868890084325e-01,-2.326666240598945778e-01,4.029474960235918668e-01,3.362341013026872161e-01
1.210097745235569899e+00,8.152514197285947173e-01,-2.327859151557915562e-01,3.988522414632753588e-01,3.408769245918180646e-01
1.218058848822646034e+00,8.133977579658384638e-01,-2.328913971544860628e-01,3.947874783011757760e-01,3.455333641954651536e-01
1.226019952409722169e+00,8.115433108252108063e-01,-2.329832486756107934e-01,3.907533057912496721e-01,3.502029278904753018e-01
1.233981055996798304e+00,8.096881861103490952e-01,-2.330616480297922621e-01,3.867498126997129249e-01,3.548851264732376665e-01
1.241942159583874439e+00,8.078324902067222091e-01,-2.331267731675775445e-01,3.827770775350196053e-01,3.595794738768679499e-01
1.249903263170950574e+00,8.059763280847593858e-01,-2.331788016296485189e-01,3.788351687771494003e-01,3.642854872837383295e-01
1.257864366758026708e+00,8.041198033032480597e-01,-2.332179104988279517e-01,3.749241451056635754e-01,3.690026872341930497e-01
1.265825470345102843e+00,8.022630180131822275e-01,-2.332442763533225938e-01,3.710440556268063683e-01,3.737305977306820126e-01
1.273786573932178978e+00,8.004060729619529857e-01,-2.332580752214364894e-01,3.671949400993063106e-01,3.784687463377370831e-01
1.281747677519254891e+00,7.985490674979005554e-01,-2.332594825376941849e-01,3.633768291588162502e-01,3.832166642777767862e-01
1.289708781106331026e+00,7.966920995752152512e-01,-2.332486731003574065e-01,3.595897445408651194e-01,3.879738865227942979e-01
1.297669884693407161e+00,7.948352657591727377e-01,-2.332258210303211898e-01,3.558336993021974370e-01,3.927399518819885138e-01
1.305630988280483296e+00,7.929786612316913619e-01,-2.331910997313773604e-01,3.521086980403875244e-01,3.975144030854050881e-01
1.313592091867559430e+00,7.911223797971953520e-01,-2.331446818518317088e-01,3.484147371116128600e-01,4.022967868636538880e-01
1.321553195454635565e+00,7.892665138887731135e-01,-2.330867392474621214e-01,3.447518048464874862e-01,4.070866540237735864e-01
1.329514299041711700e+00,7.874111545746137475e-01,-2.330174429458050089e-01,3.411198817638509406e-01,4.118835595213169443e-01
1.337475402628787835e+00,7.855563915647116868e-01,-2.329369631117537143e-01,3.375189407824257248e-01,4.166870625287265595e-01
1.345436506215863970e+00,7.837023132179297136e-01,-2.328454690143240691e-01,3.339489474304548899e-01,4.214967264998400465e-01
1.353397609802940105e+00,7.818490065492551544e-01,-2.327431289947618220e-01,3.304098600529371543e-01,4.263121192309278218e-01
1.361358713390016240e+00,7.799965572372797862e-01,-2.326301104359357885e-01,3.269016300164700461e-01,4.311328129182758206e-01
1.369319816977092374e+00,7.781450496319552990e-01,-2.325065797328906281e-01,3.234242019117526401e-01,4.359583842121849129e-01
1.377280920564168287e+00,7.762945667625660295e-01,-2.323727022646215057e-01,3.199775137535896263e-01,4.407884142676036787e-01
1.385242024151244422e+00,7.744451903459261821e-01,-2.322286423670273381e-01,3.165614971783712872e-01,4.456224887914199129e-01
1.393203127738320557e+00,7.725970007947935425e-01,-2.320745633070248060e-01,3.131760776389770906e-01,4.504601980864825217e-01
1.401164231325396692e+00,7.707500772264832545e-01,-2.319106272578040639e-01,3.098211745970403386e-01,4.553011370924279766e-01
1.409125334912472827e+00,7.689044974716745529e-01,-2.317369952752078854e-01,3.064967017125321824e-01,4.601449054233824332e-01
1.417086438499548962e+00,7.670603380833953544e-01,-2.315538272752157845e-01,3.032025670306130460e-01,4.649911074026145674e-01
1.425047542086625096e+00,7.652176743461733821e-01,-2.313612820125142133e-01,2.999386731657102123e-01,4.698393520942126811e-01
1.433008645673701231e+00,7.633765802853439419e-01,-2.311595170601350169e-01,2.967049174827876556e-01,4.746892533318630147e-01
1.440969749260777366e+00,7.615371286765241221e-01,-2.309486887901237018e-01,2.935011922758108405e-01,4.795404297447623532e-01
1.448930852847853501e+00,7.596993910553324625e-01,-2.307289523551521171e-01,2.903273849435302201e-01,4.843925047805986428e-01
1.456891956434929636e+00,7.578634377270999645e-01,-2.305004616712523768e-01,2.871833781621314641e-01,4.892451067260754627e-01
1.464853060022005771e+00,7.560293377767935974e-01,-2.302633694014616095e-01,2.840690500551373843e-01,4.940978687246626588e-01
1.472814163609081906e+00,7.541971590790501612e-01,-2.300178269404311304e-01,2.809842743603782056e-01,4.989504287917932990e-01
1.480775267196157818e+00,7.523669683083302751e-01,-2.297639843999706444e-01,2.779289205940496110e-01,5.038024298275558532e-01
1.488736370783233953e+00,7.505388309491876075e-01,-2.295019905955041073e-01,2.749028542118517326e-01,5.086535196269462711e-01
1.496697474370310088e+00,7.487128113066455759e-01,-2.292319930334177636e-01,2.719059367672030381e-01,5.135033508877469011e-01
1.504658577957386223e+00,7.468889725166695248e-01,-2.289541378992809295e-01,2.689380260665151789e-01,5.183515812161026970e-01
1.512619681544462358e+00,7.450673765567285001e-01,-2.286685700469200666e-01,2.659989763215311886e-01,5.231978731298635443e-01
1.520580785131538493e+00,7.432480842564342938e-01,-2.283754329883265211e-01,2.630886382987183691e-01,5.280418940597598754e-01
1.528541888718614628e+00,7.414311553082509887e-01,-2.280748688843786953e-01,2.602068594657211964e-01,5.328833163484782975e-01
1.536502992305690762e+00,7.396166482782640106e-01,-2.277670185363586675e-01,2.573534841348727453e-01,5.377218172477037372e-01
1.544464095892766897e+00,7.378046206170693067e-01,-2.274520213782085798e-01,2.545283536038792094e-01,5.425570789131088922e-01
1.552425199479843032e+00,7.359951286707083762e-01,-2.271300154695503060e-01,2.517313062935764290e-01,5.473887883974518642e-01
1.560386303066919167e+00,7.341882276915960848e-01,-2.268011374894670085e-01,2.489621778827019460e-01,5.522166376418921052e-01
1.568347406653995302e+00,7.323839718495454010e-01,-2.264655227309670671e-01,2.462208014398672706e-01,5.570403234654417446e-01
1.576308510241071437e+00,7.305824142428176682e-01,-2.261233050961482249e-01,2.435070075526446776e-01,5.618595475527002892e-01
1.584269613828147349e+00,7.287836069092138436e-01,-2.257746170920332807e-01,2.408206244538182161e-01,5.666740164399090007e-01
1.592230717415223484e+00,7.269876008371962683e-01,-2.254195898270589804e-01,2.381614781448110618e-01,5.714834414993869016e-01
1.600191821002299619e+00,7.251944459770397478e-01,-2.250583530082008732e-01,2.355293925163157165e-01,5.762875389224029199e-01
1.608152924589375754e+00,7.234041912519995066e-01,-2.246910349387160055e-01,2.329241894661389645e-01,5.810860297005512320e-01
1.616114028176451889e+00,7.216168845694941325e-01,-2.243177625164859967e-01,2.303456890142900615e-01,5.858786396056779866e-01
1.624075131763528024e+00,7.198325728322937378e-01,-2.239386612329423987e-01,2.277937094153300035e-01,5.906650991684212482e-01
1.632036235350604159e+00,7.180513019497076765e-01,-2.235538551725570477e-01,2.252680672680078267e-01,5.954451436554150101e-01
1.639997338937680293e+00,7.162731168487747047e-01,-2.231634670128757048e-01,2.227685776222217140e-01,6.002185130452010187e-01
1.647958442524756428e+00,7.144980614855132028e-01,-2.227676180250589555e-01,2.202950540834200110e-01,6.049849520028489636e-01
1.655919546111832563e+00,7.127261788560810274e-01,-2.223664280749698963e-01,2.178473089142647090e-01,6.097442098534848753e-01
1.663880649698908698e+00,7.109575110079588978e-01,-2.219600156247404088e-01,2.154251531337560421e-01,6.144960405546443516e-01
1.671841753285984833e+00,7.091920990511179079e-01,-2.215484977348169682e-01,2.130283966137987706e-01,6.192402026675424276e-01
1.679802856873060968e+00,7.074299831691678309e-01,-2.211319900664692195e-01,2.106568481732425946e-01,6.239764593273092741e-01
1.687763960460136881e+00,7.056712026304852170e-01,-2.207106068847440872e-01,2.083103156694333102e-01,6.287045782122311355e-01
1.695725064047213015e+00,7.039157957993179560e-01,-2.202844610618508170e-01,2.059886060873080127e-01,6.334243315120505757e-01
1.703686167634289150e+00,7.021638001468608614e-01,-2.198536640809623244e-01,2.036915256260658225e-01,6.381354958953667778e-01
1.711647271221365285e+00,7.004152522622993926e-01,-2.194183260404180547e-01,2.014188797834486622e-01,6.428378524761863000e-01
1.719608374808441420e+00,6.986701878638144070e-01,-2.189785556583132564e-01,1.991704734376625319e-01,6.475311867796629262e-01
1.727569478395517555e+00,6.969286418095466118e-01,-2.185344602774606793e-01,1.969461109269766141e-01,6.522152887070725713e-01
1.735530581982593690e+00,6.951906481085139422e-01,-2.180861458707090694e-01,1.947455961270315727e-01,6.568899525000586603e-01
1.743491685569669825e+00,6.934562399315042924e-01,-2.176337170465987292e-01,1.925687325259248239e-01,6.615549767041710716e-01
1.751452789156745959e+00,6.917254496219369386e-01,-2.171772770553484777e-01,1.904153232971027565e-01,6.662101641317611511e-01
1.759413892743822094e+00,6.899983087066233756e-01,-2.167169277951692119e-01,1.882851713700136043e-01,6.708553218242979677e-01
1.767374996330898229e+00,6.882748479065138314e-01,-2.162527698188719538e-01,1.861780794986689636e-01,6.754902610140847141e-01
1.775336099917974364e+00,6.865550971473783903e-01,-2.157849023407690248e-01,1.840938503280900029e-01,6.801147970854465319e-01
1.783297203505050277e+00,6.848390855704347135e-01,-2.153134232438524420e-01,1.820322864586923495e-01,6.847287495354161813e-01
1.791258307092126412e+00,6.831268415429178065e-01,-2.148384290872375757e-01,1.799931905086442629e-01,6.893319419339500875e-01
1.799219410679202547e+00,6.814183926685907222e-01,-2.143600151138614629e-01,1.779763651742356234e-01,6.939242018837147308e-01
1.807180514266278681e+00,6.797137657981930925e-01,-2.138782752584234836e-01,1.759816132882937034e-01,6.985053609794726892e-01
1.815141617853354816e+00,6.780129870398229341e-01,-2.133933021555576015e-01,1.740087378766790871e-01,7.030752547671047514e-01
1.823102721440430951e+00,6.763160817692528415e-01,-2.129051871482245673e-01,1.720575422129024812e-01,7.076337227022940768e-01
1.831063825027507086e+00,6.746230746401740141e-01,-2.124140202963126223e-01,1.701278298708932823e-01,7.121806081089037122e-01
1.839024928614583221e+00,6.729339895943700078e-01,-2.119198903854351834e-01,1.682194047759607847e-01,7.167157581370707797e-01
1.846986032201659356e+00,6.712488498718454100e-01,-2.114228849359131857e-01,1.663320712540143353e-01,7.212390237210413169e-01
1.854947135788735491e+00,6.695676780208541512e-01,-2.109230902119428042e-01,1.644656340790172366e-01,7.257502595368077181e-01
1.862908239375811625e+00,6.678904959078593162e-01,-2.104205912309268511e-01,1.626198985187489732e-01,7.302493239595363450e-01
1.870869342962887760e+00,6.662173247274232324e-01,-2.099154717729657116e-01,1.607946703789108478e-01,7.347360790208299353e-01
1.878830446549963895e+00,6.645481850120182887e-01,-2.094078143904968825e-01,1.589897560456015324e-01,7.392103903658439057e-01
1.886791550137039808e+00,6.628830966417625925e-01,-2.088977004180740948e-01,1.572049625262033623e-01,7.436721272102796432e-01
1.894752653724115943e+00,6.612220788540758010e-01,-2.083852099822776915e-01,1.554400974887103215e-01,7.481211622972837594e-01
1.902713757311192078e+00,6.595651502532579036e-01,-2.078704220117478518e-01,1.536949692995365213e-01,7.525573718542709623e-01
1.910674860898268212e+00,6.579123288199860697e-01,-2.073534142473326680e-01,1.519693870598350094e-01,7.569806355496995209e-01
1.918635964485344347e+00,6.562636319207292290e-01,-2.068342632523424707e-01,1.502631606403616593e-01,7.613908364498144232e-01
1.926597068072420482e+00,6.546190763170809390e-01,-2.063130444229023808e-01,1.485761007149188906e-01,7.657878609753822063e-01
1.934558171659496617e+00,6.529786781750063218e-01,-2.057898319983947621e-01,1.469080187924092229e-01,7.701715988584305617e-01
1.942519275246572752e+00,6.513424530740095086e-01,-2.052646990719830811e-01,1.452587272475384661e-01,7.745419430990111431e-01
1.950480378833648887e+00,6.497104160162272546e-01,-2.047377176012147304e-01,1.436280393502071817e-01,7.788987899220198852e-01
1.958441482420725022e+00,6.480825814354170822e-01,-2.042089584186920770e-01,1.420157692935911375e-01,7.832420387340792711e-01
1.966402586007801156e+00,6.464589632058735935e-01,-2.036784912428052374e-01,1.404217322209767860e-01,7.875715920805005377e-01
1.974363689594877291e+00,6.448395746512549653e-01,-2.031463846885210034e-01,1.388457442513655604e-01,7.918873556023467986e-01
1.982324793181953426e+00,6.432244285533246231e-01,-2.026127062782201727e-01,1.372876225038826559e-01,7.961892379936056363e-01
1.990285896769029339e+00,6.416135371606062066e-01,-2.020775224525780955e-01,1.357471851210195757e-01,8.004771509584927003e-01
1.998247000356105474e+00,6.400069121969518271e-01,-2.015408985814821641e-01,1.342242512907403373e-01,8.047510091688980793e-01
2.006208103943181609e+00,6.384045648700235054e-01,-2.010028989749810813e-01,1.327186412674807858e-01,8.090107302219908814e-01
2.014169207530257744e+00,6.368065058796873457e-01,-2.004635868942600541e-01,1.312301763920701025e-01,8.132562345979972296e-01
2.022130311117333878e+00,6.352127454263192252e-01,-1.999230245626362756e-01,1.297586791106018766e-01,8.174874456181611126e-01
2.030091414704410013e+00,6.336232932190235534e-01,-1.993812731765693125e-01,1.283039729922844374e-01,8.217042894029021882e-01
2.038052518291486148e+00,6.320381584837618805e-01,-1.988383929166802344e-01,1.268658827462949834e-01,8.259066948301732047e-01
2.046013621878562283e+00,6.304573499714002383e-01,-1.982944429587766844e-01,1.254442342376732300e-01,8.300945934940429094e-01
2.053974725465638418e+00,6.288808759656634439e-01,-1.977494814848800575e-01,1.240388545022700628e-01,8.342679196635128802e-01
2.061935829052714553e+00,6.273087442910022515e-01,-1.972035656942465187e-01,1.226495717607829217e-01,8.384266102415670607e-01
2.069896932639790688e+00,6.257409623203735727e-01,-1.966567518143809146e-01,1.212762154319040192e-01,8.425706047244758690e-01
2.077858036226866822e+00,6.241775369829329900e-01,-1.961090951120376125e-01,1.199186161446056664e-01,8.466998451613571008e-01
2.085819139813942957e+00,6.226184747716394519e-01,-1.955606499042044644e-01,1.185766057495872966e-01,8.508142761140049526e-01
2.093780243401019092e+00,6.210637817507730363e-01,-1.950114695690661759e-01,1.172500173299093895e-01,8.549138446169931571e-01
2.101741346988095227e+00,6.195134635633651188e-01,-1.944616065569435004e-01,1.159386852108372779e-01,8.589985001380640028e-01
2.109702450575171362e+00,6.179675254385418315e-01,-1.939111124012048715e-01,1.146424449689189690e-01,8.630681945388092302e-01
2.117663554162247497e+00,6.164259721987804808e-01,-1.933600377291468109e-01,1.133611334403193810e-01,8.671228820356510214e-01
2.125624657749323632e+00,6.148888082670803668e-01,-1.928084322728396138e-01,1.120945887284345577e-01,8.711625191611270802e-01
2.133585761336399766e+00,6.133560376740463393e-01,-1.922563448799345098e-01,1.108426502108063455e-01,8.751870647254844648e-01
2.141546864923475457e+00,6.118276640648870890e-01,-1.917038235244296895e-01,1.096051585453604316e-01,8.791964797785892793e-01
2.149507968510551592e+00,6.103036907063262850e-01,-1.911509153173938103e-01,1.083819556759872266e-01,8.831907275721671002e-01
2.157469072097627727e+00,6.087841204934315575e-01,-1.905976665176424556e-01,1.071728848374900595e-01,8.871697735223643688e-01
2.165430175684703862e+00,6.072689559563564377e-01,-1.900441225423648572e-01,1.059777905599165598e-01,8.911335851726459589e-01
2.173391279271779997e+00,6.057581992669984761e-01,-1.894903279776995741e-01,1.047965186722957104e-01,8.950821321570303635e-01
2.181352382858856132e+00,6.042518522455737617e-01,-1.889363265892554655e-01,1.036289163057993179e-01,8.990153861636650534e-01
2.189313486445932266e+00,6.027499163671076188e-01,-1.883821613325759037e-01,1.024748318963469851e-01,9.029333208987465609e-01
2.197274590033008401e+00,6.012523927678412594e-01,-1.878278743635444226e-01,1.013341151866720691e-01,9.068359120507889504e-01
2.205235693620084536e+00,5.997592822515570576e-01,-1.872735070487295539e-01,1.002066172278688883e-01,9.107231372552463400e-01
2.213196797207160671e+00,5.982705852958215553e-01,-1.867190999756671299e-01,9.909219038043773353e-02,9.145949760594901390e-01
2.221157900794236806e+00,5.967863020581463118e-01,-1.861646929630776937e-01,9.799068831484461506e-02,9.184514098881452204e-01
2.229119004381312941e+00,5.953064323820692616e-01,-1.856103250710173791e-01,9.690196601161449319e-02,9.222924220087839187e-01
2.237080107968389076e+00,5.938309758031551366e-01,-1.850560346109599852e-01,9.582587976097280136e-02,9.261179974979820706e-01
2.245041211555465210e+00,5.923599315549125111e-01,-1.845018591558091892e-01,9.476228716204951330e-02,9.299281232077368786e-01
2.253002315142541345e+00,5.908932985746341293e-01,-1.839478355498407602e-01,9.371104712166580808e-02,9.337227877322580305e-01
2.260963418729617480e+00,5.894310755091596299e-01,-1.833939999185704717e-01,9.267201985271777964e-02,9.375019813751184206e-01
2.268924522316693615e+00,5.879732607205583328e-01,-1.828403876785486826e-01,9.164506687216984748e-02,9.412656961167774616e-01
2.276885625903769750e+00,5.865198522917347557e-01,-1.822870335470795078e-01,9.063005099867429970e-02,9.450139255824731022e-01
2.284846729490845885e+00,5.850708480319569693e-01,-1.817339715518631604e-01,8.962683634983065195e-02,9.487466650104826593e-01
2.292807833077922020e+00,5.836262454823083479e-01,-1.811812350405604399e-01,8.863528833909892213e-02,9.524639112207532454e-01
2.300768936664998154e+00,5.821860419210632687e-01,-1.806288566902788384e-01,8.765527367238007406e-02,9.561656625839051182e-01
2.308730040252074289e+00,5.807502343689873170e-01,-1.800768685169790162e-01,8.668666034427717493e-02,9.598519189906055127e-01
2.316691143839150424e+00,5.793188195945644381e-01,-1.795253018848006754e-01,8.572931763405093608e-02,9.635226818213135092e-01
2.324652247426226559e+00,5.778917941191492602e-01,-1.789741875153073869e-01,8.478311610128100306e-02,9.671779539163978257e-01
2.332613351013302694e+00,5.764691542220475862e-01,-1.784235554966489834e-01,8.384792758124630374e-02,9.708177395466227599e-01
2.340574454600378829e+00,5.750508959455231661e-01,-1.778734352926409357e-01,8.292362518003497385e-02,9.744420443840029478e-01
2.348535558187454519e+00,5.736370150997275319e-01,-1.773238557517604064e-01,8.201008326939289439e-02,9.780508754730272702e-01
2.356496661774530654e+00,5.722275072675669927e-01,-1.767748451160589540e-01,8.110717748133085270e-02,9.816442412022570174e-01
2.364457765361606789e+00,5.708223678094943576e-01,-1.762264310299901937e-01,8.021478470249258919e-02,9.852221512762846523e-01
2.372418868948682924e+00,5.694215918682320465e-01,-1.756786405491528036e-01,7.933278306829846804e-02,9.887846166880633891e-01
2.380379972535759059e+00,5.680251743734260339e-01,-1.751315001489482381e-01,7.846105195687431977e-02,9.923316496916013696e-01
2.388341076122835194e+00,5.666331100462295156e-01,-1.745850357331525660e-01,7.759947198277424019e-02,9.958632637750176597e-01
2.396302179709911329e+00,5.652453934038206285e-01,-1.740392726424023206e-01,7.674792499050961392e-02,9.993794736339618456e-01
2.404263283296987463e+00,5.638620187638508918e-01,-1.734942356625943372e-01,7.590629404789135670e-02,1.002880295145393674e+00
2.412224386884063598e+00,5.624829802488291453e-01,-1.729499490331992961e-01,7.507446343919699228e-02,1.006365745341723850e+00
2.420185490471139733e+00,5.611082717904382067e-01,-1.724064364554886153e-01,7.425231865816965537e-02,1.009835842385310656e+00
2.428146594058215868e+00,5.597378871337889139e-01,-1.718637211006749932e-01,7.343974640085991490e-02,1.013290605543314404e+00
2.436107697645292003e+00,5.583718198416086631e-01,-1.713218256179659116e-01,7.263663455831678717e-02,1.016730055162902158e+00
2.444068801232368138e+00,5.570100632983636668e-01,-1.707807721425300684e-01,7.184287220913540550e-02,1.020154212646803948e+00
2.452029904819444273e+00,5.556526107143168192e-01,-1.702405823033774357e-01,7.105834961186990872e-02,1.023563100429218498e+00
2.459991008406520407e+00,5.542994551295304939e-01,-1.697012772311529971e-01,7.028295819732446881e-02,1.026956741952068430e+00
2.467952111993596542e+00,5.529505894178017300e-01,-1.691628775658434169e-01,6.951659056072206910e-02,1.030335161641597663e+00
2.475913215580672677e+00,5.516060062905384642e-01,-1.686254034643975275e-01,6.875914045376294026e-02,1.033698384885313848e+00
2.483874319167748812e+00,5.502656983005755897e-01,-1.680888746082602747e-01,6.801050277657876009e-02,1.037046438009266547e+00
2.491835422754824947e+00,5.489296578459296194e-01,-1.675533102108206218e-01,6.727057356958816847e-02,1.040379348255666248e+00
2.499796526341901082e+00,5.475978771734960615e-01,-1.670187290247734102e-01,6.653925000526225708e-02,1.043697143760836221e+00
2.507757629928977217e+00,5.462703483826868434e-01,-1.664851493493954837e-01,6.581643037980453026e-02,1.046999853533495228e+00
2.515718733516053351e+00,5.449470634290123350e-01,-1.659525890377367974e-01,6.510201410475373318e-02,1.050287507433373957e+00
2.523679837103129486e+00,5.436280141276054190e-01,-1.654210655037261779e-01,6.439590169851357182e-02,1.053560136150156090e+00
2.531640940690205621e+00,5.423131921566903824e-01,-1.648905957291924573e-01,6.369799477781659669e-02,1.056817771182743337e+00
2.539602044277281756e+00,5.410025890609971855e-01,-1.643611962708009799e-01,6.300819604912734351e-02,1.060060444818842207e+00
2.547563147864357891e+00,5.396961962551125591e-01,-1.638328832669054547e-01,6.232640929998577856e-02,1.063288190114863863e+00
2.555524251451433582e+00,5.383940050267872479e-01,-1.633056724443170682e-01,6.165253939030580776e-02,1.066501040876146167e+00
2.563485355038509717e+00,5.370960065401849670e-01,-1.627795791249898594e-01,6.098649224362613641e-02,1.069699031637486586e+00
2.571446458625585851e+00,5.358021918390798444e-01,-1.622546182326234931e-01,6.032817483832145222e-02,1.072882197643982405e+00
2.579407562212661986e+00,5.345125518500007944e-01,-1.617308042991835448e-01,5.967749519877763725e-02,1.076050574832180473e+00
2.587368665799738121e+00,5.332270773853244883e-01,-1.612081514713395725e-01,5.903436238653603924e-02,1.079204199811527820e+00
2.595329769386814256e+00,5.319457591463168100e-01,-1.606866735168220317e-01,5.839868649141080614e-02,1.082343109846122919e+00
2.603290872973890391e+00,5.306685877261245743e-01,-1.601663838306980892e-01,5.777037862258419670e-02,1.085467342836764937e+00
2.611251976560966526e+00,5.293955536127172845e-01,-1.596472954415671386e-01,5.714935089968348897e-02,1.088576937303297854e+00
2.619213080148042661e+00,5.281266471917803740e-01,-1.591294210176762980e-01,5.653551644384377517e-02,1.091671932367244580e+00
2.627174183735118795e+00,5.268618587495610406e-01,-1.586127728729570530e-01,5.592878936876084089e-02,1.094752367734732390e+00
2.635135287322194930e+00,5.256011784756660088e-01,-1.580973629729826302e-01,5.532908477173692496e-02,1.097818283679701246e+00
2.643096390909271065e+00,5.243445964658108860e-01,-1.575832029408472668e-01,5.473631872472269760e-02,1.100869721027393444e+00
2.651057494496347200e+00,5.230921027245194477e-01,-1.570703040629670699e-01,5.415040826535763574e-02,1.103906721138117275e+00
2.659018598083423335e+00,5.218436871677853972e-01,-1.565586772948053262e-01,5.357127138801782290e-02,1.106929325891296667e+00
2.666979701670499470e+00,5.205993396256833883e-01,-1.560483332665203449e-01,5.299882703486766267e-02,1.109937577669786180e+00
2.674940805257575605e+00,5.193590498449370818e-01,-1.555392822885378057e-01,5.243299508692199351e-02,1.112931519344457776e+00
2.682901908844651739e+00,5.181228074914421278e-01,-1.550315343570479731e-01,5.187369635512022875e-02,1.115911194259054051e+00
2.690863012431727874e+00,5.168906021527468475e-01,-1.545250991594278867e-01,5.132085257141632412e-02,1.118876646215301918e+00
2.698824116018804009e+00,5.156624233404883961e-01,-1.540199860795900266e-01,5.077438637988596071e-02,1.121827919458288081e+00
2.706785219605880144e+00,5.144382604927875136e-01,-1.535162042032573448e-01,5.023422132785468341e-02,1.124765058662090755e+00
2.714746323192956279e+00,5.132181029766019753e-01,-1.530137623231658250e-01,4.970028185704923607e-02,1.127688108915664511e+00
2.722707426780032414e+00,5.120019400900385209e-01,-1.525126689441952121e-01,4.917249329477407088e-02,1.130597115708978029e+00
2.730668530367108549e+00,5.107897610646254805e-01,-1.520129322884281597e-01,4.865078184511606452e-02,1.133492124919396549e+00
2.738629633954184683e+00,5.095815550675457661e-01,-1.515145603001392394e-01,4.813507458017910606e-02,1.136373182798314785e+00
2.746590737541260818e+00,5.083773112038243447e-01,-1.510175606507123403e-01,4.762529943134805044e-02,1.139240335958015660e+00
2.754551841128336509e+00,5.071770185184832913e-01,-1.505219407434904288e-01,4.712138518058923975e-02,1.142093631358782613e+00
2.762512944715412644e+00,5.059806659986569866e-01,-1.500277077185557806e-01,4.662326145178609382e-02,1.144933116296241060e+00
2.770474048302488779e+00,5.047882425756696767e-01,-1.495348684574427656e-01,4.613085870211236506e-02,1.147758838388931890e+00
2.778435151889564914e+00,5.035997371270747314e-01,-1.490434295877827997e-01,4.564410821344415392e-02,1.150570845566113221e+00
2.786396255476641048e+00,5.024151384786580410e-01,-1.485533974878829044e-01,4.516294208381321090e-02,1.153369186055789530e+00
2.794357359063717183e+00,5.012344354064043328e-01,-1.480647782912383192e-01,4.468729321890232975e-02,1.156153908372963501e+00
2.802318462650793318e+00,5.000576166384288479e-01,-1.475775778909795832e-01,4.421709532358509415e-02,1.158925061308103466e+00
2.810279566237869453e+00,4.988846708568722144e-01,-1.470918019442552793e-01,4.375228289351033167e-02,1.161682693915832898e+00
2.818240669824945588e+00,4.977155866997629019e-01,-1.466074558765509128e-01,4.329279120673417552e-02,1.164426855503830627e+00
2.826201773412021723e+00,4.965503527628446490e-01,-1.461245448859445628e-01,4.283855631539964376e-02,1.167157595621944655e+00
2.834162876999097858e+00,4.953889576013711937e-01,-1.456430739473002223e-01,4.238951503746580390e-02,1.169874964051513810e+00
2.842123980586173992e+00,4.942313897318668658e-01,-1.451630478163990212e-01,4.194560494848680737e-02,1.172579010794892351e+00
2.850085084173250127e+00,4.930776376338504297e-01,-1.446844710340084716e-01,4.150676437344071740e-02,1.175269786065171074e+00
2.858046187760326262e+00,4.919276897515346691e-01,-1.442073479298929539e-01,4.107293237861377178e-02,1.177947340276109589e+00
2.866007291347402397e+00,4.907815344954893355e-01,-1.437316826267631686e-01,4.064404876353604201e-02,1.180611724032258003e+00
2.873968394934478532e+00,4.896391602442741742e-01,-1.432574790441671075e-01,4.022005405297181951e-02,1.183262988119272885e+00
2.881929498521554667e+00,4.885005553460414762e-01,-1.427847409023222380e-01,3.980088948896513823e-02,1.185901183494425970e+00
2.889890602108630802e+00,4.873657081201072105e-01,-1.423134717258900672e-01,3.938649702294071825e-02,1.188526361277296717e+00
2.897851705695706936e+00,4.862346068584933456e-01,-1.418436748476936127e-01,3.897681930786185689e-02,1.191138572740654933e+00
2.905812809282783071e+00,4.851072398274398623e-01,-1.413753534123783628e-01,3.857179969044521178e-02,1.193737869301522148e+00
2.913773912869859206e+00,4.839835952688885667e-01,-1.409085103800176431e-01,3.817138220343377353e-02,1.196324302512413063e+00
2.921735016456935341e+00,4.828636614019387596e-01,-1.404431485296628868e-01,3.777551155792837484e-02,1.198897924052757080e+00
2.929696120044011476e+00,4.817474264242745940e-01,-1.399792704628397000e-01,3.738413313577815950e-02,1.201458785720493472e+00
2.937657223631087611e+00,4.806348785135661772e-01,-1.395168786069902744e-01,3.699719298203097556e-02,1.204006939423839073e+00
2.945618327218163746e+00,4.795260058288389748e-01,-1.390559752188617604e-01,3.661463779744218716e-02,1.206542437173218740e+00
2.953579430805239880e+00,4.784207965118199013e-01,-1.385965623878430697e-01,3.623641493104507588e-02,1.209065331073367444e+00
2.961540534392315571e+00,4.773192386882578186e-01,-1.381386420392498038e-01,3.586247237278225586e-02,1.211575673315598234e+00
2.969501637979391706e+00,4.762213204692160029e-01,-1.376822159375580279e-01,3.549275874619740867e-02,1.214073516170229627e+00
2.977462741566467841e+00,4.751270299523406293e-01,-1.372272856895874749e-01,3.512722330118897562e-02,1.216558911979171542e+00
2.985423845153543976e+00,4.740363552231031119e-01,-1.367738527476348998e-01,3.476581590682512046e-02,1.219031913148667989e+00
2.993384948740620111e+00,4.729492843560178517e-01,-1.363219184125582240e-01,3.440848704422065640e-02,1.221492572142194533e+00
3.001346052327696245e+00,4.718658054158353932e-01,-1.358714838368120514e-01,3.405518779947594443e-02,1.223940941473506072e+00
3.009307155914772380e+00,4.707859064587120446e-01,-1.354225500274351679e-01,3.370586985667817226e-02,1.226377073699834952e+00
3.017268259501848515e+00,4.697095755333557943e-01,-1.349751178489908832e-01,3.336048549096499310e-02,1.228801021415233841e+00
3.025229363088924650e+00,4.686368006821491350e-01,-1.345291880264606055e-01,3.301898756165066312e-02,1.231212837244068936e+00
3.033190466676000785e+00,4.675675699422501275e-01,-1.340847611480914248e-01,3.268132950541505904e-02,1.233612573834649950e+00
3.041151570263076920e+00,4.665018713466694833e-01,-1.336418376681980935e-01,3.234746532955487530e-02,1.236000283853003534e+00
3.049112673850153055e+00,4.654396929253232229e-01,-1.332004179099194052e-01,3.201734960529668828e-02,1.238376019976777043e+00
3.057073777437229190e+00,4.643810227060685136e-01,-1.327605020679313297e-01,3.169093746117419147e-02,1.240739834889285520e+00
3.065034881024305324e+00,4.633258487157149164e-01,-1.323220902111159614e-01,3.136818457646711050e-02,1.243091781273689911e+00
3.072995984611381459e+00,4.622741589810160368e-01,-1.318851822851873912e-01,3.104904717470307468e-02,1.245431911807305392e+00
3.080957088198457594e+00,4.612259415296393050e-01,-1.314497781152750289e-01,3.073348201722160208e-02,1.247760279156039820e+00
3.088918191785533729e+00,4.601811843911159938e-01,-1.310158774084649591e-01,3.042144639680074980e-02,1.250076935968957415e+00
3.096879295372609864e+00,4.591398755977708079e-01,-1.305834797562998029e-01,3.011289813134586379e-02,1.252381934872966118e+00
3.104840398959685999e+00,4.581020031856317676e-01,-1.301525846372377782e-01,2.980779555764052555e-02,1.254675328467629525e+00
3.112801502546762134e+00,4.570675551953208293e-01,-1.297231914190715707e-01,2.950609752515956016e-02,1.256957169320098266e+00
3.120762606133838268e+00,4.560365196729253556e-01,-1.292952993613075141e-01,2.920776338994380064e-02,1.259227509960160418e+00
3.128723709720914403e+00,4.550088846708514323e-01,-1.288689076175055237e-01,2.891275300853676788e-02,1.261486402875408919e+00
3.136684813307990538e+00,4.539846382486588672e-01,-1.284440152375807553e-01,2.862102673198275299e-02,1.263733900506524233e+00
3.144645916895066673e+00,4.529637684738758718e-01,-1.280206211700665175e-01,2.833254539988556628e-02,1.265970055242664927e+00
3.152607020482142808e+00,4.519462634227967568e-01,-1.275987242643397968e-01,2.804727033452852208e-02,1.268194919416970823e+00
3.160568124069218499e+00,4.509321111812639171e-01,-1.271783232728103119e-01,2.776516333505571477e-02,1.270408545302176506e+00
3.168529227656294633e+00,4.499212998454305557e-01,-1.267594168530725707e-01,2.748618667171321209e-02,1.272610985106333636e+00
3.176490331243370768e+00,4.489138175225075855e-01,-1.263420035700222044e-01,2.721030308015079738e-02,1.274802290968631402e+00
3.184451434830446903e+00,4.479096523314932132e-01,-1.259260818979367202e-01,2.693747575578348680e-02,1.276982514955327330e+00
3.192412538417523038e+00,4.469087924038857573e-01,-1.255116502225212538e-01,2.666766834821255802e-02,1.279151709055774022e+00
3.200373642004599173e+00,4.459112258843811460e-01,-1.250987068429199600e-01,2.640084495570618750e-02,1.281309925178548470e+00
3.208334745591675308e+00,4.449169409315535950e-01,-1.246872499736933482e-01,2.613697011973880810e-02,1.283457215147676411e+00
3.216295849178751443e+00,4.439259257185215191e-01,-1.242772777467621576e-01,2.587600881958939184e-02,1.285593630698955048e+00
3.224256952765827577e+00,4.429381684335977343e-01,-1.238687882133184814e-01,2.561792646699796727e-02,1.287719223476370578e+00
3.232218056352903712e+00,4.419536572809255048e-01,-1.234617793457042090e-01,2.536268890088040975e-02,1.289834045028607434e+00
3.240179159939979847e+00,4.409723804810989356e-01,-1.230562490392576869e-01,2.511026238210061629e-02,1.291938146805650112e+00
3.248140263527055982e+00,4.399943262717668224e-01,-1.226521951141279210e-01,2.486061358829948567e-02,1.294031580155467820e+00
3.256101367114132117e+00,4.390194829082255112e-01,-1.222496153170587740e-01,2.461370960878167535e-02,1.296114396320793949e+00
3.264062470701208252e+00,4.380478386639962141e-01,-1.218485073231420079e-01,2.436951793945848349e-02,1.298186646435989466e+00
3.272023574288284387e+00,4.370793818313883916e-01,-1.214488687375402803e-01,2.412800647784689792e-02,1.300248381523992025e+00
3.279984677875360521e+00,4.361141007220500909e-01,-1.210506970971803320e-01,2.388914351812450668e-02,1.302299652493345672e+00
3.287945781462436656e+00,4.351519836675041830e-01,-1.206539898724169196e-01,2.365289774623961089e-02,1.304340510135314490e+00
3.295906885049512791e+00,4.341930190196717776e-01,-1.202587444686678275e-01,2.341923823507638391e-02,1.306371005121075068e+00
3.303867988636588926e+00,4.332371951513828701e-01,-1.198649582280204295e-01,2.318813443967458407e-02,1.308391187998986238e+00
3.311829092223665061e+00,4.322845004568739991e-01,-1.194726284308103709e-01,2.295955619250338378e-02,1.310401109191938085e+00
3.319790195810741196e+00,4.313349233522736914e-01,-1.190817522971725911e-01,2.273347369878896129e-02,1.312400818994776674e+00
3.327751299397817331e+00,4.303884522760759168e-01,-1.186923269885652305e-01,2.250985753189545940e-02,1.314390367571801832e+00
3.335712402984893465e+00,4.294450756896019961e-01,-1.183043496092669455e-01,2.228867862875896777e-02,1.316369804954340417e+00
3.343673506571969600e+00,4.285047820774490757e-01,-1.179178172078475806e-01,2.206990828537353996e-02,1.318339181038387764e+00
3.351634610159045735e+00,4.275675599479268341e-01,-1.175327267786126506e-01,2.185351815232925571e-02,1.320298545582318406e+00
3.359595713746121870e+00,4.266333978334855281e-01,-1.171490752630230531e-01,2.163948023040250176e-02,1.322247948204669621e+00
3.367556817333197561e+00,4.257022842911303284e-01,-1.167668595510890361e-01,2.142776686619682000e-02,1.324187438381991377e+00
3.375517920920273696e+00,4.247742079028254958e-01,-1.163860764827395339e-01,2.121835074783470776e-02,1.326117065446761334e+00
3.383479024507349830e+00,4.238491572758881776e-01,-1.160067228491672015e-01,2.101120490069977378e-02,1.328036878585366010e+00
3.391440128094425965e+00,4.229271210433707129e-01,-1.156287953941493168e-01,2.080630268322857315e-02,1.329946926836144794e+00
3.399401231681502100e+00,4.220080878644328903e-01,-1.152522908153450487e-01,2.060361778275190958e-02,1.331847259087496571e+00
3.407362335268578235e+00,4.210920464247040473e-01,-1.148772057655694095e-01,2.040312421138514368e-02,1.333737924076048076e+00
3.415323438855654370e+00,4.201789854366349553e-01,-1.145035368540443244e-01,2.020479630196696935e-02,1.335618970384881754e+00
3.423284542442730505e+00,4.192688936398401567e-01,-1.141312806476272451e-01,2.000860870404635658e-02,1.337490446441823799e+00
3.431245646029806640e+00,4.183617598014305883e-01,-1.137604336720174358e-01,1.981453637991709843e-02,1.339352400517789254e+00
3.439206749616882774e+00,4.174575727163372107e-01,-1.133909924129406083e-01,1.962255460069966748e-02,1.341204880725187287e+00
3.447167853203958909e+00,4.165563212076227040e-01,-1.130229533173114226e-01,1.943263894246925749e-02,1.343047935016372429e+00
3.455128956791035044e+00,4.156579941267871670e-01,-1.126563127943753795e-01,1.924476528243081880e-02,1.344881611182158654e+00
3.463090060378111179e+00,4.147625803540631595e-01,-1.122910672168297569e-01,1.905890979513955030e-02,1.346705956850386299e+00
3.471051163965187314e+00,4.138700687987025839e-01,-1.119272129219239242e-01,1.887504894876699049e-02,1.348521019484539174e+00
3.479012267552263449e+00,4.129804483992543518e-01,-1.115647462125394646e-01,1.869315950141191632e-02,1.350326846382412072e+00
3.486973371139339584e+00,4.120937081238338906e-01,-1.112036633582504930e-01,1.851321849745586265e-02,1.352123484674832232e+00
3.494934474726415718e+00,4.112098369703840461e-01,-1.108439605963643243e-01,1.833520326396264818e-02,1.353910981324426333e+00
3.502895578313491853e+00,4.103288239669278248e-01,-1.104856341329428504e-01,1.815909140712155742e-02,1.355689383124436764e+00
3.510856681900567988e+00,4.094506581718130866e-01,-1.101286801438050578e-01,1.798486080873371376e-02,1.357458736697586987e+00
3.518817785487644123e+00,4.085753286739493562e-01,-1.097730947755108516e-01,1.781248962274121009e-02,1.359219088494989514e+00
3.526778889074720258e+00,4.077028245930372496e-01,-1.094188741463266029e-01,1.764195627179862558e-02,1.360970484795104296e+00
3.534739992661796393e+00,4.068331350797899093e-01,-1.090660143471726684e-01,1.747323944388635975e-02,1.362712971702738862e+00
3.542701096248872528e+00,4.059662493161472208e-01,-1.087145114425530634e-01,1.730631808896542986e-02,1.364446595148091967e+00
3.550662199835948662e+00,4.051021565154813153e-01,-1.083643614714673575e-01,1.714117141567304131e-02,1.366171400885836773e+00
3.558623303423024797e+00,4.042408459227969653e-01,-1.080155604483059445e-01,1.697777888805913904e-02,1.367887434494251764e+00
3.566584407010100488e+00,4.033823068149240409e-01,-1.076681043637280621e-01,1.681612022236291318e-02,1.369594741374389191e+00
3.574545510597176623e+00,4.025265285007025851e-01,-1.073219891855231728e-01,1.665617538382897084e-02,1.371293366749284148e+00
3.582506614184252758e+00,4.016735003211618360e-01,-1.069772108594561622e-01,1.649792458356293123e-02,1.372983355663202509e+00
3.590467717771328893e+00,4.008232116496923125e-01,-1.066337653100961208e-01,1.634134827542583351e-02,1.374664752980928606e+00
3.598428821358405028e+00,3.999756518922109039e-01,-1.062916484416295410e-01,1.618642715296693055e-02,1.376337603387087105e+00
3.606389924945481162e+00,3.991308104873202423e-01,-1.059508561386577341e-01,1.603314214639463622e-02,1.378001951385505519e+00
3.614351028532557297e+00,3.982886769064611920e-01,-1.056113842669790248e-01,1.588147441958498440e-02,1.379657841298610688e+00
3.622312132119633432e+00,3.974492406540597877e-01,-1.052732286743558454e-01,1.573140536712740178e-02,1.381305317266859234e+00
3.630273235706709567e+00,3.966124912676677883e-01,-1.049363851912670231e-01,1.558291661140722741e-02,1.382944423248207544e+00
3.638234339293785702e+00,3.957784183180979021e-01,-1.046008496316455372e-01,1.543598999972469604e-02,1.384575203017610612e+00
3.646195442880861837e+00,3.949470114095514073e-01,-1.042666177936015792e-01,1.529060760144961180e-02,1.386197700166553970e+00
3.654156546467937972e+00,3.941182601797418861e-01,-1.039336854601317917e-01,1.514675170521190446e-02,1.387811958102619148e+00
3.662117650055014106e+00,3.932921543000128528e-01,-1.036020483998146280e-01,1.500440481612727583e-02,1.389418020049080660e+00
3.670078753642090241e+00,3.924686834754497200e-01,-1.032717023674920159e-01,1.486354965305759258e-02,1.391015929044535637e+00
3.678039857229166376e+00,3.916478374449865463e-01,-1.029426431049375035e-01,1.472416914590568907e-02,1.392605727942560767e+00
3.686000960816242511e+00,3.908296059815075107e-01,-1.026148663415112905e-01,1.458624643294415164e-02,1.394187459411398100e+00
3.693962064403318646e+00,3.900139788919428918e-01,-1.022883677948022707e-01,1.444976485817767164e-02,1.395761165933674386e+00
3.701923167990394781e+00,3.892009460173606050e-01,-1.019631431712572367e-01,1.431470796873869286e-02,1.397326889806143946e+00
3.709884271577470916e+00,3.883904972330521899e-01,-1.016391881667975949e-01,1.418105951231581237e-02,1.398884673139459744e+00
3.717845375164547050e+00,3.875826224486140781e-01,-1.013164984674236463e-01,1.404880343461465363e-02,1.400434557857974216e+00
3.725806478751623185e+00,3.867773116080245877e-01,-1.009950697498068484e-01,1.391792387685089789e-02,1.401976585699563405e+00
3.733767582338699320e+00,3.859745546897158652e-01,-1.006748976818701707e-01,1.378840517327494658e-02,1.403510798215479971e+00
3.741728685925775455e+00,3.851743417066413322e-01,-1.003559779233565846e-01,1.366023184872794394e-02,1.405037236770228404e+00
3.749689789512851590e+00,3.843766627063378571e-01,-1.000383061263858536e-01,1.353338861622862405e-02,1.406555942541464654e+00
3.757650893099927725e+00,3.835815077709849308e-01,-9.972187793600036099e-02,1.340786037459098211e-02,1.408066956519921531e+00
3.765611996687003860e+00,3.827888670174586228e-01,-9.940668899069955711e-02,1.328363220607205186e-02,1.409570319509357184e+00
3.773573100274079550e+00,3.819987305973818748e-01,-9.909273492296354069e-02,1.316068937404963127e-02,1.411066072126527349e+00
3.781534203861155685e+00,3.812110886971699641e-01,-9.878001135976564873e-02,1.303901732072943083e-02,1.412554254801176246e+00
3.789495307448231820e+00,3.804259315380727480e-01,-9.846851392307479078e-02,1.291860166488153355e-02,1.414034907776054117e+00
3.797456411035307955e+00,3.796432493762121885e-01,-9.815823823034709739e-02,1.279942819960554201e-02,1.415508071106953425e+00
3.805417514622384090e+00,3.788630325026165480e-01,-9.784917989500735436e-02,1.268148289012430499e-02,1.416973784662763913e+00
3.813378618209460225e+00,3.780852712432503648e-01,-9.754133452692048678e-02,1.256475187160571022e-02,1.418432088125553436e+00
3.821339721796536359e+00,3.773099559590412100e-01,-9.723469773285307871e-02,1.244922144701235238e-02,1.419883020990662104e+00
3.829300825383612494e+00,3.765370770459025018e-01,-9.692926511692517844e-02,1.233487808497861320e-02,1.421326622566822184e+00
3.837261928970688629e+00,3.757666249347530463e-01,-9.662503228105268072e-02,1.222170841771492121e-02,1.422762931976292444e+00
3.845223032557764764e+00,3.749985900915323578e-01,-9.632199482538002233e-02,1.210969923893869156e-02,1.424191988155012245e+00
3.853184136144840899e+00,3.742329630172132049e-01,-9.602014834870380156e-02,1.199883750183184869e-02,1.425613829852771186e+00
3.861145239731917034e+00,3.734697342478109361e-01,-9.571948844888740482e-02,1.188911031702450348e-02,1.427028495633401617e+00
3.869106343318993169e+00,3.727088943543890309e-01,-9.542001072326665445e-02,1.178050495060440142e-02,1.428436023874982697e+00
3.877067446906069303e+00,3.719504339430618201e-01,-9.512171076904663014e-02,1.167300882215192154e-02,1.429836452770064437e+00
3.885028550493145438e+00,3.711943436549940967e-01,-9.482458418368996944e-02,1.156660950280029646e-02,1.431229820325907287e+00
3.892989654080221573e+00,3.704406141663973417e-01,-9.452862656529670282e-02,1.146129471332066330e-02,1.432616164364735489e+00
3.900950757667297708e+00,3.696892361885232292e-01,-9.423383351297563715e-02,1.135705232223175112e-02,1.433995522524008637e+00
3.908911861254373843e+00,3.689402004676541891e-01,-9.394020062720777331e-02,1.125387034393383195e-02,1.435367932256705892e+00
3.916872964841449978e+00,3.681934977850908619e-01,-9.364772351020149432e-02,1.115173693686662831e-02,1.436733430831625746e+00
3.924834068428526113e+00,3.674491189571372773e-01,-9.335639776624003738e-02,1.105064040169096914e-02,1.438092055333700436e+00
3.932795172015602247e+00,3.667070548350827575e-01,-9.306621900202118047e-02,1.095056917949376388e-02,1.439443842664324125e+00
3.940756275602678382e+00,3.659672963051818773e-01,-9.277718282698926844e-02,1.085151185001616801e-02,1.440788829541694183e+00
3.948717379189754517e+00,3.652298342886303173e-01,-9.248928485365966179e-02,1.075345712990435736e-02,1.442127052501164020e+00
3.956678482776830652e+00,3.644946597415398837e-01,-9.220252069793599681e-02,1.065639387098306183e-02,1.443458547895609900e+00
3.964639586363906787e+00,3.637617636549101974e-01,-9.191688597942021532e-02,1.056031105855121527e-02,1.444783351895812196e+00
3.972600689950982922e+00,3.630311370545977745e-01,-9.163237632171537805e-02,1.046519780969957028e-02,1.446101500490844627e+00
3.980561793538058613e+00,3.623027710012833302e-01,-9.134898735272170556e-02,1.037104337165004747e-02,1.447413029488479053e+00
3.988522897125134747e+00,3.615766565904362517e-01,-9.106671470492547216e-02,1.027783712011645992e-02,1.448717974515598916e+00
3.996484000712210882e+00,3.608527849522768505e-01,-9.078555401568157157e-02,1.018556855768637526e-02,1.450016371018624906e+00
4.004445104299287017e+00,3.601311472517367829e-01,-9.050550092748911590e-02,1.009422731222390721e-02,1.451308254263950603e+00
4.012406207886362708e+00,3.594117346884165842e-01,-9.022655108826072023e-02,1.000380313529303233e-02,1.452593659338389021e+00
4.020367311473439287e+00,3.586945384965418704e-01,-8.994870015158536181e-02,9.914285900601350551e-03,1.453872621149630007e+00
4.028328415060514978e+00,3.579795499449171525e-01,-8.967194377698520236e-02,9.825665602463911144e-03,1.455145174426706101e+00
4.036289518647591557e+00,3.572667603368773759e-01,-8.939627763016579076e-02,9.737932354286832001e-03,1.456411353720469259e+00
4.044250622234667247e+00,3.565561610102381818e-01,-8.912169738326083945e-02,9.651076387070604487e-03,1.457671193404075360e+00
4.052211725821743826e+00,3.558477433372428944e-01,-8.884819871507032563e-02,9.565088047932563536e-03,1.458924727673478694e+00
4.060172829408819517e+00,3.551414987245093968e-01,-8.857577731129361032e-02,9.479957798648661754e-03,1.460171990547933119e+00
4.068133932995896096e+00,3.544374186129736204e-01,-8.830442886475610431e-02,9.395676214213914343e-03,1.461413015870506982e+00
4.076095036582971787e+00,3.537354944778327015e-01,-8.803414907563085479e-02,9.312233981421610268e-03,1.462647837308598486e+00
4.084056140170047478e+00,3.530357178284848629e-01,-8.776493365165423388e-02,9.229621897460715471e-03,1.463876488354465488e+00
4.092017243757124056e+00,3.523380802084687402e-01,-8.749677830833646475e-02,9.147830868531551390e-03,1.465099002325759958e+00
4.099978347344199747e+00,3.516425731954007095e-01,-8.722967876916681851e-02,9.066851908479327260e-03,1.466315412366069104e+00
4.107939450931276326e+00,3.509491884009103280e-01,-8.696363076581330176e-02,8.986676137445312809e-03,1.467525751445466708e+00
4.115900554518352017e+00,3.502579174705746645e-01,-8.669863003831769499e-02,8.907294780535507384e-03,1.468730052361067129e+00
4.123861658105428596e+00,3.495687520838506313e-01,-8.643467233528502602e-02,8.828699166506482829e-03,1.469928347737589291e+00
4.131822761692504287e+00,3.488816839540064274e-01,-8.617175341406872746e-02,8.750880726468283910e-03,1.471120670027927346e+00
4.139783865279580866e+00,3.481967048280510402e-01,-8.590986904095031240e-02,8.673830992604063608e-03,1.472307051513725540e+00
4.147744968866656556e+00,3.475138064866623022e-01,-8.564901499131476192e-02,8.597541596906265945e-03,1.473487524305958640e+00
4.155706072453733135e+00,3.468329807441136725e-01,-8.538918704982084718e-02,8.522004269929175924e-03,1.474662120345519911e+00
4.163667176040808826e+00,3.461542194482002399e-01,-8.513038101056735751e-02,8.447210839557675252e-03,1.475830871403814415e+00
4.171628279627885405e+00,3.454775144801622844e-01,-8.487259267725427714e-02,8.373153229791792732e-03,1.476993809083357867e+00
4.179589383214961096e+00,3.448028577546087270e-01,-8.461581786334003430e-02,8.299823459547106541e-03,1.478150964818379487e+00
4.187550486802037675e+00,3.441302412194385818e-01,-8.436005239219400431e-02,8.227213641470587299e-03,1.479302369875429513e+00
4.195511590389113366e+00,3.434596568557615748e-01,-8.410529209724511290e-02,8.155315980771793427e-03,1.480448055353993819e+00
4.203472693976189944e+00,3.427910966778171531e-01,-8.385153282212592929e-02,8.084122774069141260e-03,1.481588052187112092e+00
4.211433797563265635e+00,3.421245527328932723e-01,-8.359877042081295673e-02,8.013626408251201330e-03,1.482722391141996887e+00
4.219394901150342214e+00,3.414600171012428520e-01,-8.334700075776260708e-02,7.943819359352576742e-03,1.483851102820664236e+00
4.227356004737417905e+00,3.407974818960005092e-01,-8.309621970804360880e-02,7.874694191444481586e-03,1.484974217660560480e+00
4.235317108324494484e+00,3.401369392630968491e-01,-8.284642315746509889e-02,7.806243555539505059e-03,1.486091765935200426e+00
4.243278211911570175e+00,3.394783813811731998e-01,-8.259760700270132872e-02,7.738460188510699195e-03,1.487203777754800837e+00
4.251239315498646754e+00,3.388218004614939050e-01,-8.234976715141219261e-02,7.671336912024483666e-03,1.488310283066925255e+00
4.259200419085722444e+00,3.381671887478588934e-01,-8.210289952236057842e-02,7.604866631487479552e-03,1.489411311657126813e+00
4.267161522672799023e+00,3.375145385165145284e-01,-8.185700004552574904e-02,7.539042335006868739e-03,1.490506893149598167e+00
4.275122626259874714e+00,3.368638420760642904e-01,-8.161206466221343492e-02,7.473857092364270295e-03,1.491597057007820304e+00
4.283083729846950405e+00,3.362150917673776274e-01,-8.136808932516231829e-02,7.409304054002780783e-03,1.492681832535219133e+00
4.291044833434026984e+00,3.355682799634988611e-01,-8.112506999864718682e-02,7.345376450027186338e-03,1.493761248875820957e+00
4.299005937021102675e+00,3.349233990695550389e-01,-8.088300265857885363e-02,7.282067589217073277e-03,1.494835335014909949e+00
4.306967040608179254e+00,3.342804415226625636e-01,-8.064188329260058019e-02,7.219370858052645556e-03,1.495904119779693620e+00
4.314928144195254944e+00,3.336393997918338239e-01,-8.040170790018159874e-02,7.157279719753190106e-03,1.496967631839963842e+00
4.322889247782331523e+00,3.330002663778821592e-01,-8.016247249270715136e-02,7.095787713327879505e-03,1.498025899708764541e+00
4.330850351369407214e+00,3.323630338133272688e-01,-7.992417309356589228e-02,7.034888452638928501e-03,1.499078951743060051e+00
4.338811454956483793e+00,3.317276946622987888e-01,-7.968680573823377911e-02,6.974575625476743534e-03,1.500126816144404795e+00
4.346772558543559484e+00,3.310942415204403133e-01,-7.945036647435542443e-02,6.914842992647106910e-03,1.501169520959616310e+00
4.354733662130636063e+00,3.304626670148113621e-01,-7.921485136182217224e-02,6.855684387070005298e-03,1.502207094081446703e+00
4.362694765717711753e+00,3.298329638037904576e-01,-7.898025647284777351e-02,6.797093712890251750e-03,1.503239563249260557e+00
4.370655869304788332e+00,3.292051245769760381e-01,-7.874657789204070335e-02,6.739064944599420723e-03,1.504266956049709503e+00
4.378616972891864023e+00,3.285791420550880360e-01,-7.851381171647438262e-02,6.681592126169227062e-03,1.505289299917411672e+00
4.386578076478940602e+00,3.279550089898680687e-01,-7.828195405575408272e-02,6.624669370195995950e-03,1.506306622135629825e+00
4.394539180066016293e+00,3.273327181639795747e-01,-7.805100103208176265e-02,6.568290857056203851e-03,1.507318949836951694e+00
4.402500283653092872e+00,3.267122623909070045e-01,-7.782094878031782514e-02,6.512450834072857145e-03,1.508326310003971882e+00
4.410461387240168563e+00,3.260936345148551796e-01,-7.759179344804080503e-02,6.457143614692669419e-03,1.509328729469971986e+00
4.418422490827245142e+00,3.254768274106473736e-01,-7.736353119560415714e-02,6.402363577673758112e-03,1.510326234919606492e+00
4.426383594414320832e+00,3.248618339836240598e-01,-7.713615819619101810e-02,6.348105166283904768e-03,1.511318852889583120e+00
4.434344698001397411e+00,3.242486471695397721e-01,-7.690967063586619246e-02,6.294362887508997244e-03,1.512306609769348942e+00
4.442305801588473102e+00,3.236372599344610745e-01,-7.668406471362622379e-02,6.241131311271792652e-03,1.513289531801774501e+00
4.450266905175549681e+00,3.230276652746627009e-01,-7.645933664144663466e-02,6.188405069660601193e-03,1.514267645083837266e+00
4.458228008762625372e+00,3.224198562165248028e-01,-7.623548264432759847e-02,6.136178856168020973e-03,1.515240975567307968e+00
4.466189112349701951e+00,3.218138258164284227e-01,-7.601249896033678011e-02,6.084447424939330891e-03,1.516209549059437167e+00
4.474150215936777641e+00,3.212095671606517433e-01,-7.579038184065046979e-02,6.033205590030637881e-03,1.517173391223636703e+00
4.482111319523854220e+00,3.206070733652652271e-01,-7.556912754959232981e-02,5.982448224676489672e-03,1.518132527580169588e+00
4.490072423110929911e+00,3.200063375760273665e-01,-7.534873236467035107e-02,5.932170260566966939e-03,1.519086983506833244e+00
4.498033526698005602e+00,3.194073529682787682e-01,-7.512919257661143657e-02,5.882366687133939141e-03,1.520036784239644501e+00
4.505994630285082181e+00,3.188101127468374596e-01,-7.491050448939423623e-02,5.833032550846608058e-03,1.520981954873524611e+00
4.513955733872157872e+00,3.182146101458929732e-01,-7.469266442028016373e-02,5.784162954516006844e-03,1.521922520362984699e+00
4.521916837459234451e+00,3.176208384289004316e-01,-7.447566869984205418e-02,5.735753056608432904e-03,1.522858505522810102e+00
4.529877941046310141e+00,3.170287908884747985e-01,-7.425951367199153108e-02,5.687798070567723525e-03,1.523789935028742937e+00
4.537839044633386720e+00,3.164384608462840753e-01,-7.404419569400401413e-02,5.640293264146135736e-03,1.524716833418166217e+00
4.545800148220462411e+00,3.158498416529434971e-01,-7.382971113654242246e-02,5.593233958743904985e-03,1.525639225090787754e+00
4.553761251807538990e+00,3.152629266879079517e-01,-7.361605638367867133e-02,5.546615528757124422e-03,1.526557134309320052e+00
4.561722355394614681e+00,3.146777093593661756e-01,-7.340322783291387820e-02,5.500433400934131266e-03,1.527470585200162656e+00
4.569683458981691260e+00,3.140941831041327847e-01,-7.319122189519650101e-02,5.454683053739963101e-03,1.528379601754082051e+00
4.577644562568766951e+00,3.135123413875420262e-01,-7.298003499493922741e-02,5.409360016729097484e-03,1.529284207826893116e+00
4.585605666155843529e+00,3.129321777033397534e-01,-7.276966357003390728e-02,5.364459869926071524e-03,1.530184427140136139e+00
4.593566769742919220e+00,3.123536855735767892e-01,-7.256010407186513911e-02,5.319978243214141915e-03,1.531080283281754273e+00
4.601527873329995799e+00,3.117768585485008459e-01,-7.235135296532216320e-02,5.275910815731645401e-03,1.531971799706772552e+00
4.609488976917071490e+00,3.112016902064493884e-01,-7.214340672880945049e-02,5.232253315276150750e-03,1.532858999737969796e+00
4.617450080504148069e+00,3.106281741537416652e-01,-7.193626185425554265e-02,5.189001517716152444e-03,1.533741906566557622e+00
4.625411184091223760e+00,3.100563040245713498e-01,-7.172991484712071264e-02,5.146151246410322552e-03,1.534620543252849467e+00
4.633372287678300339e+00,3.094860734808984604e-01,-7.152436222640301544e-02,5.103698371634125645e-03,1.535494932726935602e+00
4.641333391265376029e+00,3.089174762123420570e-01,-7.131960052464317301e-02,5.061638810013791533e-03,1.536365097789352818e+00
4.649294494852452608e+00,3.083505059360716061e-01,-7.111562628792773844e-02,5.019968523967412513e-03,1.537231061111752561e+00
4.657255598439528299e+00,3.077851563967000104e-01,-7.091243607589145515e-02,4.978683521153279626e-03,1.538092845237571060e+00
4.665216702026604878e+00,3.072214213661751403e-01,-7.071002646171778427e-02,4.937779853925128304e-03,1.538950472582694351e+00
4.673177805613680569e+00,3.066592946436723088e-01,-7.050839403213868262e-02,4.897253618794394046e-03,1.539803965436123523e+00
4.681138909200757148e+00,3.060987700554860247e-01,-7.030753538743261810e-02,4.857100955899243053e-03,1.540653345960638854e+00
4.689100012787832839e+00,3.055398414549228003e-01,-7.010744714142190526e-02,4.817318048480433330e-03,1.541498636193460392e+00
4.697061116374908529e+00,3.049825027221926832e-01,-6.990812592146841697e-02,4.777901122363740864e-03,1.542339858046909429e+00
4.705022219961985108e+00,3.044267477643017861e-01,-6.970956836846836646e-02,4.738846445449024572e-03,1.543177033309066637e+00
4.712983323549060799e+00,3.038725705149447065e-01,-6.951177113684602060e-02,4.700150327205770452e-03,1.544010183644428214e+00
4.720944427136137378e+00,3.033199649343963911e-01,-6.931473089454605330e-02,4.661809118174989157e-03,1.544839330594562909e+00
4.728905530723213069e+00,3.027689250094052764e-01,-6.911844432302512165e-02,4.623819209477513827e-03,1.545664495578763509e+00
4.736866634310289648e+00,3.022194447530848205e-01,-6.892290811724209598e-02,4.586177032328418897e-03,1.546485699894698751e+00
4.744827737897365338e+00,3.016715182048069765e-01,-6.872811898564758215e-02,4.548879057557713400e-03,1.547302964719064367e+00
4.752788841484441917e+00,3.011251394300940576e-01,-6.853407365017205599e-02,4.511921795136986102e-03,1.548116311108229448e+00
4.760749945071517608e+00,3.005803025205121548e-01,-6.834076884621341497e-02,4.475301793712149930e-03,1.548925759998881935e+00
4.768711048658594187e+00,3.000370015935632240e-01,-6.814820132262321140e-02,4.439015640141986442e-03,1.549731332208674983e+00
4.776672152245669878e+00,2.994952307925787816e-01,-6.795636784169227507e-02,4.403059959042632601e-03,1.550533048436866457e+00
4.784633255832746457e+00,2.989549842866124352e-01,-6.776526517913507297e-02,4.367431412337740952e-03,1.551330929264959968e+00
4.792594359419822148e+00,2.984162562703335242e-01,-6.757489012407359719e-02,4.332126698814373934e-03,1.552124995157342813e+00
4.800555463006898727e+00,2.978790409639198722e-01,-6.738523947901986499e-02,4.297142553684451909e-03,1.552915266461921684e+00
4.808516566593974417e+00,2.973433326129519272e-01,-6.719631005985812755e-02,4.262475748151803474e-03,1.553701763410756831e+00
4.816477670181050996e+00,2.968091254883056807e-01,-6.700809869582574629e-02,4.228123088984592562e-03,1.554484506120692888e+00
4.824438773768126687e+00,2.962764138860472518e-01,-6.682060222949363915e-02,4.194081418093228118e-03,1.555263514593989260e+00
4.832399877355203266e+00,2.957451921273259177e-01,-6.663381751674567199e-02,4.160347612113484903e-03,1.556038808718948285e+00
4.840360980942278957e+00,2.952154545582690304e-01,-6.644774142675748119e-02,4.126918581994977638e-03,1.556810408270537405e+00
4.848322084529355536e+00,2.946871955498757134e-01,-6.626237084197435234e-02,4.093791272594723973e-03,1.557578332911016217e+00
4.856283188116431226e+00,2.941604094979117234e-01,-6.607770265808854404e-02,4.060962662275887335e-03,1.558342602190553317e+00
4.864244291703507805e+00,2.936350908228034795e-01,-6.589373378401573722e-02,4.028429762511490618e-03,1.559103235547848465e+00
4.872205395290583496e+00,2.931112339695338131e-01,-6.571046114187099885e-02,3.996189617493208293e-03,1.559860252310746098e+00
4.880166498877660075e+00,2.925888334075360531e-01,-6.552788166694376026e-02,3.964239303744954146e-03,1.560613671696850391e+00
4.888127602464735766e+00,2.920678836305898307e-01,-6.534599230767244860e-02,3.932575929741407780e-03,1.561363512814136767e+00
4.896088706051811457e+00,2.915483791567162752e-01,-6.516479002561825773e-02,3.901196635531278649e-03,1.562109794661561857e+00
4.904049809638888036e+00,2.910303145280737080e-01,-6.498427179543837806e-02,3.870098592365305012e-03,1.562852536129669234e+00
4.912010913225963726e+00,2.905136843108535039e-01,-6.480443460485867113e-02,3.839279002328913233e-03,1.563591756001195154e+00
4.919972016813040305e+00,2.899984830951759518e-01,-6.462527545464556711e-02,3.808735097979459774e-03,1.564327472951670739e+00
4.927933120400115996e+00,2.894847054949871157e-01,-6.444679135857760144e-02,3.778464141988058505e-03,1.565059705550020386e+00
4.935894223987192575e+00,2.889723461479545286e-01,-6.426897934341620211e-02,3.748463426785802934e-03,1.565788472259162400e+00
4.943855327574268266e+00,2.884613997153648857e-01,-6.409183644887611608e-02,3.718730274214515196e-03,1.566513791436600966e+00
4.951816431161344845e+00,2.879518608820200165e-01,-6.391535972759503081e-02,3.689262035181738609e-03,1.567235681335019670e+00
4.959777534748420535e+00,2.874437243561351885e-01,-6.373954624510305700e-02,3.660056089320161150e-03,1.567954160102873251e+00
4.967738638335497114e+00,2.869369848692356895e-01,-6.356439307979125375e-02,3.631109844651172341e-03,1.568669245784972910e+00
4.975699741922572805e+00,2.864316371760551871e-01,-6.338989732288015377e-02,3.602420737252700570e-03,1.569380956323074061e+00
4.983660845509649384e+00,2.859276760544333107e-01,-6.321605607838730323e-02,3.573986230931132206e-03,1.570089309556456758e+00
4.991621949096725075e+00,2.854250963052142320e-01,-6.304286646309487097e-02,3.545803816897356332e-03,1.570794323222508559e+00
4.999583052683801654e+00,2.849238927521448583e-01,-6.287032560651625857e-02,3.517871013446803238e-03,1.571496014957300735e+00
5.007544156270877345e+00,2.844240602417739683e-01,-6.269843065086279366e-02,3.490185365643502270e-03,1.572194402296163807e+00
5.015505259857953924e+00,2.839255936433507932e-01,-6.252717875100953504e-02,3.462744445008019822e-03,1.572889502674261086e+00
5.023466363445029614e+00,2.834284878487248749e-01,-6.235656707446109864e-02,3.435545849209324740e-03,1.573581333427158002e+00
5.031427467032106193e+00,2.829327377722452019e-01,-6.218659280131668549e-02,3.408587201760431961e-03,1.574269911791391197e+00
5.039388570619181884e+00,2.824383383506604561e-01,-6.201725312423509578e-02,3.381866151717859495e-03,1.574955254905033186e+00
5.047349674206258463e+00,2.819452845430187038e-01,-6.184854524839899365e-02,3.355380373384769972e-03,1.575637379808255245e+00
5.055310777793334154e+00,2.814535713305683640e-01,-6.168046639147918564e-02,3.329127566017842706e-03,1.576316303443887623e+00
5.063271881380410733e+00,2.809631937166585103e-01,-6.151301378359818467e-02,3.303105453537725361e-03,1.576992042657976656e+00
5.071232984967486423e+00,2.804741467266401722e-01,-6.134618466729379466e-02,3.277311784243103817e-03,1.577664614200340987e+00
5.079194088554563002e+00,2.799864254077674142e-01,-6.117997629748201521e-02,3.251744330528282250e-03,1.578334034725124235e+00
5.087155192141638693e+00,2.795000248290991918e-01,-6.101438594141993937e-02,3.226400888604279930e-03,1.579000320791342782e+00
5.095116295728715272e+00,2.790149400814009306e-01,-6.084941087866808235e-02,3.201279278223340650e-03,1.579663488863436882e+00
5.103077399315790963e+00,2.785311662770471042e-01,-6.068504840105264087e-02,3.176377342406879085e-03,1.580323555311812456e+00
5.111038502902866654e+00,2.780486985499233676e-01,-6.052129581262727376e-02,3.151692947176744797e-03,1.580980536413384652e+00
5.118999606489943233e+00,2.775675320553295800e-01,-6.035815042963470212e-02,3.127223981289828196e-03,1.581634448352117861e+00
5.126960710077018923e+00,2.770876619698829924e-01,-6.019560958046811516e-02,3.102968355975931243e-03,1.582285307219562842e+00
5.134921813664095502e+00,2.766090834914214369e-01,-6.003367060563208346e-02,3.078924004678844362e-03,1.582933129015390961e+00
5.142882917251171193e+00,2.761317918389072368e-01,-5.987233085770354846e-02,3.055088882800633884e-03,1.583577929647926208e+00
5.150844020838247772e+00,2.756557822523311163e-01,-5.971158770129222221e-02,3.031460967449056774e-03,1.584219724934675666e+00
5.158805124425323463e+00,2.751810499926168330e-01,-5.955143851300109814e-02,3.008038257188097413e-03,1.584858530602855309e+00
5.166766228012400042e+00,2.747075903415254206e-01,-5.939188068138642057e-02,2.984818771791534087e-03,1.585494362289914472e+00
5.174727331599475733e+00,2.742353986015607648e-01,-5.923291160691773749e-02,2.961800551999578968e-03,1.586127235544057434e+00
5.182688435186552312e+00,2.737644700958742350e-01,-5.907452870193750927e-02,2.938981659278438498e-03,1.586757165824765003e+00
5.190649538773628002e+00,2.732948001681709260e-01,-5.891672939062070347e-02,2.916360175582886557e-03,1.587384168503307214e+00
5.198610642360704581e+00,2.728263841826152891e-01,-5.875951110893402191e-02,2.893934203121696462e-03,1.588008258863260247e+00
5.206571745947780272e+00,2.723592175237375956e-01,-5.860287130459517629e-02,2.871701864125969072e-03,1.588629452101016692e+00
5.214532849534856851e+00,2.718932955963402898e-01,-5.844680743703173365e-02,2.849661300620273327e-03,1.589247763326295360e+00
5.222493953121932542e+00,2.714286138254052849e-01,-5.829131697734005885e-02,2.827810674196614381e-03,1.589863207562645986e+00
5.230455056709009121e+00,2.709651676560008715e-01,-5.813639740824383395e-02,2.806148165791124815e-03,1.590475799747955055e+00
5.238416160296084811e+00,2.705029525531896795e-01,-5.798204622405271624e-02,2.784671975463519702e-03,1.591085554734945395e+00
5.246377263883161390e+00,2.700419640019362522e-01,-5.782826093062056610e-02,2.763380322179203197e-03,1.591692487291676006e+00
5.254338367470237081e+00,2.695821975070156196e-01,-5.767503904530380671e-02,2.742271443594066545e-03,1.592296612102036768e+00
5.262299471057313660e+00,2.691236485929215938e-01,-5.752237809691939513e-02,2.721343595841875171e-03,1.592897943766243163e+00
5.270260574644389351e+00,2.686663128037760639e-01,-5.737027562570296002e-02,2.700595053324276931e-03,1.593496496801326989e+00
5.278221678231465930e+00,2.682101857032377357e-01,-5.721872918326652985e-02,2.680024108503320946e-03,1.594092285641624418e+00
5.286182781818541621e+00,2.677552628744123142e-01,-5.706773633255642075e-02,2.659629071696551633e-03,1.594685324639262491e+00
5.294143885405618200e+00,2.673015399197620767e-01,-5.691729464781079828e-02,2.639408270874546523e-03,1.595275628064642071e+00
5.302104988992693890e+00,2.668490124610162217e-01,-5.676740171451733624e-02,2.619360051460932568e-03,1.595863210106918118e+00
5.310066092579769581e+00,2.663976761390814962e-01,-5.661805512937062579e-02,2.599482776134823259e-03,1.596448084874479756e+00
5.318027196166846160e+00,2.659475266139531002e-01,-5.646925250022959142e-02,2.579774824635652688e-03,1.597030266395423670e+00
5.325988299753921851e+00,2.654985595646260910e-01,-5.632099144607487923e-02,2.560234593570374483e-03,1.597609768618028836e+00
5.333949403340998430e+00,2.650507706890068982e-01,-5.617326959696599536e-02,2.540860496222987434e-03,1.598186605411227923e+00
5.341910506928074120e+00,2.646041557038254499e-01,-5.602608459399862489e-02,2.521650962366377841e-03,1.598760790565073808e+00
5.349871610515150699e+00,2.641587103445470763e-01,-5.587943408926161065e-02,2.502604438076409636e-03,1.599332337791205649e+00
5.357832714102226390e+00,2.637144303652858013e-01,-5.573331574579417497e-02,2.483719385548306072e-03,1.599901260723313623e+00
5.365793817689302969e+00,2.632713115387166902e-01,-5.558772723754280137e-02,2.464994282915192007e-03,1.600467572917597225e+00
5.373754921276378660e+00,2.628293496559898079e-01,-5.544266624931836612e-02,2.446427624068880490e-03,1.601031287853226015e+00
5.381716024863455239e+00,2.623885405266432325e-01,-5.529813047675292970e-02,2.428017918482761831e-03,1.601592418932793471e+00
5.389677128450530930e+00,2.619488799785176791e-01,-5.515411762625677117e-02,2.409763691036883627e-03,1.602150979482770854e+00
5.397638232037607509e+00,2.615103638576704581e-01,-5.501062541497517278e-02,2.391663481845089471e-03,1.602706982753959286e+00
5.405599335624683199e+00,2.610729880282904314e-01,-5.486765157074535715e-02,2.373715846084266216e-03,1.603260441921935620e+00
5.413560439211759778e+00,2.606367483726129142e-01,-5.472519383205323024e-02,2.355919353825628240e-03,1.603811370087500521e+00
5.421521542798835469e+00,2.602016407908351314e-01,-5.458324994799031854e-02,2.338272589868032637e-03,1.604359780277121006e+00
5.429482646385912048e+00,2.597676612010319519e-01,-5.444181767821044959e-02,2.320774153573297149e-03,1.604905685443370977e+00
5.437443749972987739e+00,2.593348055390720663e-01,-5.430089479288670307e-02,2.303422658703493074e-03,1.605449098465371538e+00
5.445404853560064318e+00,2.589030697585340546e-01,-5.416047907266804962e-02,2.286216733260172836e-03,1.605990032149225089e+00
5.453365957147140008e+00,2.584724498306237850e-01,-5.402056830863632281e-02,2.269155019325559512e-03,1.606528499228450313e+00
5.461327060734216587e+00,2.580429417440908146e-01,-5.388116030226287184e-02,2.252236172905587325e-03,1.607064512364413389e+00
5.469288164321292278e+00,2.576145415051465104e-01,-5.374225286536554042e-02,2.235458863774868968e-03,1.607598084146756312e+00
5.477249267908368857e+00,2.571872451373813373e-01,-5.360384382006534026e-02,2.218821775323473119e-03,1.608129227093824110e+00
5.485210371495444548e+00,2.567610486816832571e-01,-5.346593099874348554e-02,2.202323604405559410e-03,1.608657953653088724e+00
5.493171475082521127e+00,2.563359481961562381e-01,-5.332851224399808021e-02,2.185963061189812300e-03,1.609184276201570674e+00
5.501132578669596818e+00,2.559119397560389864e-01,-5.319158540860118717e-02,2.169738869011650882e-03,1.609708207046258721e+00
5.509093682256672508e+00,2.554890194536240666e-01,-5.305514835545564051e-02,2.153649764227204624e-03,1.610229758424526203e+00
5.517054785843749087e+00,2.550671833981776326e-01,-5.291919895755205216e-02,2.137694496069035555e-03,1.610748942504547365e+00
5.525015889430824778e+00,2.546464277158591027e-01,-5.278373509792585322e-02,2.121871826503563072e-03,1.611265771385707479e+00
5.532976993017901357e+00,2.542267485496415014e-01,-5.264875466961423806e-02,2.106180530090196162e-03,1.611780257099014735e+00
5.540938096604977048e+00,2.538081420592318560e-01,-5.251425557561333751e-02,2.090619393842127038e-03,1.612292411607506359e+00
5.548899200192053627e+00,2.533906044209921493e-01,-5.238023572883526713e-02,2.075187217088786656e-03,1.612802246806655626e+00
5.556860303779129318e+00,2.529741318278606599e-01,-5.224669305206537662e-02,2.059882811339934332e-03,1.613309774524773532e+00
5.564821407366205896e+00,2.525587204892732474e-01,-5.211362547791938138e-02,2.044705000151341139e-03,1.613815006523409812e+00
5.572782510953281587e+00,2.521443666310857479e-01,-5.198103094880075076e-02,2.029652618992095706e-03,1.614317954497751506e+00
5.580743614540358166e+00,2.517310664954955368e-01,-5.184890741685794363e-02,2.014724515113435269e-03,1.614818630077020201e+00
5.588704718127433857e+00,2.513188163409648124e-01,-5.171725284394190075e-02,1.999919547419180474e-03,1.615317044824863268e+00
5.596665821714510436e+00,2.509076124421429910e-01,-5.158606520156339831e-02,1.985236586337656411e-03,1.615813210239748665e+00
5.604626925301586127e+00,2.504974510897903794e-01,-5.145534247085068597e-02,1.970674513695157542e-03,1.616307137755351286e+00
5.612588028888662706e+00,2.500883285907014031e-01,-5.132508264250697227e-02,1.956232222590882381e-03,1.616798838740942657e+00
5.620549132475738396e+00,2.496802412676289440e-01,-5.119528371676820150e-02,1.941908617273369140e-03,1.617288324501774177e+00
5.628510236062814975e+00,2.492731854592081520e-01,-5.106594370336067085e-02,1.927702613018352981e-03,1.617775606279460154e+00
5.636471339649890666e+00,2.488671575198815877e-01,-5.093706062145894609e-02,1.913613136008102339e-03,1.618260695252358383e+00
5.644432443236967245e+00,2.484621538198236446e-01,-5.080863249964366612e-02,1.899639123212134347e-03,1.618743602535948067e+00
5.652393546824042936e+00,2.480581707448663020e-01,-5.068065737585961128e-02,1.885779522269369216e-03,1.619224339183206629e+00
5.660354650411119515e+00,2.476552046964243525e-01,-5.055313329737363276e-02,1.872033291371637482e-03,1.619702916184982522e+00
5.668315753998195206e+00,2.472532520914217102e-01,-5.042605832073290828e-02,1.858399399148582837e-03,1.620179344470366267e+00
5.676276857585271785e+00,2.468523093622173037e-01,-5.029943051172305890e-02,1.844876824553887693e-03,1.620653634907062157e+00
5.684237961172347475e+00,2.464523729565321342e-01,-5.017324794532657811e-02,1.831464556752862658e-03,1.621125798301753962e+00
5.692199064759424054e+00,2.460534393373757789e-01,-5.004750870568110827e-02,1.818161595011320809e-03,1.621595845400470637e+00
5.700160168346499745e+00,2.456555049829741155e-01,-4.992221088603803619e-02,1.804966948585783352e-03,1.622063786888947368e+00
5.708121271933575436e+00,2.452585663866964916e-01,-4.979735258872102638e-02,1.791879636614940796e-03,1.622529633392990167e+00
5.716082375520652015e+00,2.448626200569839484e-01,-4.967293192508469984e-02,1.778898688012405622e-03,1.622993395478831147e+00
5.724043479107727705e+00,2.444676625172775286e-01,-4.954894701547348651e-02,1.766023141360709191e-03,1.623455083653487341e+00
5.732004582694804284e+00,2.440736903059465834e-01,-4.942539598918041510e-02,1.753252044806526177e-03,1.623914708365113535e+00
5.739965686281879975e+00,2.436806999762180515e-01,-4.930227698440618755e-02,1.740584455957139330e-03,1.624372280003356206e+00
5.747926789868956554e+00,2.432886880961053211e-01,-4.917958814821817015e-02,1.728019441778090148e-03,1.624827808899702797e+00
5.755887893456032245e+00,2.428976512483382311e-01,-4.905732763650969691e-02,1.715556078492043619e-03,1.625281305327830106e+00
5.763848997043108824e+00,2.425075860302925435e-01,-4.893549361395923419e-02,1.703193451478805277e-03,1.625732779503950898e+00
5.771810100630184515e+00,2.421184890539205270e-01,-4.881408425398993389e-02,1.690930655176523271e-03,1.626182241587157629e+00
5.779771204217261094e+00,2.417303569456812351e-01,-4.869309773872902009e-02,1.678766792984020184e-03,1.626629701679764395e+00
5.787732307804336784e+00,2.413431863464715887e-01,-4.857253225896751569e-02,1.666700977164272584e-03,1.627075169827647994e+00
5.795693411391413363e+00,2.409569739115573483e-01,-4.845238601411987894e-02,1.654732328748996463e-03,1.627518656020583876e+00
5.803654514978489054e+00,2.405717163105047796e-01,-4.833265721218397981e-02,1.642859977444351355e-03,1.627960170192585210e+00
5.811615618565565633e+00,2.401874102271124301e-01,-4.821334406970092384e-02,1.631083061537728874e-03,1.628399722222232837e+00
5.819576722152641324e+00,2.398040523593432949e-01,-4.809444481171526453e-02,1.619400727805621982e-03,1.628837321933011228e+00
5.827537825739717903e+00,2.394216394192571762e-01,-4.797595767173509773e-02,1.607812131422557212e-03,1.629272979093635776e+00
5.835498929326793593e+00,2.390401681329436534e-01,-4.785788089169246140e-02,1.596316435871086370e-03,1.629706703418382086e+00
5.843460032913870172e+00,2.386596352404549426e-01,-4.774021272190369369e-02,1.584912812852806285e-03,1.630138504567411717e+00
5.851421136500945863e+00,2.382800374957396161e-01,-4.762295142103008250e-02,1.573600442200419596e-03,1.630568392147095702e+00
5.859382240088022442e+00,2.379013716665758782e-01,-4.750609525603842476e-02,1.562378511790788035e-03,1.630996375710337620e+00
5.867343343675098133e+00,2.375236345345061173e-01,-4.738964250216195356e-02,1.551246217459015470e-03,1.631422464756893342e+00
5.875304447262174712e+00,2.371468228947707924e-01,-4.727359144286116116e-02,1.540202762913491777e-03,1.631846668733689221e+00
5.883265550849250403e+00,2.367709335562434569e-01,-4.715794036978492726e-02,1.529247359651935692e-03,1.632268997035138280e+00
5.891226654436326982e+00,2.363959633413653671e-01,-4.704268758273159878e-02,1.518379226878385042e-03,1.632689459003454635e+00
5.899187758023402672e+00,2.360219090860811997e-01,-4.692783138961041656e-02,1.507597591421159936e-03,1.633108063928967901e+00
5.907148861610479251e+00,2.356487676397741038e-01,-4.681337010640281016e-02,1.496901687651741673e-03,1.633524821050430065e+00
5.915109965197554942e+00,2.352765358652021410e-01,-4.669930205712406746e-02,1.486290757404611388e-03,1.633939739555327453e+00
5.923071068784630633e+00,2.349052106384340033e-01,-4.658562557378493479e-02,1.475764049897978613e-03,1.634352828580186490e+00
5.931032172371707212e+00,2.345347888487857857e-01,-4.647233899635345999e-02,1.465320821655438557e-03,1.634764097210878342e+00
5.938993275958782903e+00,2.341652673987577871e-01,-4.635944067271699498e-02,1.454960336428516923e-03,1.635173554482923786e+00
5.946954379545859481e+00,2.337966432039713938e-01,-4.624692895864415676e-02,1.444681865120095747e-03,1.635581209381792300e+00
5.954915483132935172e+00,2.334289131931068517e-01,-4.613480221774714923e-02,1.434484685708727839e-03,1.635987070843202495e+00
5.962876586720011751e+00,2.330620743078405666e-01,-4.602305882144400173e-02,1.424368083173796051e-03,1.636391147753419872e+00
5.970837690307087442e+00,2.326961235027834585e-01,-4.591169714892113368e-02,1.414331349421544875e-03,1.636793448949553476e+00
5.978798793894164021e+00,2.323310577454189840e-01,-4.580071558709589152e-02,1.404373783211938223e-03,1.637193983219848326e+00
5.986759897481239712e+00,2.319668740160419906e-01,-4.569011253057934929e-02,1.394494690086366335e-03,1.637592759303979406e+00
5.994721001068316291e+00,2.316035693076973490e-01,-4.557988638163910228e-02,1.384693382296157613e-03,1.637989785893340766e+00
6.002682104655391981e+00,2.312411406261194735e-01,-4.547003555016237986e-02,1.374969178731923333e-03,1.638385071631335066e+00
6.010643208242468560e+00,2.308795849896714270e-01,-4.536055845361908895e-02,1.365321404853681682e-03,1.638778625113659793e+00
6.018604311829544251e+00,2.305188994292850513e-01,-4.525145351702520441e-02,1.355749392621798631e-03,1.639170454888593698e+00
6.026565415416620830e+00,2.301590809884007660e-01,-4.514271917290606922e-02,1.346252480428692744e-03,1.639560569457279238e+00
6.034526519003696521e+00,2.298001267229081990e-01,-4.503435386126006940e-02,1.336830013031328843e-03,1.639948977274004127e+00
6.042487622590773100e+00,2.294420337010864841e-01,-4.492635602952221863e-02,1.327481341484461081e-03,1.640335686746482446e+00
6.050448726177848791e+00,2.290847990035456139e-01,-4.481872413252809689e-02,1.318205823074649263e-03,1.640720706236132198e+00
6.058409829764925369e+00,2.287284197231672367e-01,-4.471145663247771268e-02,1.309002821255002237e-03,1.641104044058351752e+00
6.066370933352001060e+00,2.283728929650466200e-01,-4.460455199889971217e-02,1.299871705580677838e-03,1.641485708482794736e+00
6.074332036939077639e+00,2.280182158464340303e-01,-4.449800870861553292e-02,1.290811851645091903e-03,1.641865707733643820e+00
6.082293140526153330e+00,2.276643854966771408e-01,-4.439182524570388366e-02,1.281822641016863891e-03,1.642244049989881605e+00
6.090254244113229909e+00,2.273113990571631049e-01,-4.428600010146518939e-02,1.272903461177457909e-03,1.642620743385561077e+00
6.098215347700305600e+00,2.269592536812615746e-01,-4.418053177438631407e-02,1.264053705459543871e-03,1.642995796010072951e+00
6.106176451287382179e+00,2.266079465342671906e-01,-4.407541877010532488e-02,1.255272772986029987e-03,1.643369215908413450e+00
6.114137554874457869e+00,2.262574747933432384e-01,-4.397065960137647861e-02,1.246560068609806060e-03,1.643741011081447212e+00
6.122098658461533560e+00,2.259078356474646943e-01,-4.386625278803526345e-02,1.237915002854137738e-03,1.644111189486173075e+00
6.130059762048610139e+00,2.255590262973623250e-01,-4.376219685696365602e-02,1.229336991853753353e-03,1.644479759035984090e+00
6.138020865635685830e+00,2.252110439554666221e-01,-4.365849034205550316e-02,1.220825457296578027e-03,1.644846727600927316e+00
6.145981969222762409e+00,2.248638858458520129e-01,-4.355513178418195935e-02,1.212379826366121989e-03,1.645212103007963611e+00
6.153943072809838100e+00,2.245175492041816545e-01,-4.345211973115725018e-02,1.203999531684521148e-03,1.645575893041223203e+00
6.161904176396914679e+00,2.241720312776520618e-01,-4.334945273770433871e-02,1.195684011256206714e-03,1.645938105442262156e+00
6.169865279983990369e+00,2.238273293249384843e-01,-4.324712936542095959e-02,1.187432708412212339e-03,1.646298747910314608e+00
6.177826383571066948e+00,2.234834406161400888e-01,-4.314514818274561153e-02,1.179245071755096646e-03,1.646657828102546128e+00
6.185787487158142639e+00,2.231403624327258084e-01,-4.304350776492383429e-02,1.171120555104487870e-03,1.647015353634303070e+00
6.193748590745219218e+00,2.227980920674801357e-01,-4.294220669397452728e-02,1.163058617443228507e-03,1.647371332079363482e+00
6.201709694332294909e+00,2.224566268244494716e-01,-4.284124355865645550e-02,1.155058722864128187e-03,1.647725770970181580e+00
6.209670797919371488e+00,2.221159640188885009e-01,-4.274061695443489434e-02,1.147120340517302894e-03,1.648078677798137770e+00
6.217631901506447178e+00,2.217761009772070135e-01,-4.264032548344839912e-02,1.139242944558106155e-03,1.648430060013778453e+00
6.225593005093523757e+00,2.214370350369167517e-01,-4.254036775447572749e-02,1.131426014095632477e-03,1.648779925027062720e+00
6.233554108680599448e+00,2.210987635465789802e-01,-4.244074238290292816e-02,1.123669033141803638e-03,1.649128280207601494e+00
6.241515212267676027e+00,2.207612838657516119e-01,-4.234144799069047838e-02,1.115971490561005770e-03,1.649475132884898887e+00
6.249476315854751718e+00,2.204245933649374156e-01,-4.224248320634071963e-02,1.108332880020302573e-03,1.649820490348589130e+00
6.257437419441828297e+00,2.200886894255316695e-01,-4.214384666486525183e-02,1.100752699940182183e-03,1.650164359848674822e+00
6.265398523028903988e+00,2.197535694397708683e-01,-4.204553700775264663e-02,1.093230453445868467e-03,1.650506748595761186e+00
6.273359626615980567e+00,2.194192308106808764e-01,-4.194755288293613993e-02,1.085765648319152524e-03,1.650847663761291884e+00
6.281320730203056257e+00,2.190856709520261347e-01,-4.184989294476161581e-02,1.078357796950774744e-03,1.651187112477779495e+00
6.289281833790132836e+00,2.187528872882583963e-01,-4.175255585395556274e-02,1.071006416293318175e-03,1.651525101839037557e+00
6.297242937377208527e+00,2.184208772544663779e-01,-4.165554027759336975e-02,1.063711027814634230e-03,1.651861638900410156e+00
6.305204040964285106e+00,2.180896382963250224e-01,-4.155884488906758101e-02,1.056471157451771472e-03,1.652196730679001524e+00
6.313165144551360797e+00,2.177591678700456224e-01,-4.146246836805640712e-02,1.049286335565423724e-03,1.652530384153899856e+00
6.321126248138436488e+00,2.174294634423256933e-01,-4.136640940049231274e-02,1.042156096894868676e-03,1.652862606266405576e+00
6.329087351725513066e+00,2.171005224902994024e-01,-4.127066667853077075e-02,1.035079980513411730e-03,1.653193403920253379e+00
6.337048455312588757e+00,2.167723425014881633e-01,-4.117523890051921764e-02,1.028057529784315565e-03,1.653522783981837163e+00
6.345009558899665336e+00,2.164449209737513702e-01,-4.108012477096596726e-02,1.021088292317213911e-03,1.653850753280428520e+00
6.352970662486741027e+00,2.161182554152376589e-01,-4.098532300050949928e-02,1.014171819925007790e-03,1.654177318608398339e+00
6.360931766073817606e+00,2.157923433443359185e-01,-4.089083230588769213e-02,1.007307668581227094e-03,1.654502486721435295e+00
6.368892869660893297e+00,2.154671822896273015e-01,-4.079665140990731964e-02,1.000495398377872691e-03,1.654826264338761677e+00
6.376853973247969876e+00,2.151427697898364855e-01,-4.070277904141359621e-02,9.937345734837026070e-04,1.655148658143350993e+00
6.384815076835045566e+00,2.148191033937842387e-01,-4.060921393525997181e-02,9.870247621029948348e-04,1.655469674782140688e+00
6.392776180422122145e+00,2.144961806603393473e-01,-4.051595483227792699e-02,9.803655364347442502e-04,1.655789320866247527e+00
6.400737284009197836e+00,2.141739991583713476e-01,-4.042300047924702461e-02,9.737564726323166310e-04,1.656107602971175874e+00
6.408698387596274415e+00,2.138525564667030920e-01,-4.033034962886502400e-02,9.671971507635357054e-04,1.656424527637031963e+00
6.416659491183350106e+00,2.135318501740640640e-01,-4.023800103971820336e-02,9.606871547712155911e-04,1.656740101368730844e+00
6.424620594770426685e+00,2.132118778790432490e-01,-4.014595347625170979e-02,9.542260724341105433e-04,1.657054330636204220e+00
6.432581698357502376e+00,2.128926371900429493e-01,-4.005420570874020092e-02,9.478134953283039133e-04,1.657367221874607610e+00
6.440542801944578954e+00,2.125741257252321270e-01,-3.996275651325845168e-02,9.414490187890037914e-04,1.657678781484526853e+00
6.448503905531654645e+00,2.122563411125008015e-01,-3.987160467165224570e-02,9.351322418727705957e-04,1.657989015832177948e+00
6.456465009118731224e+00,2.119392809894137253e-01,-3.978074897150930822e-02,9.288627673201362749e-04,1.658297931249615775e+00
6.464426112705806915e+00,2.116229430031652536e-01,-3.969018820613042647e-02,9.226402015186489520e-04,1.658605534034930162e+00
6.472387216292883494e+00,2.113073248105335200e-01,-3.959992117450066018e-02,9.164641544662998577e-04,1.658911830452449276e+00
6.480348319879959185e+00,2.109924240778357774e-01,-3.950994668126076026e-02,9.103342397353661637e-04,1.659216826732937022e+00
6.488309423467035764e+00,2.106782384808829900e-01,-3.942026353667860833e-02,9.042500744366259143e-04,1.659520529073792217e+00
6.496270527054111454e+00,2.103647657049356468e-01,-3.933087055662094073e-02,8.982112791839799671e-04,1.659822943639243320e+00
6.504231630641188033e+00,2.100520034446587969e-01,-3.924176656252503087e-02,8.922174780594375760e-04,1.660124076560544948e+00
6.512192734228263724e+00,2.097399494040783352e-01,-3.915295038137070471e-02,8.862682985785000920e-04,1.660423933936171714e+00
6.520153837815340303e+00,2.094286012965364541e-01,-3.906442084565227985e-02,8.803633716558983318e-04,1.660722521832010079e+00
6.528114941402415994e+00,2.091179568446483727e-01,-3.897617679335085156e-02,8.745023315717199335e-04,1.661019846281552415e+00
6.536076044989491685e+00,2.088080137802583447e-01,-3.888821706790648175e-02,8.686848159378844159e-04,1.661315913286083301e+00
6.544037148576568264e+00,2.084987698443964699e-01,-3.880054051819074867e-02,8.629104656649903360e-04,1.661610728814874038e+00
6.551998252163643954e+00,2.081902227872357292e-01,-3.871314599847928278e-02,8.571789249295195829e-04,1.661904298805366054e+00
6.559959355750720533e+00,2.078823703680487411e-01,-3.862603236842444138e-02,8.514898411413852550e-04,1.662196629163360528e+00
6.567920459337796224e+00,2.075752103551653793e-01,-3.853919849302821221e-02,8.458428649118407937e-04,1.662487725763202917e+00
6.575881562924872803e+00,2.072687405259300009e-01,-3.845264324261512406e-02,8.402376500217222923e-04,1.662777594447968355e+00
6.583842666511948494e+00,2.069629586666594800e-01,-3.836636549280539321e-02,8.346738533900426287e-04,1.663066241029643955e+00
6.591803770099025073e+00,2.066578625726008811e-01,-3.828036412448810460e-02,8.291511350429122676e-04,1.663353671289312219e+00
6.599764873686100763e+00,2.063534500478898248e-01,-3.819463802379464978e-02,8.236691580828018038e-04,1.663639890977332003e+00
6.607725977273177342e+00,2.060497189055087164e-01,-3.810918608207212316e-02,8.182275886581269475e-04,1.663924905813517041e+00
6.615687080860253033e+00,2.057466669672454729e-01,-3.802400719585703054e-02,8.128260959331650576e-04,1.664208721487317799e+00
6.623648184447329612e+00,2.054442920636521119e-01,-3.793910026684896297e-02,8.074643520582859861e-04,1.664491343657995781e+00
6.631609288034405303e+00,2.051425920340039788e-01,-3.785446420188453426e-02,8.021420321405098091e-04,1.664772777954802496e+00
6.639570391621481882e+00,2.048415647262587513e-01,-3.777009791291133928e-02,7.968588142143707368e-04,1.665053029977155097e+00
6.647531495208557573e+00,2.045412079970160557e-01,-3.768600031696213437e-02,7.916143792130984772e-04,1.665332105294809129e+00
6.655492598795634152e+00,2.042415197114768044e-01,-3.760217033612903159e-02,7.864084109400990572e-04,1.665610009448032836e+00
6.663453702382709842e+00,2.039424977434034225e-01,-3.751860689753797051e-02,7.812405960407513630e-04,1.665886747947780799e+00
6.671414805969786421e+00,2.036441399750794079e-01,-3.743530893332314841e-02,7.761106239744880670e-04,1.666162326275863137e+00
6.679375909556862112e+00,2.033464442972700015e-01,-3.735227538060171409e-02,7.710181869871894546e-04,1.666436749885115365e+00
6.687337013143938691e+00,2.030494086091822470e-01,-3.726950518144849650e-02,7.659629800838569768e-04,1.666710024199570706e+00
6.695298116731014382e+00,2.027530308184259111e-01,-3.718699728287093442e-02,7.609447010015879921e-04,1.666982154614624401e+00
6.703259220318090961e+00,2.024573088409740984e-01,-3.710475063678404101e-02,7.559630501828278493e-04,1.667253146497202687e+00
6.711220323905166651e+00,2.021622406011245043e-01,-3.702276419998559026e-02,7.510177307489147034e-04,1.667523005185928220e+00
6.719181427492243230e+00,2.018678240314603356e-01,-3.694103693413133133e-02,7.461084484738935395e-04,1.667791735991285940e+00
6.727142531079318921e+00,2.015740570728120629e-01,-3.685956780571041785e-02,7.412349117586201127e-04,1.668059344195784943e+00
6.735103634666394612e+00,2.012809376742187850e-01,-3.677835578602087901e-02,7.363968316051269390e-04,1.668325835054122575e+00
6.743064738253471191e+00,2.009884637928902040e-01,-3.669739985114525704e-02,7.315939215912687938e-04,1.668591213793346961e+00
6.751025841840546882e+00,2.006966333941685443e-01,-3.661669898192641132e-02,7.268258978456309128e-04,1.668855485613017331e+00
6.758986945427623461e+00,2.004054444514907218e-01,-3.653625216394328773e-02,7.220924790227029304e-04,1.669118655685362995e+00
6.766948049014699151e+00,2.001148949463509574e-01,-3.645605838748702116e-02,7.173933862783188819e-04,1.669380729155442777e+00
6.774909152601775730e+00,1.998249828682630014e-01,-3.637611664753696156e-02,7.127283432453463546e-04,1.669641711141302887e+00
6.782870256188851421e+00,1.995357062147232463e-01,-3.629642594373698461e-02,7.080970760096432209e-04,1.669901606734134791e+00
6.790831359775928000e+00,1.992470629911733682e-01,-3.621698528037178844e-02,7.034993130862557138e-04,1.670160420998429540e+00
6.798792463363003691e+00,1.989590512109638276e-01,-3.613779366634339157e-02,6.989347853958785550e-04,1.670418158972132083e+00
6.806753566950080270e+00,1.986716688953168442e-01,-3.605885011514772809e-02,6.944032262415500293e-04,1.670674825666799146e+00
6.814714670537155961e+00,1.983849140732902583e-01,-3.598015364485136064e-02,6.899043712856028215e-04,1.670930426067747554e+00
6.822675774124232539e+00,1.980987847817408942e-01,-3.590170327806828376e-02,6.854379585268464406e-04,1.671184965134209000e+00
6.830636877711308230e+00,1.978132790652888107e-01,-3.582349804193690063e-02,6.810037282779987915e-04,1.671438447799479698e+00
6.838597981298384809e+00,1.975283949762809688e-01,-3.574553696809706915e-02,6.766014231433425041e-04,1.671690878971072491e+00
6.846559084885460500e+00,1.972441305747559270e-01,-3.566781909266729389e-02,6.722307879966281331e-04,1.671942263530863837e+00
6.854520188472537079e+00,1.969604839284078701e-01,-3.559034345622198725e-02,6.678915699591951756e-04,1.672192606335243914e+00
6.862481292059612770e+00,1.966774531125514980e-01,-3.551310910376894586e-02,6.635835183783315040e-04,1.672441912215262505e+00
6.870442395646689349e+00,1.963950362100867209e-01,-3.543611508472679222e-02,6.593063848058541929e-04,1.672690185976776656e+00
6.878403499233765039e+00,1.961132313114636316e-01,-3.535936045290269392e-02,6.550599229769134757e-04,1.672937432400595448e+00
6.886364602820841618e+00,1.958320365146476449e-01,-3.528284426647004812e-02,6.508438887890189610e-04,1.673183656242625439e+00
6.894325706407917309e+00,1.955514499250849136e-01,-3.520656558794642982e-02,6.466580402812845347e-04,1.673428862234013215e+00
6.902286809994993888e+00,1.952714696556676621e-01,-3.513052348417148446e-02,6.425021376138858719e-04,1.673673055081290384e+00
6.910247913582069579e+00,1.949920938267001025e-01,-3.505471702628507741e-02,6.383759430477379355e-04,1.673916239466511469e+00
6.918209017169146158e+00,1.947133205658640176e-01,-3.497914528970549192e-02,6.342792209243745686e-04,1.674158420047400675e+00
6.926170120756221849e+00,1.944351480081850658e-01,-3.490380735410774510e-02,6.302117376460468793e-04,1.674399601457486897e+00
6.934131224343297539e+00,1.941575742959987250e-01,-3.482870230340200796e-02,6.261732616560188426e-04,1.674639788306246713e+00
6.942092327930374118e+00,1.938805975789167357e-01,-3.475382922571212257e-02,6.221635634190721522e-04,1.674878985179239610e+00
6.950053431517449809e+00,1.936042160137938506e-01,-3.467918721335433441e-02,6.181824154022153364e-04,1.675117196638248984e+00
6.958014535104526388e+00,1.933284277646941662e-01,-3.460477536281595518e-02,6.142295920555833691e-04,1.675354427221416920e+00
6.965975638691602079e+00,1.930532310028583998e-01,-3.453059277473429639e-02,6.103048697935463136e-04,1.675590681443379637e+00
6.973936742278678658e+00,1.927786239066705543e-01,-3.445663855387559593e-02,6.064080269760017397e-04,1.675825963795404050e+00
6.981897845865754348e+00,1.925046046616254725e-01,-3.438291180911418055e-02,6.025388438898705368e-04,1.676060278745521215e+00
6.989858949452830927e+00,1.922311714602959465e-01,-3.430941165341157284e-02,5.986971027307750898e-04,1.676293630738660445e+00
6.997820053039906618e+00,1.919583225023004380e-01,-3.423613720379585501e-02,5.948825875849119609e-04,1.676526024196779652e+00
7.005781156626983197e+00,1.916860559942706599e-01,-3.416308758134104645e-02,5.910950844111079096e-04,1.676757463519000346e+00
7.013742260214058888e+00,1.914143701498195738e-01,-3.409026191114664095e-02,5.873343810230633724e-04,1.676987953081736205e+00
7.021703363801135467e+00,1.911432631895093326e-01,-3.401765932231719941e-02,5.836002670717754847e-04,1.677217497238823629e+00
7.029664467388211158e+00,1.908727333408195004e-01,-3.394527894794211603e-02,5.798925340281435754e-04,1.677446100321651867e+00
7.037625570975287737e+00,1.906027788381153831e-01,-3.387311992507541225e-02,5.762109751657524702e-04,1.677673766639291353e+00
7.045586674562363427e+00,1.903333979226166650e-01,-3.380118139471570415e-02,5.725553855438340368e-04,1.677900500478620049e+00
7.053547778149440006e+00,1.900645888423658503e-01,-3.372946250178621153e-02,5.689255619903989519e-04,1.678126306104452237e+00
7.061508881736515697e+00,1.897963498521974268e-01,-3.365796239511494731e-02,5.653213030855488768e-04,1.678351187759663299e+00
7.069469985323592276e+00,1.895286792137064469e-01,-3.358668022741490705e-02,5.617424091449487724e-04,1.678575149665316069e+00
7.077431088910667967e+00,1.892615751952181347e-01,-3.351561515526448737e-02,5.581886822034804905e-04,1.678798196020785172e+00
7.085392192497744546e+00,1.889950360717567723e-01,-3.344476633908786967e-02,5.546599259990518411e-04,1.679020331003879596e+00
7.093353296084820236e+00,1.887290601250155020e-01,-3.337413294313563289e-02,5.511559459565799988e-04,1.679241558770967258e+00
7.101314399671896815e+00,1.884636456433256280e-01,-3.330371413546537318e-02,5.476765491721311430e-04,1.679461883457097349e+00
7.109275503258972506e+00,1.881987909216266963e-01,-3.323350908792248315e-02,5.442215443972284747e-04,1.679681309176120907e+00
7.117236606846049085e+00,1.879344942614361302e-01,-3.316351697612099358e-02,5.407907420233134307e-04,1.679899840020812496e+00
7.125197710433124776e+00,1.876707539708195871e-01,-3.309373697942454007e-02,5.373839540663716968e-04,1.680117480062988555e+00
7.133158814020200467e+00,1.874075683643608992e-01,-3.302416828092741286e-02,5.340009941517087329e-04,1.680334233353629081e+00
7.141119917607277046e+00,1.871449357631326249e-01,-3.295481006743571778e-02,5.306416774988854338e-04,1.680550103922994643e+00
7.149081021194352736e+00,1.868828544946665449e-01,-3.288566152944864818e-02,5.273058209068043865e-04,1.680765095780744733e+00
7.157042124781429315e+00,1.866213228929242962e-01,-3.281672186113979151e-02,5.239932427389475903e-04,1.680979212916054344e+00
7.165003228368505006e+00,1.863603392982682849e-01,-3.274799026033863025e-02,5.207037629087645555e-04,1.681192459297730535e+00
7.172964331955581585e+00,1.860999020574324592e-01,-3.267946592851205673e-02,5.174372028652062276e-04,1.681404838874330121e+00
7.180925435542657276e+00,1.858400095234937210e-01,-3.261114807074604049e-02,5.141933855784100492e-04,1.681616355574270028e+00
7.188886539129733855e+00,1.855806600558428665e-01,-3.254303589572733746e-02,5.109721355255227157e-04,1.681827013305946528e+00
7.196847642716809546e+00,1.853218520201562469e-01,-3.247512861572537241e-02,5.077732786766741765e-04,1.682036815957845377e+00
7.204808746303886124e+00,1.850635837883671531e-01,-3.240742544657410074e-02,5.045966424810864040e-04,1.682245767398655945e+00
7.212769849890961815e+00,1.848058537386376154e-01,-3.233992560765413388e-02,5.014420558533267932e-04,1.682453871477383789e+00
7.220730953478038394e+00,1.845486602553301769e-01,-3.227262832187475367e-02,4.983093491596982810e-04,1.682661132023461015e+00
7.228692057065114085e+00,1.842920017289799706e-01,-3.220553281565621817e-02,4.951983542047677005e-04,1.682867552846857517e+00
7.236653160652190664e+00,1.840358765562665755e-01,-3.213863831891199813e-02,4.921089042180258654e-04,1.683073137738191782e+00
7.244614264239266355e+00,1.837802831399866776e-01,-3.207194406503123540e-02,4.890408338406899025e-04,1.683277890468838800e+00
7.252575367826342934e+00,1.835252198890260922e-01,-3.200544929086119456e-02,4.859939791126287496e-04,1.683481814791040643e+00
7.260536471413418624e+00,1.832706852183325630e-01,-3.193915323668989475e-02,4.829681774594275388e-04,1.683684914438012603e+00
7.268497575000495203e+00,1.830166775488882847e-01,-3.187305514622871400e-02,4.799632676795770976e-04,1.683887193124051995e+00
7.276458678587570894e+00,1.827631953076828131e-01,-3.180715426659525003e-02,4.769790899317945840e-04,1.684088654544643626e+00
7.284419782174647473e+00,1.825102369276859482e-01,-3.174144984829611188e-02,4.740154857224695094e-04,1.684289302376568598e+00
7.292380885761723164e+00,1.822578008478208944e-01,-3.167594114520991266e-02,4.710722978932369931e-04,1.684489140278006225e+00
7.300341989348799743e+00,1.820058855129373376e-01,-3.161062741457025538e-02,4.681493706086726093e-04,1.684688171888640174e+00
7.308303092935875434e+00,1.817544893737850498e-01,-3.154550791694894774e-02,4.652465493441153331e-04,1.684886400829763931e+00
7.316264196522952012e+00,1.815036108869871323e-01,-3.148058191623913371e-02,4.623636808736056292e-04,1.685083830704383390e+00
7.324225300110027703e+00,1.812532485150137596e-01,-3.141584867963866795e-02,4.595006132579490901e-04,1.685280465097318547e+00
7.332186403697104282e+00,1.810034007261559497e-01,-3.135130747763346243e-02,4.566571958328970063e-04,1.685476307575307864e+00
7.340147507284179973e+00,1.807540659944994188e-01,-3.128695758398100657e-02,4.538332791974450603e-04,1.685671361687107295e+00
7.348108610871255664e+00,1.805052427998986020e-01,-3.122279827569392208e-02,4.510287152022479759e-04,1.685865630963594874e+00
7.356069714458332243e+00,1.802569296279507294e-01,-3.115882883302360448e-02,4.482433569381496347e-04,1.686059118917867305e+00
7.364030818045407933e+00,1.800091249699703466e-01,-3.109504853944401390e-02,4.454770587248299617e-04,1.686251829045341877e+00
7.371991921632484512e+00,1.797618273229634467e-01,-3.103145668163545187e-02,4.427296760995591465e-04,1.686443764823855940e+00
7.379953025219560203e+00,1.795150351896021568e-01,-3.096805254946852562e-02,4.400010658060685793e-04,1.686634929713763720e+00
7.387914128806636782e+00,1.792687470781993420e-01,-3.090483543598809835e-02,4.372910857835290142e-04,1.686825327158036236e+00
7.395875232393712473e+00,1.790229615026834864e-01,-3.084180463739743042e-02,4.345995951556406219e-04,1.687014960582356338e+00
7.403836335980789052e+00,1.787776769825735190e-01,-3.077895945304228928e-02,4.319264542198284276e-04,1.687203833395217956e+00
7.411797439567864743e+00,1.785328920429539168e-01,-3.071629918539526757e-02,4.292715244365464936e-04,1.687391948988020252e+00
7.419758543154941322e+00,1.782886052144497802e-01,-3.065382314004005612e-02,4.266346684186866195e-04,1.687579310735164650e+00
7.427719646742017012e+00,1.780448150332022972e-01,-3.059153062565593204e-02,4.240157499210938361e-04,1.687765921994148766e+00
7.435680750329093591e+00,1.778015200408439578e-01,-3.052942095400218436e-02,4.214146338301821880e-04,1.687951786105661656e+00
7.443641853916169282e+00,1.775587187844742953e-01,-3.046749343990277567e-02,4.188311861536567139e-04,1.688136906393676417e+00
7.451602957503245861e+00,1.773164098166354063e-01,-3.040574740123094810e-02,4.162652740103334388e-04,1.688321286165545443e+00
7.459564061090321552e+00,1.770745916952877752e-01,-3.034418215889401332e-02,4.137167656200613892e-04,1.688504928712090791e+00
7.467525164677398131e+00,1.768332629837861825e-01,-3.028279703681815288e-02,4.111855302937436510e-04,1.688687837307698336e+00
7.475486268264473821e+00,1.765924222508557795e-01,-3.022159136193335038e-02,4.086714384234568179e-04,1.688870015210407916e+00
7.483447371851550400e+00,1.763520680705681354e-01,-3.016056446415835493e-02,4.061743614726662298e-04,1.689051465662004814e+00
7.491408475438626091e+00,1.761121990223176170e-01,-3.009971567638579024e-02,4.036941719665395473e-04,1.689232191888111023e+00
7.499369579025702670e+00,1.758728136907976303e-01,-3.003904433446725336e-02,4.012307434823524305e-04,1.689412197098274060e+00
7.507330682612778361e+00,1.756339106659773053e-01,-2.997854977719858344e-02,3.987839506399919577e-04,1.689591484486056228e+00
7.515291786199854940e+00,1.753954885430779320e-01,-2.991823134630514427e-02,3.963536690925494369e-04,1.689770057229124545e+00
7.523252889786930631e+00,1.751575459225498399e-01,-2.985808838642722493e-02,3.939397755170082473e-04,1.689947918489337786e+00
7.531213993374007210e+00,1.749200814100491386e-01,-2.979812024510547497e-02,3.915421476050205858e-04,1.690125071412835744e+00
7.539175096961082900e+00,1.746830936164147918e-01,-2.973832627276648544e-02,3.891606640537763708e-04,1.690301519130124053e+00
7.547136200548158591e+00,1.744465811576456082e-01,-2.967870582270835944e-02,3.867952045569597488e-04,1.690477264756163889e+00
7.555097304135235170e+00,1.742105426548774261e-01,-2.961925825108642149e-02,3.844456497957939099e-04,1.690652311390455464e+00
7.563058407722310861e+00,1.739749767343606313e-01,-2.955998291689901358e-02,3.821118814301763798e-04,1.690826662117125290e+00
7.571019511309387440e+00,1.737398820274372591e-01,-2.950087918197328782e-02,3.797937820898946511e-04,1.691000320005010771e+00
7.578980614896463130e+00,1.735052571705187618e-01,-2.944194641095116902e-02,3.774912353659334841e-04,1.691173288107743922e+00
7.586941718483539709e+00,1.732711008050635548e-01,-2.938318397127531734e-02,3.752041258018630346e-04,1.691345569463837739e+00
7.594902822070615400e+00,1.730374115775548394e-01,-2.932459123317522620e-02,3.729323388853127423e-04,1.691517167096766805e+00
7.602863925657691979e+00,1.728041881394784263e-01,-2.926616756965333757e-02,3.706757610395266427e-04,1.691688084015053439e+00
7.610825029244767670e+00,1.725714291473007533e-01,-2.920791235647127865e-02,3.684342796150018372e-04,1.691858323212347637e+00
7.618786132831844249e+00,1.723391332624468475e-01,-2.914982497213612980e-02,3.662077828812062728e-04,1.692027887667510555e+00
7.626747236418919940e+00,1.721072991512787587e-01,-2.909190479788682088e-02,3.639961600183802223e-04,1.692196780344695783e+00
7.634708340005996519e+00,1.718759254850736051e-01,-2.903415121768052401e-02,3.617993011094128991e-04,1.692365004193430389e+00
7.642669443593072209e+00,1.716450109400022295e-01,-2.897656361817919565e-02,3.596170971318020685e-04,1.692532562148695074e+00
7.650630547180148788e+00,1.714145541971074660e-01,-2.891914138873612899e-02,3.574494399496866252e-04,1.692699457131005447e+00
7.658591650767224479e+00,1.711845539422830464e-01,-2.886188392138264169e-02,3.552962223059617872e-04,1.692865692046491066e+00
7.666552754354301058e+00,1.709550088662520617e-01,-2.880479061081474279e-02,3.531573378144648172e-04,1.693031269786973159e+00
7.674513857941376749e+00,1.707259176645460064e-01,-2.874786085437997657e-02,3.510326809522406493e-04,1.693196193230044999e+00
7.682474961528453328e+00,1.704972790374836011e-01,-2.869109405206425253e-02,3.489221470518792364e-04,1.693360465239150958e+00
7.690436065115529018e+00,1.702690916901499485e-01,-2.863448960647879682e-02,3.468256322939288448e-04,1.693524088663661331e+00
7.698397168702605597e+00,1.700413543323754939e-01,-2.857804692284713136e-02,3.447430336993793898e-04,1.693687066338951164e+00
7.706358272289681288e+00,1.698140656787155423e-01,-2.852176540899218141e-02,3.426742491222227482e-04,1.693849401086478634e+00
7.714319375876757867e+00,1.695872244484293301e-01,-2.846564447532336228e-02,3.406191772420790452e-04,1.694011095713857884e+00
7.722280479463833558e+00,1.693608293654598196e-01,-2.840968353482384995e-02,3.385777175568998112e-04,1.694172153014937621e+00
7.730241583050910137e+00,1.691348791584129096e-01,-2.835388200303779610e-02,3.365497703757349443e-04,1.694332575769875504e+00
7.738202686637985828e+00,1.689093725605373408e-01,-2.829823929805772714e-02,3.345352368115741019e-04,1.694492366745213197e+00
7.746163790225061518e+00,1.686843083097043228e-01,-2.824275484051191540e-02,3.325340187742537967e-04,1.694651528693951414e+00
7.754124893812138097e+00,1.684596851483875224e-01,-2.818742805355186135e-02,3.305460189634343683e-04,1.694810064355622536e+00
7.762085997399213788e+00,1.682355018236428856e-01,-2.813225836283987993e-02,3.285711408616420076e-04,1.694967976456366543e+00
7.770047100986290367e+00,1.680117570870887922e-01,-2.807724519653664527e-02,3.266092887273794104e-04,1.695125267709000960e+00
7.778008204573366058e+00,1.677884496948862658e-01,-2.802238798528892960e-02,3.246603675883017012e-04,1.695281940813096577e+00
7.785969308160442637e+00,1.675655784077189903e-01,-2.796768616221730064e-02,3.227242832344552940e-04,1.695437998455048723e+00
7.793930411747518328e+00,1.673431419907739914e-01,-2.791313916290397157e-02,3.208009422115858707e-04,1.695593443308148762e+00
7.801891515334594907e+00,1.671211392137217921e-01,-2.785874642538061635e-02,3.188902518145050706e-04,1.695748278032655376e+00
7.809852618921670597e+00,1.668995688506972608e-01,-2.780450739011637931e-02,3.169921200805253200e-04,1.695902505275866279e+00
7.817813722508747176e+00,1.666784296802798493e-01,-2.775042150000580493e-02,3.151064557829512587e-04,1.696056127672188385e+00
7.825774826095822867e+00,1.664577204854748305e-01,-2.769648820035696540e-02,3.132331684246406631e-04,1.696209147843208198e+00
7.833735929682899446e+00,1.662374400536936470e-01,-2.764270693887953267e-02,3.113721682316183872e-04,1.696361568397760866e+00
7.841697033269975137e+00,1.660175871767352040e-01,-2.758907716567302396e-02,3.095233661467580114e-04,1.696513391932000570e+00
7.849658136857051716e+00,1.657981606507666905e-01,-2.753559833321500908e-02,3.076866738235188407e-04,1.696664621029468911e+00
7.857619240444127406e+00,1.655791592763047604e-01,-2.748226989634946701e-02,3.058620036197445390e-04,1.696815258261162196e+00
7.865580344031203985e+00,1.653605818581967146e-01,-2.742909131227513550e-02,3.040492685915194976e-04,1.696965306185602707e+00
7.873541447618279676e+00,1.651424272056018772e-01,-2.737606204053397857e-02,3.022483824870847804e-04,1.697114767348902653e+00
7.881502551205356255e+00,1.649246941319728044e-01,-2.732318154299964719e-02,3.004592597408089843e-04,1.697263644284833672e+00
7.889463654792431946e+00,1.647073814550370496e-01,-2.727044928386610639e-02,2.986818154672200853e-04,1.697411939514892998e+00
7.897424758379508525e+00,1.644904879967784006e-01,-2.721786472963619308e-02,2.969159654550889479e-04,1.697559655548371182e+00
7.905385861966584216e+00,1.642740125834188936e-01,-2.716542734911035414e-02,2.951616261615738735e-04,1.697706794882415160e+00
7.913346965553660795e+00,1.640579540454002172e-01,-2.711313661337535347e-02,2.934187147064148612e-04,1.697853360002097522e+00
7.921308069140736485e+00,1.638423112173659213e-01,-2.706099199579310374e-02,2.916871488661885829e-04,1.697999353380479359e+00
7.929269172727813064e+00,1.636270829381429315e-01,-2.700899297198950874e-02,2.899668470686107922e-04,1.698144777478676204e+00
7.937230276314888755e+00,1.634122680507240355e-01,-2.695713901984341312e-02,2.882577283868998828e-04,1.698289634745922205e+00
7.945191379901965334e+00,1.631978654022495367e-01,-2.690542961947555226e-02,2.865597125341859288e-04,1.698433927619634742e+00
7.953152483489041025e+00,1.629838738439898238e-01,-2.685386425323763038e-02,2.848727198579787062e-04,1.698577658525477041e+00
7.961113587076116715e+00,1.627702922313274125e-01,-2.680244240570138145e-02,2.831966713346830929e-04,1.698720829877422789e+00
7.969074690663193294e+00,1.625571194237393491e-01,-2.675116356364774794e-02,2.815314885641681379e-04,1.698863444077818974e+00
7.977035794250268985e+00,1.623443542847798349e-01,-2.670002721605611168e-02,2.798770937643877375e-04,1.699005503517447391e+00
7.984996897837345564e+00,1.621319956820625463e-01,-2.664903285409351771e-02,2.782334097660492346e-04,1.699147010575588368e+00
7.992958001424421255e+00,1.619200424872434541e-01,-2.659817997110405438e-02,2.766003600073346541e-04,1.699287967620081385e+00
8.000919105011497834e+00,1.617084935760032816e-01,-2.654746806259820208e-02,2.749778685286682900e-04,1.699428377007388136e+00
8.008880208598574413e+00,1.614973478280306296e-01,-2.649689662624230349e-02,2.733658599675374708e-04,1.699568241082651587e+00
8.016841312185649215e+00,1.612866041270046014e-01,-2.644646516184804425e-02,2.717642595533574534e-04,1.699707562179758380e+00
8.024802415772725794e+00,1.610762613605778160e-01,-2.639617317136198557e-02,2.701729931023863517e-04,1.699846342621398998e+00
8.032763519359802373e+00,1.608663184203595053e-01,-2.634602015885522883e-02,2.685919870126877171e-04,1.699984584719127945e+00
8.040724622946878952e+00,1.606567742018986944e-01,-2.629600563051304185e-02,2.670211682591399553e-04,1.700122290773422140e+00
8.048685726533953755e+00,1.604476276046672700e-01,-2.624612909462458246e-02,2.654604643884910637e-04,1.700259463073741761e+00
8.056646830121030334e+00,1.602388775320433001e-01,-2.619639006157265665e-02,2.639098035144601517e-04,1.700396103898589528e+00
8.064607933708106913e+00,1.600305228912944910e-01,-2.614678804382358085e-02,2.623691143128856901e-04,1.700532215515567769e+00
8.072569037295183492e+00,1.598225625935616456e-01,-2.609732255591705116e-02,2.608383260169175083e-04,1.700667800181437039e+00
8.080530140882258294e+00,1.596149955538420928e-01,-2.604799311445607501e-02,2.593173684122532436e-04,1.700802860142177186e+00
8.088491244469334873e+00,1.594078206909733120e-01,-2.599879923809692364e-02,2.578061718324195137e-04,1.700937397633038861e+00
8.096452348056411452e+00,1.592010369276167236e-01,-2.594974044753925110e-02,2.563046671540977046e-04,1.701071414878607913e+00
8.104413451643488031e+00,1.589946431902414525e-01,-2.590081626551613003e-02,2.548127857924922042e-04,1.701204914092856457e+00
8.112374555230562834e+00,1.587886384091080627e-01,-2.585202621678421922e-02,2.533304596967406500e-04,1.701337897479203276e+00
8.120335658817639413e+00,1.585830215182525149e-01,-2.580336982811393814e-02,2.518576213453680313e-04,1.701470367230567549e+00
8.128296762404715992e+00,1.583777914554703459e-01,-2.575484662827976293e-02,2.503942037417835643e-04,1.701602325529427251e+00
8.136257865991792571e+00,1.581729471623005145e-01,-2.570645614805049106e-02,2.489401404098164354e-04,1.701733774547872891e+00
8.144218969578867373e+00,1.579684875840097757e-01,-2.565819792017962064e-02,2.474953653892957256e-04,1.701864716447663017e+00
8.152180073165943952e+00,1.577644116695766374e-01,-2.561007147939571918e-02,2.460598132316681196e-04,1.701995153380280845e+00
8.160141176753020531e+00,1.575607183716760673e-01,-2.556207636239291731e-02,2.446334189956601759e-04,1.702125087486986432e+00
8.168102280340095334e+00,1.573574066466635335e-01,-2.551421210782141638e-02,2.432161182429759137e-04,1.702254520898873302e+00
8.176063383927171913e+00,1.571544754545595723e-01,-2.546647825627798914e-02,2.418078470340366310e-04,1.702383455736920626e+00
8.184024487514248491e+00,1.569519237590344951e-01,-2.541887435029665729e-02,2.404085419237610263e-04,1.702511894112048063e+00
8.191985591101325070e+00,1.567497505273927338e-01,-2.537139993433930665e-02,2.390181399573803960e-04,1.702639838125169280e+00
8.199946694688399873e+00,1.565479547305577979e-01,-2.532405455478641335e-02,2.376365786662965746e-04,1.702767289867243683e+00
8.207907798275476452e+00,1.563465353430567306e-01,-2.527683775992775259e-02,2.362637960639736221e-04,1.702894251419330818e+00
8.215868901862553031e+00,1.561454913430052327e-01,-2.522974909995326712e-02,2.348997306418713069e-04,1.703020724852641665e+00
8.223830005449629610e+00,1.559448217120924796e-01,-2.518278812694387664e-02,2.335443213654135001e-04,1.703146712228591486e+00
8.231791109036704412e+00,1.557445254355660502e-01,-2.513595439486240174e-02,2.321975076699934321e-04,1.703272215598850670e+00
8.239752212623780991e+00,1.555446015022169115e-01,-2.508924745954446353e-02,2.308592294570157861e-04,1.703397237005398024e+00
8.247713316210857570e+00,1.553450489043647631e-01,-2.504266687868955676e-02,2.295294270899765209e-04,1.703521778480570070e+00
8.255674419797934149e+00,1.551458666378431051e-01,-2.499621221185202580e-02,2.282080413905766022e-04,1.703645842047113224e+00
8.263635523385008952e+00,1.549470537019844996e-01,-2.494988302043220363e-02,2.268950136348718116e-04,1.703769429718234418e+00
8.271596626972085531e+00,1.547486090996058605e-01,-2.490367886766749195e-02,2.255902855494574112e-04,1.703892543497650625e+00
8.279557730559162110e+00,1.545505318369940206e-01,-2.485759931862361119e-02,2.242937993076891577e-04,1.704015185379639474e+00
8.287518834146238689e+00,1.543528209238911320e-01,-2.481164394018579161e-02,2.230054975259369767e-04,1.704137357349088777e+00
8.295479937733313491e+00,1.541554753734801497e-01,-2.476581230105006498e-02,2.217253232598730345e-04,1.704259061381546481e+00
8.303441041320390070e+00,1.539584942023704550e-01,-2.472010397171455973e-02,2.204532200007939613e-04,1.704380299443269520e+00
8.311402144907466649e+00,1.537618764305836994e-01,-2.467451852447092100e-02,2.191891316719774983e-04,1.704501073491273111e+00
8.319363248494543228e+00,1.535656210815394274e-01,-2.462905553339568218e-02,2.179330026250705054e-04,1.704621385473378270e+00
8.327324352081618031e+00,1.533697271820409214e-01,-2.458371457434174734e-02,2.166847776365105516e-04,1.704741237328260217e+00
8.335285455668694610e+00,1.531741937622610461e-01,-2.453849522492985991e-02,2.154444019039797613e-04,1.704860630985499226e+00
8.343246559255771189e+00,1.529790198557283432e-01,-2.449339706454020660e-02,2.142118210428917819e-04,1.704979568365623699e+00
8.351207662842847768e+00,1.527842044993129034e-01,-2.444841967430397625e-02,2.129869810829090014e-04,1.705098051380162349e+00
8.359168766429922570e+00,1.525897467332126556e-01,-2.440356263709500539e-02,2.117698284644932948e-04,1.705216081931687944e+00
8.367129870016999149e+00,1.523956456009392113e-01,-2.435882553752143770e-02,2.105603100354847424e-04,1.705333661913866150e+00
8.375090973604075728e+00,1.522019001493044310e-01,-2.431420796191749098e-02,2.093583730477157213e-04,1.705450793211501281e+00
8.383052077191150531e+00,1.520085094284065741e-01,-2.426970949833521726e-02,2.081639651536521549e-04,1.705567477700583590e+00
8.391013180778227110e+00,1.518154724916165599e-01,-2.422532973653625590e-02,2.069770344030656900e-04,1.705683717248333453e+00
8.398974284365303689e+00,1.516227883955645062e-01,-2.418106826798378448e-02,2.057975292397370450e-04,1.705799513713250892e+00
8.406935387952380268e+00,1.514304562001262400e-01,-2.413692468583433781e-02,2.046253984981886303e-04,1.705914868945156870e+00
8.414896491539455070e+00,1.512384749684097807e-01,-2.409289858492980746e-02,2.034605914004459289e-04,1.706029784785241477e+00
8.422857595126531649e+00,1.510468437667419062e-01,-2.404898956178935093e-02,2.023030575528282572e-04,1.706144263066109001e+00
8.430818698713608228e+00,1.508555616646549691e-01,-2.400519721460149872e-02,2.011527469427693969e-04,1.706258305611820125e+00
8.438779802300684807e+00,1.506646277348735186e-01,-2.396152114321617455e-02,2.000096099356654937e-04,1.706371914237940102e+00
8.446740905887759610e+00,1.504740410533012551e-01,-2.391796094913680934e-02,1.988735972717525281e-04,1.706485090751580280e+00
8.454702009474836188e+00,1.502838006990076247e-01,-2.387451623551247945e-02,1.977446600630097253e-04,1.706597836951443181e+00
8.462663113061912767e+00,1.500939057542150512e-01,-2.383118660713012815e-02,1.966227497900937843e-04,1.706710154627866460e+00
8.470624216648989346e+00,1.499043553042857524e-01,-2.378797167040678368e-02,1.955078182992980157e-04,1.706822045562866430e+00
8.478585320236064149e+00,1.497151484377088893e-01,-2.374487103338182234e-02,1.943998177995401300e-04,1.706933511530180470e+00
8.486546423823140728e+00,1.495262842460874930e-01,-2.370188430570927332e-02,1.932987008593755587e-04,1.707044554295311434e+00
8.494507527410217307e+00,1.493377618241259197e-01,-2.365901109865020668e-02,1.922044204040399950e-04,1.707155175615569842e+00
8.502468630997293886e+00,1.491495802696169160e-01,-2.361625102506509366e-02,1.911169297125158676e-04,1.707265377240115400e+00
8.510429734584368688e+00,1.489617386834289070e-01,-2.357360369940626754e-02,1.900361824146258659e-04,1.707375160910000744e+00
8.518390838171445267e+00,1.487742361694933679e-01,-2.353106873771034294e-02,1.889621324881527570e-04,1.707484528358213405e+00
8.526351941758521846e+00,1.485870718347923614e-01,-2.348864575759079809e-02,1.878947342559852507e-04,1.707593481309716665e+00
8.534313045345598425e+00,1.484002447893457977e-01,-2.344633437823048436e-02,1.868339423832874723e-04,1.707702021481491972e+00
8.542274148932673228e+00,1.482137541461992225e-01,-2.340413422037422586e-02,1.857797118746964092e-04,1.707810150582579345e+00
8.550235252519749807e+00,1.480275990214111603e-01,-2.336204490632141917e-02,1.847319980715413383e-04,1.707917870314120012e+00
8.558196356106826386e+00,1.478417785340409296e-01,-2.332006605991875439e-02,1.836907566490902509e-04,1.708025182369395489e+00
8.566157459693901188e+00,1.476562918061363472e-01,-2.327819730655289812e-02,1.826559436138201027e-04,1.708132088433870432e+00
8.574118563280977767e+00,1.474711379627213770e-01,-2.323643827314319718e-02,1.816275153007102926e-04,1.708238590185229944e+00
8.582079666868054346e+00,1.472863161317840841e-01,-2.319478858813452116e-02,1.806054283705617563e-04,1.708344689293422869e+00
8.590040770455130925e+00,1.471018254442645334e-01,-2.315324788149004595e-02,1.795896398073392613e-04,1.708450387420699546e+00
8.598001874042205728e+00,1.469176650340426049e-01,-2.311181578468412406e-02,1.785801069155362806e-04,1.708555686221652437e+00
8.605962977629282307e+00,1.467338340379260031e-01,-2.307049193069514795e-02,1.775767873175641528e-04,1.708660587343256099e+00
8.613924081216358886e+00,1.465503315956384889e-01,-2.302927595399853131e-02,1.765796389511651752e-04,1.708765092424905596e+00
8.621885184803435465e+00,1.463671568498077780e-01,-2.298816749055963490e-02,1.755886200668464064e-04,1.708869203098454914e+00
8.629846288390510267e+00,1.461843089459538558e-01,-2.294716617782679990e-02,1.746036892253382145e-04,1.708972920988258037e+00
8.637807391977586846e+00,1.460017870324770983e-01,-2.290627165472434307e-02,1.736248052950738056e-04,1.709076247711205365e+00
8.645768495564663425e+00,1.458195902606465588e-01,-2.286548356164568377e-02,1.726519274496917636e-04,1.709179184876762791e+00
8.653729599151740004e+00,1.456377177845884219e-01,-2.282480154044643633e-02,1.716850151655608986e-04,1.709281734087010118e+00
8.661690702738814807e+00,1.454561687612742904e-01,-2.278422523443755787e-02,1.707240282193261277e-04,1.709383896936678360e+00
8.669651806325891386e+00,1.452749423505095006e-01,-2.274375428837851348e-02,1.697689266854754983e-04,1.709485675013188821e+00
8.677612909912967964e+00,1.450940377149218807e-01,-2.270338834847053511e-02,1.688196709339309556e-04,1.709587069896688849e+00
8.685574013500044543e+00,1.449134540199501220e-01,-2.266312706234984570e-02,1.678762216276575951e-04,1.709688083160090688e+00
8.693535117087119346e+00,1.447331904338325370e-01,-2.262297007908096666e-02,1.669385397202961720e-04,1.709788716369106787e+00
8.701496220674195925e+00,1.445532461275954028e-01,-2.258291704915000794e-02,1.660065864538134723e-04,1.709888971082288656e+00
8.709457324261272504e+00,1.443736202750420528e-01,-2.254296762445808303e-02,1.650803233561772953e-04,1.709988848851062171e+00
8.717418427848349083e+00,1.441943120527413580e-01,-2.250312145831465105e-02,1.641597122390481332e-04,1.710088351219764213e+00
8.725379531435423885e+00,1.440153206400167363e-01,-2.246337820543099079e-02,1.632447151954936730e-04,1.710187479725679971e+00
8.733340635022500464e+00,1.438366452189348277e-01,-2.242373752191359135e-02,1.623352945977212956e-04,1.710286235899076468e+00
8.741301738609577043e+00,1.436582849742945867e-01,-2.238419906525773717e-02,1.614314130948322600e-04,1.710384621263242533e+00
8.749262842196653622e+00,1.434802390936161243e-01,-2.234476249434097159e-02,1.605330336105939928e-04,1.710482637334520106e+00
8.757223945783728425e+00,1.433025067671298836e-01,-2.230542746941669568e-02,1.596401193412333300e-04,1.710580285622341323e+00
8.765185049370805004e+00,1.431250871877654263e-01,-2.226619365210772555e-02,1.587526337532466731e-04,1.710677567629265816e+00
8.773146152957881583e+00,1.429479795511408857e-01,-2.222706070539996401e-02,1.578705405812325872e-04,1.710774484851011801e+00
8.781107256544956385e+00,1.427711830555520311e-01,-2.218802829363605497e-02,1.569938038257407981e-04,1.710871038776494268e+00
8.789068360132032964e+00,1.425946969019612487e-01,-2.214909608250903439e-02,1.561223877511395128e-04,1.710967230887858070e+00
8.797029463719109543e+00,1.424185202939872441e-01,-2.211026373905611991e-02,1.552562568835045317e-04,1.711063062660512113e+00
8.804990567306186122e+00,1.422426524378940238e-01,-2.207153093165243468e-02,1.543953760085229709e-04,1.711158535563165328e+00
8.812951670893260925e+00,1.420670925425804865e-01,-2.203289733000481435e-02,1.535397101694178283e-04,1.711253651057858205e+00
8.820912774480337504e+00,1.418918398195695429e-01,-2.199436260514560024e-02,1.526892246648882975e-04,1.711348410599999204e+00
8.828873878067414083e+00,1.417168934829980409e-01,-2.195592642942654008e-02,1.518438850470713866e-04,1.711442815638395620e+00
8.836834981654490662e+00,1.415422527496059124e-01,-2.191758847651265399e-02,1.510036571195173870e-04,1.711536867615290669e+00
8.844796085241565464e+00,1.413679168387258767e-01,-2.187934842137615257e-02,1.501685069351852385e-04,1.711630567966392791e+00
8.852757188828642043e+00,1.411938849722730593e-01,-2.184120594029037229e-02,1.493384007944547796e-04,1.711723918120911847e+00
8.860718292415718622e+00,1.410201563747346121e-01,-2.180316071082379764e-02,1.485133052431557494e-04,1.711816919501590872e+00
8.868679396002795201e+00,1.408467302731595538e-01,-2.176521241183404162e-02,1.476931870706148686e-04,1.711909573524739159e+00
8.876640499589870004e+00,1.406736058971483905e-01,-2.172736072346190608e-02,1.468780133077185598e-04,1.712001881600262898e+00
8.884601603176946583e+00,1.405007824788429005e-01,-2.168960532712542466e-02,1.460677512249926899e-04,1.712093845131701597e+00
8.892562706764023162e+00,1.403282592529161432e-01,-2.165194590551401330e-02,1.452623683307000934e-04,1.712185465516255833e+00
8.900523810351099741e+00,1.401560354565623001e-01,-2.161438214258257565e-02,1.444618323689532207e-04,1.712276744144821894e+00
8.908484913938174543e+00,1.399841103294865718e-01,-2.157691372354568829e-02,1.436661113178432385e-04,1.712367682402023528e+00
8.916446017525251122e+00,1.398124831138951307e-01,-2.153954033487175124e-02,1.428751733875852309e-04,1.712458281666242366e+00
8.924407121112327701e+00,1.396411530544853508e-01,-2.150226166427727029e-02,1.420889870186806125e-04,1.712548543309650118e+00
8.932368224699404280e+00,1.394701193984357046e-01,-2.146507740072108386e-02,1.413075208800933106e-04,1.712638468698240324e+00
8.940329328286479083e+00,1.392993813953960491e-01,-2.142798723439865230e-02,1.405307438674434839e-04,1.712728059191858554e+00
8.948290431873555661e+00,1.391289382974775501e-01,-2.139099085673634368e-02,1.397586251012146864e-04,1.712817316144233493e+00
8.956251535460632240e+00,1.389587893592433010e-01,-2.135408796038583065e-02,1.389911339249795975e-04,1.712906240903009136e+00
8.964212639047708819e+00,1.387889338376982196e-01,-2.131727823921841791e-02,1.382282399036374070e-04,1.712994834809772993e+00
8.972173742634783622e+00,1.386193709922796113e-01,-2.128056138831946678e-02,1.374699128216689279e-04,1.713083099200087833e+00
8.980134846221860201e+00,1.384501000848472607e-01,-2.124393710398279553e-02,1.367161226814047725e-04,1.713171035403523446e+00
8.988095949808936780e+00,1.382811203796741606e-01,-2.120740508370517335e-02,1.359668397013104974e-04,1.713258644743683723e+00
8.996057053396011582e+00,1.381124311434367979e-01,-2.117096502618079704e-02,1.352220343142848127e-04,1.713345928538238194e+00
9.004018156983088161e+00,1.379440316452054394e-01,-2.113461663129576062e-02,1.344816771659715598e-04,1.713432888098952223e+00
9.011979260570164740e+00,1.377759211564351105e-01,-2.109835960012267086e-02,1.337457391130895533e-04,1.713519524731715205e+00
9.019940364157241319e+00,1.376080989509557428e-01,-2.106219363491516894e-02,1.330141912217723142e-04,1.713605839736571879e+00
9.027901467744316122e+00,1.374405643049631531e-01,-2.102611843910254588e-02,1.322870047659259376e-04,1.713691834407749859e+00
9.035862571331392701e+00,1.372733164970092734e-01,-2.099013371728434066e-02,1.315641512255970162e-04,1.713777510033689389e+00
9.043823674918469280e+00,1.371063548079933248e-01,-2.095423917522503884e-02,1.308456022853588050e-04,1.713862867897072428e+00
9.051784778505545859e+00,1.369396785211522971e-01,-2.091843451984872274e-02,1.301313298327076327e-04,1.713947909274851744e+00
9.059745882092620661e+00,1.367732869220517622e-01,-2.088271945923378739e-02,1.294213059564744634e-04,1.714032635438278218e+00
9.067706985679697240e+00,1.366071792985766864e-01,-2.084709370260765665e-02,1.287155029452495515e-04,1.714117047652931047e+00
9.075668089266773819e+00,1.364413549409224380e-01,-2.081155696034157551e-02,1.280138932858213799e-04,1.714201147178744389e+00
9.083629192853850398e+00,1.362758131415856000e-01,-2.077610894394538513e-02,1.273164496616276337e-04,1.714284935270037558e+00
9.091590296440925201e+00,1.361105531953549219e-01,-2.074074936606233252e-02,1.266231449512198338e-04,1.714368413175540562e+00
9.099551400028001780e+00,1.359455743993022714e-01,-2.070547794046389764e-02,1.259339522267409277e-04,1.714451582138423635e+00
9.107512503615078359e+00,1.357808760527738356e-01,-2.067029438204470021e-02,1.252488447524164055e-04,1.714534443396324326e+00
9.115473607202154938e+00,1.356164574573811010e-01,-2.063519840681735454e-02,1.245677959830573142e-04,1.714616998181375473e+00
9.123434710789229740e+00,1.354523179169919156e-01,-2.060018973190741801e-02,1.238907795625760670e-04,1.714699247720232078e+00
9.131395814376306319e+00,1.352884567377216907e-01,-2.056526807554829792e-02,1.232177693225151535e-04,1.714781193234098167e+00
9.139356917963382898e+00,1.351248732279247133e-01,-2.053043315707626937e-02,1.225487392805886435e-04,1.714862835938755881e+00
9.147318021550459477e+00,1.349615666981851814e-01,-2.049568469692543762e-02,1.218836636392346966e-04,1.714944177044589457e+00
9.155279125137534280e+00,1.347985364613087100e-01,-2.046102241662278373e-02,1.212225167841820292e-04,1.715025217756614095e+00
9.163240228724610859e+00,1.346357818323133948e-01,-2.042644603878316506e-02,1.205652732830265203e-04,1.715105959274501934e+00
9.171201332311687437e+00,1.344733021284214014e-01,-2.039195528710445460e-02,1.199119078838218027e-04,1.715186402792608700e+00
9.179162435898762240e+00,1.343110966690502783e-01,-2.035754988636259699e-02,1.192623955136804794e-04,1.715266549499999682e+00
9.187123539485838819e+00,1.341491647758043249e-01,-2.032322956240671663e-02,1.186167112773870770e-04,1.715346400580476605e+00
9.195084643072915398e+00,1.339875057724661811e-01,-2.028899404215430899e-02,1.179748304560235478e-04,1.715425957212603381e+00
9.203045746659991977e+00,1.338261189849882515e-01,-2.025484305358637299e-02,1.173367285056053851e-04,1.715505220569730760e+00
9.211006850247066780e+00,1.336650037414843506e-01,-2.022077632574264053e-02,1.167023810557299879e-04,1.715584191820024751e+00
9.218967953834143358e+00,1.335041593722211539e-01,-2.018679358871674351e-02,1.160717639082354494e-04,1.715662872126489935e+00
9.226929057421219937e+00,1.333435852096099550e-01,-2.015289457365151971e-02,1.154448530358716230e-04,1.715741262646995224e+00
9.234890161008296516e+00,1.331832805881983384e-01,-2.011907901273424226e-02,1.148216245809819357e-04,1.715819364534300950e+00
9.242851264595371319e+00,1.330232448446617421e-01,-2.008534663919193594e-02,1.142020548541955151e-04,1.715897178936082179e+00
9.250812368182447898e+00,1.328634773177953254e-01,-2.005169718728664827e-02,1.135861203331314865e-04,1.715974706994954246e+00
9.258773471769524477e+00,1.327039773485056973e-01,-2.001813039231084904e-02,1.129737976611133125e-04,1.716051949848498959e+00
9.266734575356601056e+00,1.325447442798027564e-01,-1.998464599058275004e-02,1.123650636458941638e-04,1.716128908629286132e+00
9.274695678943675858e+00,1.323857774567916146e-01,-1.995124371944171845e-02,1.117598952583932417e-04,1.716205584464902900e+00
9.282656782530752437e+00,1.322270762266642141e-01,-1.991792331724365206e-02,1.111582696314411658e-04,1.716281978477974590e+00
9.290617886117829016e+00,1.320686399386915844e-01,-1.988468452335645162e-02,1.105601640585382917e-04,1.716358091786190254e+00
9.298578989704905595e+00,1.319104679442156258e-01,-1.985152707815545509e-02,1.099655559926213631e-04,1.716433925502327318e+00
9.306540093291980398e+00,1.317525595966412000e-01,-1.981845072301892038e-02,1.093744230448414267e-04,1.716509480734274895e+00
9.314501196879056977e+00,1.315949142514279413e-01,-1.978545520032351165e-02,1.087867429833508804e-04,1.716584758585058657e+00
9.322462300466133556e+00,1.314375312660826800e-01,-1.975254025343985836e-02,1.082024937321026385e-04,1.716659760152864145e+00
9.330423404053210135e+00,1.312804100001512264e-01,-1.971970562672807278e-02,1.076216533696568314e-04,1.716734486531060533e+00
9.338384507640284937e+00,1.311235498152107659e-01,-1.968695106553333338e-02,1.070442001279995134e-04,1.716808938808224605e+00
9.346345611227361516e+00,1.309669500748617266e-01,-1.965427631618145085e-02,1.064701123913692170e-04,1.716883118068163849e+00
9.354306714814438095e+00,1.308106101447203684e-01,-1.962168112597452094e-02,1.058993686950955961e-04,1.716957025389939551e+00
9.362267818401514674e+00,1.306545293924106788e-01,-1.958916524318653554e-02,1.053319477244452117e-04,1.717030661847890771e+00
9.370228921988589477e+00,1.304987071875569893e-01,-1.955672841705904941e-02,1.047678283134792298e-04,1.717104028511657221e+00
9.378190025575666056e+00,1.303431429017758714e-01,-1.952437039779682595e-02,1.042069894439179772e-04,1.717177126446200797e+00
9.386151129162742635e+00,1.301878359086689196e-01,-1.949209093656360109e-02,1.036494102440179386e-04,1.717249956711831782e+00
9.394112232749817437e+00,1.300327855838148694e-01,-1.945988978547776027e-02,1.030950699874553806e-04,1.717322520364227723e+00
9.402073336336894016e+00,1.298779913047620194e-01,-1.942776669760807456e-02,1.025439480922204518e-04,1.717394818454458516e+00
9.410034439923970595e+00,1.297234524510208209e-01,-1.939572142696950260e-02,1.019960241195206615e-04,1.717466852029007507e+00
9.417995543511047174e+00,1.295691684040563008e-01,-1.936375372851895441e-02,1.014512777726927746e-04,1.717538622129795467e+00
9.425956647098121977e+00,1.294151385472805671e-01,-1.933186335815110374e-02,1.009096888961239218e-04,1.717610129794200802e+00
9.433917750685198556e+00,1.292613622660452044e-01,-1.930005007269420050e-02,1.003712374741809769e-04,1.717681376055083309e+00
9.441878854272275134e+00,1.291078389476341959e-01,-1.926831362990594904e-02,9.983590363015058691e-05,1.717752361940805717e+00
9.449839957859351713e+00,1.289545679812562629e-01,-1.923665378846935517e-02,9.930366762518577455e-05,1.717823088475254334e+00
9.457801061446426516e+00,1.288015487580376761e-01,-1.920507030798863576e-02,9.877450985726265119e-05,1.717893556677862810e+00
9.465762165033503095e+00,1.286487806710147619e-01,-1.917356294898509700e-02,9.824841086014459725e-05,1.717963767563632560e+00
9.473723268620579674e+00,1.284962631151267964e-01,-1.914213147289310288e-02,9.772535130235622742e-05,1.718033722143154307e+00
9.481684372207656253e+00,1.283439954872086508e-01,-1.911077564205600904e-02,9.720531198616474207e-05,1.718103421422630062e+00
9.489645475794731055e+00,1.281919771859836854e-01,-1.907949521972213819e-02,9.668827384657038598e-05,1.718172866403893329e+00
9.497606579381807634e+00,1.280402076120563393e-01,-1.904828997004075902e-02,9.617421795030407631e-05,1.718242058084432200e+00
9.505567682968884213e+00,1.278886861679051912e-01,-1.901715965805812064e-02,9.566312549483469352e-05,1.718310997457408007e+00
9.513528786555960792e+00,1.277374122578757154e-01,-1.898610404971347310e-02,9.515497780738347384e-05,1.718379685511678856e+00
9.521489890143035595e+00,1.275863852881733707e-01,-1.895512291183511569e-02,9.464975634394725158e-05,1.718448123231816949e+00
9.529450993730112174e+00,1.274356046668561060e-01,-1.892421601213646262e-02,9.414744268832794902e-05,1.718516311598133450e+00
9.537412097317188753e+00,1.272850698038278938e-01,-1.889338311921215721e-02,9.364801855117301692e-05,1.718584251586696698e+00
9.545373200904265332e+00,1.271347801108313469e-01,-1.886262400253415836e-02,9.315146576902079444e-05,1.718651944169352186e+00
9.553334304491340134e+00,1.269847350014408349e-01,-1.883193843244788945e-02,9.265776630335508489e-05,1.718719390313744766e+00
9.561295408078416713e+00,1.268349338910555735e-01,-1.880132618016834914e-02,9.216690223966726660e-05,1.718786590983337081e+00
9.569256511665493292e+00,1.266853761968927128e-01,-1.877078701777633654e-02,9.167885578652604749e-05,1.718853547137431770e+00
9.577217615252569871e+00,1.265360613379805377e-01,-1.874032071821458978e-02,9.119360927465493098e-05,1.718920259731189670e+00
9.585178718839644674e+00,1.263869887351514454e-01,-1.870992705528402508e-02,9.071114515601639043e-05,1.718986729715651585e+00
9.593139822426721253e+00,1.262381578110352010e-01,-1.867960580363991693e-02,9.023144600290444609e-05,1.719052958037754930e+00
9.601100926013797832e+00,1.260895679900522759e-01,-1.864935673878819269e-02,8.975449450704458762e-05,1.719118945640357499e+00
9.609062029600872634e+00,1.259412186984069371e-01,-1.861917963708167520e-02,8.928027347870025592e-05,1.719184693462255220e+00
9.617023133187949213e+00,1.257931093640805575e-01,-1.858907427571633228e-02,8.880876584578711777e-05,1.719250202438200370e+00
9.624984236775025792e+00,1.256452394168249276e-01,-1.855904043272762691e-02,8.833995465299445543e-05,1.719315473498923774e+00
9.632945340362102371e+00,1.254976082881556765e-01,-1.852907788698680142e-02,8.787382306091402382e-05,1.719380507571151462e+00
9.640906443949177174e+00,1.253502154113454448e-01,-1.849918641819722070e-02,8.741035434517488423e-05,1.719445305577625982e+00
9.648867547536253753e+00,1.252030602214173616e-01,-1.846936580689071544e-02,8.694953189558636965e-05,1.719509868437124167e+00
9.656828651123330332e+00,1.250561421551386054e-01,-1.843961583442397731e-02,8.649133921528793470e-05,1.719574197064476895e+00
9.664789754710406910e+00,1.249094606510136041e-01,-1.840993628297492302e-02,8.603575991990481970e-05,1.719638292370587074e+00
9.672750858297481713e+00,1.247630151492777478e-01,-1.838032693553912772e-02,8.558277773671194098e-05,1.719702155262450294e+00
9.680711961884558292e+00,1.246168050918906173e-01,-1.835078757592620985e-02,8.513237650380303971e-05,1.719765786643171701e+00
9.688673065471634871e+00,1.244708299225298215e-01,-1.832131798875630962e-02,8.468454016926823321e-05,1.719829187411984872e+00
9.696634169058711450e+00,1.243250890865843644e-01,-1.829191795945653981e-02,8.423925279037674336e-05,1.719892358464270909e+00
9.704595272645786252e+00,1.241795820311483306e-01,-1.826258727425746770e-02,8.379649853276709246e-05,1.719955300691577760e+00
9.712556376232862831e+00,1.240343082050143209e-01,-1.823332572018956932e-02,8.335626166964292332e-05,1.720018014981635757e+00
9.720517479819939410e+00,1.238892670586674016e-01,-1.820413308507980513e-02,8.291852658097684258e-05,1.720080502218378493e+00
9.728478583407015989e+00,1.237444580442785130e-01,-1.817500915754810195e-02,8.248327775271888530e-05,1.720142763281959697e+00
9.736439686994090792e+00,1.235998806156983487e-01,-1.814595372700392867e-02,8.205049977601274521e-05,1.720204799048771882e+00
9.744400790581167371e+00,1.234555342284508889e-01,-1.811696658364282328e-02,8.162017734641714142e-05,1.720266610391464113e+00
9.752361894168243950e+00,1.233114183397273494e-01,-1.808804751844300673e-02,8.119229526313455759e-05,1.720328198178958656e+00
9.760322997755320529e+00,1.231675324083798956e-01,-1.805919632316196899e-02,8.076683842824552420e-05,1.720389563276470524e+00
9.768284101342395331e+00,1.230238758949154382e-01,-1.803041279033308283e-02,8.034379184594906710e-05,1.720450706545524566e+00
9.776245204929471910e+00,1.228804482614893889e-01,-1.800169671326220730e-02,7.992314062180909222e-05,1.720511628843971685e+00
9.784206308516548489e+00,1.227372489718997067e-01,-1.797304788602438821e-02,7.950486996200764123e-05,1.720572331026008817e+00
9.792167412103623292e+00,1.225942774915806943e-01,-1.794446610346048243e-02,7.908896517260318891e-05,1.720632813942193806e+00
9.800128515690699871e+00,1.224515332875968227e-01,-1.791595116117382369e-02,7.867541165879503903e-05,1.720693078439464063e+00
9.808089619277776450e+00,1.223090158286368190e-01,-1.788750285552696828e-02,7.826419492419417132e-05,1.720753125361154101e+00
9.816050722864853029e+00,1.221667245850075884e-01,-1.785912098363836437e-02,7.785530057009933320e-05,1.720812955547011303e+00
9.824011826451927831e+00,1.220246590286282046e-01,-1.783080534337910111e-02,7.744871429477921665e-05,1.720872569833213461e+00
9.831972930039004410e+00,1.218828186330238456e-01,-1.780255573336962660e-02,7.704442189275987989e-05,1.720931969052386545e+00
9.839934033626080989e+00,1.217412028733200202e-01,-1.777437195297654204e-02,7.664240925411882331e-05,1.720991154033620685e+00
9.847895137213157568e+00,1.215998112262364761e-01,-1.774625380230935787e-02,7.624266236378360556e-05,1.721050125602486380e+00
9.855856240800232371e+00,1.214586431700814401e-01,-1.771820108221728793e-02,7.584516730083689707e-05,1.721108884581052489e+00
9.863817344387308950e+00,1.213176981847455399e-01,-1.769021359428603682e-02,7.544991023782615495e-05,1.721167431787901769e+00
9.871778447974385529e+00,1.211769757516961976e-01,-1.766229114083466695e-02,7.505687744008006064e-05,1.721225768038148418e+00
9.879739551561462108e+00,1.210364753539716065e-01,-1.763443352491239624e-02,7.466605526502900975e-05,1.721283894143453175e+00
9.887700655148536910e+00,1.208961964761750968e-01,-1.760664055029547218e-02,7.427743016153221553e-05,1.721341810912039527e+00
9.895661758735613489e+00,1.207561386044691404e-01,-1.757891202148402152e-02,7.389098866920891875e-05,1.721399519148712365e+00
9.903622862322690068e+00,1.206163012265698414e-01,-1.755124774369895210e-02,7.350671741777630613e-05,1.721457019654870857e+00
9.911583965909766647e+00,1.204766838317410937e-01,-1.752364752287885463e-02,7.312460312639154864e-05,1.721514313228527104e+00
9.919545069496841450e+00,1.203372859107888632e-01,-1.749611116567690097e-02,7.274463260299945065e-05,1.721571400664320128e+00
9.927506173083918029e+00,1.201981069560554977e-01,-1.746863847945776677e-02,7.236679274368523545e-05,1.721628282753532746e+00
9.935467276670994607e+00,1.200591464614141624e-01,-1.744122927229460260e-02,7.199107053203271107e-05,1.721684960284107557e+00
9.943428380258071186e+00,1.199204039222631774e-01,-1.741388335296597742e-02,7.161745303848717956e-05,1.721741434040662933e+00
9.951389483845145989e+00,1.197818788355203834e-01,-1.738660053095285665e-02,7.124592741972345556e-05,1.721797704804506779e+00
9.959350587432222568e+00,1.196435706996174936e-01,-1.735938061643556643e-02,7.087648091801862819e-05,1.721853773353654526e+00
9.967311691019299147e+00,1.195054790144947504e-01,-1.733222342029083068e-02,7.050910086063071839e-05,1.721909640462842228e+00
9.975272794606375726e+00,1.193676032815951943e-01,-1.730512875408877702e-02,7.014377465918096826e-05,1.721965306903544324e+00
9.983233898193450528e+00,1.192299430038592789e-01,-1.727809643008996685e-02,6.978048980904201222e-05,1.722020773443987851e+00
9.991195001780527107e+00,1.190924976857192091e-01,-1.725112626124242210e-02,6.941923388872986997e-05,1.722076040849166656e+00
9.999156105367603686e+00,1.189552668330937230e-01,-1.722421806117871781e-02,6.905999455930209236e-05,1.722131109880858046e+00
1.000711720895467849e+01,1.188182499533825404e-01,-1.719737164421304351e-02,6.870275956375947147e-05,1.722185981297637225e+00
1.001507831254175507e+01,1.186814465554608122e-01,-1.717058682533827846e-02,6.834751672645250772e-05,1.722240655854893054e+00
1.002303941612883165e+01,1.185448561496740133e-01,-1.714386342022311549e-02,6.799425395249367740e-05,1.722295134304840936e+00
1.003100051971590823e+01,1.184084782478323078e-01,-1.711720124520916750e-02,6.764295922717274959e-05,1.722349417396540572e+00
1.003896162330298303e+01,1.182723123632054008e-01,-1.709060011730810513e-02,6.729362061537806606e-05,1.722403505875907959e+00
1.004692272689005961e+01,1.181363580105170424e-01,-1.706405985419877369e-02,6.694622626102122304e-05,1.722457400485731593e+00
1.005488383047713619e+01,1.180006147059398519e-01,-1.703758027422439675e-02,6.660076438646716026e-05,1.722511101965687130e+00
1.006284493406421277e+01,1.178650819670900296e-01,-1.701116119638971386e-02,6.625722329196832947e-05,1.722564611052351591e+00
1.007080603765128757e+01,1.177297593130220699e-01,-1.698480244035818071e-02,6.591559135510319961e-05,1.722617928479216687e+00
1.007876714123836415e+01,1.175946462642234458e-01,-1.695850382644915194e-02,6.557585703021909891e-05,1.722671054976705918e+00
1.008672824482544073e+01,1.174597423426095993e-01,-1.693226517563511599e-02,6.523800884788005783e-05,1.722723991272185895e+00
1.009468934841251730e+01,1.173250470715185706e-01,-1.690608630953891259e-02,6.490203541431804012e-05,1.722776738089982551e+00
1.010265045199959211e+01,1.171905599757059602e-01,-1.687996705043097109e-02,6.456792541088922897e-05,1.722829296151394685e+00
1.011061155558666869e+01,1.170562805813396140e-01,-1.685390722122654533e-02,6.423566759353386397e-05,1.722881666174707727e+00
1.011857265917374527e+01,1.169222084159947106e-01,-1.682790664548301438e-02,6.390525079224107887e-05,1.722933848875208618e+00
1.012653376276082184e+01,1.167883430086485291e-01,-1.680196514739713473e-02,6.357666391051726310e-05,1.722985844965198021e+00
1.013449486634789665e+01,1.166546838896754257e-01,-1.677608255180235153e-02,6.324989592485889551e-05,1.723037655154006975e+00
1.014245596993497323e+01,1.165212305908416707e-01,-1.675025868416607153e-02,6.292493588422913228e-05,1.723089280148007996e+00
1.015041707352204980e+01,1.163879826453005639e-01,-1.672449337058701940e-02,6.260177290953907034e-05,1.723140720650629953e+00
1.015837817710912638e+01,1.162549395875873276e-01,-1.669878643779254546e-02,6.228039619313250740e-05,1.723191977362371841e+00
1.016633928069620119e+01,1.161221009536141657e-01,-1.667313771313598189e-02,6.196079499827497107e-05,1.723243050980816315e+00
1.017430038428327777e+01,1.159894662806651711e-01,-1.664754702459397134e-02,6.164295865864636637e-05,1.723293942200642581e+00
1.018226148787035434e+01,1.158570351073915233e-01,-1.662201420076387867e-02,6.132687657783816350e-05,1.723344651713641262e+00
1.019022259145743092e+01,1.157248069738064933e-01,-1.659653907086113336e-02,6.101253822885404135e-05,1.723395180208725286e+00
1.019818369504450573e+01,1.155927814212805577e-01,-1.657112146471665520e-02,6.069993315361448850e-05,1.723445528371945867e+00
1.020614479863158230e+01,1.154609579925363894e-01,-1.654576121277422790e-02,6.038905096246505649e-05,1.723495696886504724e+00
1.021410590221865888e+01,1.153293362316441667e-01,-1.652045814608794558e-02,6.007988133368898385e-05,1.723545686432766511e+00
1.022206700580573369e+01,1.151979156840166607e-01,-1.649521209631963845e-02,5.977241401302310663e-05,1.723595497688273248e+00
1.023002810939281026e+01,1.150666958964043085e-01,-1.647002289573629152e-02,5.946663881317737385e-05,1.723645131327755431e+00
1.023798921297988684e+01,1.149356764168905226e-01,-1.644489037720753277e-02,5.916254561335864559e-05,1.723694588023147123e+00
1.024595031656696342e+01,1.148048567948869031e-01,-1.641981437420308998e-02,5.886012435879783177e-05,1.723743868443598171e+00
1.025391142015403823e+01,1.146742365811284220e-01,-1.639479472079026848e-02,5.855936506028058846e-05,1.723792973255486416e+00
1.026187252374111480e+01,1.145438153276686355e-01,-1.636983125163142538e-02,5.826025779368166659e-05,1.723841903122430796e+00
1.026983362732819138e+01,1.144135925878750348e-01,-1.634492380198150976e-02,5.796279269950310281e-05,1.723890658705304446e+00
1.027779473091526796e+01,1.142835679164243695e-01,-1.632007220768554034e-02,5.766695998241590015e-05,1.723939240662246020e+00
1.028575583450234276e+01,1.141537408692978595e-01,-1.629527630517617690e-02,5.737274991080483250e-05,1.723987649648675236e+00
1.029371693808941934e+01,1.140241110037765043e-01,-1.627053593147119448e-02,5.708015281631709123e-05,1.724035886317300870e+00
1.030167804167649592e+01,1.138946778784366148e-01,-1.624585092417110341e-02,5.678915909341468590e-05,1.724083951318137631e+00
1.030963914526357250e+01,1.137654410531450250e-01,-1.622122112145667552e-02,5.649975919892965030e-05,1.724131845298516597e+00
1.031760024885064730e+01,1.136364000890545262e-01,-1.619664636208651559e-02,5.621194365162306356e-05,1.724179568903096094e+00
1.032556135243772388e+01,1.135075545485992321e-01,-1.617212648539465003e-02,5.592570303174724253e-05,1.724227122773876797e+00
1.033352245602480046e+01,1.133789039954901240e-01,-1.614766133128814340e-02,5.564102798061171533e-05,1.724274507550212387e+00
1.034148355961187704e+01,1.132504479947103876e-01,-1.612325074024467675e-02,5.535790920015191892e-05,1.724321723868821321e+00
1.034944466319895184e+01,1.131221861125109585e-01,-1.609889455331019528e-02,5.507633745250171178e-05,1.724368772363799707e+00
1.035740576678602842e+01,1.129941179164058868e-01,-1.607459261209650755e-02,5.479630355956867154e-05,1.724415653666633519e+00
1.036536687037310500e+01,1.128662429751679797e-01,-1.605034475877895744e-02,5.451779840261322132e-05,1.724462368406209034e+00
1.037332797396018158e+01,1.127385608588242910e-01,-1.602615083609406146e-02,5.424081292183059516e-05,1.724508917208826597e+00
1.038128907754725638e+01,1.126110711386516111e-01,-1.600201068733718424e-02,5.396533811593594103e-05,1.724555300698211280e+00
1.038925018113433296e+01,1.124837733871719980e-01,-1.597792415636018967e-02,5.369136504175268314e-05,1.724601519495525759e+00
1.039721128472140954e+01,1.123566671781485171e-01,-1.595389108756915461e-02,5.341888481380441462e-05,1.724647574219379864e+00
1.040517238830848434e+01,1.122297520865806891e-01,-1.592991132592205816e-02,5.314788860390920949e-05,1.724693465485844124e+00
1.041313349189556092e+01,1.121030276887001187e-01,-1.590598471692647106e-02,5.287836764077740392e-05,1.724739193908461532e+00
1.042109459548263750e+01,1.119764935619661922e-01,-1.588211110663730399e-02,5.261031320961256241e-05,1.724784760098257541e+00
1.042905569906971408e+01,1.118501492850617063e-01,-1.585829034165451776e-02,5.234371665171524258e-05,1.724830164663752941e+00
1.043701680265678888e+01,1.117239944378885519e-01,-1.583452226912086813e-02,5.207856936408993118e-05,1.724875408210973404e+00
1.044497790624386546e+01,1.115980286015632872e-01,-1.581080673671965420e-02,5.181486279905460937e-05,1.724920491343464146e+00
1.045293900983094204e+01,1.114722513584130159e-01,-1.578714359267248749e-02,5.155258846385397036e-05,1.724965414662297691e+00
1.046090011341801862e+01,1.113466622919710158e-01,-1.576353268573705765e-02,5.129173792027494100e-05,1.725010178766087643e+00
1.046886121700509342e+01,1.112212609869725061e-01,-1.573997386520491551e-02,5.103230278426544239e-05,1.725054784250997564e+00
1.047682232059217000e+01,1.110960470293503172e-01,-1.571646698089925950e-02,5.077427472555573907e-05,1.725099231710754077e+00
1.048478342417924658e+01,1.109710200062308250e-01,-1.569301188317275345e-02,5.051764546728323052e-05,1.725143521736657970e+00
1.049274452776632316e+01,1.108461795059296484e-01,-1.566960842290533729e-02,5.026240678561949918e-05,1.725187654917593294e+00
1.050070563135339796e+01,1.107215251179474863e-01,-1.564625645150203789e-02,5.000855050940048227e-05,1.725231631840040247e+00
1.050866673494047454e+01,1.105970564329658568e-01,-1.562295582089080759e-02,4.975606851975919161e-05,1.725275453088085165e+00
1.051662783852755112e+01,1.104727730428431004e-01,-1.559970638352037829e-02,4.950495274976167908e-05,1.725319119243431176e+00
1.052458894211462770e+01,1.103486745406101338e-01,-1.557650799235810700e-02,4.925519518404529267e-05,1.725362630885409754e+00
1.053255004570170250e+01,1.102247605204664110e-01,-1.555336050088784727e-02,4.900678785845994100e-05,1.725405988590991369e+00
1.054051114928877908e+01,1.101010305777756493e-01,-1.553026376310780339e-02,4.875972285971166869e-05,1.725449192934795040e+00
1.054847225287585566e+01,1.099774843090619708e-01,-1.550721763352844347e-02,4.851399232500962656e-05,1.725492244489100768e+00
1.055643335646293224e+01,1.098541213120056703e-01,-1.548422196717037097e-02,4.826958844171498663e-05,1.725535143823858197e+00
1.056439446005000704e+01,1.097309411854392597e-01,-1.546127661956224822e-02,4.802650344699298777e-05,1.725577891506698602e+00
1.057235556363708362e+01,1.096079435293432908e-01,-1.543838144673867832e-02,4.778472962746712943e-05,1.725620488102945105e+00
1.058031666722416020e+01,1.094851279448425391e-01,-1.541553630523816512e-02,4.754425931887667892e-05,1.725662934175622221e+00
1.058827777081123678e+01,1.093624940342018542e-01,-1.539274105210102460e-02,4.730508490573600156e-05,1.725705230285466962e+00
1.059623887439831158e+01,1.092400414008222048e-01,-1.536999554486733963e-02,4.706719882099689268e-05,1.725747376990939719e+00
1.060419997798538816e+01,1.091177696492366955e-01,-1.534729964157488698e-02,4.683059354571326776e-05,1.725789374848232915e+00
1.061216108157246474e+01,1.089956783851066535e-01,-1.532465320075713198e-02,4.659526160870851568e-05,1.725831224411282561e+00
1.062012218515953954e+01,1.088737672152177288e-01,-1.530205608144119198e-02,4.636119558624537268e-05,1.725872926231778459e+00
1.062808328874661612e+01,1.087520357474757726e-01,-1.527950814314578756e-02,4.612838810169774114e-05,1.725914480859172651e+00
1.063604439233369270e+01,1.086304835909032013e-01,-1.525700924587927373e-02,4.589683182522592364e-05,1.725955888840691843e+00
1.064400549592076928e+01,1.085091103556349301e-01,-1.523455925013761716e-02,4.566651947345342900e-05,1.725997150721345852e+00
1.065196659950784408e+01,1.083879156529145571e-01,-1.521215801690241169e-02,4.543744380914662448e-05,1.726038267043937813e+00
1.065992770309492066e+01,1.082668990950904353e-01,-1.518980540763887992e-02,4.520959764089654273e-05,1.726079238349074840e+00
1.066788880668199724e+01,1.081460602956119538e-01,-1.516750128429392511e-02,4.498297382280348061e-05,1.726120065175175800e+00
1.067584991026907382e+01,1.080253988690256517e-01,-1.514524550929415535e-02,4.475756525416350217e-05,1.726160748058484629e+00
1.068381101385614862e+01,1.079049144309713881e-01,-1.512303794554393198e-02,4.453336487915750974e-05,1.726201287533076112e+00
1.069177211744322520e+01,1.077846065981784840e-01,-1.510087845642341109e-02,4.431036568654238864e-05,1.726241684130868981e+00
1.069973322103030178e+01,1.076644749884621277e-01,-1.507876690578662839e-02,4.408856070934507920e-05,1.726281938381634129e+00
1.070769432461737836e+01,1.075445192207194617e-01,-1.505670315795955456e-02,4.386794302455815993e-05,1.726322050813002829e+00
1.071565542820445316e+01,1.074247389149258630e-01,-1.503468707773819579e-02,4.364850575283813432e-05,1.726362021950480052e+00
1.072361653179152974e+01,1.073051336921311827e-01,-1.501271853038664561e-02,4.343024205820581840e-05,1.726401852317448915e+00
1.073157763537860632e+01,1.071857031744561095e-01,-1.499079738163523572e-02,4.321314514774916089e-05,1.726441542435185328e+00
1.073953873896568290e+01,1.070664469850884232e-01,-1.496892349767860349e-02,4.299720827132802854e-05,1.726481092822863772e+00
1.074749984255275770e+01,1.069473647482793027e-01,-1.494709674517383062e-02,4.278242472128128854e-05,1.726520503997567735e+00
1.075546094613983428e+01,1.068284560893395657e-01,-1.492531699123854708e-02,4.256878783213591033e-05,1.726559776474299923e+00
1.076342204972691086e+01,1.067097206346361848e-01,-1.490358410344909228e-02,4.235629098031865590e-05,1.726598910765990702e+00
1.077138315331398744e+01,1.065911580115885271e-01,-1.488189794983863813e-02,4.214492758386944384e-05,1.726637907383507198e+00
1.077934425690106224e+01,1.064727678486647733e-01,-1.486025839889535023e-02,4.193469110215708510e-05,1.726676766835662846e+00
1.078730536048813882e+01,1.063545497753781710e-01,-1.483866531956052823e-02,4.172557503559684832e-05,1.726715489629226719e+00
1.079526646407521540e+01,1.062365034222836763e-01,-1.481711858122680171e-02,4.151757292537073564e-05,1.726754076268931737e+00
1.080322756766229020e+01,1.061186284209741926e-01,-1.479561805373629663e-02,4.131067835314912061e-05,1.726792527257485554e+00
1.081118867124936678e+01,1.060009244040769488e-01,-1.477416360737879991e-02,4.110488494081462895e-05,1.726830843095577439e+00
1.081914977483644336e+01,1.058833910052501825e-01,-1.475275511288998316e-02,4.090018635018864864e-05,1.726869024281888043e+00
1.082711087842351994e+01,1.057660278591793374e-01,-1.473139244144958636e-02,4.069657628275886980e-05,1.726907071313099395e+00
1.083507198201059474e+01,1.056488346015737184e-01,-1.471007546467963632e-02,4.049404847940971146e-05,1.726944984683902007e+00
1.084303308559767132e+01,1.055318108691628426e-01,-1.468880405464264780e-02,4.029259672015413058e-05,1.726982764887005306e+00
1.085099418918474790e+01,1.054149562996930523e-01,-1.466757808383987137e-02,4.009221482386785695e-05,1.727020412413144967e+00
1.085895529277182447e+01,1.052982705319239487e-01,-1.464639742520951887e-02,3.989289664802522062e-05,1.727057927751093125e+00
1.086691639635889928e+01,1.051817532056250198e-01,-1.462526195212500435e-02,3.969463608843731026e-05,1.727095311387665921e+00
1.087487749994597586e+01,1.050654039615719765e-01,-1.460417153839318506e-02,3.949742707899142581e-05,1.727132563807732613e+00
1.088283860353305244e+01,1.049492224415435604e-01,-1.458312605825263890e-02,3.930126359139335011e-05,1.727169685494224227e+00
1.089079970712012901e+01,1.048332082883179917e-01,-1.456212538637192272e-02,3.910613963491076567e-05,1.727206676928142226e+00
1.089876081070720382e+01,1.047173611456695408e-01,-1.454116939784784630e-02,3.891204925611881950e-05,1.727243538588566940e+00
1.090672191429428040e+01,1.046016806583651010e-01,-1.452025796820374109e-02,3.871898653864751759e-05,1.727280270952665786e+00
1.091468301788135697e+01,1.044861664721609268e-01,-1.449939097338777579e-02,3.852694560293119965e-05,1.727316874495702148e+00
1.092264412146843355e+01,1.043708182337991369e-01,-1.447856828977123547e-02,3.833592060595947753e-05,1.727353349691043372e+00
1.093060522505550836e+01,1.042556355910043975e-01,-1.445778979414684244e-02,3.814590574103025400e-05,1.727389697010170311e+00
1.093856632864258493e+01,1.041406181924805496e-01,-1.443705536372704053e-02,3.795689523750442199e-05,1.727425916922683546e+00
1.094652743222966151e+01,1.040257656879073067e-01,-1.441636487614235233e-02,3.776888336056249506e-05,1.727462009896313599e+00
1.095448853581673809e+01,1.039110777279369374e-01,-1.439571820943968440e-02,3.758186441096291846e-05,1.727497976396928259e+00
1.096244963940381290e+01,1.037965539641909352e-01,-1.437511524208067576e-02,3.739583272480216902e-05,1.727533816888540796e+00
1.097041074299088947e+01,1.036821940492566874e-01,-1.435455585294002218e-02,3.721078267327650852e-05,1.727569531833318406e+00
1.097837184657796605e+01,1.035679976366842836e-01,-1.433403992130385420e-02,3.702670866244576315e-05,1.727605121691590417e+00
1.098633295016504263e+01,1.034539643809831710e-01,-1.431356732686808048e-02,3.684360513299849208e-05,1.727640586921855848e+00
1.099429405375211743e+01,1.033400939376189487e-01,-1.429313794973676062e-02,3.666146656001911439e-05,1.727675927980792725e+00
1.100225515733919401e+01,1.032263859630100505e-01,-1.427275167042045718e-02,3.648028745275652001e-05,1.727711145323263420e+00
1.101021626092627059e+01,1.031128401145245954e-01,-1.425240836983465535e-02,3.630006235439459832e-05,1.727746239402326855e+00
1.101817736451334540e+01,1.029994560504771950e-01,-1.423210792929812535e-02,3.612078584182438628e-05,1.727781210669241396e+00
1.102613846810042197e+01,1.028862334301255815e-01,-1.421185023053131262e-02,3.594245252541752438e-05,1.727816059573477059e+00
1.103409957168749855e+01,1.027731719136676103e-01,-1.419163515565476097e-02,3.576505704880197592e-05,1.727850786562721064e+00
1.104206067527457513e+01,1.026602711622379843e-01,-1.417146258718751661e-02,3.558859408863890490e-05,1.727885392082886273e+00
1.105002177886164993e+01,1.025475308379051043e-01,-1.415133240804553744e-02,3.541305835440130911e-05,1.727919876578118519e+00
1.105798288244872651e+01,1.024349506036678903e-01,-1.413124450154011787e-02,3.523844458815427941e-05,1.727954240490805260e+00
1.106594398603580309e+01,1.023225301234526735e-01,-1.411119875137633282e-02,3.506474756433687861e-05,1.727988484261582691e+00
1.107390508962287967e+01,1.022102690621100873e-01,-1.409119504165146954e-02,3.489196208954559918e-05,1.728022608329343068e+00
1.108186619320995447e+01,1.020981670854119311e-01,-1.407123325685347148e-02,3.472008300231933206e-05,1.728056613131243147e+00
1.108982729679703105e+01,1.019862238600479643e-01,-1.405131328185938409e-02,3.454910517292577888e-05,1.728090499102711064e+00
1.109778840038410763e+01,1.018744390536230199e-01,-1.403143500193383686e-02,3.437902350314987662e-05,1.728124266677454557e+00
1.110574950397118421e+01,1.017628123346537433e-01,-1.401159830272748728e-02,3.420983292608311684e-05,1.728157916287467843e+00
1.111371060755825901e+01,1.016513433725656640e-01,-1.399180307027551688e-02,3.404152840591495198e-05,1.728191448363039617e+00
1.112167171114533559e+01,1.015400318376899619e-01,-1.397204919099607513e-02,3.387410493772520444e-05,1.728224863332759709e+00
1.112963281473241217e+01,1.014288774012606364e-01,-1.395233655168881190e-02,3.370755754727850195e-05,1.728258161623527522e+00
1.113759391831948875e+01,1.013178797354113286e-01,-1.393266503953334567e-02,3.354188129081975630e-05,1.728291343660558921e+00
1.114555502190656355e+01,1.012070385131723788e-01,-1.391303454208776824e-02,3.337707125487137695e-05,1.728324409867393774e+00
1.115351612549364013e+01,1.010963534084677179e-01,-1.389344494728714414e-02,3.321312255603173132e-05,1.728357360665902176e+00
1.116147722908071671e+01,1.009858240961120091e-01,-1.387389614344204831e-02,3.305003034077536029e-05,1.728390196476293328e+00
1.116943833266779329e+01,1.008754502518075663e-01,-1.385438801923707074e-02,3.288778978525435227e-05,1.728422917717122198e+00
1.117739943625486809e+01,1.007652315521414682e-01,-1.383492046372934541e-02,3.272639609510134378e-05,1.728455524805295740e+00
1.118536053984194467e+01,1.006551676745824214e-01,-1.381549336634708101e-02,3.256584450523360402e-05,1.728488018156081774e+00
1.119332164342902125e+01,1.005452582974780545e-01,-1.379610661688811420e-02,3.240613027965914567e-05,1.728520398183114537e+00
1.120128274701609783e+01,1.004355031000517956e-01,-1.377676010551844889e-02,3.224724871128355398e-05,1.728552665298402458e+00
1.120924385060317263e+01,1.003259017624000549e-01,-1.375745372277081824e-02,3.208919512171867246e-05,1.728584819912336146e+00
1.121720495419024921e+01,1.002164539654892134e-01,-1.373818735954321878e-02,3.193196486109236610e-05,1.728616862433693058e+00
1.122516605777732579e+01,1.001071593911528196e-01,-1.371896090709751742e-02,3.177555330785991085e-05,1.728648793269646822e+00
1.123312716136440059e+01,9.999801772208867512e-02,-1.369977425705800125e-02,3.161995586861656213e-05,1.728680612825773233e+00
1.124108826495147717e+01,9.988902864185582320e-02,-1.368062730140994811e-02,3.146516797791132960e-05,1.728712321506056915e+00
1.124904936853855375e+01,9.978019183487191190e-02,-1.366151993249823879e-02,3.131118509806260177e-05,1.728743919712898647e+00
1.125701047212563033e+01,9.967150698641015494e-02,-1.364245204302593113e-02,3.115800271897445508e-05,1.728775407847122025e+00
1.126497157571270513e+01,9.956297378259659769e-02,-1.362342352605286702e-02,3.100561635795478572e-05,1.728806786307980570e+00
1.127293267929978171e+01,9.945459191040716129e-02,-1.360443427499426206e-02,3.085402155953431567e-05,1.728838055493163717e+00
1.128089378288685829e+01,9.934636105766492253e-02,-1.358548418361934379e-02,3.070321389528728596e-05,1.728869215798805259e+00
1.128885488647393487e+01,9.923828091303729670e-02,-1.356657314604994315e-02,3.055318896365322065e-05,1.728900267619487785e+00
1.129681599006100967e+01,9.913035116603317876e-02,-1.354770105675914132e-02,3.040394238975991043e-05,1.728931211348251340e+00
1.130477709364808625e+01,9.902257150700015387e-02,-1.352886781056986468e-02,3.025546982524777531e-05,1.728962047376598754e+00
1.131273819723516283e+01,9.891494162712177740e-02,-1.351007330265356285e-02,3.010776694809549781e-05,1.728992776094503192e+00
1.132069930082223941e+01,9.880746121841479934e-02,-1.349131742852882447e-02,2.996082946244685549e-05,1.729023397890414593e+00
1.132866040440931421e+01,9.870012997372634711e-02,-1.347260008406003275e-02,2.981465309843868861e-05,1.729053913151265442e+00
1.133662150799639079e+01,9.859294758673116388e-02,-1.345392116545600543e-02,2.966923361203017216e-05,1.729084322262478102e+00
1.134458261158346737e+01,9.848591375192901343e-02,-1.343528056926868164e-02,2.952456678483349057e-05,1.729114625607971245e+00
1.135254371517054395e+01,9.837902816464179356e-02,-1.341667819239176877e-02,2.938064842394534591e-05,1.729144823570166523e+00
1.136050481875761875e+01,9.827229052101094098e-02,-1.339811393205941892e-02,2.923747436177998740e-05,1.729174916529994110e+00
1.136846592234469533e+01,9.816570051799458629e-02,-1.337958768584489658e-02,2.909504045590312855e-05,1.729204904866899373e+00
1.137642702593177191e+01,9.805925785336501443e-02,-1.336109935165928284e-02,2.895334258886740934e-05,1.729234788958850633e+00
1.138438812951884849e+01,9.795296222570587519e-02,-1.334264882775014829e-02,2.881237666804869181e-05,1.729264569182343614e+00
1.139234923310592329e+01,9.784681333440961581e-02,-1.332423601270026070e-02,2.867213862548377199e-05,1.729294245912409433e+00
1.140031033669299987e+01,9.774081087967460835e-02,-1.330586080542625962e-02,2.853262441770886763e-05,1.729323819522618155e+00
1.140827144028007645e+01,9.763495456250276261e-02,-1.328752310517740225e-02,2.839383002559984069e-05,1.729353290385089226e+00
1.141623254386715125e+01,9.752924408469672291e-02,-1.326922281153424844e-02,2.825575145421299579e-05,1.729382658870494360e+00
1.142419364745422783e+01,9.742367914885721736e-02,-1.325095982440737882e-02,2.811838473262720682e-05,1.729411925348064871e+00
1.143215475104130441e+01,9.731825945838054603e-02,-1.323273404403613185e-02,2.798172591378730737e-05,1.729441090185596996e+00
1.144011585462838099e+01,9.721298471745588865e-02,-1.321454537098733055e-02,2.784577107434836534e-05,1.729470153749461003e+00
1.144807695821545579e+01,9.710785463106275106e-02,-1.319639370615400924e-02,2.771051631452119436e-05,1.729499116404602743e+00
1.145603806180253237e+01,9.700286890496825909e-02,-1.317827895075415236e-02,2.757595775791876297e-05,1.729527978514553199e+00
1.146399916538960895e+01,9.689802724572475767e-02,-1.316020100632945763e-02,2.744209155140406751e-05,1.729556740441434037e+00
1.147196026897668553e+01,9.679332936066710469e-02,-1.314215977474406973e-02,2.730891386493867245e-05,1.729585402545961159e+00
1.147992137256376033e+01,9.668877495791017296e-02,-1.312415515818335376e-02,2.717642089143256198e-05,1.729613965187454694e+00
1.148788247615083691e+01,9.658436374634621346e-02,-1.310618705915263249e-02,2.704460884659486565e-05,1.729642428723842107e+00
1.149584357973791349e+01,9.648009543564242674e-02,-1.308825538047598235e-02,2.691347396878589530e-05,1.729670793511663973e+00
1.150380468332499007e+01,9.637596973623838159e-02,-1.307036002529499488e-02,2.678301251887000187e-05,1.729699059906082192e+00
1.151176578691206487e+01,9.627198635934346160e-02,-1.305250089706755552e-02,2.665322078006949273e-05,1.729727228260883320e+00
1.151972689049914145e+01,9.616814501693433936e-02,-1.303467789956662057e-02,2.652409505781961284e-05,1.729755298928487006e+00
1.152768799408621803e+01,9.606444542175260337e-02,-1.301689093687902025e-02,2.639563167962471178e-05,1.729783272259948657e+00
1.153564909767329461e+01,9.596088728730209350e-02,-1.299913991340424790e-02,2.626782699491502743e-05,1.729811148604968540e+00
1.154361020126036941e+01,9.585747032784656951e-02,-1.298142473385326470e-02,2.614067737490491299e-05,1.729838928311894897e+00
1.155157130484744599e+01,9.575419425840704657e-02,-1.296374530324728540e-02,2.601417921245160946e-05,1.729866611727732151e+00
1.155953240843452257e+01,9.565105879475954698e-02,-1.294610152691661430e-02,2.588832892191551233e-05,1.729894199198143134e+00
1.156749351202159914e+01,9.554806365343249119e-02,-1.292849331049945351e-02,2.576312293902096340e-05,1.729921691067459300e+00
1.157545461560867395e+01,9.544520855170438023e-02,-1.291092055994071640e-02,2.563855772071837075e-05,1.729949087678682274e+00
1.158341571919575053e+01,9.534249320760113111e-02,-1.289338318149085144e-02,2.551462974504684034e-05,1.729976389373492074e+00
1.159137682278282711e+01,9.523991733989392583e-02,-1.287588108170469384e-02,2.539133551099839663e-05,1.730003596492251994e+00
1.159933792636990368e+01,9.513748066809663007e-02,-1.285841416744027896e-02,2.526867153838261652e-05,1.730030709374013709e+00
1.160729902995697849e+01,9.503518291246343397e-02,-1.284098234585770437e-02,2.514663436769245598e-05,1.730057728356523050e+00
1.161526013354405507e+01,9.493302379398636803e-02,-1.282358552441794849e-02,2.502522055997086605e-05,1.730084653776226222e+00
1.162322123713113164e+01,9.483100303439306877e-02,-1.280622361088175343e-02,2.490442669667862523e-05,1.730111485968274243e+00
1.163118234071820645e+01,9.472912035614426685e-02,-1.278889651330846616e-02,2.478424937956272411e-05,1.730138225266529828e+00
1.163914344430528303e+01,9.462737548243144170e-02,-1.277160414005489193e-02,2.466468523052590533e-05,1.730164872003570498e+00
1.164710454789235961e+01,9.452576813717450399e-02,-1.275434639977418225e-02,2.454573089149708788e-05,1.730191426510697239e+00
1.165506565147943618e+01,9.442429804501940860e-02,-1.273712320141468651e-02,2.442738302430262152e-05,1.730217889117936947e+00
1.166302675506651099e+01,9.432296493133582316e-02,-1.271993445421884354e-02,2.430963831053849314e-05,1.730244260154049529e+00
1.167098785865358757e+01,9.422176852221471333e-02,-1.270278006772204531e-02,2.419249345144330242e-05,1.730270539946532571e+00
1.167894896224066414e+01,9.412070854446613621e-02,-1.268565995175154233e-02,2.407594516777236890e-05,1.730296728821627106e+00
1.168691006582774072e+01,9.401978472561686728e-02,-1.266857401642532133e-02,2.395999019967248641e-05,1.730322827104322281e+00
1.169487116941481553e+01,9.391899679390811051e-02,-1.265152217215101578e-02,2.384462530655765647e-05,1.730348835118361572e+00
1.170283227300189210e+01,9.381834447829305590e-02,-1.263450432962477665e-02,2.372984726698549609e-05,1.730374753186247228e+00
1.171079337658896868e+01,9.371782750843485332e-02,-1.261752039983021420e-02,2.361565287853493292e-05,1.730400581629245149e+00
1.171875448017604526e+01,9.361744561470410064e-02,-1.260057029403728601e-02,2.350203895768424614e-05,1.730426320767391335e+00
1.172671558376312007e+01,9.351719852817667877e-02,-1.258365392380122322e-02,2.338900233969027948e-05,1.730451970919497207e+00
1.173467668735019664e+01,9.341708598063139246e-02,-1.256677120096142720e-02,2.327653987846829811e-05,1.730477532403152718e+00
1.174263779093727322e+01,9.331710770454787474e-02,-1.254992203764042878e-02,2.316464844647293648e-05,1.730503005534733019e+00
1.175059889452434980e+01,9.321726343310415830e-02,-1.253310634624279010e-02,2.305332493457961705e-05,1.730528390629403557e+00
1.175855999811142460e+01,9.311755290017457998e-02,-1.251632403945405689e-02,2.294256625196710751e-05,1.730553688001125412e+00
1.176652110169850118e+01,9.301797584032736599e-02,-1.249957503023966729e-02,2.283236932600058618e-05,1.730578897962658624e+00
1.177448220528557776e+01,9.291853198882266129e-02,-1.248285923184393360e-02,2.272273110211593054e-05,1.730604020825569744e+00
1.178244330887265434e+01,9.281922108161008711e-02,-1.246617655778896154e-02,2.261364854370432082e-05,1.730629056900234941e+00
1.179040441245972914e+01,9.272004285532667311e-02,-1.244952692187361633e-02,2.250511863199802613e-05,1.730654006495845776e+00
1.179836551604680572e+01,9.262099704729452598e-02,-1.243291023817246106e-02,2.239713836595667499e-05,1.730678869920414309e+00
1.180632661963388230e+01,9.252208339551881711e-02,-1.241632642103474189e-02,2.228970476215466094e-05,1.730703647480776652e+00
1.181428772322095888e+01,9.242330163868545112e-02,-1.239977538508333678e-02,2.218281485466895477e-05,1.730728339482600520e+00
1.182224882680803368e+01,9.232465151615897037e-02,-1.238325704521373721e-02,2.207646569496793986e-05,1.730752946230388112e+00
1.183020993039511026e+01,9.222613276798030668e-02,-1.236677131659300044e-02,2.197065435180085068e-05,1.730777468027480781e+00
1.183817103398218684e+01,9.212774513486472749e-02,-1.235031811465875373e-02,2.186537791108814980e-05,1.730801905176065247e+00
1.184613213756926164e+01,9.202948835819964313e-02,-1.233389735511816743e-02,2.176063347581250795e-05,1.730826257977177596e+00
1.185409324115633822e+01,9.193136218004238636e-02,-1.231750895394693492e-02,2.165641816591050580e-05,1.730850526730708827e+00
1.186205434474341480e+01,9.183336634311825564e-02,-1.230115282738827344e-02,2.155272911816534536e-05,1.730874711735407967e+00
1.187001544833049138e+01,9.173550059081819752e-02,-1.228482889195192142e-02,2.144956348609989346e-05,1.730898813288889393e+00
1.187797655191756618e+01,9.163776466719684988e-02,-1.226853706441313752e-02,2.134691843987083986e-05,1.730922831687635055e+00
1.188593765550464276e+01,9.154015831697026595e-02,-1.225227726181168583e-02,2.124479116616325523e-05,1.730946767227000027e+00
1.189389875909171934e+01,9.144268128551398533e-02,-1.223604940145088353e-02,2.114317886808618249e-05,1.730970620201218946e+00
1.190185986267879592e+01,9.134533331886081353e-02,-1.221985340089658083e-02,2.104207876506867535e-05,1.730994390903408009e+00
1.190982096626587072e+01,9.124811416369882355e-02,-1.220368917797619648e-02,2.094148809275675168e-05,1.731018079625570527e+00
1.191778206985294730e+01,9.115102356736916323e-02,-1.218755665077772554e-02,2.084140410291082798e-05,1.731041686658603362e+00
1.192574317344002388e+01,9.105406127786414006e-02,-1.217145573764877656e-02,2.074182406330415336e-05,1.731065212292298705e+00
1.193370427702710046e+01,9.095722704382501467e-02,-1.215538635719560015e-02,2.064274525762163992e-05,1.731088656815349847e+00
1.194166538061417526e+01,9.086052061454005790e-02,-1.213934842828212450e-02,2.054416498535959439e-05,1.731112020515357619e+00
1.194962648420125184e+01,9.076394173994235814e-02,-1.212334187002897697e-02,2.044608056172593762e-05,1.731135303678831727e+00
1.195758758778832842e+01,9.066749017060797555e-02,-1.210736660181254906e-02,2.034848931754140670e-05,1.731158506591196744e+00
1.196554869137540500e+01,9.057116565775376327e-02,-1.209142254326403369e-02,2.025138859914108564e-05,1.731181629536797439e+00
1.197350979496247980e+01,9.047496795323541063e-02,-1.207550961426847799e-02,2.015477576827684754e-05,1.731204672798901667e+00
1.198147089854955638e+01,9.037889680954534766e-02,-1.205962773496382402e-02,2.005864820202029136e-05,1.731227636659706803e+00
1.198943200213663296e+01,9.028295197981084375e-02,-1.204377682573998763e-02,1.996300329266653933e-05,1.731250521400341968e+00
1.199739310572370954e+01,9.018713321779192604e-02,-1.202795680723791304e-02,1.986783844763849173e-05,1.731273327300874243e+00
1.200535420931078434e+01,9.009144027787946429e-02,-1.201216760034863780e-02,1.977315108939190158e-05,1.731296054640310889e+00
1.201331531289786092e+01,8.999587291509301978e-02,-1.199640912621235608e-02,1.967893865532082886e-05,1.731318703696607342e+00
1.202127641648493750e+01,8.990043088507909674e-02,-1.198068130621751486e-02,1.958519859766417209e-05,1.731341274746668546e+00
1.202923752007201230e+01,8.980511394410899129e-02,-1.196498406199987194e-02,1.949192838341237273e-05,1.731363768066353170e+00
1.203719862365908888e+01,8.970992184907686240e-02,-1.194931731544158007e-02,1.939912549421501746e-05,1.731386183930480049e+00
1.204515972724616546e+01,8.961485435749783068e-02,-1.193368098867029006e-02,1.930678742628904690e-05,1.731408522612831735e+00
1.205312083083324204e+01,8.951991122750599383e-02,-1.191807500405822097e-02,1.921491169032751660e-05,1.731430784386157384e+00
1.206108193442031684e+01,8.942509221785249762e-02,-1.190249928422127193e-02,1.912349581140901876e-05,1.731452969522178753e+00
1.206904303800739342e+01,8.933039708790349587e-02,-1.188695375201809755e-02,1.903253732890761209e-05,1.731475078291593306e+00
1.207700414159447000e+01,8.923582559763841571e-02,-1.187143833054923013e-02,1.894203379640362587e-05,1.731497110964078878e+00
1.208496524518154658e+01,8.914137750764786206e-02,-1.185595294315618282e-02,1.885198278159473168e-05,1.731519067808299228e+00
1.209292634876862138e+01,8.904705257913184124e-02,-1.184049751342054931e-02,1.876238186620791631e-05,1.731540949091904924e+00
1.210088745235569796e+01,8.895285057389766548e-02,-1.182507196516311386e-02,1.867322864591171899e-05,1.731562755081540450e+00
1.210884855594277454e+01,8.885877125435827362e-02,-1.180967622244299096e-02,1.858452073022946814e-05,1.731584486042848203e+00
1.211680965952985112e+01,8.876481438353017728e-02,-1.179431020955672149e-02,1.849625574245274506e-05,1.731606142240470048e+00
1.212477076311692592e+01,8.867097972503169834e-02,-1.177897385103741229e-02,1.840843131955567438e-05,1.731627723938054864e+00
1.213273186670400250e+01,8.857726704308088728e-02,-1.176366707165384627e-02,1.832104511210951264e-05,1.731649231398259881e+00
1.214069297029107908e+01,8.848367610249391335e-02,-1.174838979640963933e-02,1.823409478419822961e-05,1.731670664882756006e+00
1.214865407387815566e+01,8.839020666868299680e-02,-1.173314195054235912e-02,1.814757801333423526e-05,1.731692024652233375e+00
1.215661517746523046e+01,8.829685850765467414e-02,-1.171792345952266459e-02,1.806149249037497075e-05,1.731713310966400243e+00
1.216457628105230704e+01,8.820363138600781361e-02,-1.170273424905344910e-02,1.797583591943982808e-05,1.731734524083994309e+00
1.217253738463938362e+01,8.811052507093192210e-02,-1.168757424506899380e-02,1.789060601782788278e-05,1.731755664262780492e+00
1.218049848822646020e+01,8.801753933020520226e-02,-1.167244337373411246e-02,1.780580051593594188e-05,1.731776731759558263e+00
1.218845959181353500e+01,8.792467393219277616e-02,-1.165734156144330493e-02,1.772141715717730321e-05,1.731797726830164530e+00
1.219642069540061158e+01,8.783192864584477011e-02,-1.164226873481990707e-02,1.763745369790092475e-05,1.731818649729477633e+00
1.220438179898768816e+01,8.773930324069463549e-02,-1.162722482071526509e-02,1.755390790731130892e-05,1.731839500711420898e+00
1.221234290257476474e+01,8.764679748685723359e-02,-1.161220974620789242e-02,1.747077756738877301e-05,1.731860280028968413e+00
1.222030400616183954e+01,8.755441115502707317e-02,-1.159722343860264057e-02,1.738806047281030580e-05,1.731880987934146132e+00
1.222826510974891612e+01,8.746214401647645076e-02,-1.158226582542985425e-02,1.730575443087092568e-05,1.731901624678038099e+00
1.223622621333599270e+01,8.736999584305375766e-02,-1.156733683444457171e-02,1.722385726140567905e-05,1.731922190510788662e+00
1.224418731692306750e+01,8.727796640718163412e-02,-1.155243639362568860e-02,1.714236679671201486e-05,1.731942685681607808e+00
1.225214842051014408e+01,8.718605548185517917e-02,-1.153756443117513221e-02,1.706128088147273165e-05,1.731963110438773379e+00
1.226010952409722066e+01,8.709426284064021584e-02,-1.152272087551706008e-02,1.698059737267948718e-05,1.731983465029635960e+00
1.226807062768429724e+01,8.700258825767148707e-02,-1.150790565529704636e-02,1.690031413955673479e-05,1.732003749700622874e+00
1.227603173127137204e+01,8.691103150765099039e-02,-1.149311869938126653e-02,1.682042906348630025e-05,1.732023964697241070e+00
1.228399283485844862e+01,8.681959236584602113e-02,-1.147835993685569073e-02,1.674094003793219232e-05,1.732044110264081116e+00
1.229195393844552520e+01,8.672827060808765975e-02,-1.146362929702529274e-02,1.666184496836630103e-05,1.732064186644820758e+00
1.229991504203260178e+01,8.663706601076889835e-02,-1.144892670941325026e-02,1.658314177219426871e-05,1.732084194082231354e+00
1.230787614561967658e+01,8.654597835084296142e-02,-1.143425210376014002e-02,1.650482837868202517e-05,1.732104132818175435e+00
1.231583724920675316e+01,8.645500740582148791e-02,-1.141960541002315019e-02,1.642690272888265826e-05,1.732124003093617581e+00
1.232379835279382974e+01,8.636415295377292134e-02,-1.140498655837529976e-02,1.634936277556399929e-05,1.732143805148622651e+00
1.233175945638090631e+01,8.627341477332076125e-02,-1.139039547920464579e-02,1.627220648313650332e-05,1.732163539222362658e+00
1.233972055996798112e+01,8.618279264364184233e-02,-1.137583210311350797e-02,1.619543182758168158e-05,1.732183205553118333e+00
1.234768166355505770e+01,8.609228634446454420e-02,-1.136129636091767238e-02,1.611903679638089994e-05,1.732202804378284000e+00
1.235564276714213428e+01,8.600189565606730646e-02,-1.134678818364564384e-02,1.604301938844493623e-05,1.732222335934370694e+00
1.236360387072921085e+01,8.591162035927672747e-02,-1.133230750253785661e-02,1.596737761404363247e-05,1.732241800457010816e+00
1.237156497431628566e+01,8.582146023546602387e-02,-1.131785424904590762e-02,1.589210949473632297e-05,1.732261198180959028e+00
1.237952607790336224e+01,8.573141506655324040e-02,-1.130342835483178800e-02,1.581721306330248944e-05,1.732280529340099129e+00
1.238748718149043881e+01,8.564148463499965391e-02,-1.128902975176713196e-02,1.574268636367305305e-05,1.732299794167445395e+00
1.239544828507751539e+01,8.555166872380812193e-02,-1.127465837193244655e-02,1.566852745086206634e-05,1.732318992895146348e+00
1.240340938866459020e+01,8.546196711652134792e-02,-1.126031414761636228e-02,1.559473439089877097e-05,1.732338125754489644e+00
1.241137049225166678e+01,8.537237959722025760e-02,-1.124599701131487155e-02,1.552130526076020442e-05,1.732357192975903404e+00
1.241933159583874335e+01,8.528290595052240297e-02,-1.123170689573058795e-02,1.544823814830427759e-05,1.732376194788961987e+00
1.242729269942581993e+01,8.519354596158022763e-02,-1.121744373377199858e-02,1.537553115220314045e-05,1.732395131422387102e+00
1.243525380301289474e+01,8.510429941607954019e-02,-1.120320745855271985e-02,1.530318238187719813e-05,1.732414003104053801e+00
1.244321490659997131e+01,8.501516610023775178e-02,-1.118899800339074116e-02,1.523118995742934052e-05,1.732432810060991590e+00
1.245117601018704789e+01,8.492614580080237729e-02,-1.117481530180771711e-02,1.515955200957981222e-05,1.732451552519389093e+00
1.245913711377412270e+01,8.483723830504938390e-02,-1.116065928752821464e-02,1.508826667960139928e-05,1.732470230704597602e+00
1.246709821736119927e+01,8.474844340078147020e-02,-1.114652989447897403e-02,1.501733211925497166e-05,1.732488844841133746e+00
1.247505932094827585e+01,8.465976087632662295e-02,-1.113242705678820117e-02,1.494674649072567118e-05,1.732507395152683261e+00
1.248302042453535243e+01,8.457119052053643782e-02,-1.111835070878482851e-02,1.487650796655932644e-05,1.732525881862103656e+00
1.249098152812242724e+01,8.448273212278452349e-02,-1.110430078499780038e-02,1.480661472959935395e-05,1.732544305191429546e+00
1.249894263170950381e+01,8.439438547296486404e-02,-1.109027722015533575e-02,1.473706497292402009e-05,1.732562665361873311e+00
1.250690373529658039e+01,8.430615036149036179e-02,-1.107627994918423953e-02,1.466785689978427567e-05,1.732580962593829987e+00
1.251486483888365697e+01,8.421802657929113034e-02,-1.106230890720916876e-02,1.459898872354177855e-05,1.732599197106880817e+00
1.252282594247073177e+01,8.413001391781305127e-02,-1.104836402955193184e-02,1.453045866760754130e-05,1.732617369119795470e+00
1.253078704605780835e+01,8.404211216901602555e-02,-1.103444525173077027e-02,1.446226496538072805e-05,1.732635478850535593e+00
1.253874814964488493e+01,8.395432112537258573e-02,-1.102055250945966833e-02,1.439440586018812884e-05,1.732653526516259923e+00
1.254670925323196151e+01,8.386664057986630005e-02,-1.100668573864763827e-02,1.432687960522388142e-05,1.732671512333322950e+00
1.255467035681903631e+01,8.377907032599014869e-02,-1.099284487539803519e-02,1.425968446348953178e-05,1.732689436517283799e+00
1.256263146040611289e+01,8.369161015774503887e-02,-1.097902985600783879e-02,1.419281870773463006e-05,1.732707299282905344e+00
1.257059256399318947e+01,8.360425986963825051e-02,-1.096524061696698901e-02,1.412628062039761777e-05,1.732725100844159316e+00
1.257855366758026605e+01,8.351701925668195137e-02,-1.095147709495767133e-02,1.406006849354717928e-05,1.732742841414228518e+00
1.258651477116734085e+01,8.342988811439158714e-02,-1.093773922685364886e-02,1.399418062882386429e-05,1.732760521205511051e+00
1.259447587475441743e+01,8.334286623878436884e-02,-1.092402694971955288e-02,1.392861533738216939e-05,1.732778140429622304e+00
1.260243697834149401e+01,8.325595342637785723e-02,-1.091034020081022710e-02,1.386337093983305843e-05,1.732795699297398295e+00
1.261039808192857059e+01,8.316914947418831139e-02,-1.089667891757003550e-02,1.379844576618667939e-05,1.732813198018900325e+00
1.261835918551564539e+01,8.308245417972932867e-02,-1.088304303763219100e-02,1.373383815579568087e-05,1.732830636803416091e+00
1.262632028910272197e+01,8.299586734101017937e-02,-1.086943249881806677e-02,1.366954645729864562e-05,1.732848015859463464e+00
1.263428139268979855e+01,8.290938875653443285e-02,-1.085584723913654917e-02,1.360556902856412871e-05,1.732865335394794482e+00
1.264224249627687335e+01,8.282301822529847257e-02,-1.084228719678335777e-02,1.354190423663495496e-05,1.732882595616396459e+00
1.265020359986394993e+01,8.273675554678987243e-02,-1.082875231014037050e-02,1.347855045767278235e-05,1.732899796730497322e+00
1.265816470345102651e+01,8.265060052098611998e-02,-1.081524251777497836e-02,1.341550607690327863e-05,1.732916938942566265e+00
1.266612580703810309e+01,8.256455294835299275e-02,-1.080175775843942101e-02,1.335276948856139453e-05,1.732934022457319756e+00
1.267408691062517789e+01,8.247861262984312880e-02,-1.078829797107012413e-02,1.329033909583712826e-05,1.732951047478721751e+00
1.268204801421225447e+01,8.239277936689456960e-02,-1.077486309478704017e-02,1.322821331082162200e-05,1.732968014209988139e+00
1.269000911779933105e+01,8.230705296142930283e-02,-1.076145306889301351e-02,1.316639055445360403e-05,1.732984922853589183e+00
1.269797022138640763e+01,8.222143321585181908e-02,-1.074806783287311600e-02,1.310486925646618995e-05,1.733001773611252405e+00
1.270593132497348243e+01,8.213591993304766858e-02,-1.073470732639401383e-02,1.304364785533401261e-05,1.733018566683967032e+00
1.271389242856055901e+01,8.205051291638193467e-02,-1.072137148930330311e-02,1.298272479822064676e-05,1.733035302271984657e+00
1.272185353214763559e+01,8.196521196969790146e-02,-1.070806026162889231e-02,1.292209854092649958e-05,1.733051980574823681e+00
1.272981463573471217e+01,8.188001689731561061e-02,-1.069477358357835001e-02,1.286176754783696040e-05,1.733068601791271979e+00
1.273777573932178697e+01,8.179492750403037638e-02,-1.068151139553826998e-02,1.280173029187085369e-05,1.733085166119389120e+00
1.274573684290886355e+01,8.170994359511135618e-02,-1.066827363807363802e-02,1.274198525442926128e-05,1.733101673756510808e+00
1.275369794649594013e+01,8.162506497630023228e-02,-1.065506025192720398e-02,1.268253092534474449e-05,1.733118124899249990e+00
1.276165905008301671e+01,8.154029145380968513e-02,-1.064187117801885379e-02,1.262336580283075928e-05,1.733134519743500412e+00
1.276962015367009151e+01,8.145562283432208894e-02,-1.062870635744498152e-02,1.256448839343153393e-05,1.733150858484440393e+00
1.277758125725716809e+01,8.137105892498798509e-02,-1.061556573147785787e-02,1.250589721197212291e-05,1.733167141316533932e+00
1.278554236084424467e+01,8.128659953342480537e-02,-1.060244924156502830e-02,1.244759078150895029e-05,1.733183368433535376e+00
1.279350346443132125e+01,8.120224446771540094e-02,-1.058935682932867980e-02,1.238956763328053450e-05,1.733199540028490970e+00
1.280146456801839605e+01,8.111799353640672394e-02,-1.057628843656503205e-02,1.233182630665863477e-05,1.733215656293741747e+00
1.280942567160547263e+01,8.103384654850834257e-02,-1.056324400524371460e-02,1.227436534909958920e-05,1.733231717420926854e+00
1.281738677519254921e+01,8.094980331349115044e-02,-1.055022347750717016e-02,1.221718331609610832e-05,1.733247723600986445e+00
1.282534787877962579e+01,8.086586364128597881e-02,-1.053722679567003703e-02,1.216027877112929072e-05,1.733263675024163231e+00
1.283330898236670059e+01,8.078202734228222270e-02,-1.052425390221855238e-02,1.210365028562097914e-05,1.733279571880007808e+00
1.284127008595377717e+01,8.069829422732639757e-02,-1.051130473980992595e-02,1.204729643888634358e-05,1.733295414357377329e+00
1.284923118954085375e+01,8.061466410772094582e-02,-1.049837925127177288e-02,1.199121581808696070e-05,1.733311202644443050e+00
1.285719229312792855e+01,8.053113679522275192e-02,-1.048547737960149086e-02,1.193540701818398312e-05,1.733326936928689221e+00
1.286515339671500513e+01,8.044771210204178236e-02,-1.047259906796566345e-02,1.187986864189168982e-05,1.733342617396917085e+00
1.287311450030208171e+01,8.036438984083985049e-02,-1.045974425969948586e-02,1.182459929963142107e-05,1.733358244235249090e+00
1.288107560388915829e+01,8.028116982472920105e-02,-1.044691289830615606e-02,1.176959760948567773e-05,1.733373817629128899e+00
1.288903670747623309e+01,8.019805186727120561e-02,-1.043410492745629366e-02,1.171486219715259663e-05,1.733389337763325821e+00
1.289699781106330967e+01,8.011503578247494706e-02,-1.042132029098734487e-02,1.166039169590062921e-05,1.733404804821937040e+00
1.290495891465038625e+01,8.003212138479603999e-02,-1.040855893290301010e-02,1.160618474652367588e-05,1.733420218988390049e+00
1.291292001823746283e+01,7.994930848913518739e-02,-1.039582079737265755e-02,1.155223999729632203e-05,1.733435580445446433e+00
1.292088112182453763e+01,7.986659691083693169e-02,-1.038310582873074039e-02,1.149855610392948400e-05,1.733450889375202086e+00
1.292884222541161421e+01,7.978398646568829466e-02,-1.037041397147622085e-02,1.144513172952627525e-05,1.733466145959092986e+00
1.293680332899869079e+01,7.970147696991750075e-02,-1.035774517027199595e-02,1.139196554453819277e-05,1.733481350377894525e+00
1.294476443258576737e+01,7.961906824019270024e-02,-1.034509936994433034e-02,1.133905622672159141e-05,1.733496502811727291e+00
1.295272553617284217e+01,7.953676009362060928e-02,-1.033247651548227855e-02,1.128640246109436835e-05,1.733511603440056614e+00
1.296068663975991875e+01,7.945455234774523312e-02,-1.031987655203711433e-02,1.123400293989298798e-05,1.733526652441697680e+00
1.296864774334699533e+01,7.937244482054660322e-02,-1.030729942492177899e-02,1.118185636252977965e-05,1.733541649994816636e+00
1.297660884693407191e+01,7.929043733043950049e-02,-1.029474507961030370e-02,1.112996143555049108e-05,1.733556596276933925e+00
1.298456995052114671e+01,7.920852969627215079e-02,-1.028221346173725619e-02,1.107831687259210620e-05,1.733571491464924952e+00
1.299253105410822329e+01,7.912672173732490655e-02,-1.026970451709717687e-02,1.102692139434090846e-05,1.733586335735026962e+00
1.300049215769529987e+01,7.904501327330905325e-02,-1.025721819164402554e-02,1.097577372849089668e-05,1.733601129262835494e+00
1.300845326128237645e+01,7.896340412436550493e-02,-1.024475443149062796e-02,1.092487260970238032e-05,1.733615872223312371e+00
1.301641436486945125e+01,7.888189411106358295e-02,-1.023231318290812597e-02,1.087421677956090012e-05,1.733630564790785700e+00
1.302437546845652783e+01,7.880048305439962819e-02,-1.021989439232540847e-02,1.082380498653629945e-05,1.733645207138950761e+00
1.303233657204360441e+01,7.871917077579594635e-02,-1.020749800632859278e-02,1.077363598594225983e-05,1.733659799440876670e+00
1.304029767563068098e+01,7.863795709709937853e-02,-1.019512397166045907e-02,1.072370853989585855e-05,1.733674341869005042e+00
1.304825877921775579e+01,7.855684184058019104e-02,-1.018277223521991612e-02,1.067402141727757680e-05,1.733688834595154660e+00
1.305621988280483237e+01,7.847582482893070144e-02,-1.017044274406144790e-02,1.062457339369140275e-05,1.733703277790522801e+00
1.306418098639190895e+01,7.839490588526415449e-02,-1.015813544539458796e-02,1.057536325142532933e-05,1.733717671625687684e+00
1.307214208997898375e+01,7.831408483311348701e-02,-1.014585028658338169e-02,1.052638977941203834e-05,1.733732016270611576e+00
1.308010319356606033e+01,7.823336149642996784e-02,-1.013358721514583463e-02,1.047765177318975903e-05,1.733746311894642789e+00
1.308806429715313691e+01,7.815273569958217093e-02,-1.012134617875340425e-02,1.042914803486355876e-05,1.733760558666518792e+00
1.309602540074021348e+01,7.807220726735458749e-02,-1.010912712523045001e-02,1.038087737306667926e-05,1.733774756754367097e+00
1.310398650432728829e+01,7.799177602494651584e-02,-1.009693000255371988e-02,1.033283860292226773e-05,1.733788906325708590e+00
1.311194760791436487e+01,7.791144179797077074e-02,-1.008475475885180044e-02,1.028503054600524170e-05,1.733803007547460195e+00
1.311990871150144145e+01,7.783120441245254539e-02,-1.007260134240462249e-02,1.023745203030449106e-05,1.733817060585937098e+00
1.312786981508851802e+01,7.775106369482820412e-02,-1.006046970164291982e-02,1.019010189018526467e-05,1.733831065606854294e+00
1.313583091867559283e+01,7.767101947194401945e-02,-1.004835978514771397e-02,1.014297896635176712e-05,1.733845022775329481e+00
1.314379202226266941e+01,7.759107157105502028e-02,-1.003627154164979038e-02,1.009608210581005528e-05,1.733858932255885943e+00
1.315175312584974598e+01,7.751121981982382614e-02,-1.002420492002919356e-02,1.004941016183115001e-05,1.733872794212453661e+00
1.315971422943682256e+01,7.743146404631942592e-02,-1.001215986931470667e-02,1.000296199391435795e-05,1.733886608808373087e+00
1.316767533302389737e+01,7.735180407901601218e-02,-1.000013633868333980e-02,9.956736467750845727e-06,1.733900376206396476e+00
1.317563643661097394e+01,7.727223974679175988e-02,-9.988134277459811278e-03,9.910732455187414011e-06,1.733914096568689223e+00
1.318359754019805052e+01,7.719277087892774392e-02,-9.976153635116061930e-03,9.864948834190569808e-06,1.733927770056834960e+00
1.319155864378512710e+01,7.711339730510667623e-02,-9.964194361270729480e-03,9.819384488810734211e-06,1.733941396831835347e+00
1.319951974737220191e+01,7.703411885541179560e-02,-9.952256405688650678e-03,9.774038309146744949e-06,1.733954977054112945e+00
1.320748085095927848e+01,7.695493536032564641e-02,-9.940339718280356493e-03,9.728909191310524952e-06,1.733968510883514114e+00
1.321544195454635506e+01,7.687584665072903778e-02,-9.928444249101581187e-03,9.683996037392072782e-06,1.733981998479310338e+00
1.322340305813343164e+01,7.679685255789975296e-02,-9.916569948352755778e-03,9.639297755424527605e-06,1.733995440000202004e+00
1.323136416172050644e+01,7.671795291351149459e-02,-9.904716766378513643e-03,9.594813259349584841e-06,1.734008835604317511e+00
1.323932526530758302e+01,7.663914754963266351e-02,-9.892884653667196118e-03,9.550541468983035469e-06,1.734022185449219711e+00
1.324728636889465960e+01,7.656043629872530398e-02,-9.881073560850365048e-03,9.506481309980610274e-06,1.734035489691905019e+00
1.325524747248173441e+01,7.648181899364389635e-02,-9.869283438702306649e-03,9.462631713803954536e-06,1.734048748488805636e+00
1.326320857606881098e+01,7.640329546763423296e-02,-9.857514238139544055e-03,9.418991617686850044e-06,1.734061961995793988e+00
1.327116967965588756e+01,7.632486555433233566e-02,-9.845765910220356798e-03,9.375559964601689537e-06,1.734075130368183393e+00
1.327913078324296414e+01,7.624652908776324844e-02,-9.834038406144286412e-03,9.332335703226068028e-06,1.734088253760728726e+00
1.328709188683003894e+01,7.616828590234002438e-02,-9.822331677251668058e-03,9.289317787909701085e-06,1.734101332327632861e+00
1.329505299041711552e+01,7.609013583286244886e-02,-9.810645675023129189e-03,9.246505178641402408e-06,1.734114366222544001e+00
1.330301409400419210e+01,7.601207871451610976e-02,-9.798980351079133316e-03,9.203896841016456114e-06,1.734127355598560793e+00
1.331097519759126868e+01,7.593411438287114845e-02,-9.787335657179489085e-03,9.161491746204007670e-06,1.734140300608233876e+00
1.331893630117834348e+01,7.585624267388123287e-02,-9.775711545222881896e-03,9.119288870914788540e-06,1.734153201403567657e+00
1.332689740476542006e+01,7.577846342388233625e-02,-9.764107967246386452e-03,9.077287197368935721e-06,1.734166058136021649e+00
1.333485850835249664e+01,7.570077646959180728e-02,-9.752524875425020931e-03,9.035485713264155151e-06,1.734178870956514906e+00
1.334281961193957322e+01,7.562318164810716281e-02,-9.740962222071256060e-03,8.993883411743946123e-06,1.734191640015426250e+00
1.335078071552664802e+01,7.554567879690501919e-02,-9.729419959634560619e-03,8.952479291366084881e-06,1.734204365462596042e+00
1.335874181911372460e+01,7.546826775383996821e-02,-9.717898040700915716e-03,8.911272356071289481e-06,1.734217047447329518e+00
1.336670292270080118e+01,7.539094835714357790e-02,-9.706396417992381107e-03,8.870261615152118438e-06,1.734229686118398783e+00
1.337466402628787776e+01,7.531372044542324062e-02,-9.694915044366609475e-03,8.829446083222013364e-06,1.734242281624043924e+00
1.338262512987495256e+01,7.523658385766111845e-02,-9.683453872816395400e-03,8.788824780184549979e-06,1.734254834111975452e+00
1.339058623346202914e+01,7.515953843321304673e-02,-9.672012856469208719e-03,8.748396731202887327e-06,1.734267343729376742e+00
1.339854733704910572e+01,7.508258401180749331e-02,-9.660591948586752173e-03,8.708160966669405031e-06,1.734279810622906037e+00
1.340650844063618230e+01,7.500572043354451768e-02,-9.649191102564494762e-03,8.668116522175560782e-06,1.734292234938697552e+00
1.341446954422325710e+01,7.492894753889463300e-02,-9.637810271931225928e-03,8.628262438481842686e-06,1.734304616822365253e+00
1.342243064781033368e+01,7.485226516869777913e-02,-9.626449410348587171e-03,8.588597761488002842e-06,1.734316956419001965e+00
1.343039175139741026e+01,7.477567316416229570e-02,-9.615108471610648785e-03,8.549121542203453529e-06,1.734329253873185150e+00
1.343835285498448684e+01,7.469917136686383963e-02,-9.603787409643444947e-03,8.509832836717809104e-06,1.734341509328975794e+00
1.344631395857156164e+01,7.462275961874437202e-02,-9.592486178504531363e-03,8.470730706171671829e-06,1.734353722929921737e+00
1.345427506215863822e+01,7.454643776211100636e-02,-9.581204732382532507e-03,8.431814216727493943e-06,1.734365894819059895e+00
1.346223616574571480e+01,7.447020563963510642e-02,-9.569943025596718347e-03,8.393082439540775147e-06,1.734378025138916923e+00
1.347019726933278960e+01,7.439406309435121767e-02,-9.558701012596546379e-03,8.354534450731324478e-06,1.734390114031512553e+00
1.347815837291986618e+01,7.431800996965590156e-02,-9.547478647961226209e-03,8.316169331354678022e-06,1.734402161638361362e+00
1.348611947650694276e+01,7.424204610930688897e-02,-9.536275886399284141e-03,8.277986167373826653e-06,1.734414168100472997e+00
1.349408058009401934e+01,7.416617135742192835e-02,-9.525092682748129494e-03,8.239984049630979341e-06,1.734426133558357286e+00
1.350204168368109414e+01,7.409038555847784202e-02,-9.513928991973617452e-03,8.202162073819600901e-06,1.734438058152022677e+00
1.351000278726817072e+01,7.401468855730940211e-02,-9.502784769169610180e-03,8.164519340456522585e-06,1.734449942020981128e+00
1.351796389085524730e+01,7.393908019910840068e-02,-9.491659969557560486e-03,8.127054954854332196e-06,1.734461785304248327e+00
1.352592499444232388e+01,7.386356032942263672e-02,-9.480554548486069474e-03,8.089768027093886178e-06,1.734473588140344802e+00
1.353388609802939868e+01,7.378812879415487525e-02,-9.469468461430470205e-03,8.052657671996972470e-06,1.734485350667301029e+00
1.354184720161647526e+01,7.371278543956177876e-02,-9.458401663992385341e-03,8.015723009099127527e-06,1.734497073022656100e+00
1.354980830520355184e+01,7.363753011225304679e-02,-9.447354111899319493e-03,7.978963162622732861e-06,1.734508755343460162e+00
1.355776940879062842e+01,7.356236265919030570e-02,-9.436325761004232468e-03,7.942377261450133600e-06,1.734520397766278199e+00
1.356573051237770322e+01,7.348728292768615111e-02,-9.425316567285117741e-03,7.905964439097016246e-06,1.734532000427190024e+00
1.357369161596477980e+01,7.341229076540310705e-02,-9.414326486844568770e-03,7.869723833685889763e-06,1.734543563461792504e+00
1.358165271955185638e+01,7.333738602035273779e-02,-9.403355475909386946e-03,7.833654587919817398e-06,1.734555087005201335e+00
1.358961382313893296e+01,7.326256854089455151e-02,-9.392403490830151386e-03,7.797755849056199308e-06,1.734566571192054596e+00
1.359757492672600776e+01,7.318783817573509820e-02,-9.381470488080802597e-03,7.762026768880805929e-06,1.734578016156511415e+00
1.360553603031308434e+01,7.311319477392690114e-02,-9.370556424258231348e-03,7.726466503681906191e-06,1.734589422032256190e+00
1.361349713390016092e+01,7.303863818486758253e-02,-9.359661256081871009e-03,7.691074214224617674e-06,1.734600788952500139e+00
1.362145823748723750e+01,7.296416825829880881e-02,-9.348784940393286419e-03,7.655849065725355007e-06,1.734612117049981528e+00
1.362941934107431230e+01,7.288978484430540250e-02,-9.337927434155766232e-03,7.620790227826495964e-06,1.734623406456969885e+00
1.363738044466138888e+01,7.281548779331421806e-02,-9.327088694453906578e-03,7.585896874571096681e-06,1.734634657305265337e+00
1.364534154824846546e+01,7.274127695609339250e-02,-9.316268678493225958e-03,7.551168184377930440e-06,1.734645869726203493e+00
1.365330265183554204e+01,7.266715218375122132e-02,-9.305467343599740232e-03,7.516603340016512061e-06,1.734657043850652558e+00
1.366126375542261684e+01,7.259311332773527026e-02,-9.294684647219582721e-03,7.482201528582372158e-06,1.734668179809020216e+00
1.366922485900969342e+01,7.251916023983136228e-02,-9.283920546918577460e-03,7.447961941472435588e-06,1.734679277731252078e+00
1.367718596259677000e+01,7.244529277216271712e-02,-9.273175000381862765e-03,7.413883774360609114e-06,1.734690337746834121e+00
1.368514706618384480e+01,7.237151077718895209e-02,-9.262447965413488776e-03,7.379966227173459701e-06,1.734701359984795355e+00
1.369310816977092138e+01,7.229781410770511063e-02,-9.251739399936011535e-03,7.346208504066050360e-06,1.734712344573708709e+00
1.370106927335799796e+01,7.222420261684074638e-02,-9.241049261990109606e-03,7.312609813397947092e-06,1.734723291641692589e+00
1.370903037694507454e+01,7.215067615805902113e-02,-9.230377509734188565e-03,7.279169367709379147e-06,1.734734201316413316e+00
1.371699148053214934e+01,7.207723458515573334e-02,-9.219724101443988948e-03,7.245886383697511088e-06,1.734745073725086240e+00
1.372495258411922592e+01,7.200387775225833287e-02,-9.209088995512192469e-03,7.212760082192851232e-06,1.734755908994478402e+00
1.373291368770630250e+01,7.193060551382510215e-02,-9.198472150448042117e-03,7.179789688135878621e-06,1.734766707250908535e+00
1.374087479129337908e+01,7.185741772464414312e-02,-9.187873524876948375e-03,7.146974430553722513e-06,1.734777468620250618e+00
1.374883589488045388e+01,7.178431423983251680e-02,-9.177293077540112781e-03,7.114313542537054471e-06,1.734788193227934761e+00
1.375679699846753046e+01,7.171129491483524410e-02,-9.166730767294123741e-03,7.081806261217055005e-06,1.734798881198947873e+00
1.376475810205460704e+01,7.163835960542444536e-02,-9.156186553110602644e-03,7.049451827742577553e-06,1.734809532657837217e+00
1.377271920564168362e+01,7.156550816769845225e-02,-9.145660394075803140e-03,7.017249487257448006e-06,1.734820147728711293e+00
1.378068030922875842e+01,7.149274045808085010e-02,-9.135152249390236442e-03,6.985198488877859092e-06,1.734830726535240508e+00
1.378864141281583500e+01,7.142005633331953429e-02,-9.124662078368291421e-03,6.953298085669913833e-06,1.734841269200660729e+00
1.379660251640291158e+01,7.134745565048587757e-02,-9.114189840437865106e-03,6.921547534627351125e-06,1.734851775847773059e+00
1.380456361998998815e+01,7.127493826697382795e-02,-9.103735495139981052e-03,6.889946096649375497e-06,1.734862246598946722e+00
1.381252472357706296e+01,7.120250404049896509e-02,-9.093299002128419836e-03,6.858493036518598676e-06,1.734872681576120179e+00
1.382048582716413954e+01,7.113015282909758430e-02,-9.082880321169337426e-03,6.827187622879131929e-06,1.734883080900803343e+00
1.382844693075121612e+01,7.105788449112587779e-02,-9.072479412140911290e-03,6.796029128214847811e-06,1.734893444694078468e+00
1.383640803433829269e+01,7.098569888525901872e-02,-9.062096235032951821e-03,6.765016828827729998e-06,1.734903773076601485e+00
1.384436913792536750e+01,7.091359587049025914e-02,-9.051730749946551927e-03,6.734150004816362044e-06,1.734914066168604885e+00
1.385233024151244408e+01,7.084157530613000020e-02,-9.041382917093700178e-03,6.703427940054533018e-06,1.734924324089897940e+00
1.386029134509952065e+01,7.076963705180498720e-02,-9.031052696796940810e-03,6.672849922170020180e-06,1.734934546959870261e+00
1.386825244868659546e+01,7.069778096745746310e-02,-9.020740049488986875e-03,6.642415242523489387e-06,1.734944734897490237e+00
1.387621355227367204e+01,7.062600691334411374e-02,-9.010444935712368097e-03,6.612123196187425148e-06,1.734954888021310149e+00
1.388417465586074862e+01,7.055431475003542952e-02,-9.000167316119071781e-03,6.581973081925368158e-06,1.734965006449464608e+00
1.389213575944782519e+01,7.048270433841463678e-02,-8.989907151470178520e-03,6.551964202171095219e-06,1.734975090299674783e+00
1.390009686303490000e+01,7.041117553967697618e-02,-8.979664402635504847e-03,6.522095863008065995e-06,1.734985139689247724e+00
1.390805796662197658e+01,7.033972821532871733e-02,-8.969439030593245876e-03,6.492367374148888385e-06,1.734995154735080147e+00
1.391601907020905315e+01,7.026836222718639557e-02,-8.959230996429619689e-03,6.462778048914993972e-06,1.735005135553657096e+00
1.392398017379612973e+01,7.019707743737590988e-02,-8.949040261338516919e-03,6.433327204216379534e-06,1.735015082261057051e+00
1.393194127738320454e+01,7.012587370833167633e-02,-8.938866786621141661e-03,6.404014160531493400e-06,1.735024994972949930e+00
1.393990238097028111e+01,7.005475090279572603e-02,-8.928710533685661060e-03,6.374838241887214978e-06,1.735034873804601530e+00
1.394786348455735769e+01,6.998370888381695576e-02,-8.918571464046858369e-03,6.345798775839024022e-06,1.735044718870873082e+00
1.395582458814443427e+01,6.991274751475019811e-02,-8.908449539325780792e-03,6.316895093451205471e-06,1.735054530286223695e+00
1.396378569173150908e+01,6.984186665925543047e-02,-8.898344721249394282e-03,6.288126529277234706e-06,1.735064308164711244e+00
1.397174679531858565e+01,6.977106618129683135e-02,-8.888256971650233124e-03,6.259492421340218714e-06,1.735074052619994811e+00
1.397970789890566223e+01,6.970034594514207260e-02,-8.878186252466058193e-03,6.230992111113542232e-06,1.735083763765336018e+00
1.398766900249273881e+01,6.962970581536144510e-02,-8.868132525739513480e-03,6.202624943501570640e-06,1.735093441713598583e+00
1.399563010607981361e+01,6.955914565682698447e-02,-8.858095753617784354e-03,6.174390266820461279e-06,1.735103086577253428e+00
1.400359120966689019e+01,6.948866533471159679e-02,-8.848075898352243673e-03,6.146287432779093351e-06,1.735112698468376013e+00
1.401155231325396677e+01,6.941826471448840630e-02,-8.838072922298136069e-03,6.118315796460195177e-06,1.735122277498651888e+00
1.401951341684104335e+01,6.934794366192974235e-02,-8.828086787914215389e-03,6.090474716301445199e-06,1.735131823779374249e+00
1.402747452042811815e+01,6.927770204310644553e-02,-8.818117457762427239e-03,6.062763554076809300e-06,1.735141337421449270e+00
1.403543562401519473e+01,6.920753972438692392e-02,-8.808164894507549900e-03,6.035181674877889145e-06,1.735150818535393880e+00
1.404339672760227131e+01,6.913745657243647313e-02,-8.798229060916885544e-03,6.007728447095486502e-06,1.735160267231340425e+00
1.405135783118934789e+01,6.906745245421636037e-02,-8.788309919859904618e-03,5.980403242401186208e-06,1.735169683619035119e+00
1.405931893477642269e+01,6.899752723698308887e-02,-8.778407434307931856e-03,5.953205435729114466e-06,1.735179067807842701e+00
1.406728003836349927e+01,6.892768078828746814e-02,-8.768521567333794134e-03,5.926134405257735263e-06,1.735188419906744439e+00
1.407524114195057585e+01,6.885791297597396166e-02,-8.758652282111509951e-03,5.899189532391854305e-06,1.735197740024342350e+00
1.408320224553765065e+01,6.878822366817978484e-02,-8.748799541915954631e-03,5.872370201744644130e-06,1.735207028268859641e+00
1.409116334912472723e+01,6.871861273333410014e-02,-8.738963310122522046e-03,5.845675801119803056e-06,1.735216284748140714e+00
1.409912445271180381e+01,6.864908004015725373e-02,-8.729143550206819313e-03,5.819105721493840334e-06,1.735225509569656044e+00
1.410708555629888039e+01,6.857962545766001228e-02,-8.719340225744323311e-03,5.792659356998464635e-06,1.735234702840499743e+00
1.411504665988595519e+01,6.851024885514266083e-02,-8.709553300410068435e-03,5.766336104903027602e-06,1.735243864667393554e+00
1.412300776347303177e+01,6.844095010219432285e-02,-8.699782737978310060e-03,5.740135365597149508e-06,1.735252995156685962e+00
1.413096886706010835e+01,6.837172906869208588e-02,-8.690028502322222695e-03,5.714056542573375413e-06,1.735262094414356859e+00
1.413892997064718493e+01,6.830258562480027995e-02,-8.680290557413565186e-03,5.688099042409999871e-06,1.735271162546015544e+00
1.414689107423425973e+01,6.823351964096968647e-02,-8.670568867322371934e-03,5.662262274753950940e-06,1.735280199656904943e+00
1.415485217782133631e+01,6.816453098793669174e-02,-8.660863396216616356e-03,5.636545652303771593e-06,1.735289205851899608e+00
1.416281328140841289e+01,6.809561953672259305e-02,-8.651174108361919454e-03,5.610948590792745131e-06,1.735298181235511050e+00
1.417077438499548947e+01,6.802678515863275210e-02,-8.641500968121218484e-03,5.585470508972069717e-06,1.735307125911885962e+00
1.417873548858256427e+01,6.795802772525591506e-02,-8.631843939954459907e-03,5.560110828594193853e-06,1.735316039984809322e+00
1.418669659216964085e+01,6.788934710846329657e-02,-8.622202988418274996e-03,5.534868974396161168e-06,1.735324923557705290e+00
1.419465769575671743e+01,6.782074318040795524e-02,-8.612578078165681467e-03,5.509744374083161040e-06,1.735333776733637423e+00
1.420261879934379401e+01,6.775221581352394717e-02,-8.602969173945766018e-03,5.484736458312091923e-06,1.735342599615311565e+00
1.421057990293086881e+01,6.768376488052561812e-02,-8.593376240603380761e-03,5.459844660675280522e-06,1.735351392305077622e+00
1.421854100651794539e+01,6.761539025440674311e-02,-8.583799243078818822e-03,5.435068417684229778e-06,1.735360154904927787e+00
1.422650211010502197e+01,6.754709180843987415e-02,-8.574238146407528113e-03,5.410407168753546413e-06,1.735368887516501868e+00
1.423446321369209855e+01,6.747886941617553536e-02,-8.564692915719792146e-03,5.385860356184903211e-06,1.735377590241086176e+00
1.424242431727917335e+01,6.741072295144150128e-02,-8.555163516240428187e-03,5.361427425151130043e-06,1.735386263179614419e+00
1.425038542086624993e+01,6.734265228834196426e-02,-8.545649913288480212e-03,5.337107823680350636e-06,1.735394906432671025e+00
1.425834652445332651e+01,6.727465730125686827e-02,-8.536152072276922270e-03,5.312901002640281122e-06,1.735403520100490482e+00
1.426630762804040131e+01,6.720673786484117340e-02,-8.526669958712356640e-03,5.288806415722589574e-06,1.735412104282960888e+00
1.427426873162747789e+01,6.713889385402399546e-02,-8.517203538194701579e-03,5.264823519427305520e-06,1.735420659079622174e+00
1.428222983521455447e+01,6.707112514400799530e-02,-8.507752776416908566e-03,5.240951773047409872e-06,1.735429184589670104e+00
1.429019093880163105e+01,6.700343161026858785e-02,-8.498317639164653520e-03,5.217190638653446027e-06,1.735437680911956493e+00
1.429815204238870585e+01,6.693581312855320653e-02,-8.488898092316043628e-03,5.193539581078249564e-06,1.735446148144989653e+00
1.430611314597578243e+01,6.686826957488051226e-02,-8.479494101841315509e-03,5.169998067901742304e-06,1.735454586386937281e+00
1.431407424956285901e+01,6.680080082553978282e-02,-8.470105633802547246e-03,5.146565569435875453e-06,1.735462995735626679e+00
1.432203535314993559e+01,6.673340675709006631e-02,-8.460732654353365217e-03,5.123241558709587991e-06,1.735471376288546974e+00
1.432999645673701039e+01,6.666608724635955663e-02,-8.451375129738642258e-03,5.100025511453920070e-06,1.735479728142848233e+00
1.433795756032408697e+01,6.659884217044473309e-02,-8.442033026294211429e-03,5.076916906087138265e-06,1.735488051395345455e+00
1.434591866391116355e+01,6.653167140670977753e-02,-8.432706310446579784e-03,5.053915223700039555e-06,1.735496346142517909e+00
1.435387976749824013e+01,6.646457483278578326e-02,-8.423394948712630004e-03,5.031019948041273088e-06,1.735504612480510911e+00
1.436184087108531493e+01,6.639755232657007511e-02,-8.414098907699341101e-03,5.008230565502783920e-06,1.735512850505138038e+00
1.436980197467239151e+01,6.633060376622537668e-02,-8.404818154103486580e-03,4.985546565105287246e-06,1.735521060311879582e+00
1.437776307825946809e+01,6.626372903017925531e-02,-8.395552654711365553e-03,4.962967438483924747e-06,1.735529241995887428e+00
1.438572418184654467e+01,6.619692799712335873e-02,-8.386302376398507841e-03,4.940492679873935330e-06,1.735537395651983728e+00
1.439368528543361947e+01,6.613020054601265185e-02,-8.377067286129389473e-03,4.918121786096405495e-06,1.735545521374662670e+00
1.440164638902069605e+01,6.606354655606470894e-02,-8.367847350957148198e-03,4.895854256544119648e-06,1.735553619258092262e+00
1.440960749260777263e+01,6.599696590675913077e-02,-8.358642538023309393e-03,4.873689593167545943e-06,1.735561689396115215e+00
1.441756859619484921e+01,6.593045847783668423e-02,-8.349452814557492900e-03,4.851627300460794169e-06,1.735569731882249167e+00
1.442552969978192401e+01,6.586402414929873328e-02,-8.340278147877149342e-03,4.829666885447767607e-06,1.735577746809690236e+00
1.443349080336900059e+01,6.579766280140643409e-02,-8.331118505387254819e-03,4.807807857668307266e-06,1.735585734271311242e+00
1.444145190695607717e+01,6.573137431468009662e-02,-8.321973854580064570e-03,4.786049729164475880e-06,1.735593694359665706e+00
1.444941301054315375e+01,6.566515856989851851e-02,-8.312844163034811135e-03,4.764392014466913051e-06,1.735601627166986516e+00
1.445737411413022855e+01,6.559901544809822183e-02,-8.303729398417444146e-03,4.742834230581232749e-06,1.735609532785189701e+00
1.446533521771730513e+01,6.553294483057280073e-02,-8.294629528480335426e-03,4.721375896974544478e-06,1.735617411305872437e+00
1.447329632130438171e+01,6.546694659887224155e-02,-8.285544521062030918e-03,4.700016535562032035e-06,1.735625262820317927e+00
1.448125742489145651e+01,6.540102063480224270e-02,-8.276474344086960991e-03,4.678755670693623758e-06,1.735633087419492737e+00
1.448921852847853309e+01,6.533516682042346535e-02,-8.267418965565166353e-03,4.657592829140706807e-06,1.735640885194051242e+00
1.449717963206560967e+01,6.526938503805099212e-02,-8.258378353592037840e-03,4.636527540082987997e-06,1.735648656234334952e+00
1.450514073565268625e+01,6.520367517025348059e-02,-8.249352476348040600e-03,4.615559335095338523e-06,1.735656400630373852e+00
1.451310183923976105e+01,6.513803709985262202e-02,-8.240341302098443468e-03,4.594687748134801324e-06,1.735664118471887507e+00
1.452106294282683763e+01,6.507247070992239202e-02,-8.231344799193050094e-03,4.573912315527619622e-06,1.735671809848287062e+00
1.452902404641391421e+01,6.500697588378839820e-02,-8.222362936065940459e-03,4.553232575956364558e-06,1.735679474848675907e+00
1.453698515000099079e+01,6.494155250502722798e-02,-8.213395681235193327e-03,4.532648070447133988e-06,1.735687113561849459e+00
1.454494625358806559e+01,6.487620045746576858e-02,-8.204443003302629503e-03,4.512158342356827505e-06,1.735694726076298933e+00
1.455290735717514217e+01,6.481091962518049920e-02,-8.195504870953541215e-03,4.491762937360471436e-06,1.735702312480210230e+00
1.456086846076221875e+01,6.474570989249692210e-02,-8.186581252956433644e-03,4.471461403438676827e-06,1.735709872861465497e+00
1.456882956434929532e+01,6.468057114398879925e-02,-8.177672118162761239e-03,4.451253290865094041e-06,1.735717407307646010e+00
1.457679066793637013e+01,6.461550326447759729e-02,-8.168777435506665782e-03,4.431138152194015575e-06,1.735724915906029953e+00
1.458475177152344671e+01,6.455050613903171031e-02,-8.159897174004712705e-03,4.411115542247975510e-06,1.735732398743596860e+00
1.459271287511052329e+01,6.448557965296589090e-02,-8.151031302755639557e-03,4.391185018105486157e-06,1.735739855907026730e+00
1.460067397869759986e+01,6.442072369184058400e-02,-8.142179790940090589e-03,4.371346139088817917e-06,1.735747287482701573e+00
1.460863508228467467e+01,6.435593814146128855e-02,-8.133342607820365222e-03,4.351598466751851984e-06,1.735754693556706973e+00
1.461659618587175125e+01,6.429122288787780803e-02,-8.124519722740147429e-03,4.331941564867976240e-06,1.735762074214831863e+00
1.462455728945882782e+01,6.422657781738373706e-02,-8.115711105124269811e-03,4.312374999418120070e-06,1.735769429542571407e+00
1.463251839304590440e+01,6.416200281651578130e-02,-8.106916724478446454e-03,4.292898338578801879e-06,1.735776759625127008e+00
1.464047949663297921e+01,6.409749777205304977e-02,-8.098136550389023122e-03,4.273511152710247760e-06,1.735784064547407413e+00
1.464844060022005579e+01,6.403306257101647192e-02,-8.089370552522718791e-03,4.254213014344606729e-06,1.735791344394030267e+00
1.465640170380713236e+01,6.396869710066813153e-02,-8.080618700626379311e-03,4.235003498174210842e-06,1.735798599249322338e+00
1.466436280739420894e+01,6.390440124851065606e-02,-8.071880964526725877e-03,4.215882181039924262e-06,1.735805829197321071e+00
1.467232391098128375e+01,6.384017490228660607e-02,-8.063157314130103490e-03,4.196848641919554152e-06,1.735813034321775472e+00
1.468028501456836032e+01,6.377601794997771190e-02,-8.054447719422231158e-03,4.177902461916281050e-06,1.735820214706149223e+00
1.468824611815543690e+01,6.371193027980442958e-02,-8.045752150467950364e-03,4.159043224247256964e-06,1.735827370433616457e+00
1.469620722174251171e+01,6.364791178022516371e-02,-8.037070577410989139e-03,4.140270514232166186e-06,1.735834501587069090e+00
1.470416832532958828e+01,6.358396233993571234e-02,-8.028402970473696651e-03,4.121583919281914866e-06,1.735841608249113488e+00
1.471212942891666486e+01,6.352008184786861467e-02,-8.019749299956817692e-03,4.102983028887362081e-06,1.735848690502073799e+00
1.472009053250374144e+01,6.345627019319254047e-02,-8.011109536239234205e-03,4.084467434608122912e-06,1.735855748427991063e+00
1.472805163609081625e+01,6.339252726531170723e-02,-8.002483649777725888e-03,4.066036730061447742e-06,1.735862782108625879e+00
1.473601273967789282e+01,6.332885295386513069e-02,-7.993871611106723868e-03,4.047690510911114272e-06,1.735869791625459513e+00
1.474397384326496940e+01,6.326524714872618083e-02,-7.985273390838074775e-03,4.029428374856470299e-06,1.735876777059693010e+00
1.475193494685204598e+01,6.320170974000183239e-02,-7.976688959660794415e-03,4.011249921621456169e-06,1.735883738492250528e+00
1.475989605043912078e+01,6.313824061803215149e-02,-7.968118288340830108e-03,3.993154752943749206e-06,1.735890676003778221e+00
1.476785715402619736e+01,6.307483967338955999e-02,-7.959561347720816096e-03,3.975142472563918298e-06,1.735897589674647579e+00
1.477581825761327394e+01,6.301150679687836376e-02,-7.951018108719839356e-03,3.957212686214703005e-06,1.735904479584954307e+00
1.478377936120035052e+01,6.294824187953404482e-02,-7.942488542333201937e-03,3.939365001610296048e-06,1.735911345814519890e+00
1.479174046478742532e+01,6.288504481262274792e-02,-7.933972619632185044e-03,3.921599028435736762e-06,1.735918188442893806e+00
1.479970156837450190e+01,6.282191548764053113e-02,-7.925470311763800971e-03,3.903914378336304553e-06,1.735925007549352639e+00
1.480766267196157848e+01,6.275885379631292171e-02,-7.916981589950576256e-03,3.886310664907048722e-06,1.735931803212902524e+00
1.481562377554865506e+01,6.269585963059422229e-02,-7.908506425490303623e-03,3.868787503682316595e-06,1.735938575512279369e+00
1.482358487913572986e+01,6.263293288266696957e-02,-7.900044789755816463e-03,3.851344512125382453e-06,1.735945324525950628e+00
1.483154598272280644e+01,6.257007344494124046e-02,-7.891596654194745972e-03,3.833981309618089167e-06,1.735952050332114860e+00
1.483950708630988302e+01,6.250728121005418025e-02,-7.883161990329299110e-03,3.816697517450613498e-06,1.735958753008703948e+00
1.484746818989695960e+01,6.244455607086932952e-02,-7.874740769756022676e-03,3.799492758811234360e-06,1.735965432633383321e+00
1.485542929348403440e+01,6.238189792047608984e-02,-7.866332964145577797e-03,3.782366658776194689e-06,1.735972089283554176e+00
1.486339039707111098e+01,6.231930665218903681e-02,-7.857938545242498796e-03,3.765318844299581933e-06,1.735978723036352811e+00
1.487135150065818756e+01,6.225678215954744826e-02,-7.849557484864978091e-03,3.748348944203323752e-06,1.735985333968652178e+00
1.487931260424526236e+01,6.219432433631466584e-02,-7.841189754904630271e-03,3.731456589167194296e-06,1.735991922157062772e+00
1.488727370783233894e+01,6.213193307647747743e-02,-7.832835327326266583e-03,3.714641411718884014e-06,1.735998487677934854e+00
1.489523481141941552e+01,6.206960827424561067e-02,-7.824494174167671151e-03,3.697903046224155441e-06,1.736005030607357336e+00
1.490319591500649210e+01,6.200734982405110146e-02,-7.816166267539371992e-03,3.681241128877021847e-06,1.736011551021159782e+00
1.491115701859356690e+01,6.194515762054773195e-02,-7.807851579624418975e-03,3.664655297689998313e-06,1.736018048994913299e+00
1.491911812218064348e+01,6.188303155861041294e-02,-7.799550082678155700e-03,3.648145192484395580e-06,1.736024524603931640e+00
1.492707922576772006e+01,6.182097153333469819e-02,-7.791261749028003530e-03,3.631710454880701143e-06,1.736030977923271434e+00
1.493504032935479664e+01,6.175897744003613216e-02,-7.782986551073235205e-03,3.615350728288974744e-06,1.736037409027734624e+00
1.494300143294187144e+01,6.169704917424972263e-02,-7.774724461284751933e-03,3.599065657899327301e-06,1.736043817991866467e+00
1.495096253652894802e+01,6.163518663172932316e-02,-7.766475452204863079e-03,3.582854890672431169e-06,1.736050204889960202e+00
1.495892364011602460e+01,6.157338970844713349e-02,-7.758239496447069325e-03,3.566718075330116384e-06,1.736056569796055049e+00
1.496688474370310118e+01,6.151165830059307504e-02,-7.750016566695843226e-03,3.550654862345985962e-06,1.736062912783938650e+00
1.497484584729017598e+01,6.144999230457427741e-02,-7.741806635706408035e-03,3.534664903936113780e-06,1.736069233927147071e+00
1.498280695087725256e+01,6.138839161701442615e-02,-7.733609676304517393e-03,3.518747854049756863e-06,1.736075533298966134e+00
1.499076805446432914e+01,6.132685613475333253e-02,-7.725425661386249761e-03,3.502903368360182862e-06,1.736081810972432971e+00
1.499872915805140572e+01,6.126538575484627436e-02,-7.717254563917779440e-03,3.487131104255484830e-06,1.736088067020335135e+00
1.500669026163848052e+01,6.120398037456347556e-02,-7.709096356935172742e-03,3.471430720829484087e-06,1.736094301515213933e+00
1.501465136522555710e+01,6.114263989138953026e-02,-7.700951013544159868e-03,3.455801878872675015e-06,1.736100514529362426e+00
1.502261246881263368e+01,6.108136420302288927e-02,-7.692818506919935420e-03,3.440244240863230839e-06,1.736106706134829647e+00
1.503057357239971026e+01,6.102015320737525644e-02,-7.684698810306938091e-03,3.424757470958040325e-06,1.736112876403417937e+00
1.503853467598678506e+01,6.095900680257110293e-02,-7.676591897018640760e-03,3.409341234983824517e-06,1.736119025406687610e+00
1.504649577957386164e+01,6.089792488694702882e-02,-7.668497740437330186e-03,3.393995200428264923e-06,1.736125153215953620e+00
1.505445688316093822e+01,6.083690735905130514e-02,-7.660416314013912716e-03,3.378719036431225704e-06,1.736131259902290225e+00
1.506241798674801480e+01,6.077595411764328409e-02,-7.652347591267691373e-03,3.363512413775994933e-06,1.736137345536529653e+00
1.507037909033508960e+01,6.071506506169285777e-02,-7.644291545786162032e-03,3.348375004880583875e-06,1.736143410189263436e+00
1.507834019392216618e+01,6.065424009037990311e-02,-7.636248151224799170e-03,3.333306483789074118e-06,1.736149453930844189e+00
1.508630129750924276e+01,6.059347910309378915e-02,-7.628217381306858121e-03,3.318306526163029507e-06,1.736155476831384714e+00
1.509426240109631756e+01,6.053278199943280119e-02,-7.620199209823159958e-03,3.303374809272931373e-06,1.736161478960760451e+00
1.510222350468339414e+01,6.047214867920357867e-02,-7.612193610631885071e-03,3.288511011989670932e-06,1.736167460388609474e+00
1.511018460827047072e+01,6.041157904242064336e-02,-7.604200557658373667e-03,3.273714814776108175e-06,1.736173421184333820e+00
1.511814571185754730e+01,6.035107298930583730e-02,-7.596220024894915872e-03,3.258985899678656179e-06,1.736179361417100164e+00
1.512610681544462210e+01,6.029063042028778158e-02,-7.588251986400550500e-03,3.244323950318918345e-06,1.736185281155839810e+00
1.513406791903169868e+01,6.023025123600131425e-02,-7.580296416300854288e-03,3.229728651885368421e-06,1.736191180469251361e+00
1.514202902261877526e+01,6.016993533728704630e-02,-7.572353288787751942e-03,3.215199691125103360e-06,1.736197059425799827e+00
1.514999012620585184e+01,6.010968262519076483e-02,-7.564422578119304498e-03,3.200736756335608050e-06,1.736202918093718628e+00
1.515795122979292664e+01,6.004949300096294740e-02,-7.556504258619510701e-03,3.186339537356590333e-06,1.736208756541008924e+00
1.516591233338000322e+01,5.998936636605817913e-02,-7.548598304678104907e-03,3.172007725561841870e-06,1.736214574835443170e+00
1.517387343696707980e+01,5.992930262213470166e-02,-7.540704690750361060e-03,3.157741013851170995e-06,1.736220373044562670e+00
1.518183454055415638e+01,5.986930167105385114e-02,-7.532823391356890594e-03,3.143539096642360141e-06,1.736226151235680693e+00
1.518979564414123118e+01,5.980936341487957247e-02,-7.524954381083444679e-03,3.129401669863181283e-06,1.736231909475881796e+00
1.519775674772830776e+01,5.974948775587782951e-02,-7.517097634580714727e-03,3.115328430943434250e-06,1.736237647832025166e+00
1.520571785131538434e+01,5.968967459651616791e-02,-7.509253126564137230e-03,3.101319078807065510e-06,1.736243366370741059e+00
1.521367895490246092e+01,5.962992383946316005e-02,-7.501420831813700348e-03,3.087373313864300923e-06,1.736249065158436800e+00
1.522164005848953572e+01,5.957023538758793313e-02,-7.493600725173742670e-03,3.073490838003844150e-06,1.736254744261292782e+00
1.522960116207661230e+01,5.951060914395956553e-02,-7.485792781552758068e-03,3.059671354585088183e-06,1.736260403745267134e+00
1.523756226566368888e+01,5.945104501184667739e-02,-7.477996975923205739e-03,3.045914568430411999e-06,1.736266043676093940e+00
1.524552336925076546e+01,5.939154289471687553e-02,-7.470213283321315914e-03,3.032220185817491627e-06,1.736271664119285241e+00
1.525348447283784026e+01,5.933210269623626076e-02,-7.462441678846894709e-03,3.018587914471662868e-06,1.736277265140131254e+00
1.526144557642491684e+01,5.927272432026888666e-02,-7.454682137663129829e-03,3.005017463558320874e-06,1.736282846803701707e+00
1.526940668001199342e+01,5.921340767087630852e-02,-7.446934634996404956e-03,2.991508543675378160e-06,1.736288409174846725e+00
1.527736778359906999e+01,5.915415265231704911e-02,-7.439199146136103724e-03,2.978060866845748043e-06,1.736293952318196387e+00
1.528532888718614480e+01,5.909495916904611984e-02,-7.431475646434423238e-03,2.964674146509881424e-06,1.736299476298162947e+00
1.529328999077322138e+01,5.903582712571446567e-02,-7.423764111306178914e-03,2.951348097518329848e-06,1.736304981178941054e+00
1.530125109436029796e+01,5.897675642716854183e-02,-7.416064516228620604e-03,2.938082436124375887e-06,1.736310467024507975e+00
1.530921219794737276e+01,5.891774697844978648e-02,-7.408376836741245239e-03,2.924876879976685558e-06,1.736315933898625374e+00
1.531717330153444934e+01,5.885879868479410026e-02,-7.400701048445601678e-03,2.911731148111999272e-06,1.736321381864839974e+00
1.532513440512152592e+01,5.879991145163138144e-02,-7.393037127005111162e-03,2.898644960947876998e-06,1.736326810986482894e+00
1.533309550870860249e+01,5.874108518458505401e-02,-7.385385048144878228e-03,2.885618040275484931e-06,1.736332221326671865e+00
1.534105661229567730e+01,5.868231978947153343e-02,-7.377744787651507700e-03,2.872650109252402910e-06,1.736337612948312126e+00
1.534901771588275388e+01,5.862361517229973396e-02,-7.370116321372910395e-03,2.859740892395485205e-06,1.736342985914096193e+00
1.535697881946983046e+01,5.856497123927063841e-02,-7.362499625218130520e-03,2.846890115573775080e-06,1.736348340286504977e+00
1.536493992305690703e+01,5.850638789677677087e-02,-7.354894675157155719e-03,2.834097506001431650e-06,1.736353676127808665e+00
1.537290102664398184e+01,5.844786505140171090e-02,-7.347301447220734930e-03,2.821362792230713057e-06,1.736358993500067616e+00
1.538086213023105842e+01,5.838940260991961478e-02,-7.339719917500194500e-03,2.808685704144992684e-06,1.736364292465132797e+00
1.538882323381813499e+01,5.833100047929473675e-02,-7.332150062147257778e-03,2.796065972951819416e-06,1.736369573084646456e+00
1.539678433740521157e+01,5.827265856668097099e-02,-7.324591857373864701e-03,2.783503331176017705e-06,1.736374835420043006e+00
1.540474544099228638e+01,5.821437677942134514e-02,-7.317045279451992248e-03,2.770997512652816020e-06,1.736380079532550358e+00
1.541270654457936296e+01,5.815615502504751372e-02,-7.309510304713467098e-03,2.758548252521014254e-06,1.736385305483189478e+00
1.542066764816643953e+01,5.809799321127936261e-02,-7.301986909549794749e-03,2.746155287216210849e-06,1.736390513332776164e+00
1.542862875175351611e+01,5.803989124602447480e-02,-7.294475070411977381e-03,2.733818354464040505e-06,1.736395703141920599e+00
1.543658985534059092e+01,5.798184903737767931e-02,-7.286974763810337777e-03,2.721537193273463990e-06,1.736400874971029795e+00
1.544455095892766749e+01,5.792386649362055162e-02,-7.279485966314334575e-03,2.709311543930085472e-06,1.736406028880306929e+00
1.545251206251474407e+01,5.786594352322098345e-02,-7.272008654552394868e-03,2.697141147989523637e-06,1.736411164929752005e+00
1.546047316610182065e+01,5.780808003483269703e-02,-7.264542805211732929e-03,2.685025748270804411e-06,1.736416283179163411e+00
1.546843426968889545e+01,5.775027593729478714e-02,-7.257088395038176730e-03,2.672965088849798147e-06,1.736421383688138587e+00
1.547639537327597203e+01,5.769253113963120072e-02,-7.249645400835986672e-03,2.660958915052678416e-06,1.736426466516073575e+00
1.548435647686304861e+01,5.763484555105035517e-02,-7.242213799467690782e-03,2.649006973449448129e-06,1.736431531722165689e+00
1.549231758045012342e+01,5.757721908094465268e-02,-7.234793567853906038e-03,2.637109011847476256e-06,1.736436579365412403e+00
1.550027868403719999e+01,5.751965163888993898e-02,-7.227384682973157955e-03,2.625264779285062072e-06,1.736441609504611794e+00
1.550823978762427657e+01,5.746214313464515638e-02,-7.219987121861723596e-03,2.613474026025072660e-06,1.736446622198366097e+00
1.551620089121135315e+01,5.740469347815183032e-02,-7.212600861613446823e-03,2.601736503548581705e-06,1.736451617505079259e+00
1.552416199479842795e+01,5.734730257953361138e-02,-7.205225879379573498e-03,2.590051964548555278e-06,1.736456595482959386e+00
1.553212309838550453e+01,5.728997034909579650e-02,-7.197862152368571069e-03,2.578420162923566856e-06,1.736461556190018296e+00
1.554008420197258111e+01,5.723269669732493348e-02,-7.190509657845971583e-03,2.566840853771565698e-06,1.736466499684073295e+00
1.554804530555965769e+01,5.717548153488833523e-02,-7.183168373134194741e-03,2.555313793383658357e-06,1.736471426022747178e+00
1.555600640914673249e+01,5.711832477263362878e-02,-7.175838275612377894e-03,2.543838739237935497e-06,1.736476335263469561e+00
1.556396751273380907e+01,5.706122632158825564e-02,-7.168519342716207776e-03,2.532415449993317360e-06,1.736481227463476662e+00
1.557192861632088565e+01,5.700418609295913180e-02,-7.161211551937756575e-03,2.521043685483470367e-06,1.736486102679812626e+00
1.557988971990796223e+01,5.694720399813209960e-02,-7.153914880825309325e-03,2.509723206710711874e-06,1.736490960969329533e+00
1.558785082349503703e+01,5.689027994867155297e-02,-7.146629306983204311e-03,2.498453775839984380e-06,1.736495802388689835e+00
1.559581192708211361e+01,5.683341385631990317e-02,-7.139354808071652660e-03,2.487235156192831425e-06,1.736500626994364138e+00
1.560377303066919019e+01,5.677660563299723184e-02,-7.132091361806590021e-03,2.476067112241441258e-06,1.736505434842634754e+00
1.561173413425626677e+01,5.671985519080079835e-02,-7.124838945959500493e-03,2.464949409602698121e-06,1.736510225989594591e+00
1.561969523784334157e+01,5.666316244200461649e-02,-7.117597538357257891e-03,2.453881815032275893e-06,1.736515000491148042e+00
1.562765634143041815e+01,5.660652729905894798e-02,-7.110367116881951416e-03,2.442864096418751206e-06,1.736519758403012537e+00
1.563561744501749473e+01,5.654994967458999017e-02,-7.103147659470737327e-03,2.431896022777783485e-06,1.736524499780718100e+00
1.564357854860457131e+01,5.649342948139931403e-02,-7.095939144115663740e-03,2.420977364246281007e-06,1.736529224679608907e+00
1.565153965219164611e+01,5.643696663246352413e-02,-7.088741548863516234e-03,2.410107892076638538e-06,1.736533933154842835e+00
1.565950075577872269e+01,5.638056104093372434e-02,-7.081554851815646985e-03,2.399287378630974117e-06,1.736538625261393687e+00
1.566746185936579927e+01,5.632421262013517782e-02,-7.074379031127825575e-03,2.388515597375428950e-06,1.736543301054050525e+00
1.567542296295287585e+01,5.626792128356684214e-02,-7.067214065010069858e-03,2.377792322874478738e-06,1.736547960587419004e+00
1.568338406653995065e+01,5.621168694490091128e-02,-7.060059931726487235e-03,2.367117330785273802e-06,1.736552603915921145e+00
1.569134517012702723e+01,5.615550951798240625e-02,-7.052916609595113323e-03,2.356490397852023676e-06,1.736557231093796894e+00
1.569930627371410381e+01,5.609938891682874490e-02,-7.045784076987761033e-03,2.345911301900404574e-06,1.736561842175105008e+00
1.570726737730117861e+01,5.604332505562935329e-02,-7.038662312329854037e-03,2.335379821832006243e-06,1.736566437213722391e+00
1.571522848088825519e+01,5.598731784874513839e-02,-7.031551294100267177e-03,2.324895737618785163e-06,1.736571016263345868e+00
1.572318958447533177e+01,5.593136721070816886e-02,-7.024451000831179875e-03,2.314458830297582134e-06,1.736575579377492407e+00
1.573115068806240835e+01,5.587547305622120319e-02,-7.017361411107907870e-03,2.304068881964647894e-06,1.736580126609499786e+00
1.573911179164948315e+01,5.581963530015729424e-02,-7.010282503568754896e-03,2.293725675770205173e-06,1.736584658012526816e+00
1.574707289523655973e+01,5.576385385755928265e-02,-7.003214256904848750e-03,2.283428995913026833e-06,1.736589173639555117e+00
1.575503399882363631e+01,5.570812864363950540e-02,-6.996156649859995580e-03,2.273178627635078384e-06,1.736593673543388450e+00
1.576299510241071289e+01,5.565245957377928238e-02,-6.989109661230515948e-03,2.262974357216150761e-06,1.736598157776653606e+00
1.577095620599778769e+01,5.559684656352856247e-02,-6.982073269865100851e-03,2.252815971968550698e-06,1.736602626391802184e+00
1.577891730958486427e+01,5.554128952860541008e-02,-6.975047454664644320e-03,2.242703260231792371e-06,1.736607079441109258e+00
1.578687841317194085e+01,5.548578838489572063e-02,-6.968032194582103774e-03,2.232636011367358078e-06,1.736611516976675595e+00
1.579483951675901743e+01,5.543034304845270016e-02,-6.961027468622339558e-03,2.222614015753442822e-06,1.736615939050428103e+00
1.580280062034609223e+01,5.537495343549652532e-02,-6.954033255841966625e-03,2.212637064779766232e-06,1.736620345714119162e+00
1.581076172393316881e+01,5.531961946241385070e-02,-6.947049535349196676e-03,2.202704950842376867e-06,1.736624737019328846e+00
1.581872282752024539e+01,5.526434104575750350e-02,-6.940076286303695045e-03,2.192817467338525546e-06,1.736629113017464032e+00
1.582668393110732197e+01,5.520911810224597704e-02,-6.933113487916427176e-03,2.182974408661525976e-06,1.736633473759760626e+00
1.583464503469439677e+01,5.515395054876310460e-02,-6.926161119449505965e-03,2.173175570195675946e-06,1.736637819297282892e+00
1.584260613828147335e+01,5.509883830235755980e-02,-6.919219160216042580e-03,2.163420748311178933e-06,1.736642149680924563e+00
1.585056724186854993e+01,5.504378128024254441e-02,-6.912287589580001605e-03,2.153709740359119937e-06,1.736646464961408620e+00
1.585852834545562651e+01,5.498877939979533724e-02,-6.905366386956048388e-03,2.144042344666451458e-06,1.736650765189289958e+00
1.586648944904270131e+01,5.493383257855690566e-02,-6.898455531809404191e-03,2.134418360531009141e-06,1.736655050414953383e+00
1.587445055262977789e+01,5.487894073423144753e-02,-6.891555003655691798e-03,2.124837588216551966e-06,1.736659320688616059e+00
1.588241165621685447e+01,5.482410378468610679e-02,-6.884664782060798474e-03,2.115299828947849886e-06,1.736663576060327507e+00
1.589037275980393105e+01,5.476932164795045299e-02,-6.877784846640720706e-03,2.105804884905763835e-06,1.736667816579969381e+00
1.589833386339100585e+01,5.471459424221618295e-02,-6.870915177061425426e-03,2.096352559222388414e-06,1.736672042297257912e+00
1.590629496697808243e+01,5.465992148583662114e-02,-6.864055753038693884e-03,2.086942655976184846e-06,1.736676253261742131e+00
1.591425607056515901e+01,5.460530329732641436e-02,-6.857206554337989812e-03,2.077574980187176177e-06,1.736680449522807645e+00
1.592221717415223381e+01,5.455073959536112238e-02,-6.850367560774306766e-03,2.068249337812148833e-06,1.736684631129672862e+00
1.593017827773931039e+01,5.449623029877673913e-02,-6.843538752212020675e-03,2.058965535739867314e-06,1.736688798131393652e+00
1.593813938132638697e+01,5.444177532656941515e-02,-6.836720108564756267e-03,2.049723381786352403e-06,1.736692950576861794e+00
1.594610048491346355e+01,5.438737459789499962e-02,-6.829911609795237017e-03,2.040522684690150487e-06,1.736697088514805865e+00
1.595406158850053835e+01,5.433302803206868647e-02,-6.823113235915144632e-03,2.031363254107648198e-06,1.736701211993791905e+00
1.596202269208761493e+01,5.427873554856454952e-02,-6.816324966984972471e-03,2.022244900608392977e-06,1.736705321062224305e+00
1.596998379567469151e+01,5.422449706701527178e-02,-6.809546783113891964e-03,2.013167435670471239e-06,1.736709415768345588e+00
1.597794489926176809e+01,5.417031250721165286e-02,-6.802778664459603435e-03,2.004130671675874256e-06,1.736713496160237957e+00
1.598590600284884289e+01,5.411618178910229671e-02,-6.796020591228203386e-03,1.995134421905919097e-06,1.736717562285822636e+00
1.599386710643591947e+01,5.406210483279316747e-02,-6.789272543674032719e-03,1.986178500536672955e-06,1.736721614192862306e+00
1.600182821002299605e+01,5.400808155854725651e-02,-6.782534502099550090e-03,1.977262722634419828e-06,1.736725651928959557e+00
1.600978931361007085e+01,5.395411188678417985e-02,-6.775806446855184469e-03,1.968386904151139905e-06,1.736729675541558438e+00
1.601775041719714920e+01,5.390019573807974806e-02,-6.769088358339192014e-03,1.959550861920008429e-06,1.736733685077945344e+00
1.602571152078422401e+01,5.384633303316573028e-02,-6.762380216997535519e-03,1.950754413650953014e-06,1.736737680585248578e+00
1.603367262437129881e+01,5.379252369292928521e-02,-6.755682003323723941e-03,1.941997377926176225e-06,1.736741662110440121e+00
1.604163372795837716e+01,5.373876763841269055e-02,-6.748993697858685775e-03,1.933279574195754397e-06,1.736745629700334748e+00
1.604959483154545197e+01,5.368506479081301686e-02,-6.742315281190641545e-03,1.924600822773249581e-06,1.736749583401592689e+00
1.605755593513253032e+01,5.363141507148159320e-02,-6.735646733954944211e-03,1.915960944831310899e-06,1.736753523260717191e+00
1.606551703871960513e+01,5.357781840192381989e-02,-6.728988036833968150e-03,1.907359762397356375e-06,1.736757449324058289e+00
1.607347814230667993e+01,5.352427470379862717e-02,-6.722339170556952161e-03,1.898797098349220875e-06,1.736761361637810364e+00
1.608143924589375828e+01,5.347078389891818384e-02,-6.715700115899874562e-03,1.890272776410866734e-06,1.736765260248014586e+00
1.608940034948083309e+01,5.341734590924757803e-02,-6.709070853685324826e-03,1.881786621148113441e-06,1.736769145200559361e+00
1.609736145306790789e+01,5.336396065690431068e-02,-6.702451364782354391e-03,1.873338457964360331e-06,1.736773016541180104e+00
1.610532255665498624e+01,5.331062806415802491e-02,-6.695841630106348294e-03,1.864928113096369422e-06,1.736776874315459906e+00
1.611328366024206105e+01,5.325734805343016603e-02,-6.689241630618902867e-03,1.856555413610059684e-06,1.736780718568829762e+00
1.612124476382913585e+01,5.320412054729348889e-02,-6.682651347327675691e-03,1.848220187396300675e-06,1.736784549346571449e+00
1.612920586741621420e+01,5.315094546847178025e-02,-6.676070761286258086e-03,1.839922263166760807e-06,1.736788366693813312e+00
1.613716697100328901e+01,5.309782273983953971e-02,-6.669499853594058024e-03,1.831661470449772977e-06,1.736792170655536482e+00
1.614512807459036736e+01,5.304475228442146612e-02,-6.662938605396142265e-03,1.823437639586190885e-06,1.736795961276571099e+00
1.615308917817744216e+01,5.299173402539226335e-02,-6.656386997883128806e-03,1.815250601725317345e-06,1.736799738601598087e+00
1.616105028176451697e+01,5.293876788607615458e-02,-6.649845012291041163e-03,1.807100188820809306e-06,1.736803502675150490e+00
1.616901138535159532e+01,5.288585378994653530e-02,-6.643312629901179135e-03,1.798986233626626065e-06,1.736807253541612583e+00
1.617697248893867012e+01,5.283299166062572355e-02,-6.636789832040005180e-03,1.790908569693013913e-06,1.736810991245222757e+00
1.618493359252574493e+01,5.278018142188446726e-02,-6.630276600078990890e-03,1.782867031362475950e-06,1.736814715830070632e+00
1.619289469611282328e+01,5.272742299764161117e-02,-6.623772915434499899e-03,1.774861453765785099e-06,1.736818427340100390e+00
1.620085579969989809e+01,5.267471631196384702e-02,-6.617278759567669054e-03,1.766891672818035242e-06,1.736822125819109885e+00
1.620881690328697644e+01,5.262206128906520008e-02,-6.610794113984255760e-03,1.758957525214668209e-06,1.736825811310751089e+00
1.621677800687405124e+01,5.256945785330683490e-02,-6.604318960234538231e-03,1.751058848427575735e-06,1.736829483858532086e+00
1.622473911046112605e+01,5.251690592919654177e-02,-6.597853279913164573e-03,1.743195480701169011e-06,1.736833143505815302e+00
1.623270021404820440e+01,5.246440544138847306e-02,-6.591397054659034818e-03,1.735367261048510078e-06,1.736836790295820832e+00
1.624066131763527920e+01,5.241195631468284488e-02,-6.584950266155184702e-03,1.727574029247457401e-06,1.736840424271623329e+00
1.624862242122235401e+01,5.235955847402545826e-02,-6.578512896128640812e-03,1.719815625836804669e-06,1.736844045476155785e+00
1.625658352480943236e+01,5.230721184450740080e-02,-6.572084926350302628e-03,1.712091892112467454e-06,1.736847653952207748e+00
1.626454462839650716e+01,5.225491635136478991e-02,-6.565666338634830630e-03,1.704402670123696337e-06,1.736851249742428438e+00
1.627250573198358552e+01,5.220267191997824546e-02,-6.559257114840493647e-03,1.696747802669269495e-06,1.736854832889323630e+00
1.628046683557066032e+01,5.215047847587274410e-02,-6.552857236869074307e-03,1.689127133293763216e-06,1.736858403435258991e+00
1.628842793915773512e+01,5.209833594471708490e-02,-6.546466686665720729e-03,1.681540506283782392e-06,1.736861961422460077e+00
1.629638904274481348e+01,5.204624425232365348e-02,-6.540085446218833753e-03,1.673987766664258767e-06,1.736865506893011668e+00
1.630435014633188828e+01,5.199420332464810279e-02,-6.533713497559950727e-03,1.666468760194752166e-06,1.736869039888858657e+00
1.631231124991896309e+01,5.194221308778890905e-02,-6.527350822763607584e-03,1.658983333365756149e-06,1.736872560451808267e+00
1.632027235350604144e+01,5.189027346798708029e-02,-6.520997403947220890e-03,1.651531333395045192e-06,1.736876068623527836e+00
1.632823345709311624e+01,5.183838439162588574e-02,-6.514653223270980287e-03,1.644112608224042392e-06,1.736879564445546587e+00
1.633619456068019105e+01,5.178654578523038399e-02,-6.508318262937704511e-03,1.636727006514178921e-06,1.736883047959256965e+00
1.634415566426726940e+01,5.173475757546715237e-02,-6.501992505192731239e-03,1.629374377643302181e-06,1.736886519205913748e+00
1.635211676785434420e+01,5.168301968914400246e-02,-6.495675932323803463e-03,1.622054571702098788e-06,1.736889978226634268e+00
1.636007787144142256e+01,5.163133205320950825e-02,-6.489368526660932446e-03,1.614767439490512042e-06,1.736893425062400631e+00
1.636803897502849736e+01,5.157969459475283264e-02,-6.483070270576296243e-03,1.607512832514219331e-06,1.736896859754058831e+00
1.637600007861557216e+01,5.152810724100324868e-02,-6.476781146484101789e-03,1.600290602981085392e-06,1.736900282342319635e+00
1.638396118220265052e+01,5.147656991932984816e-02,-6.470501136840474746e-03,1.593100603797660464e-06,1.736903692867758808e+00
1.639192228578972532e+01,5.142508255724130561e-02,-6.464230224143348476e-03,1.585942688565706183e-06,1.736907091370817113e+00
1.639988338937680012e+01,5.137364508238539962e-02,-6.457968390932329605e-03,1.578816711578702418e-06,1.736910477891802529e+00
1.640784449296387848e+01,5.132225742254873518e-02,-6.451715619788586133e-03,1.571722527818404930e-06,1.736913852470888919e+00
1.641580559655095328e+01,5.127091950565650091e-02,-6.445471893334742478e-03,1.564659992951422936e-06,1.736917215148116922e+00
1.642376670013803164e+01,5.121963125977198328e-02,-6.439237194234736367e-03,1.557628963325781844e-06,1.736920565963395280e+00
1.643172780372510644e+01,5.116839261309638620e-02,-6.433011505193730363e-03,1.550629295967546776e-06,1.736923904956499731e+00
1.643968890731218124e+01,5.111720349396838003e-02,-6.426794808957971353e-03,1.543660848577426383e-06,1.736927232167075452e+00
1.644765001089925960e+01,5.106606383086384482e-02,-6.420587088314685595e-03,1.536723479527420926e-06,1.736930547634635280e+00
1.645561111448633440e+01,5.101497355239557885e-02,-6.414388326091969433e-03,1.529817047857483698e-06,1.736933851398562156e+00
1.646357221807340920e+01,5.096393258731285458e-02,-6.408198505158659193e-03,1.522941413272178627e-06,1.736937143498108016e+00
1.647153332166048756e+01,5.091294086450118966e-02,-6.402017608424221025e-03,1.516096436137385322e-06,1.736940423972395120e+00
1.647949442524756236e+01,5.086199831298204160e-02,-6.395845618838650291e-03,1.509281977477011102e-06,1.736943692860417388e+00
1.648745552883464072e+01,5.081110486191237063e-02,-6.389682519392330187e-03,1.502497898969701965e-06,1.736946950201037732e+00
1.649541663242171552e+01,5.076026044058447317e-02,-6.383528293115947605e-03,1.495744062945606926e-06,1.736950196032991611e+00
1.650337773600879032e+01,5.070946497842551692e-02,-6.377382923080355225e-03,1.489020332383121593e-06,1.736953430394887032e+00
1.651133883959586868e+01,5.065871840499728412e-02,-6.371246392396469164e-03,1.482326570905673473e-06,1.736956653325203215e+00
1.651929994318294348e+01,5.060802064999592176e-02,-6.365118684215162297e-03,1.475662642778527591e-06,1.736959864862292591e+00
1.652726104677001828e+01,5.055737164325148358e-02,-6.358999781727138478e-03,1.469028412905579841e-06,1.736963065044380805e+00
1.653522215035709664e+01,5.050677131472769421e-02,-6.352889668162825867e-03,1.462423746826197338e-06,1.736966253909567159e+00
1.654318325394417144e+01,5.045621959452167848e-02,-6.346788326792273706e-03,1.455848510712070845e-06,1.736969431495824390e+00
1.655114435753124624e+01,5.040571641286354515e-02,-6.340695740925025685e-03,1.449302571364062751e-06,1.736972597841001109e+00
1.655910546111832460e+01,5.035526170011610236e-02,-6.334611893910017597e-03,1.442785796209092109e-06,1.736975752982819809e+00
1.656706656470539940e+01,5.030485538677464258e-02,-6.328536769135473250e-03,1.436298053297041479e-06,1.736978896958877749e+00
1.657502766829247776e+01,5.025449740346644295e-02,-6.322470350028776102e-03,1.429839211297646419e-06,1.736982029806649841e+00
1.658298877187955256e+01,5.020418768095067513e-02,-6.316412620056381655e-03,1.423409139497450815e-06,1.736985151563485097e+00
1.659094987546662736e+01,5.015392615011789873e-02,-6.310363562723688216e-03,1.417007707796727715e-06,1.736988262266610850e+00
1.659891097905370572e+01,5.010371274198983926e-02,-6.304323161574933686e-03,1.410634786706450541e-06,1.736991361953130086e+00
1.660687208264078052e+01,5.005354738771913836e-02,-6.298291400193100145e-03,1.404290247345277026e-06,1.736994450660024558e+00
1.661483318622785532e+01,5.000343001858890968e-02,-6.292268262199784620e-03,1.397973961436525721e-06,1.736997528424152559e+00
1.662279428981493368e+01,4.995336056601250990e-02,-6.286253731255100202e-03,1.391685801305193599e-06,1.737000595282252036e+00
1.663075539340200848e+01,4.990333896153329590e-02,-6.280247791057577168e-03,1.385425639874987623e-06,1.737003651270937921e+00
1.663871649698908683e+01,4.985336513682415982e-02,-6.274250425344037214e-03,1.379193350665346160e-06,1.737006696426706354e+00
1.664667760057616164e+01,4.980343902368739029e-02,-6.268261617889504117e-03,1.372988807788513957e-06,1.737009730785931128e+00
1.665463870416323644e+01,4.975356055405424915e-02,-6.262281352507083169e-03,1.366811885946598497e-06,1.737012754384867019e+00
1.666259980775031480e+01,4.970372965998468701e-02,-6.256309613047861436e-03,1.360662460428658532e-06,1.737015767259648680e+00
1.667056091133738960e+01,4.965394627366716274e-02,-6.250346383400806269e-03,1.354540407107821417e-06,1.737018769446291522e+00
1.667852201492446440e+01,4.960421032741814396e-02,-6.244391647492648217e-03,1.348445602438373976e-06,1.737021760980692608e+00
1.668648311851154276e+01,4.955452175368194045e-02,-6.238445389287780411e-03,1.342377923452912663e-06,1.737024741898629765e+00
1.669444422209861756e+01,4.950488048503043359e-02,-6.232507592788164887e-03,1.336337247759492866e-06,1.737027712235764021e+00
1.670240532568569591e+01,4.945528645416260444e-02,-6.226578242033204216e-03,1.330323453538770178e-06,1.737030672027636724e+00
1.671036642927277072e+01,4.940573959390447828e-02,-6.220657321099664315e-03,1.324336419541206665e-06,1.737033621309673759e+00
1.671832753285984552e+01,4.935623983720860419e-02,-6.214744814101547804e-03,1.318376025084236061e-06,1.737036560117183992e+00
1.672628863644692387e+01,4.930678711715385382e-02,-6.208840705189998602e-03,1.312442150049480206e-06,1.737039488485358829e+00
1.673424974003399868e+01,4.925738136694519931e-02,-6.202944978553208248e-03,1.306534674879980730e-06,1.737042406449273990e+00
1.674221084362107348e+01,4.920802251991329007e-02,-6.197057618416297077e-03,1.300653480577417398e-06,1.737045314043890620e+00
1.675017194720815183e+01,4.915871050951418908e-02,-6.191178609041216203e-03,1.294798448699362873e-06,1.737048211304052847e+00
1.675813305079522664e+01,4.910944526932919246e-02,-6.185307934726658186e-03,1.288969461356560356e-06,1.737051098264491555e+00
1.676609415438230144e+01,4.906022673306437154e-02,-6.179445579807933860e-03,1.283166401210182162e-06,1.737053974959821723e+00
1.677405525796937980e+01,4.901105483455037160e-02,-6.173591528656882134e-03,1.277389151469134038e-06,1.737056841424544640e+00
1.678201636155645460e+01,4.896192950774216207e-02,-6.167745765681777181e-03,1.271637595887366044e-06,1.737059697693048577e+00
1.678997746514353295e+01,4.891285068671862024e-02,-6.161908275327204407e-03,1.265911618761180259e-06,1.737062543799608338e+00
1.679793856873060776e+01,4.886381830568239937e-02,-6.156079042073985853e-03,1.260211104926583172e-06,1.737065379778384377e+00
1.680589967231768256e+01,4.881483229895949155e-02,-6.150258050439057905e-03,1.254535939756617734e-06,1.737068205663426124e+00
1.681386077590476091e+01,4.876589260099900569e-02,-6.144445284975382816e-03,1.248886009158733958e-06,1.737071021488670652e+00
1.682182187949183572e+01,4.871699914637295931e-02,-6.138640730271850698e-03,1.243261199572174976e-06,1.737073827287942018e+00
1.682978298307891052e+01,4.866815186977584140e-02,-6.132844370953171101e-03,1.237661397965349333e-06,1.737076623094954586e+00
1.683774408666598887e+01,4.861935070602441122e-02,-6.127056191679777601e-03,1.232086491833244568e-06,1.737079408943309922e+00
1.684570519025306368e+01,4.857059559005746235e-02,-6.121276177147738466e-03,1.226536369194850964e-06,1.737082184866500345e+00
1.685366629384014203e+01,4.852188645693539248e-02,-6.115504312088640426e-03,1.221010918590575135e-06,1.737084950897907376e+00
1.686162739742721683e+01,4.847322324184012016e-02,-6.109740581269507143e-03,1.215510029079707186e-06,1.737087707070801956e+00
1.686958850101429164e+01,4.842460588007459904e-02,-6.103984969492689920e-03,1.210033590237855470e-06,1.737090453418345781e+00
1.687754960460136999e+01,4.837603430706266527e-02,-6.098237461595773165e-03,1.204581492154431540e-06,1.737093189973592855e+00
1.688551070818844480e+01,4.832750845834875991e-02,-6.092498042451485914e-03,1.199153625430134668e-06,1.737095916769485937e+00
1.689347181177551960e+01,4.827902826959756810e-02,-6.086766696967590810e-03,1.193749881174440186e-06,1.737098633838860984e+00
1.690143291536259795e+01,4.823059367659378316e-02,-6.081043410086791300e-03,1.188370151003114075e-06,1.737101341214444483e+00
1.690939401894967276e+01,4.818220461524189147e-02,-6.075328166786650094e-03,1.183014327035743020e-06,1.737104038928857008e+00
1.691735512253674756e+01,4.813386102156577695e-02,-6.069620952079470347e-03,1.177682301893257471e-06,1.737106727014610552e+00
1.692531622612382591e+01,4.808556283170849904e-02,-6.063921751012213250e-03,1.172373968695486262e-06,1.737109405504110304e+00
1.693327732971090072e+01,4.803730998193209145e-02,-6.058230548666404362e-03,1.167089221058726048e-06,1.737112074429654651e+00
1.694123843329797907e+01,4.798910240861713195e-02,-6.052547330158028656e-03,1.161827953093299098e-06,1.737114733823436286e+00
1.694919953688505387e+01,4.794094004826263827e-02,-6.046872080637448986e-03,1.156590059401158097e-06,1.737117383717541097e+00
1.695716064047212868e+01,4.789282283748565183e-02,-6.041204785289296803e-03,1.151375435073469773e-06,1.737120024143950170e+00
1.696512174405920703e+01,4.784475071302100868e-02,-6.035545429332387149e-03,1.146183975688231346e-06,1.737122655134539118e+00
1.697308284764628183e+01,4.779672361172117301e-02,-6.029893998019628457e-03,1.141015577307906461e-06,1.737125276721078526e+00
1.698104395123335664e+01,4.774874147055578610e-02,-6.024250476637916726e-03,1.135870136477042057e-06,1.737127888935234843e+00
1.698900505482043499e+01,4.770080422661151370e-02,-6.018614850508048793e-03,1.130747550219928866e-06,1.737130491808569710e+00
1.699696615840750979e+01,4.765291181709179619e-02,-6.012987104984638190e-03,1.125647716038265505e-06,1.737133085372542185e+00
1.700492726199458815e+01,4.760506417931643919e-02,-6.007367225456003261e-03,1.120570531908815585e-06,1.737135669658506298e+00
1.701288836558166295e+01,4.755726125072155114e-02,-6.001755197344095169e-03,1.115515896281114791e-06,1.737138244697714162e+00
1.702084946916873776e+01,4.750950296885908530e-02,-5.996151006104387740e-03,1.110483708075147895e-06,1.737140810521314194e+00
1.702881057275581611e+01,4.746178927139664550e-02,-5.990554637225795932e-03,1.105473866679064944e-06,1.737143367160354002e+00
1.703677167634289091e+01,4.741412009611730566e-02,-5.984966076230588232e-03,1.100486271946910998e-06,1.737145914645776834e+00
1.704473277992996572e+01,4.736649538091919354e-02,-5.979385308674281703e-03,1.095520824196342743e-06,1.737148453008425797e+00
1.705269388351704407e+01,4.731891506381529638e-02,-5.973812320145560455e-03,1.090577424206380254e-06,1.737150982279042744e+00
1.706065498710411887e+01,4.727137908293326668e-02,-5.968247096266189773e-03,1.085655973215169766e-06,1.737153502488267165e+00
1.706861609069119723e+01,4.722388737651501966e-02,-5.962689622690910303e-03,1.080756372917736924e-06,1.737156013666639298e+00
1.707657719427827203e+01,4.717643988291660151e-02,-5.957139885107365189e-03,1.075878525463778986e-06,1.737158515844598128e+00
1.708453829786534683e+01,4.712903654060783543e-02,-5.951597869235995993e-03,1.071022333455445603e-06,1.737161009052482719e+00
1.709249940145242519e+01,4.708167728817207187e-02,-5.946063560829960293e-03,1.066187699945142244e-06,1.737163493320532659e+00
1.710046050503949999e+01,4.703436206430602895e-02,-5.940536945675046684e-03,1.061374528433353327e-06,1.737165968678887840e+00
1.710842160862657479e+01,4.698709080781938996e-02,-5.935018009589574164e-03,1.056582722866452001e-06,1.737168435157589341e+00
1.711638271221365315e+01,4.693986345763460910e-02,-5.929506738424310600e-03,1.051812187634542118e-06,1.737170892786579879e+00
1.712434381580072795e+01,4.689267995278671719e-02,-5.924003118062391195e-03,1.047062827569312276e-06,1.737173341595703580e+00
1.713230491938780276e+01,4.684554023242294002e-02,-5.918507134419213542e-03,1.042334547941879905e-06,1.737175781614706205e+00
1.714026602297488111e+01,4.679844423580251794e-02,-5.913018773442361292e-03,1.037627254460669032e-06,1.737178212873235594e+00
1.714822712656195591e+01,4.675139190229646996e-02,-5.907538021111520890e-03,1.032940853269290998e-06,1.737180635400843220e+00
1.715618823014903427e+01,4.670438317138723983e-02,-5.902064863438378356e-03,1.028275250944426670e-06,1.737183049226983078e+00
1.716414933373610907e+01,4.665741798266859891e-02,-5.896599286466549898e-03,1.023630354493741886e-06,1.737185454381011462e+00
1.717211043732318387e+01,4.661049627584521599e-02,-5.891141276271482166e-03,1.019006071353784492e-06,1.737187850892190077e+00
1.718007154091026223e+01,4.656361799073250457e-02,-5.885690818960369851e-03,1.014402309387915245e-06,1.737190238789682706e+00
1.718803264449733703e+01,4.651678306725640782e-02,-5.880247900672075888e-03,1.009818976884246986e-06,1.737192618102558317e+00
1.719599374808441183e+01,4.646999144545303773e-02,-5.874812507577036047e-03,1.005255982553577244e-06,1.737194988859791067e+00
1.720395485167149019e+01,4.642324306546846691e-02,-5.869384625877173932e-03,1.000713235527347944e-06,1.737197351090258302e+00
1.721191595525856499e+01,4.637653786755856905e-02,-5.863964241805828120e-03,9.961906453556195161e-07,1.737199704822744106e+00
1.721987705884564335e+01,4.632987579208859563e-02,-5.858551341627648082e-03,9.916881220050295476e-07,1.737202050085937532e+00
1.722783816243271815e+01,4.628325677953311346e-02,-5.853145911638527391e-03,9.872055758567975953e-07,1.737204386908433040e+00
1.723579926601979295e+01,4.623668077047559527e-02,-5.847747938165503978e-03,9.827429177047058597e-07,1.737206715318731609e+00
1.724376036960687131e+01,4.619014770560825323e-02,-5.842357407566684674e-03,9.783000587531143747e-07,1.737209035345241182e+00
1.725172147319394611e+01,4.614365752573183072e-02,-5.836974306231163673e-03,9.738769106149808570e-07,1.737211347016275331e+00
1.725968257678102091e+01,4.609721017175524849e-02,-5.831598620578928860e-03,9.694733853098782245e-07,1.737213650360055484e+00
1.726764368036809927e+01,4.605080558469541729e-02,-5.826230337060782881e-03,9.650893952620377392e-07,1.737215945404710693e+00
1.727560478395517407e+01,4.600444370567705749e-02,-5.820869442158267681e-03,9.607248532984014665e-07,1.737218232178277422e+00
1.728356588754225243e+01,4.595812447593229655e-02,-5.815515922383566495e-03,9.563796726466660525e-07,1.737220510708699539e+00
1.729152699112932723e+01,4.591184783680060666e-02,-5.810169764279435323e-03,9.520537669333655707e-07,1.737222781023830098e+00
1.729948809471640203e+01,4.586561372972841610e-02,-5.804830954419110990e-03,9.477470501819360520e-07,1.737225043151430226e+00
1.730744919830348039e+01,4.581942209626891499e-02,-5.799499479406229618e-03,9.434594368108065901e-07,1.737227297119170233e+00
1.731541030189055519e+01,4.577327287808189565e-02,-5.794175325874755499e-03,9.391908416315035754e-07,1.737229542954629613e+00
1.732337140547762999e+01,4.572716601693336408e-02,-5.788858480488883081e-03,9.349411798467440244e-07,1.737231780685297489e+00
1.733133250906470835e+01,4.568110145469537337e-02,-5.783548929942964115e-03,9.307103670485577074e-07,1.737234010338572610e+00
1.733929361265178315e+01,4.563507913334586413e-02,-5.778246660961433925e-03,9.264983192164211348e-07,1.737236231941764464e+00
1.734725471623885795e+01,4.558909899496826901e-02,-5.772951660298712533e-03,9.223049527153777796e-07,1.737238445522091501e+00
1.735521581982593631e+01,4.554316098175134608e-02,-5.767663914739136997e-03,9.181301842941901686e-07,1.737240651106684686e+00
1.736317692341301111e+01,4.549726503598901933e-02,-5.762383411096881625e-03,9.139739310835007628e-07,1.737242848722584831e+00
1.737113802700008947e+01,4.545141110007999002e-02,-5.757110136215868625e-03,9.098361105939819309e-07,1.737245038396745045e+00
1.737909913058716427e+01,4.540559911652763958e-02,-5.751844076969698724e-03,9.057166407145219227e-07,1.737247220156028504e+00
1.738706023417423907e+01,4.535982902793968957e-02,-5.746585220261561829e-03,9.016154397103977133e-07,1.737249394027211791e+00
1.739502133776131743e+01,4.531410077702800049e-02,-5.741333553024160694e-03,8.975324262214693403e-07,1.737251560036983555e+00
1.740298244134839223e+01,4.526841430660841215e-02,-5.736089062219639802e-03,8.934675192603880057e-07,1.737253718211943632e+00
1.741094354493546703e+01,4.522276955960038286e-02,-5.730851734839495157e-03,8.894206382107942251e-07,1.737255868578606810e+00
1.741890464852254539e+01,4.517716647902680210e-02,-5.725621557904496221e-03,8.853917028255413878e-07,1.737258011163398841e+00
1.742686575210962019e+01,4.513160500801385172e-02,-5.720398518464620864e-03,8.813806332249318110e-07,1.737260145992659766e+00
1.743482685569669854e+01,4.508608508979060348e-02,-5.715182603598958216e-03,8.773873498949392405e-07,1.737262273092644138e+00
1.744278795928377335e+01,4.504060666768895660e-02,-5.709973800415646221e-03,8.734117736854693632e-07,1.737264392489518583e+00
1.745074906287084815e+01,4.499516968514327697e-02,-5.704772096051784896e-03,8.694538258086040138e-07,1.737266504209365570e+00
1.745871016645792650e+01,4.494977408569020283e-02,-5.699577477673359142e-03,8.655134278368675094e-07,1.737268608278181414e+00
1.746667127004500131e+01,4.490441981296851987e-02,-5.694389932475171084e-03,8.615905017015091850e-07,1.737270704721877168e+00
1.747463237363207611e+01,4.485910681071874490e-02,-5.689209447680749002e-03,8.576849696907678228e-07,1.737272793566279061e+00
1.748259347721915447e+01,4.481383502278302178e-02,-5.684036010542277938e-03,8.537967544481732451e-07,1.737274874837129168e+00
1.749055458080622927e+01,4.476860439310492712e-02,-5.678869608340528577e-03,8.499257789708475900e-07,1.737276948560084522e+00
1.749851568439330762e+01,4.472341486572908170e-02,-5.673710228384767906e-03,8.460719666077990691e-07,1.737279014760718221e+00
1.750647678798038243e+01,4.467826638480113660e-02,-5.668557858012695898e-03,8.422352410582564892e-07,1.737281073464519654e+00
1.751443789156745723e+01,4.463315889456734298e-02,-5.663412484590361375e-03,8.384155263699757156e-07,1.737283124696895165e+00
1.752239899515453558e+01,4.458809233937444105e-02,-5.658274095512086550e-03,8.346127469375831936e-07,1.737285168483167608e+00
1.753036009874161039e+01,4.454306666366947276e-02,-5.653142678200400242e-03,8.308268275009203163e-07,1.737287204848576128e+00
1.753832120232868519e+01,4.449808181199942786e-02,-5.648018220105951136e-03,8.270576931433823936e-07,1.737289233818278156e+00
1.754628230591576354e+01,4.445313772901109822e-02,-5.642900708707439261e-03,8.233052692902831367e-07,1.737291255417348079e+00
1.755424340950283835e+01,4.440823435945091130e-02,-5.637790131511545740e-03,8.195694817072266614e-07,1.737293269670778573e+00
1.756220451308991315e+01,4.436337164816457623e-02,-5.632686476052846045e-03,8.158502564984705965e-07,1.737295276603480154e+00
1.757016561667699150e+01,4.431854954009693121e-02,-5.627589729893744952e-03,8.121475201053154511e-07,1.737297276240282295e+00
1.757812672026406631e+01,4.427376798029179078e-02,-5.622499880624403680e-03,8.084611993045009690e-07,1.737299268605932090e+00
1.758608782385114466e+01,4.422902691389155733e-02,-5.617416915862657491e-03,8.047912212065921076e-07,1.737301253725096917e+00
1.759404892743821947e+01,4.418432628613719326e-02,-5.612340823253954107e-03,8.011375132544019687e-07,1.737303231622362221e+00
1.760201003102529427e+01,4.413966604236784635e-02,-5.607271590471267844e-03,7.975000032213942940e-07,1.737305202322233288e+00
1.760997113461237262e+01,4.409504612802067625e-02,-5.602209205215032822e-03,7.938786192101112661e-07,1.737307165849135915e+00
1.761793223819944743e+01,4.405046648863073649e-02,-5.597153655213075313e-03,7.902732896506126388e-07,1.737309122227414626e+00
1.762589334178652223e+01,4.400592706983059987e-02,-5.592104928220530471e-03,7.866839432989022672e-07,1.737311071481335123e+00
1.763385444537360058e+01,4.396142781735020572e-02,-5.587063012019772949e-03,7.831105092353810023e-07,1.737313013635082948e+00
1.764181554896067539e+01,4.391696867701672113e-02,-5.582027894420357045e-03,7.795529168633072085e-07,1.737314948712765705e+00
1.764977665254775374e+01,4.387254959475416632e-02,-5.576999563258920427e-03,7.760110959072475402e-07,1.737316876738410398e+00
1.765773775613482854e+01,4.382817051658337987e-02,-5.571978006399140766e-03,7.724849764115616001e-07,1.737318797735966758e+00
1.766569885972190335e+01,4.378383138862163709e-02,-5.566963211731638592e-03,7.689744887388669036e-07,1.737320711729305467e+00
1.767365996330898170e+01,4.373953215708252518e-02,-5.561955167173920044e-03,7.654795635685320073e-07,1.737322618742218827e+00
1.768162106689605650e+01,4.369527276827576273e-02,-5.556953860670308352e-03,7.620001318951724959e-07,1.737324518798421868e+00
1.768958217048313131e+01,4.365105316860688756e-02,-5.551959280191863175e-03,7.585361250271445344e-07,1.737326411921552127e+00
1.769754327407020966e+01,4.360687330457707622e-02,-5.546971413736311203e-03,7.550874745850555721e-07,1.737328298135168536e+00
1.770550437765728446e+01,4.356273312278304000e-02,-5.541990249327987186e-03,7.516541125002896585e-07,1.737330177462753866e+00
1.771346548124436282e+01,4.351863256991662238e-02,-5.537015775017746326e-03,7.482359710135155006e-07,1.737332049927713840e+00
1.772142658483143762e+01,4.347457159276477134e-02,-5.532047978882913102e-03,7.448329826732321072e-07,1.737333915553378016e+00
1.772938768841851243e+01,4.343055013820920629e-02,-5.527086849027194534e-03,7.414450803342972810e-07,1.737335774362998908e+00
1.773734879200559078e+01,4.338656815322621679e-02,-5.522132373580616871e-03,7.380721971564745335e-07,1.737337626379753308e+00
1.774530989559266558e+01,4.334262558488657241e-02,-5.517184540699464866e-03,7.347142666029949292e-07,1.737339471626741627e+00
1.775327099917974039e+01,4.329872238035516185e-02,-5.512243338566197651e-03,7.313712224391059061e-07,1.737341310126989224e+00
1.776123210276681874e+01,4.325485848689084728e-02,-5.507308755389388882e-03,7.280429987306432840e-07,1.737343141903446186e+00
1.776919320635389354e+01,4.321103385184631857e-02,-5.502380779403659959e-03,7.247295298426111083e-07,1.737344966978987104e+00
1.777715430994096835e+01,4.316724842266776718e-02,-5.497459398869602824e-03,7.214307504377540813e-07,1.737346785376411518e+00
1.778511541352804670e+01,4.312350214689474742e-02,-5.492544602073716649e-03,7.181465954751518056e-07,1.737348597118445248e+00
1.779307651711512150e+01,4.307979497216001680e-02,-5.487636377328345381e-03,7.148770002088184266e-07,1.737350402227738622e+00
1.780103762070219986e+01,4.303612684618919604e-02,-5.482734712971596217e-03,7.116219001862953932e-07,1.737352200726869134e+00
1.780899872428927466e+01,4.299249771680072746e-02,-5.477839597367287552e-03,7.083812312472737589e-07,1.737353992638339006e+00
1.781695982787634946e+01,4.294890753190553495e-02,-5.472951018904868327e-03,7.051549295222010240e-07,1.737355777984577854e+00
1.782492093146342782e+01,4.290535623950685745e-02,-5.468068965999354700e-03,7.019429314309083073e-07,1.737357556787941348e+00
1.783288203505050262e+01,4.286184378770013098e-02,-5.463193427091271939e-03,6.987451736812467288e-07,1.737359329070712333e+00
1.784084313863757743e+01,4.281837012467266251e-02,-5.458324390646572891e-03,6.955615932677163808e-07,1.737361094855100374e+00
1.784880424222465578e+01,4.277493519870347732e-02,-5.453461845156578995e-03,6.923921274701145696e-07,1.737362854163242876e+00
1.785676534581173058e+01,4.273153895816316633e-02,-5.448605779137920442e-03,6.892367138521905151e-07,1.737364607017204854e+00
1.786472644939880894e+01,4.268818135151358079e-02,-5.443756181132451168e-03,6.860952902602954979e-07,1.737366353438978051e+00
1.787268755298588374e+01,4.264486232730776288e-02,-5.438913039707206354e-03,6.829677948220575707e-07,1.737368093450483375e+00
1.788064865657295854e+01,4.260158183418961964e-02,-5.434076343454316560e-03,6.798541659450431400e-07,1.737369827073570017e+00
1.788860976016003690e+01,4.255833982089377021e-02,-5.429246080990948742e-03,6.767543423154391950e-07,1.737371554330015222e+00
1.789657086374711170e+01,4.251513623624540716e-02,-5.424422240959250741e-03,6.736682628967414646e-07,1.737373275241524739e+00
1.790453196733418650e+01,4.247197102916001193e-02,-5.419604812026268884e-03,6.705958669284396115e-07,1.737374989829733929e+00
1.791249307092126486e+01,4.242884414864316056e-02,-5.414793782883894208e-03,6.675370939247155535e-07,1.737376698116207319e+00
1.792045417450833966e+01,4.238575554379043347e-02,-5.409989142248797407e-03,6.644918836731548091e-07,1.737378400122438382e+00
1.792841527809541802e+01,4.234270516378704774e-02,-5.405190878862355108e-03,6.614601762334449255e-07,1.737380095869850871e+00
1.793637638168249282e+01,4.229969295790784317e-02,-5.400398981490601297e-03,6.584419119361060938e-07,1.737381785379797927e+00
1.794433748526956762e+01,4.225671887551693540e-02,-5.395613438924144051e-03,6.554370313812031293e-07,1.737383468673563192e+00
1.795229858885664598e+01,4.221378286606757707e-02,-5.390834239978114367e-03,6.524454754370797931e-07,1.737385145772361250e+00
1.796025969244372078e+01,4.217088487910203298e-02,-5.386061373492101109e-03,6.494671852390997830e-07,1.737386816697335412e+00
1.796822079603079558e+01,4.212802486425124698e-02,-5.381294828330082484e-03,6.465021021883791486e-07,1.737388481469561929e+00
1.797618189961787394e+01,4.208520277123474485e-02,-5.376534593380362728e-03,6.435501679505416828e-07,1.737390140110047332e+00
1.798414300320494874e+01,4.204241854986045385e-02,-5.371780657555517459e-03,6.406113244544751594e-07,1.737391792639728649e+00
1.799210410679202354e+01,4.199967215002441828e-02,-5.367033009792319086e-03,6.376855138910857713e-07,1.737393439079475632e+00
1.800006521037910190e+01,4.195696352171068150e-02,-5.362291639051677827e-03,6.347726787120703560e-07,1.737395079450089197e+00
1.800802631396617670e+01,4.191429261499109854e-02,-5.357556534318586201e-03,6.318727616286902100e-07,1.737396713772302315e+00
1.801598741755325506e+01,4.187165938002507942e-02,-5.352827684602042696e-03,6.289857056105459609e-07,1.737398342066779788e+00
1.802394852114032986e+01,4.182906376705948504e-02,-5.348105078935004933e-03,6.261114538843693815e-07,1.737399964354120030e+00
1.803190962472740466e+01,4.178650572642835653e-02,-5.343388706374312472e-03,6.232499499328089556e-07,1.737401580654852173e+00
1.803987072831448302e+01,4.174398520855274186e-02,-5.338678556000633034e-03,6.204011374932286800e-07,1.737403190989440072e+00
1.804783183190155782e+01,4.170150216394059167e-02,-5.333974616918405257e-03,6.175649605565174533e-07,1.737404795378279188e+00
1.805579293548863262e+01,4.165905654318645401e-02,-5.329276878255765834e-03,6.147413633658905246e-07,1.737406393841699481e+00
1.806375403907571098e+01,4.161664829697130780e-02,-5.324585329164492273e-03,6.119302904157064004e-07,1.737407986399963411e+00
1.807171514266278578e+01,4.157427737606249341e-02,-5.319899958819949114e-03,6.091316864502959269e-07,1.737409573073267710e+00
1.807967624624986414e+01,4.153194373131333106e-02,-5.315220756421013340e-03,6.063454964627761266e-07,1.737411153881743386e+00
1.808763734983693894e+01,4.148964731366311387e-02,-5.310547711190029274e-03,6.035716656938956924e-07,1.737412728845455057e+00
1.809559845342401374e+01,4.144738807413680948e-02,-5.305880812372731382e-03,6.008101396308654466e-07,1.737414297984401390e+00
1.810355955701109210e+01,4.140516596384488657e-02,-5.301220049238193101e-03,5.980608640062038354e-07,1.737415861318515997e+00
1.811152066059816690e+01,4.136298093398321774e-02,-5.296565411078772191e-03,5.953237847965929045e-07,1.737417418867668317e+00
1.811948176418524170e+01,4.132083293583276029e-02,-5.291916887210034413e-03,5.925988482217253820e-07,1.737418970651661176e+00
1.812744286777232006e+01,4.127872192075945218e-02,-5.287274466970705820e-03,5.898860007431709242e-07,1.737420516690233674e+00
1.813540397135939486e+01,4.123664784021406626e-02,-5.282638139722614645e-03,5.871851890632462800e-07,1.737422057003060072e+00
1.814336507494646966e+01,4.119461064573191889e-02,-5.278007894850619310e-03,5.844963601238804782e-07,1.737423591609750018e+00
1.815132617853354802e+01,4.115261028893273804e-02,-5.273383721762557250e-03,5.818194611054966382e-07,1.737425120529848988e+00
1.815928728212062282e+01,4.111064672152055927e-02,-5.268765609889192875e-03,5.791544394259005572e-07,1.737426643782839619e+00
1.816724838570770117e+01,4.106871989528336486e-02,-5.264153548684139504e-03,5.765012427391590261e-07,1.737428161388139269e+00
1.817520948929477598e+01,4.102682976209311855e-02,-5.259547527623821203e-03,5.738598189345076872e-07,1.737429673365103344e+00
1.818317059288185078e+01,4.098497627390538384e-02,-5.254947536207398191e-03,5.712301161352394089e-07,1.737431179733022635e+00
1.819113169646892914e+01,4.094315938275924771e-02,-5.250353563956711329e-03,5.686120826976155308e-07,1.737432680511125316e+00
1.819909280005600394e+01,4.090137904077718878e-02,-5.245765600416237885e-03,5.660056672097810262e-07,1.737434175718576723e+00
1.820705390364307874e+01,4.085963520016475808e-02,-5.241183635153011736e-03,5.634108184906710886e-07,1.737435665374480021e+00
1.821501500723015710e+01,4.081792781321049585e-02,-5.236607657756576530e-03,5.608274855889400583e-07,1.737437149497874644e+00
1.822297611081723190e+01,4.077625683228576492e-02,-5.232037657838935381e-03,5.582556177818880203e-07,1.737438628107739413e+00
1.823093721440431025e+01,4.073462220984448018e-02,-5.227473625034473673e-03,5.556951645743885660e-07,1.737440101222989641e+00
1.823889831799138506e+01,4.069302389842305995e-02,-5.222915548999922629e-03,5.531460756978336021e-07,1.737441568862479135e+00
1.824685942157845986e+01,4.065146185064012069e-02,-5.218363419414285588e-03,5.506083011090686304e-07,1.737443031045000863e+00
1.825482052516553821e+01,4.060993601919635210e-02,-5.213817225978785094e-03,5.480817909893442264e-07,1.737444487789285175e+00
1.826278162875261302e+01,4.056844635687441997e-02,-5.209276958416817795e-03,5.455664957432734481e-07,1.737445939114001803e+00
1.827074273233968782e+01,4.052699281653863311e-02,-5.204742606473878111e-03,5.430623659977815150e-07,1.737447385037759640e+00
1.827870383592676617e+01,4.048557535113486705e-02,-5.200214159917513138e-03,5.405693526010743335e-07,1.737448825579105849e+00
1.828666493951384098e+01,4.044419391369042521e-02,-5.195691608537269732e-03,5.380874066216104111e-07,1.737450260756527864e+00
1.829462604310091933e+01,4.040284845731373364e-02,-5.191174942144624258e-03,5.356164793470654640e-07,1.737451690588451836e+00
1.830258714668799414e+01,4.036153893519431324e-02,-5.186664150572943555e-03,5.331565222833208484e-07,1.737453115093244849e+00
1.831054825027506894e+01,4.032026530060248137e-02,-5.182159223677413815e-03,5.307074871534392857e-07,1.737454534289212704e+00
1.831850935386214729e+01,4.027902750688923394e-02,-5.177660151334991141e-03,5.282693258966572110e-07,1.737455948194601696e+00
1.832647045744922210e+01,4.023782550748614129e-02,-5.173166923444350376e-03,5.258419906673820979e-07,1.737457356827598609e+00
1.833443156103629690e+01,4.019665925590502203e-02,-5.168679529925820915e-03,5.234254338341822656e-07,1.737458760206330499e+00
1.834239266462337525e+01,4.015552870573786681e-02,-5.164197960721334663e-03,5.210196079787961683e-07,1.737460158348865580e+00
1.835035376821045006e+01,4.011443381065672026e-02,-5.159722205794378333e-03,5.186244658951435899e-07,1.737461551273212335e+00
1.835831487179752486e+01,4.007337452441337572e-02,-5.155252255129924056e-03,5.162399605883311216e-07,1.737462938997321293e+00
1.836627597538460321e+01,4.003235080083926423e-02,-5.150788098734384278e-03,5.138660452736740505e-07,1.737464321539083034e+00
1.837423707897167802e+01,3.999136259384537123e-02,-5.146329726635558849e-03,5.115026733757239657e-07,1.737465698916330625e+00
1.838219818255875637e+01,3.995040985742188272e-02,-5.141877128882569974e-03,5.091497985272858826e-07,1.737467071146838515e+00
1.839015928614583117e+01,3.990949254563822685e-02,-5.137430295545823179e-03,5.068073745684628956e-07,1.737468438248322533e+00
1.839812038973290598e+01,3.986861061264270617e-02,-5.132989216716935324e-03,5.044753555456819841e-07,1.737469800238440998e+00
1.840608149331998433e+01,3.982776401266245603e-02,-5.128553882508693831e-03,5.021536957107432184e-07,1.737471157134795163e+00
1.841404259690705913e+01,3.978695270000327799e-02,-5.124124283055000312e-03,4.998423495198661062e-07,1.737472508954926775e+00
1.842200370049413394e+01,3.974617662904936927e-02,-5.119700408510813316e-03,4.975412716327355160e-07,1.737473855716322513e+00
1.842996480408121229e+01,3.970543575426324634e-02,-5.115282249052092826e-03,4.952504169115622114e-07,1.737475197436410213e+00
1.843792590766828710e+01,3.966473003018557847e-02,-5.110869794875758619e-03,4.929697404201434921e-07,1.737476534132561534e+00
1.844588701125536545e+01,3.962405941143495869e-02,-5.106463036199620012e-03,4.906991974229252103e-07,1.737477865822090184e+00
1.845384811484244025e+01,3.958342385270780667e-02,-5.102061963262340301e-03,4.884387433840743757e-07,1.737479192522255245e+00
1.846180921842951506e+01,3.954282330877813972e-02,-5.097666566323369106e-03,4.861883339665508075e-07,1.737480514250257180e+00
1.846977032201659341e+01,3.950225773449744099e-02,-5.093276835662894665e-03,4.839479250311870444e-07,1.737481831023241385e+00
1.847773142560366821e+01,3.946172708479453450e-02,-5.088892761581800470e-03,4.817174726357737615e-07,1.737483142858297525e+00
1.848569252919074302e+01,3.942123131467532154e-02,-5.084514334401595871e-03,4.794969330341425389e-07,1.737484449772457973e+00
1.849365363277782137e+01,3.938077037922268347e-02,-5.080141544464374451e-03,4.772862626752610189e-07,1.737485751782700483e+00
1.850161473636489617e+01,3.934034423359634991e-02,-5.075774382132763711e-03,4.750854182023315572e-07,1.737487048905947296e+00
1.850957583995197453e+01,3.929995283303264197e-02,-5.071412837789862627e-03,4.728943564518868564e-07,1.737488341159064031e+00
1.851753694353904933e+01,3.925959613284440985e-02,-5.067056901839203480e-03,4.707130344529009518e-07,1.737489628558862798e+00
1.852549804712612413e+01,3.921927408842076912e-02,-5.062706564704688543e-03,4.685414094258933684e-07,1.737490911122099746e+00
1.853345915071320249e+01,3.917898665522701052e-02,-5.058361816830539773e-03,4.663794387820469359e-07,1.737492188865476184e+00
1.854142025430027729e+01,3.913873378880444731e-02,-5.054022648681260645e-03,4.642270801223266097e-07,1.737493461805639239e+00
1.854938135788735210e+01,3.909851544477019325e-02,-5.049689050741565030e-03,4.620842912365990865e-07,1.737494729959181416e+00
1.855734246147443045e+01,3.905833157881701684e-02,-5.045361013516337298e-03,4.599510301027600420e-07,1.737495993342640377e+00
1.856530356506150525e+01,3.901818214671325807e-02,-5.041038527530586344e-03,4.578272548858698403e-07,1.737497251972500045e+00
1.857326466864858006e+01,3.897806710430256477e-02,-5.036721583329381406e-03,4.557129239372831541e-07,1.737498505865190834e+00
1.858122577223565841e+01,3.893798640750376072e-02,-5.032410171477809564e-03,4.536079957937900207e-07,1.737499755037089200e+00
1.858918687582273321e+01,3.889794001231076243e-02,-5.028104282560928034e-03,4.515124291767637269e-07,1.737500999504517418e+00
1.859714797940981157e+01,3.885792787479229460e-02,-5.023803907183703454e-03,4.494261829913019701e-07,1.737502239283744698e+00
1.860510908299688637e+01,3.881794995109185548e-02,-5.019509035970973719e-03,4.473492163253854903e-07,1.737503474390986957e+00
1.861307018658396117e+01,3.877800619742746702e-02,-5.015219659567389868e-03,4.452814884490292901e-07,1.737504704842407488e+00
1.862103129017103953e+01,3.873809657009153612e-02,-5.010935768637364909e-03,4.432229588134441247e-07,1.737505930654116293e+00
1.862899239375811433e+01,3.869822102545076442e-02,-5.006657353865034792e-03,4.411735870502041865e-07,1.737507151842170749e+00
1.863695349734518913e+01,3.865837951994589849e-02,-5.002384405954195083e-03,4.391333329704105542e-07,1.737508368422574723e+00
1.864491460093226749e+01,3.861857201009161189e-02,-4.998116915628259341e-03,4.371021565638658647e-07,1.737509580411281895e+00
1.865287570451934229e+01,3.857879845247639411e-02,-4.993854873630212271e-03,4.350800179982529032e-07,1.737510787824191993e+00
1.866083680810642065e+01,3.853905880376230081e-02,-4.989598270722549883e-03,4.330668776183102815e-07,1.737511990677152562e+00
1.866879791169349545e+01,3.849935302068489829e-02,-4.985347097687244794e-03,4.310626959450217739e-07,1.737513188985960300e+00
1.867675901528057025e+01,3.845968106005302756e-02,-4.981101345325682911e-03,4.290674336748007839e-07,1.737514382766359722e+00
1.868472011886764861e+01,3.842004287874867946e-02,-4.976861004458622666e-03,4.270810516786840216e-07,1.737515572034043831e+00
1.869268122245472341e+01,3.838043843372689751e-02,-4.972626065926149912e-03,4.251035110015304751e-07,1.737516756804653673e+00
1.870064232604179821e+01,3.834086768201550727e-02,-4.968396520587619811e-03,4.231347728612157764e-07,1.737517937093780551e+00
1.870860342962887657e+01,3.830133058071504004e-02,-4.964172359321610863e-03,4.211747986478399078e-07,1.737519112916962705e+00
1.871656453321595137e+01,3.826182708699861490e-02,-4.959953573025888476e-03,4.192235499229368146e-07,1.737520284289689743e+00
1.872452563680302973e+01,3.822235715811168194e-02,-4.955740152617337316e-03,4.172809884186808409e-07,1.737521451227398650e+00
1.873248674039010453e+01,3.818292075137196678e-02,-4.951532089031931809e-03,4.153470760371068768e-07,1.737522613745477118e+00
1.874044784397717933e+01,3.814351782416926240e-02,-4.947329373224674566e-03,4.134217748493269592e-07,1.737523771859261323e+00
1.874840894756425769e+01,3.810414833396526257e-02,-4.943131996169553878e-03,4.115050470947525363e-07,1.737524925584038371e+00
1.875637005115133249e+01,3.806481223829351335e-02,-4.938939948859502084e-03,4.095968551803261032e-07,1.737526074935044518e+00
1.876433115473840729e+01,3.802550949475914238e-02,-4.934753222306338324e-03,4.076971616797460076e-07,1.737527219927466504e+00
1.877229225832548565e+01,3.798624006103873407e-02,-4.930571807540724306e-03,4.058059293327016854e-07,1.737528360576441111e+00
1.878025336191256045e+01,3.794700389488029485e-02,-4.926395695612125272e-03,4.039231210441175245e-07,1.737529496897056269e+00
1.878821446549963525e+01,3.790780095410292011e-02,-4.922224877588750151e-03,4.020486998833851355e-07,1.737530628904349284e+00
1.879617556908671361e+01,3.786863119659676646e-02,-4.918059344557509927e-03,4.001826290836148921e-07,1.737531756613308609e+00
1.880413667267378841e+01,3.782949458032291296e-02,-4.913899087623978604e-03,3.983248720408848251e-07,1.737532880038874072e+00
1.881209777626086677e+01,3.779039106331310433e-02,-4.909744097912334231e-03,3.964753923134883505e-07,1.737533999195936651e+00
1.882005887984794157e+01,3.775132060366975101e-02,-4.905594366565321600e-03,3.946341536211972985e-07,1.737535114099337585e+00
1.882801998343501637e+01,3.771228315956563770e-02,-4.901449884744200208e-03,3.928011198445145656e-07,1.737536224763870596e+00
1.883598108702209473e+01,3.767327868924385398e-02,-4.897310643628699153e-03,3.909762550239414310e-07,1.737537331204280111e+00
1.884394219060916953e+01,3.763430715101769020e-02,-4.893176634416978969e-03,3.891595233592461436e-07,1.737538433435262597e+00
1.885190329419624433e+01,3.759536850327035995e-02,-4.889047848325571780e-03,3.873508892087281152e-07,1.737539531471466558e+00
1.885986439778332269e+01,3.755646270445496537e-02,-4.884924276589344867e-03,3.855503170884970427e-07,1.737540625327492094e+00
1.886782550137039749e+01,3.751758971309433061e-02,-4.880805910461457307e-03,3.837577716717493297e-07,1.737541715017891786e+00
1.887578660495747584e+01,3.747874948778080056e-02,-4.876692741213302720e-03,3.819732177880461501e-07,1.737542800557170031e+00
1.888374770854455065e+01,3.743994198717619237e-02,-4.872584760134481517e-03,3.801966204226023640e-07,1.737543881959784819e+00
1.889170881213162545e+01,3.740116717001155250e-02,-4.868481958532735847e-03,3.784279447155695569e-07,1.737544959240145293e+00
1.889966991571870381e+01,3.736242499508704573e-02,-4.864384327733917504e-03,3.766671559613289265e-07,1.737546032412614405e+00
1.890763101930577861e+01,3.732371542127187192e-02,-4.860291859081943694e-03,3.749142196077882977e-07,1.737547101491507817e+00
1.891559212289285341e+01,3.728503840750403697e-02,-4.856204543938744123e-03,3.731691012556764389e-07,1.737548166491093893e+00
1.892355322647993177e+01,3.724639391279022105e-02,-4.852122373684218497e-03,3.714317666578447356e-07,1.737549227425595033e+00
1.893151433006700657e+01,3.720778189620572302e-02,-4.848045339716200094e-03,3.697021817185758535e-07,1.737550284309185678e+00
1.893947543365408492e+01,3.716920231689418291e-02,-4.843973433450397652e-03,3.679803124928857295e-07,1.737551337155995190e+00
1.894743653724115973e+01,3.713065513406757501e-02,-4.839906646320365873e-03,3.662661251858406523e-07,1.737552385980106084e+00
1.895539764082823453e+01,3.709214030700595799e-02,-4.835844969777448182e-03,3.645595861518675650e-07,1.737553430795554243e+00
1.896335874441531288e+01,3.705365779505736396e-02,-4.831788395290738565e-03,3.628606618940727337e-07,1.737554471616330698e+00
1.897131984800238769e+01,3.701520755763772902e-02,-4.827736914347041663e-03,3.611693190635667146e-07,1.737555508456378961e+00
1.897928095158946249e+01,3.697678955423065045e-02,-4.823690518450819004e-03,3.594855244587836574e-07,1.737556541329597692e+00
1.898724205517654084e+01,3.693840374438726176e-02,-4.819649199124153433e-03,3.578092450248101906e-07,1.737557570249841365e+00
1.899520315876361565e+01,3.690005008772620498e-02,-4.815612947906704883e-03,3.561404478527209240e-07,1.737558595230916048e+00
1.900316426235069045e+01,3.686172854393333226e-02,-4.811581756355661800e-03,3.544791001789056399e-07,1.737559616286585173e+00
1.901112536593776881e+01,3.682343907276165035e-02,-4.807555616045700378e-03,3.528251693844103013e-07,1.737560633430565549e+00
1.901908646952484361e+01,3.678518163403122349e-02,-4.803534518568947261e-03,3.511786229942793312e-07,1.737561646676530014e+00
1.902704757311192196e+01,3.674695618762889582e-02,-4.799518455534923164e-03,3.495394286768930736e-07,1.737562656038105002e+00
1.903500867669899677e+01,3.670876269350833304e-02,-4.795507418570516857e-03,3.479075542433224077e-07,1.737563661528873649e+00
1.904296978028607157e+01,3.667060111168973097e-02,-4.791501399319927912e-03,3.462829676466720324e-07,1.737564663162375123e+00
1.905093088387314992e+01,3.663247140225973919e-02,-4.787500389444626810e-03,3.446656369814359801e-07,1.737565660952101521e+00
1.905889198746022473e+01,3.659437352537135701e-02,-4.783504380623324580e-03,3.430555304828551423e-07,1.737566654911503861e+00
1.906685309104729953e+01,3.655630744124373221e-02,-4.779513364551912086e-03,3.414526165262737896e-07,1.737567645053986309e+00
1.907481419463437788e+01,3.651827311016205002e-02,-4.775527332943427933e-03,3.398568636265027080e-07,1.737568631392911289e+00
1.908277529822145269e+01,3.648027049247744985e-02,-4.771546277528018569e-03,3.382682404371866249e-07,1.737569613941595037e+00
1.909073640180853104e+01,3.644229954860676163e-02,-4.767570190052887978e-03,3.366867157501674516e-07,1.737570592713312490e+00
1.909869750539560584e+01,3.640436023903254048e-02,-4.763599062282265588e-03,3.351122584948622436e-07,1.737571567721293953e+00
1.910665860898268065e+01,3.636645252430276143e-02,-4.759632885997351626e-03,3.335448377376308907e-07,1.737572538978725767e+00
1.911461971256975900e+01,3.632857636503077775e-02,-4.755671652996285893e-03,3.319844226811568297e-07,1.737573506498751419e+00
1.912258081615683381e+01,3.629073172189523078e-02,-4.751715355094107002e-03,3.304309826638295049e-07,1.737574470294472206e+00
1.913054191974390861e+01,3.625291855563978621e-02,-4.747763984122699461e-03,3.288844871591219569e-07,1.737575430378944130e+00
1.913850302333098696e+01,3.621513682707307863e-02,-4.743817531930763325e-03,3.273449057749802717e-07,1.737576386765183223e+00
1.914646412691806177e+01,3.617738649706862125e-02,-4.739875990383770818e-03,3.258122082532145104e-07,1.737577339466160220e+00
1.915442523050514012e+01,3.613966752656454923e-02,-4.735939351363919504e-03,3.242863644688856161e-07,1.737578288494805001e+00
1.916238633409221492e+01,3.610197987656363350e-02,-4.732007606770100190e-03,3.227673444297061385e-07,1.737579233864004147e+00
1.917034743767928973e+01,3.606432350813301713e-02,-4.728080748517845752e-03,3.212551182754327524e-07,1.737580175586602049e+00
1.917830854126636808e+01,3.602669838240413203e-02,-4.724158768539297309e-03,3.197496562772689932e-07,1.737581113675401356e+00
1.918626964485344288e+01,3.598910446057262957e-02,-4.720241658783166927e-03,3.182509288372709577e-07,1.737582048143162083e+00
1.919423074844051769e+01,3.595154170389813775e-02,-4.716329411214684707e-03,3.167589064877494048e-07,1.737582979002602279e+00
1.920219185202759604e+01,3.591401007370419868e-02,-4.712422017815567563e-03,3.152735598906815440e-07,1.737583906266398914e+00
1.921015295561467084e+01,3.587650953137815762e-02,-4.708519470583981924e-03,3.137948598371237237e-07,1.737584829947186771e+00
1.921811405920174565e+01,3.583904003837095481e-02,-4.704621761534493428e-03,3.123227772466232200e-07,1.737585750057559553e+00
1.922607516278882400e+01,3.580160155619703521e-02,-4.700728882698031359e-03,3.108572831666371720e-07,1.737586666610068997e+00
1.923403626637589880e+01,3.576419404643427918e-02,-4.696840826121853954e-03,3.093983487719554348e-07,1.737587579617225764e+00
1.924199736996297716e+01,3.572681747072373182e-02,-4.692957583869498961e-03,3.079459453641178738e-07,1.737588489091500321e+00
1.924995847355005196e+01,3.568947179076963766e-02,-4.689079148020754151e-03,3.065000443708468523e-07,1.737589395045320950e+00
1.925791957713712677e+01,3.565215696833917702e-02,-4.685205510671605275e-03,3.050606173454700851e-07,1.737590297491074853e+00
1.926588068072420512e+01,3.561487296526238966e-02,-4.681336663934207443e-03,3.036276359663543431e-07,1.737591196441110375e+00
1.927384178431127992e+01,3.557761974343209149e-02,-4.677472599936843486e-03,3.022010720363406950e-07,1.737592091907733449e+00
1.928180288789835473e+01,3.554039726480367339e-02,-4.673613310823879728e-03,3.007808974821785829e-07,1.737592983903210486e+00
1.928976399148543308e+01,3.550320549139496934e-02,-4.669758788755728682e-03,2.993670843539647688e-07,1.737593872439767040e+00
1.929772509507250788e+01,3.546604438528622866e-02,-4.665909025908816961e-03,2.979596048245891636e-07,1.737594757529589584e+00
1.930568619865958624e+01,3.542891390861986622e-02,-4.662064014475532370e-03,2.965584311891746206e-07,1.737595639184822405e+00
1.931364730224666104e+01,3.539181402360043471e-02,-4.658223746664202219e-03,2.951635358645280580e-07,1.737596517417572040e+00
1.932160840583373584e+01,3.535474469249441642e-02,-4.654388214699037817e-03,2.937748913885869758e-07,1.737597392239903726e+00
1.932956950942081420e+01,3.531770587763012614e-02,-4.650557410820105840e-03,2.923924704198731727e-07,1.737598263663844289e+00
1.933753061300788900e+01,3.528069754139766256e-02,-4.646731327283291045e-03,2.910162457369505921e-07,1.737599131701380584e+00
1.934549171659496380e+01,3.524371964624864462e-02,-4.642909956360248558e-03,2.896461902378777148e-07,1.737599996364458388e+00
1.935345282018204216e+01,3.520677215469615595e-02,-4.639093290338373518e-03,2.882822769396703819e-07,1.737600857664986842e+00
1.936141392376911696e+01,3.516985502931468249e-02,-4.635281321520762915e-03,2.869244789777667874e-07,1.737601715614834674e+00
1.936937502735619177e+01,3.513296823273984876e-02,-4.631474042226171352e-03,2.855727696054875475e-07,1.737602570225830645e+00
1.937733613094327012e+01,3.509611172766839704e-02,-4.627671444788977219e-03,2.842271221935074698e-07,1.737603421509766655e+00
1.938529723453034492e+01,3.505928547685806251e-02,-4.623873521559147132e-03,2.828875102293256283e-07,1.737604269478393748e+00
1.939325833811742328e+01,3.502248944312735812e-02,-4.620080264902190828e-03,2.815539073167349090e-07,1.737605114143425444e+00
1.940121944170449808e+01,3.498572358935560234e-02,-4.616291667199134280e-03,2.802262871753028317e-07,1.737605955516537071e+00
1.940918054529157288e+01,3.494898787848262078e-02,-4.612507720846469386e-03,2.789046236398428954e-07,1.737606793609364431e+00
1.941714164887865124e+01,3.491228227350874624e-02,-4.608728418256124483e-03,2.775888906598993178e-07,1.737607628433505580e+00
1.942510275246572604e+01,3.487560673749467988e-02,-4.604953751855429649e-03,2.762790622992291274e-07,1.737608460000520383e+00
1.943306385605280084e+01,3.483896123356131774e-02,-4.601183714087068999e-03,2.749751127352853677e-07,1.737609288321930512e+00
1.944102495963987920e+01,3.480234572488965367e-02,-4.597418297409052931e-03,2.736770162587056480e-07,1.737610113409220780e+00
1.944898606322695400e+01,3.476576017472070984e-02,-4.593657494294679094e-03,2.723847472728039764e-07,1.737610935273836255e+00
1.945694716681403236e+01,3.472920454635530785e-02,-4.589901297232489019e-03,2.710982802930592582e-07,1.737611753927185365e+00
1.946490827040110716e+01,3.469267880315406866e-02,-4.586149698726242965e-03,2.698175899466142756e-07,1.737612569380639238e+00
1.947286937398818196e+01,3.465618290853719058e-02,-4.582402691294873084e-03,2.685426509717694796e-07,1.737613381645531252e+00
1.948083047757526032e+01,3.461971682598435213e-02,-4.578660267472446990e-03,2.672734382174831351e-07,1.737614190733157482e+00
1.948879158116233512e+01,3.458328051903467037e-02,-4.574922419808142605e-03,2.660099266428760707e-07,1.737614996654776478e+00
1.949675268474940992e+01,3.454687395128647892e-02,-4.571189140866196987e-03,2.647520913167323004e-07,1.737615799421610152e+00
1.950471378833648828e+01,3.451049708639723074e-02,-4.567460423225875969e-03,2.634999074170063146e-07,1.737616599044843113e+00
1.951267489192356308e+01,3.447414988808345654e-02,-4.563736259481445540e-03,2.622533502303346602e-07,1.737617395535623777e+00
1.952063599551064144e+01,3.443783232012050805e-02,-4.560016642242120666e-03,2.610123951515424380e-07,1.737618188905063032e+00
1.952859709909771624e+01,3.440154434634259961e-02,-4.556301564132043611e-03,2.597770176831622934e-07,1.737618979164234911e+00
1.953655820268479104e+01,3.436528593064253762e-02,-4.552591017790237962e-03,2.585471934349448846e-07,1.737619766324178139e+00
1.954451930627186940e+01,3.432905703697169270e-02,-4.548884995870576542e-03,2.573228981233800976e-07,1.737620550395894581e+00
1.955248040985894420e+01,3.429285762933988180e-02,-4.545183491041748444e-03,2.561041075712173600e-07,1.737621331390349022e+00
1.956044151344601900e+01,3.425668767181520857e-02,-4.541486495987217403e-03,2.548907977069868034e-07,1.737622109318470720e+00
1.956840261703309736e+01,3.422054712852393848e-02,-4.537794003405190568e-03,2.536829445645237073e-07,1.737622884191154071e+00
1.957636372062017216e+01,3.418443596365048492e-02,-4.534106006008583808e-03,2.524805242824991363e-07,1.737623656019255058e+00
1.958432482420724696e+01,3.414835414143713860e-02,-4.530422496524982683e-03,2.512835131039439614e-07,1.737624424813595914e+00
1.959228592779432532e+01,3.411230162618404671e-02,-4.526743467696606876e-03,2.500918873757837326e-07,1.737625190584962453e+00
1.960024703138140012e+01,3.407627838224912969e-02,-4.523068912280282447e-03,2.489056235483730222e-07,1.737625953344104968e+00
1.960820813496847848e+01,3.404028437404783142e-02,-4.519398823047395854e-03,2.477246981750273341e-07,1.737626713101737774e+00
1.961616923855555328e+01,3.400431956605317468e-02,-4.515733192783870538e-03,2.465490879115664462e-07,1.737627469868540775e+00
1.962413034214262808e+01,3.396838392279547675e-02,-4.512072014290121821e-03,2.453787695158491254e-07,1.737628223655158122e+00
1.963209144572970644e+01,3.393247740886234931e-02,-4.508415280381025680e-03,2.442137198473193821e-07,1.737628974472198662e+00
1.964005254931678124e+01,3.389659998889856668e-02,-4.504762983885891858e-03,2.430539158665503431e-07,1.737629722330237270e+00
1.964801365290385604e+01,3.386075162760589924e-02,-4.501115117648414425e-03,2.418993346347890247e-07,1.737630467239812626e+00
1.965597475649093440e+01,3.382493228974303018e-02,-4.497471674526647492e-03,2.407499533135064517e-07,1.737631209211428773e+00
1.966393586007800920e+01,3.378914194012548611e-02,-4.493832647392973119e-03,2.396057491639495245e-07,1.737631948255556003e+00
1.967189696366508755e+01,3.375338054362542889e-02,-4.490198029134056211e-03,2.384666995466914561e-07,1.737632684382629522e+00
1.967985806725216236e+01,3.371764806517164870e-02,-4.486567812650822835e-03,2.373327819211897799e-07,1.737633417603049901e+00
1.968781917083923716e+01,3.368194446974933504e-02,-4.482941990858415118e-03,2.362039738453401221e-07,1.737634147927183514e+00
1.969578027442631551e+01,3.364626972240005592e-02,-4.479320556686161754e-03,2.350802529750381798e-07,1.737634875365362541e+00
1.970374137801339032e+01,3.361062378822163299e-02,-4.475703503077550251e-03,2.339615970637406932e-07,1.737635599927884966e+00
1.971170248160046512e+01,3.357500663236797495e-02,-4.472090822990181826e-03,2.328479839620269735e-07,1.737636321625014801e+00
1.971966358518754348e+01,3.353941822004898737e-02,-4.468482509395744519e-03,2.317393916171651695e-07,1.737637040466982752e+00
1.972762468877461828e+01,3.350385851653053804e-02,-4.464878555279981100e-03,2.306357980726818159e-07,1.737637756463984440e+00
1.973558579236169663e+01,3.346832748713421402e-02,-4.461278953642647434e-03,2.295371814679273051e-07,1.737638469626182847e+00
1.974354689594877144e+01,3.343282509723731477e-02,-4.457683697497490799e-03,2.284435200376506243e-07,1.737639179963706759e+00
1.975150799953584624e+01,3.339735131227269255e-02,-4.454092779872205650e-03,2.273547921115711532e-07,1.737639887486652324e+00
1.975946910312292459e+01,3.336190609772862747e-02,-4.450506193808403260e-03,2.262709761139537187e-07,1.737640592205081047e+00
1.976743020670999940e+01,3.332648941914878593e-02,-4.446923932361586569e-03,2.251920505631881221e-07,1.737641294129022240e+00
1.977539131029707420e+01,3.329110124213203320e-02,-4.443345988601106814e-03,2.241179940713661524e-07,1.737641993268472129e+00
1.978335241388415255e+01,3.325574153233234326e-02,-4.439772355610130568e-03,2.230487853438635222e-07,1.737642689633392745e+00
1.979131351747122736e+01,3.322041025545875714e-02,-4.436203026485619795e-03,2.219844031789252186e-07,1.737643383233714589e+00
1.979927462105830216e+01,3.318510737727516091e-02,-4.432637994338282407e-03,2.209248264672474401e-07,1.737644074079334189e+00
1.980723572464538051e+01,3.314983286360023013e-02,-4.429077252292547978e-03,2.198700341915661496e-07,1.737644762180115654e+00
1.981519682823245532e+01,3.311458668030738822e-02,-4.425520793486540858e-03,2.188200054262484609e-07,1.737645447545891786e+00
1.982315793181953367e+01,3.307936879332455671e-02,-4.421968611072031596e-03,2.177747193368792068e-07,1.737646130186460303e+00
1.983111903540660848e+01,3.304417916863416904e-02,-4.418420698214422203e-03,2.167341551798576725e-07,1.737646810111588280e+00
1.983908013899368328e+01,3.300901777227300410e-02,-4.414877048092701907e-03,2.156982923019904901e-07,1.737647487331010820e+00
1.984704124258076163e+01,3.297388457033206821e-02,-4.411337653899415068e-03,2.146671101400881862e-07,1.737648161854429052e+00
1.985500234616783644e+01,3.293877952895654659e-02,-4.407802508840642092e-03,2.136405882205654354e-07,1.737648833691513905e+00
1.986296344975491124e+01,3.290370261434562987e-02,-4.404271606135949126e-03,2.126187061590395135e-07,1.737649502851903005e+00
1.987092455334198959e+01,3.286865379275243082e-02,-4.400744939018367240e-03,2.116014436599334101e-07,1.737650169345202666e+00
1.987888565692906440e+01,3.283363303048391496e-02,-4.397222500734361203e-03,2.105887805160809256e-07,1.737650833180987009e+00
1.988684676051614275e+01,3.279864029390071323e-02,-4.393704284543789584e-03,2.095806966083303920e-07,1.737651494368799066e+00
1.989480786410321755e+01,3.276367554941712196e-02,-4.390190283719883069e-03,2.085771719051556206e-07,1.737652152918149451e+00
1.990276896769029236e+01,3.272873876350088085e-02,-4.386680491549203691e-03,2.075781864622620576e-07,1.737652808838517915e+00
1.991073007127737071e+01,3.269382990267313133e-02,-4.383174901331618814e-03,2.065837204222002197e-07,1.737653462139352900e+00
1.991869117486444551e+01,3.265894893350834716e-02,-4.379673506380269907e-03,2.055937540139798972e-07,1.737654112830070874e+00
1.992665227845152032e+01,3.262409582263413321e-02,-4.376176300021536979e-03,2.046082675526825301e-07,1.737654760920057662e+00
1.993461338203859867e+01,3.258927053673118385e-02,-4.372683275595009092e-03,2.036272414390798056e-07,1.737655406418667781e+00
1.994257448562567347e+01,3.255447304253319962e-02,-4.369194426453459207e-03,2.026506561592529959e-07,1.737656049335224884e+00
1.995053558921275183e+01,3.251970330682668608e-02,-4.365709745962799947e-03,2.016784922842104431e-07,1.737656689679021538e+00
1.995849669279982663e+01,3.248496129645098152e-02,-4.362229227502067985e-03,2.007107304695135685e-07,1.737657327459319889e+00
1.996645779638690144e+01,3.245024697829802102e-02,-4.358752864463380679e-03,1.997473514548970306e-07,1.737657962685350777e+00
1.997441889997397979e+01,3.241556031931231568e-02,-4.355280650251909177e-03,1.987883360638966923e-07,1.737658595366314840e+00
1.998238000356105459e+01,3.238090128649084853e-02,-4.351812578285853272e-03,1.978336652034770064e-07,1.737659225511382077e+00
1.999034110714812940e+01,3.234626984688292878e-02,-4.348348641996402364e-03,1.968833198636588765e-07,1.737659853129692289e+00
1.999830221073520775e+01,3.231166596759008081e-02,-4.344888834827705971e-03,1.959372811171504036e-07,1.737660478230354411e+00
2.000626331432228255e+01,3.227708961576604418e-02,-4.341433150236853784e-03,1.949955301189821327e-07,1.737661100822448290e+00
2.001422441790935736e+01,3.224254075861653079e-02,-4.337981581693828824e-03,1.940580481061374553e-07,1.737661720915022689e+00
2.002218552149643571e+01,3.220801936339919014e-02,-4.334534122681487495e-03,1.931248163971904760e-07,1.737662338517096172e+00
2.003014662508351051e+01,3.217352539742355383e-02,-4.331090766695530961e-03,1.921958163919447799e-07,1.737662953637657992e+00
2.003810772867058887e+01,3.213905882805082742e-02,-4.327651507244464381e-03,1.912710295710699491e-07,1.737663566285667205e+00
2.004606883225766367e+01,3.210461962269389041e-02,-4.324216337849581294e-03,1.903504374957452006e-07,1.737664176470053334e+00
2.005402993584473847e+01,3.207020774881711583e-02,-4.320785252044920255e-03,1.894340218072999527e-07,1.737664784199716816e+00
2.006199103943181683e+01,3.203582317393630086e-02,-4.317358243377239675e-03,1.885217642268588389e-07,1.737665389483527223e+00
2.006995214301889163e+01,3.200146586561861128e-02,-4.313935305405994410e-03,1.876136465549889453e-07,1.737665992330325704e+00
2.007791324660596644e+01,3.196713579148239420e-02,-4.310516431703294987e-03,1.867096506713450095e-07,1.737666592748923655e+00
2.008587435019304479e+01,3.193283291919711553e-02,-4.307101615853883327e-03,1.858097585343196756e-07,1.737667190748102941e+00
2.009383545378011959e+01,3.189855721648330450e-02,-4.303690851455108449e-03,1.849139521806953369e-07,1.737667786336617226e+00
2.010179655736719795e+01,3.186430865111235938e-02,-4.300284132116884844e-03,1.840222137252942586e-07,1.737668379523190421e+00
2.010975766095427275e+01,3.183008719090655442e-02,-4.296881451461674259e-03,1.831345253606352118e-07,1.737668970316516903e+00
2.011771876454134755e+01,3.179589280373885940e-02,-4.293482803124450131e-03,1.822508693565870898e-07,1.737669558725263297e+00
2.012567986812842591e+01,3.176172545753283560e-02,-4.290088180752666368e-03,1.813712280600260451e-07,1.737670144758066471e+00
2.013364097171550071e+01,3.172758512026264271e-02,-4.286697578006238261e-03,1.804955838944968618e-07,1.737670728423534872e+00
2.014160207530257551e+01,3.169347175995280291e-02,-4.283310988557502592e-03,1.796239193598698802e-07,1.737671309730248970e+00
2.014956317888965387e+01,3.165938534467817311e-02,-4.279928406091191607e-03,1.787562170320047254e-07,1.737671888686759925e+00
2.015752428247672867e+01,3.162532584256386864e-02,-4.276549824304409601e-03,1.778924595624144316e-07,1.737672465301590918e+00
2.016548538606380703e+01,3.159129322178509669e-02,-4.273175236906593885e-03,1.770326296779285884e-07,1.737673039583236045e+00
2.017344648965088183e+01,3.155728745056712858e-02,-4.269804637619496572e-03,1.761767101803618325e-07,1.737673611540162089e+00
2.018140759323795663e+01,3.152330849718514710e-02,-4.266438020177147281e-03,1.753246839461804879e-07,1.737674181180806743e+00
2.018936869682503499e+01,3.148935632996415629e-02,-4.263075378325828849e-03,1.744765339261724875e-07,1.737674748513581058e+00
2.019732980041210979e+01,3.145543091727894675e-02,-4.259716705824051312e-03,1.736322431451199949e-07,1.737675313546866551e+00
2.020529090399918459e+01,3.142153222755390135e-02,-4.256361996442513743e-03,1.727917947014697498e-07,1.737675876289017429e+00
2.021325200758626295e+01,3.138766022926296057e-02,-4.253011243964085163e-03,1.719551717670087338e-07,1.737676436748360143e+00
2.022121311117333775e+01,3.135381489092953222e-02,-4.249664442183776793e-03,1.711223575865401007e-07,1.737676994933194052e+00
2.022917421476041255e+01,3.131999618112635275e-02,-4.246321584908703019e-03,1.702933354775591866e-07,1.737677550851789210e+00
2.023713531834749091e+01,3.128620406847540392e-02,-4.242982665958063178e-03,1.694680888299325903e-07,1.737678104512389909e+00
2.024509642193456571e+01,3.125243852164786423e-02,-4.239647679163113803e-03,1.686466011055793976e-07,1.737678655923211801e+00
2.025305752552164407e+01,3.121869950936392163e-02,-4.236316618367130457e-03,1.678288558381506325e-07,1.737679205092443890e+00
2.026101862910871887e+01,3.118498700039279425e-02,-4.232989477425394727e-03,1.670148366327150341e-07,1.737679752028247648e+00
2.026897973269579367e+01,3.115130096355251191e-02,-4.229666250205149983e-03,1.662045271654407843e-07,1.737680296738757013e+00
2.027694083628287203e+01,3.111764136770989869e-02,-4.226346930585584902e-03,1.653979111832831642e-07,1.737680839232078833e+00
2.028490193986994683e+01,3.108400818178048974e-02,-4.223031512457804844e-03,1.645949725036723696e-07,1.737681379516293756e+00
2.029286304345702163e+01,3.105040137472837164e-02,-4.219719989724798892e-03,1.637956950142007705e-07,1.737681917599454895e+00
2.030082414704409999e+01,3.101682091556611301e-02,-4.216412356301414699e-03,1.630000626723138238e-07,1.737682453489588719e+00
2.030878525063117479e+01,3.098326677335473331e-02,-4.213108606114334201e-03,1.622080595050031819e-07,1.737682987194694384e+00
2.031674635421825315e+01,3.094973891720349118e-02,-4.209808733102039791e-03,1.614196696084971560e-07,1.737683518722745069e+00
2.032470745780532795e+01,3.091623731626991570e-02,-4.206512731214793500e-03,1.606348771479580866e-07,1.737684048081686194e+00
2.033266856139240275e+01,3.088276193975960510e-02,-4.203220594414606645e-03,1.598536663571757970e-07,1.737684575279438981e+00
2.034062966497948111e+01,3.084931275692618519e-02,-4.199932316675207729e-03,1.590760215382660499e-07,1.737685100323895560e+00
2.034859076856655591e+01,3.081588973707125034e-02,-4.196647891982027700e-03,1.583019270613701412e-07,1.737685623222923637e+00
2.035655187215363071e+01,3.078249284954418658e-02,-4.193367314332160922e-03,1.575313673643530130e-07,1.737686143984364051e+00
2.036451297574070907e+01,3.074912206374212642e-02,-4.190090577734339149e-03,1.567643269525057328e-07,1.737686662616030331e+00
2.037247407932778387e+01,3.071577734910989690e-02,-4.186817676208917649e-03,1.560007903982493494e-07,1.737687179125712023e+00
2.038043518291486222e+01,3.068245867513982525e-02,-4.183548603787827502e-03,1.552407423408367645e-07,1.737687693521171139e+00
2.038839628650193703e+01,3.064916601137175622e-02,-4.180283354514570393e-03,1.544841674860606113e-07,1.737688205810144382e+00
2.039635739008901183e+01,3.061589932739287867e-02,-4.177021922444173509e-03,1.537310506059585143e-07,1.737688716000342470e+00
2.040431849367609018e+01,3.058265859283765264e-02,-4.173764301643172192e-03,1.529813765385215243e-07,1.737689224099450147e+00
2.041227959726316499e+01,3.054944377738777819e-02,-4.170510486189587390e-03,1.522351301874052800e-07,1.737689730115126840e+00
2.042024070085023979e+01,3.051625485077200800e-02,-4.167260470172888358e-03,1.514922965216384702e-07,1.737690234055006444e+00
2.042820180443731815e+01,3.048309178276611270e-02,-4.164014247693970973e-03,1.507528605753365366e-07,1.737690735926696650e+00
2.043616290802439295e+01,3.044995454319280800e-02,-4.160771812865136053e-03,1.500168074474155882e-07,1.737691235737780060e+00
2.044412401161146775e+01,3.041684310192161247e-02,-4.157533159810058131e-03,1.492841223013058927e-07,1.737691733495815072e+00
2.045208511519854611e+01,3.038375742886877118e-02,-4.154298282663755094e-03,1.485547903646685701e-07,1.737692229208332773e+00
2.046004621878562091e+01,3.035069749399721406e-02,-4.151067175572574312e-03,1.478287969291140076e-07,1.737692722882840268e+00
2.046800732237269926e+01,3.031766326731638247e-02,-4.147839832694153600e-03,1.471061273499187119e-07,1.737693214526819574e+00
2.047596842595977407e+01,3.028465471888223265e-02,-4.144616248197404741e-03,1.463867670457475093e-07,1.737693704147727614e+00
2.048392952954684887e+01,3.025167181879705874e-02,-4.141396416262481395e-03,1.456707014983727012e-07,1.737694191752995998e+00
2.049189063313392722e+01,3.021871453720944081e-02,-4.138180331080753074e-03,1.449579162523977193e-07,1.737694677350031247e+00
2.049985173672100203e+01,3.018578284431420664e-02,-4.134967986854787801e-03,1.442483969149818405e-07,1.737695160946215900e+00
2.050781284030807683e+01,3.015287671035224090e-02,-4.131759377798316542e-03,1.435421291555632063e-07,1.737695642548907626e+00
2.051577394389515518e+01,3.011999610561045398e-02,-4.128554498136208055e-03,1.428390987055863703e-07,1.737696122165438783e+00
2.052373504748222999e+01,3.008714100042173337e-02,-4.125353342104455014e-03,1.421392913582306911e-07,1.737696599803117969e+00
2.053169615106930834e+01,3.005431136516474588e-02,-4.122155903950130637e-03,1.414426929681369526e-07,1.737697075469228691e+00
2.053965725465638315e+01,3.002150717026398283e-02,-4.118962177931379150e-03,1.407492894511401517e-07,1.737697549171030476e+00
2.054761835824345795e+01,2.998872838618954831e-02,-4.115772158317381954e-03,1.400590667839983153e-07,1.737698020915758645e+00
2.055557946183053630e+01,2.995597498345713150e-02,-4.112585839388329875e-03,1.393720110041260819e-07,1.737698490710622989e+00
2.056354056541761111e+01,2.992324693262795807e-02,-4.109403215435408416e-03,1.386881082093295275e-07,1.737698958562810869e+00
2.057150166900468591e+01,2.989054420430860975e-02,-4.106224280760763928e-03,1.380073445575389268e-07,1.737699424479485222e+00
2.057946277259176426e+01,2.985786676915099663e-02,-4.103049029677476728e-03,1.373297062665463314e-07,1.737699888467783671e+00
2.058742387617883907e+01,2.982521459785229118e-02,-4.099877456509548081e-03,1.366551796137432811e-07,1.737700350534821414e+00
2.059538497976591387e+01,2.979258766115477214e-02,-4.096709555591859439e-03,1.359837509358579589e-07,1.737700810687688557e+00
2.060334608335299222e+01,2.975998592984577598e-02,-4.093545321270158563e-03,1.353154066286957341e-07,1.737701268933452559e+00
2.061130718694006703e+01,2.972740937475764830e-02,-4.090384747901033499e-03,1.346501331468808177e-07,1.737701725279156673e+00
2.061926829052714538e+01,2.969485796676757036e-02,-4.087227829851880490e-03,1.339879170035966195e-07,1.737702179731820173e+00
2.062722939411422018e+01,2.966233167679757643e-02,-4.084074561500890960e-03,1.333287447703311891e-07,1.737702632298439243e+00
2.063519049770129499e+01,2.962983047581436297e-02,-4.080924937237013356e-03,1.326726030766193996e-07,1.737703082985986081e+00
2.064315160128837334e+01,2.959735433482926434e-02,-4.077778951459938399e-03,1.320194786097899236e-07,1.737703531801410239e+00
2.065111270487544815e+01,2.956490322489819383e-02,-4.074636598580074799e-03,1.313693581147125255e-07,1.737703978751637290e+00
2.065907380846252295e+01,2.953247711712148060e-02,-4.071497873018517163e-03,1.307222283935442962e-07,1.737704423843570156e+00
2.066703491204960130e+01,2.950007598264382802e-02,-4.068362769207025179e-03,1.300780763054797255e-07,1.737704867084087335e+00
2.067499601563667611e+01,2.946769979265426165e-02,-4.065231281588005396e-03,1.294368887665014092e-07,1.737705308480045785e+00
2.068295711922375446e+01,2.943534851838596270e-02,-4.062103404614476540e-03,1.287986527491299368e-07,1.737705748038278264e+00
2.069091822281082926e+01,2.940302213111627497e-02,-4.058979132750053891e-03,1.281633552821779867e-07,1.737706185765595102e+00
2.069887932639790407e+01,2.937072060216654873e-02,-4.055858460468919797e-03,1.275309834505026225e-07,1.737706621668783757e+00
2.070684042998498242e+01,2.933844390290206786e-02,-4.052741382255800259e-03,1.269015243947601030e-07,1.737707055754608820e+00
2.071480153357205722e+01,2.930619200473203248e-02,-4.049627892605944975e-03,1.262749653111631279e-07,1.737707488029811564e+00
2.072276263715913203e+01,2.927396487910938552e-02,-4.046517986025098719e-03,1.256512934512358605e-07,1.737707918501111060e+00
2.073072374074621038e+01,2.924176249753076412e-02,-4.043411657029477926e-03,1.250304961215727872e-07,1.737708347175204393e+00
2.073868484433328518e+01,2.920958483153646146e-02,-4.040308900145751607e-03,1.244125606835986109e-07,1.737708774058764893e+00
2.074664594792036354e+01,2.917743185271024636e-02,-4.037209709911010122e-03,1.237974745533265812e-07,1.737709199158443907e+00
2.075460705150743834e+01,2.914530353267940493e-02,-4.034114080872750439e-03,1.231852252011222524e-07,1.737709622480871463e+00
2.076256815509451314e+01,2.911319984311452891e-02,-4.031022007588842306e-03,1.225758001514633224e-07,1.737710044032653389e+00
2.077052925868159150e+01,2.908112075572950872e-02,-4.027933484627510899e-03,1.219691869827045817e-07,1.737710463820374418e+00
2.077849036226866630e+01,2.904906624228147452e-02,-4.024848506567316013e-03,1.213653733268428877e-07,1.737710881850596856e+00
2.078645146585574111e+01,2.901703627457062964e-02,-4.021767067997120831e-03,1.207643468692811078e-07,1.737711298129861470e+00
2.079441256944281946e+01,2.898503082444021939e-02,-4.018689163516071979e-03,1.201660953485957669e-07,1.737711712664685493e+00
2.080237367302989426e+01,2.895304986377648937e-02,-4.015614787733582172e-03,1.195706065563055435e-07,1.737712125461565948e+00
2.081033477661696907e+01,2.892109336450851553e-02,-4.012543935269295529e-03,1.189778683366382292e-07,1.737712536526976770e+00
2.081829588020404742e+01,2.888916129860815904e-02,-4.009476600753071086e-03,1.183878685863014346e-07,1.737712945867370129e+00
2.082625698379112222e+01,2.885725363809004546e-02,-4.006412778824964584e-03,1.178005952542543534e-07,1.737713353489177548e+00
2.083421808737820058e+01,2.882537035501137046e-02,-4.003352464135192038e-03,1.172160363414776737e-07,1.737713759398807678e+00
2.084217919096527538e+01,2.879351142147193801e-02,-4.000295651344120199e-03,1.166341799007485986e-07,1.737714163602647854e+00
2.085014029455235018e+01,2.876167680961397299e-02,-3.997242335122234459e-03,1.160550140364129145e-07,1.737714566107063874e+00
2.085810139813942854e+01,2.872986649162209347e-02,-3.994192510150118905e-03,1.154785269041608187e-07,1.737714966918400661e+00
2.086606250172650334e+01,2.869808043972326903e-02,-3.991146171118437232e-03,1.149047067108036733e-07,1.737715366042980936e+00
2.087402360531357814e+01,2.866631862618665080e-02,-3.988103312727902389e-03,1.143335417140493164e-07,1.737715763487105436e+00
2.088198470890065650e+01,2.863458102332354371e-02,-3.985063929689260098e-03,1.137650202222810261e-07,1.737716159257056026e+00
2.088994581248773130e+01,2.860286760348735788e-02,-3.982028016723265437e-03,1.131991305943370540e-07,1.737716553359091254e+00
2.089790691607480966e+01,2.857117833907344209e-02,-3.978995568560654214e-03,1.126358612392890730e-07,1.737716945799448576e+00
2.090586801966188446e+01,2.853951320251910118e-02,-3.975966579942130825e-03,1.120752006162248735e-07,1.737717336584345684e+00
2.091382912324895926e+01,2.850787216630343984e-02,-3.972941045618336164e-03,1.115171372340289822e-07,1.737717725719977846e+00
2.092179022683603762e+01,2.847625520294730719e-02,-3.969918960349828538e-03,1.109616596511660462e-07,1.737718113212521009e+00
2.092975133042311242e+01,2.844466228501326896e-02,-3.966900318907064585e-03,1.104087564754656209e-07,1.737718499068128031e+00
2.093771243401018722e+01,2.841309338510543750e-02,-3.963885116070372389e-03,1.098584163639055278e-07,1.737718883292933114e+00
2.094567353759726558e+01,2.838154847586944751e-02,-3.960873346629929792e-03,1.093106280223986273e-07,1.737719265893048703e+00
2.095363464118434038e+01,2.835002752999240747e-02,-3.957865005385747051e-03,1.087653802055802269e-07,1.737719646874566370e+00
2.096159574477141874e+01,2.831853052020272959e-02,-3.954860087147636476e-03,1.082226617165942576e-07,1.737720026243557703e+00
2.096955684835849354e+01,2.828705741927016459e-02,-3.951858586735198554e-03,1.076824614068839915e-07,1.737720404006072972e+00
2.097751795194556834e+01,2.825560820000562468e-02,-3.948860498977795064e-03,1.071447681759800181e-07,1.737720780168142909e+00
2.098547905553264670e+01,2.822418283526114194e-02,-3.945865818714524784e-03,1.066095709712915440e-07,1.737721154735776929e+00
2.099344015911972150e+01,2.819278129792984061e-02,-3.942874540794212221e-03,1.060768587878988296e-07,1.737721527714964687e+00
2.100140126270679630e+01,2.816140356094577746e-02,-3.939886660075372915e-03,1.055466206683443028e-07,1.737721899111675627e+00
2.100936236629387466e+01,2.813004959728390014e-02,-3.936902171426196959e-03,1.050188457024266644e-07,1.737722268931858327e+00
2.101732346988094946e+01,2.809871937996001254e-02,-3.933921069724532517e-03,1.044935230269959452e-07,1.737722637181441376e+00
2.102528457346802426e+01,2.806741288203061513e-02,-3.930943349857856338e-03,1.039706418257475054e-07,1.737723003866334492e+00
2.103324567705510262e+01,2.803613007659287726e-02,-3.927969006723252068e-03,1.034501913290189845e-07,1.737723368992425188e+00
2.104120678064217742e+01,2.800487093678459202e-02,-3.924998035227398110e-03,1.029321608135881123e-07,1.737723732565582990e+00
2.104916788422925578e+01,2.797363543578401321e-02,-3.922030430286533795e-03,1.024165396024692221e-07,1.737724094591656554e+00
2.105712898781633058e+01,2.794242354680987264e-02,-3.919066186826448972e-03,1.019033170647137881e-07,1.737724455076475216e+00
2.106509009140340538e+01,2.791123524312123100e-02,-3.916105299782451921e-03,1.013924826152091753e-07,1.737724814025846998e+00
2.107305119499048374e+01,2.788007049801742923e-02,-3.913147764099356336e-03,1.008840257144797720e-07,1.737725171445562822e+00
2.108101229857755854e+01,2.784892928483804694e-02,-3.910193574731458781e-03,1.003779358684892345e-07,1.737725527341391407e+00
2.108897340216463334e+01,2.781781157696277054e-02,-3.907242726642513528e-03,9.987420262844214866e-08,1.737725881719083931e+00
2.109693450575171170e+01,2.778671734781132732e-02,-3.904295214805711747e-03,9.937281559058761104e-08,1.737726234584370255e+00
2.110489560933878650e+01,2.775564657084347853e-02,-3.901351034203668928e-03,9.887376439602468924e-08,1.737726585942962254e+00
2.111285671292586485e+01,2.772459921955882853e-02,-3.898410179828390183e-03,9.837703873050567206e-08,1.737726935800552042e+00
2.112081781651293966e+01,2.769357526749687687e-02,-3.895472646681261576e-03,9.788262832424430910e-08,1.737727284162811525e+00
2.112877892010001446e+01,2.766257468823683091e-02,-3.892538429773020631e-03,9.739052295172083446e-08,1.737727631035394182e+00
2.113674002368709282e+01,2.763159745539758502e-02,-3.889607524123737687e-03,9.690071243149070927e-08,1.737727976423934173e+00
2.114470112727416762e+01,2.760064354263768588e-02,-3.886679924762801146e-03,9.641318662599392021e-08,1.737728320334046117e+00
2.115266223086124242e+01,2.756971292365516940e-02,-3.883755626728886690e-03,9.592793544136304711e-08,1.737728662771326427e+00
2.116062333444832078e+01,2.753880557218753300e-02,-3.880834625069941660e-03,9.544494882723444082e-08,1.737729003741351086e+00
2.116858443803539558e+01,2.750792146201170088e-02,-3.877916914843167716e-03,9.496421677656003624e-08,1.737729343249678537e+00
2.117654554162247393e+01,2.747706056694386098e-02,-3.875002491114992210e-03,9.448572932541802729e-08,1.737729681301847240e+00
2.118450664520954874e+01,2.744622286083949272e-02,-3.872091348961056480e-03,9.400947655282739314e-08,1.737730017903377444e+00
2.119246774879662354e+01,2.741540831759320049e-02,-3.869183483466186353e-03,9.353544858056017450e-08,1.737730353059770083e+00
2.120042885238370189e+01,2.738461691113867891e-02,-3.866278889724377409e-03,9.306363557295667491e-08,1.737730686776507882e+00
2.120838995597077670e+01,2.735384861544869206e-02,-3.863377562838776324e-03,9.259402773674168105e-08,1.737731019059054915e+00
2.121635105955785150e+01,2.732310340453491040e-02,-3.860479497921653555e-03,9.212661532083934627e-08,1.737731349912855938e+00
2.122431216314492985e+01,2.729238125244787261e-02,-3.857584690094387290e-03,9.166138861619073450e-08,1.737731679343337943e+00
2.123227326673200466e+01,2.726168213327696474e-02,-3.854693134487446101e-03,9.119833795557255512e-08,1.737732007355909047e+00
2.124023437031907946e+01,2.723100602115026761e-02,-3.851804826240362491e-03,9.073745371341457445e-08,1.737732333955958719e+00
2.124819547390615782e+01,2.720035289023451514e-02,-3.848919760501714245e-03,9.027872630561964775e-08,1.737732659148858660e+00
2.125615657749323262e+01,2.716972271473507006e-02,-3.846037932429110552e-03,8.982214618938473049e-08,1.737732982939961701e+00
2.126411768108031097e+01,2.713911546889575740e-02,-3.843159337189161646e-03,8.936770386302055307e-08,1.737733305334602685e+00
2.127207878466738578e+01,2.710853112699889572e-02,-3.840283969957470137e-03,8.891538986577512024e-08,1.737733626338098025e+00
2.128003988825446058e+01,2.707796966336514094e-02,-3.837411825918600212e-03,8.846519477765513282e-08,1.737733945955746373e+00
2.128800099184153893e+01,2.704743105235344128e-02,-3.834542900266063332e-03,8.801710921924991065e-08,1.737734264192827949e+00
2.129596209542861374e+01,2.701691526836101989e-02,-3.831677188202301312e-03,8.757112385155644063e-08,1.737734581054604988e+00
2.130392319901568854e+01,2.698642228582322569e-02,-3.828814684938659871e-03,8.712722937580332620e-08,1.737734896546322183e+00
2.131188430260276689e+01,2.695595207921347436e-02,-3.825955385695370848e-03,8.668541653327684118e-08,1.737735210673205355e+00
2.131984540618984170e+01,2.692550462304326223e-02,-3.823099285701537890e-03,8.624567610514875708e-08,1.737735523440463448e+00
2.132780650977692005e+01,2.689507989186196504e-02,-3.820246380195108267e-03,8.580799891230185435e-08,1.737735834853287198e+00
2.133576761336399485e+01,2.686467786025688656e-02,-3.817396664422861158e-03,8.537237581515988047e-08,1.737736144916849579e+00
2.134372871695106966e+01,2.683429850285310586e-02,-3.814550133640382066e-03,8.493879771351523171e-08,1.737736453636306022e+00
2.135168982053814801e+01,2.680394179431342880e-02,-3.811706783112045038e-03,8.450725554635899067e-08,1.737736761016794196e+00
2.135965092412522282e+01,2.677360770933837064e-02,-3.808866608110997049e-03,8.407774029171216822e-08,1.737737067063433782e+00
2.136761202771229762e+01,2.674329622266600343e-02,-3.806029603919133288e-03,8.365024296645571452e-08,1.737737371781328255e+00
2.137557313129937597e+01,2.671300730907192819e-02,-3.803195765827078936e-03,8.322475462616309773e-08,1.737737675175561769e+00
2.138353423488645078e+01,2.668274094336923682e-02,-3.800365089134174860e-03,8.280126636493345171e-08,1.737737977251202937e+00
2.139149533847352913e+01,2.665249710040835940e-02,-3.797537569148448991e-03,8.237976931522388999e-08,1.737738278013301496e+00
2.139945644206060393e+01,2.662227575507709540e-02,-3.794713201186608945e-03,8.196025464768510195e-08,1.737738577466890977e+00
2.140741754564767874e+01,2.659207688230046107e-02,-3.791891980574011237e-03,8.154271357099513585e-08,1.737738875616986700e+00
2.141537864923475709e+01,2.656190045704064431e-02,-3.789073902644647836e-03,8.112713733169539209e-08,1.737739172468587556e+00
2.142333975282183189e+01,2.653174645429699427e-02,-3.786258962741131419e-03,8.071351721402788696e-08,1.737739468026675338e+00
2.143130085640890670e+01,2.650161484910585480e-02,-3.783447156214666315e-03,8.030184453977095477e-08,1.737739762296214074e+00
2.143926195999598505e+01,2.647150561654055059e-02,-3.780638478425036361e-03,7.989211066807796745e-08,1.737740055282151364e+00
2.144722306358305985e+01,2.644141873171135595e-02,-3.777832924740587555e-03,7.948430699531631890e-08,1.737740346989417928e+00
2.145518416717013466e+01,2.641135416976533520e-02,-3.775030490538202037e-03,7.907842495490553580e-08,1.737740637422926504e+00
2.146314527075721301e+01,2.638131190588633573e-02,-3.772231171203284210e-03,7.867445601715811483e-08,1.737740926587574508e+00
2.147110637434428781e+01,2.635129191529493597e-02,-3.769434962129744691e-03,7.827239168912045255e-08,1.737741214488241370e+00
2.147906747793136617e+01,2.632129417324830661e-02,-3.766641858719972993e-03,7.787222351441331201e-08,1.737741501129790533e+00
2.148702858151844097e+01,2.629131865504023488e-02,-3.763851856384828852e-03,7.747394307307521431e-08,1.737741786517068121e+00
2.149498968510551578e+01,2.626136533600096842e-02,-3.761064950543614900e-03,7.707754198140408314e-08,1.737742070654904047e+00
2.150295078869259413e+01,2.623143419149719796e-02,-3.758281136624062359e-03,7.668301189180140398e-08,1.737742353548111351e+00
2.151091189227966893e+01,2.620152519693200524e-02,-3.755500410062315424e-03,7.629034449261671408e-08,1.737742635201486641e+00
2.151887299586674374e+01,2.617163832774474508e-02,-3.752722766302905247e-03,7.589953150799181466e-08,1.737742915619809869e+00
2.152683409945382209e+01,2.614177355941100026e-02,-3.749948200798737356e-03,7.551056469770669025e-08,1.737743194807845226e+00
2.153479520304089689e+01,2.611193086744256070e-02,-3.747176709011073008e-03,7.512343585702636782e-08,1.737743472770339581e+00
2.154275630662797525e+01,2.608211022738726043e-02,-3.744408286409506206e-03,7.473813681654666410e-08,1.737743749512024038e+00
2.155071741021505005e+01,2.605231161482902957e-02,-3.741642928471953285e-03,7.435465944204334760e-08,1.737744025037613271e+00
2.155867851380212485e+01,2.602253500538771747e-02,-3.738880630684625599e-03,7.397299563431909030e-08,1.737744299351805743e+00
2.156663961738920321e+01,2.599278037471907526e-02,-3.736121388542016503e-03,7.359313732905303989e-08,1.737744572459283710e+00
2.157460072097627801e+01,2.596304769851473168e-02,-3.733365197546885741e-03,7.321507649665105379e-08,1.737744844364713437e+00
2.158256182456335281e+01,2.593333695250205073e-02,-3.730612053210234733e-03,7.283880514209505961e-08,1.737745115072744984e+00
2.159052292815043117e+01,2.590364811244409704e-02,-3.727861951051291388e-03,7.246431530479445380e-08,1.737745384588011976e+00
2.159848403173750597e+01,2.587398115413960809e-02,-3.725114886597497097e-03,7.209159905843821503e-08,1.737745652915133165e+00
2.160644513532458078e+01,2.584433605342286930e-02,-3.722370855384478979e-03,7.172064851084650132e-08,1.737745920058710425e+00
2.161440623891165913e+01,2.581471278616365855e-02,-3.719629852956039037e-03,7.135145580382371634e-08,1.737746186023329864e+00
2.162236734249873393e+01,2.578511132826725311e-02,-3.716891874864136809e-03,7.098401311301308439e-08,1.737746450813562493e+00
2.163032844608581229e+01,2.575553165567424224e-02,-3.714156916668864654e-03,7.061831264774930643e-08,1.737746714433962225e+00
2.163828954967288709e+01,2.572597374436059667e-02,-3.711424973938439505e-03,7.025434665091523941e-08,1.737746976889068540e+00
2.164625065325996189e+01,2.569643757033748116e-02,-3.708696042249176855e-03,6.989210739879586252e-08,1.737747238183404708e+00
2.165421175684704025e+01,2.566692310965125803e-02,-3.705970117185475136e-03,6.953158720093535362e-08,1.737747498321478457e+00
2.166217286043411505e+01,2.563743033838344204e-02,-3.703247194339804454e-03,6.917277839999411271e-08,1.737747757307781971e+00
2.167013396402118985e+01,2.560795923265057547e-02,-3.700527269312678825e-03,6.881567337160556041e-08,1.737748015146791447e+00
2.167809506760826821e+01,2.557850976860418304e-02,-3.697810337712644467e-03,6.846026452423436588e-08,1.737748271842968872e+00
2.168605617119534301e+01,2.554908192243076151e-02,-3.695096395156264625e-03,6.810654429903590543e-08,1.737748527400759135e+00
2.169401727478242137e+01,2.551967567035162351e-02,-3.692385437268093547e-03,6.775450516971445078e-08,1.737748781824592692e+00
2.170197837836949617e+01,2.549029098862292883e-02,-3.689677459680670412e-03,6.740413964238429528e-08,1.737749035118884899e+00
2.170993948195657097e+01,2.546092785353553864e-02,-3.686972458034491577e-03,6.705544025542930529e-08,1.737749287288035349e+00
2.171790058554364933e+01,2.543158624141499471e-02,-3.684270427977997565e-03,6.670839957936473472e-08,1.737749538336428756e+00
2.172586168913072413e+01,2.540226612862148473e-02,-3.681571365167559187e-03,6.636301021669926449e-08,1.737749788268434070e+00
2.173382279271779893e+01,2.537296749154970346e-02,-3.678875265267454123e-03,6.601926480179661856e-08,1.737750037088405808e+00
2.174178389630487729e+01,2.534369030662883548e-02,-3.676182123949851745e-03,6.567715600073907249e-08,1.737750284800682943e+00
2.174974499989195209e+01,2.531443455032252390e-02,-3.673491936894800539e-03,6.533667651119151790e-08,1.737750531409589794e+00
2.175770610347903045e+01,2.528520019912872813e-02,-3.670804699790202082e-03,6.499781906226471958e-08,1.737750776919435358e+00
2.176566720706610525e+01,2.525598722957974815e-02,-3.668120408331804541e-03,6.466057641438120636e-08,1.737751021334513757e+00
2.177362831065318005e+01,2.522679561824207883e-02,-3.665439058223175783e-03,6.432494135913967967e-08,1.737751264659104677e+00
2.178158941424025841e+01,2.519762534171640297e-02,-3.662760645175691231e-03,6.399090671918176463e-08,1.737751506897472265e+00
2.178955051782733321e+01,2.516847637663753579e-02,-3.660085164908519120e-03,6.365846534805864212e-08,1.737751748053866008e+00
2.179751162141440801e+01,2.513934869967431388e-02,-3.657412613148598377e-03,6.332761013009769398e-08,1.737751988132520964e+00
2.180547272500148637e+01,2.511024228752956056e-02,-3.654742985630623879e-03,6.299833398027065710e-08,1.737752227137657535e+00
2.181343382858856117e+01,2.508115711694005462e-02,-3.652076278097033009e-03,6.267062984406226707e-08,1.737752465073481245e+00
2.182139493217563597e+01,2.505209316467641237e-02,-3.649412486297983534e-03,6.234449069733861076e-08,1.737752701944183187e+00
2.182935603576271433e+01,2.502305040754304599e-02,-3.646751605991337998e-03,6.201990954621692150e-08,1.737752937753939353e+00
2.183731713934978913e+01,2.499402882237814968e-02,-3.644093632942652008e-03,6.169687942693615506e-08,1.737753172506911969e+00
2.184527824293686749e+01,2.496502838605354352e-02,-3.641438562925149950e-03,6.137539340572661275e-08,1.737753406207248164e+00
2.185323934652394229e+01,2.493604907547472549e-02,-3.638786391719716316e-03,6.105544457868247621e-08,1.737753638859081518e+00
2.186120045011101709e+01,2.490709086758070151e-02,-3.636137115114870984e-03,6.073702607163240989e-08,1.737753870466530071e+00
2.186916155369809545e+01,2.487815373934398888e-02,-3.633490728906757939e-03,6.042013104001259876e-08,1.737754101033698317e+00
2.187712265728517025e+01,2.484923766777057119e-02,-3.630847228899130533e-03,6.010475266873994480e-08,1.737754330564676319e+00
2.188508376087224505e+01,2.482034262989977341e-02,-3.628206610903328931e-03,5.979088417208476065e-08,1.737754559063540150e+00
2.189304486445932341e+01,2.479146860280423414e-02,-3.625568870738265798e-03,5.947851879354524984e-08,1.737754786534351004e+00
2.190100596804639821e+01,2.476261556358989174e-02,-3.622934004230415894e-03,5.916764980572259598e-08,1.737755012981156533e+00
2.190896707163347656e+01,2.473378348939582125e-02,-3.620302007213790051e-03,5.885827051019500624e-08,1.737755238407989955e+00
2.191692817522055137e+01,2.470497235739429337e-02,-3.617672875529927799e-03,5.855037423739469974e-08,1.737755462818870944e+00
2.192488927880762617e+01,2.467618214479061142e-02,-3.615046605027873519e-03,5.824395434648305614e-08,1.737755686217804074e+00
2.193285038239470452e+01,2.464741282882309745e-02,-3.612423191564164728e-03,5.793900422522791504e-08,1.737755908608781041e+00
2.194081148598177933e+01,2.461866438676306099e-02,-3.609802631002817768e-03,5.763551728988119955e-08,1.737756129995779553e+00
2.194877258956885413e+01,2.458993679591468459e-02,-3.607184919215305260e-03,5.733348698505620899e-08,1.737756350382762660e+00
2.195673369315593249e+01,2.456123003361497872e-02,-3.604570052080544821e-03,5.703290678360620866e-08,1.737756569773680759e+00
2.196469479674300729e+01,2.453254407723376787e-02,-3.601958025484883891e-03,5.673377018650382688e-08,1.737756788172468925e+00
2.197265590033008564e+01,2.450387890417355871e-02,-3.599348835322077611e-03,5.643607072271978371e-08,1.737757005583049352e+00
2.198061700391716045e+01,2.447523449186955746e-02,-3.596742477493282322e-03,5.613980194910369754e-08,1.737757222009330915e+00
2.198857810750423525e+01,2.444661081778953804e-02,-3.594138947907030406e-03,5.584495745026385270e-08,1.737757437455208942e+00
2.199653921109131360e+01,2.441800785943381430e-02,-3.591538242479217716e-03,5.555153083844858842e-08,1.737757651924563440e+00
2.200450031467838841e+01,2.438942559433523311e-02,-3.588940357133092295e-03,5.525951575342840902e-08,1.737757865421262427e+00
2.201246141826546321e+01,2.436086400005902167e-02,-3.586345287799231826e-03,5.496890586237710815e-08,1.737758077949160596e+00
2.202042252185254156e+01,2.433232305420277367e-02,-3.583753030415529756e-03,5.467969485975485174e-08,1.737758289512097765e+00
2.202838362543961637e+01,2.430380273439643191e-02,-3.581163580927184016e-03,5.439187646719171762e-08,1.737758500113901761e+00
2.203634472902669117e+01,2.427530301830215648e-02,-3.578576935286674910e-03,5.410544443337058660e-08,1.737758709758385978e+00
2.204430583261376952e+01,2.424682388361430047e-02,-3.575993089453751664e-03,5.382039253391165480e-08,1.737758918449350931e+00
2.205226693620084433e+01,2.421836530805938567e-02,-3.573412039395422023e-03,5.353671457125740922e-08,1.737759126190583592e+00
2.206022803978792268e+01,2.418992726939596383e-02,-3.570833781085926226e-03,5.325440437455700778e-08,1.737759332985857830e+00
2.206818914337499749e+01,2.416150974541466517e-02,-3.568258310506733540e-03,5.297345579955298860e-08,1.737759538838934636e+00
2.207615024696207229e+01,2.413311271393803886e-02,-3.565685623646516669e-03,5.269386272846641109e-08,1.737759743753561237e+00
2.208411135054915064e+01,2.410473615282053561e-02,-3.563115716501139615e-03,5.241561906988395564e-08,1.737759947733471755e+00
2.209207245413622545e+01,2.407638003994850076e-02,-3.560548585073647267e-03,5.213871875864557271e-08,1.737760150782387658e+00
2.210003355772330025e+01,2.404804435324002856e-02,-3.557984225374242419e-03,5.186315575573125168e-08,1.737760352904016647e+00
2.210799466131037860e+01,2.401972907064495524e-02,-3.555422633420273620e-03,5.158892404814967575e-08,1.737760554102054655e+00
2.211595576489745341e+01,2.399143417014482083e-02,-3.552863805236222607e-03,5.131601764882704223e-08,1.737760754380182959e+00
2.212391686848453176e+01,2.396315962975274425e-02,-3.550307736853683047e-03,5.104443059649552554e-08,1.737760953742071068e+00
2.213187797207160656e+01,2.393490542751346151e-02,-3.547754424311352732e-03,5.077415695558381801e-08,1.737761152191375613e+00
2.213983907565868137e+01,2.390667154150317303e-02,-3.545203863655011899e-03,5.050519081610626123e-08,1.737761349731739680e+00
2.214780017924575972e+01,2.387845794982952977e-02,-3.542656050937509349e-03,5.023752629355386335e-08,1.737761546366794363e+00
2.215576128283283452e+01,2.385026463063162627e-02,-3.540110982218752471e-03,4.997115752878582593e-08,1.737761742100156992e+00
2.216372238641990933e+01,2.382209156207984804e-02,-3.537568653565685128e-03,4.970607868792011785e-08,1.737761936935433127e+00
2.217168349000698768e+01,2.379393872237586804e-02,-3.535029061052275944e-03,4.944228396222600802e-08,1.737762130876215227e+00
2.217964459359406248e+01,2.376580608975262590e-02,-3.532492200759506165e-03,4.917976756801686278e-08,1.737762323926083319e+00
2.218760569718114084e+01,2.373769364247417871e-02,-3.529958068775347537e-03,4.891852374654220874e-08,1.737762516088604325e+00
2.219556680076821564e+01,2.370960135883575653e-02,-3.527426661194755370e-03,4.865854676388218454e-08,1.737762707367332959e+00
2.220352790435529045e+01,2.368152921716360979e-02,-3.524897974119647719e-03,4.839983091084053013e-08,1.737762897765811498e+00
2.221148900794236880e+01,2.365347719581498837e-02,-3.522372003658891075e-03,4.814237050283922388e-08,1.737763087287569341e+00
2.221945011152944360e+01,2.362544527317814169e-02,-3.519848745928292125e-03,4.788615987981380111e-08,1.737763275936124119e+00
2.222741121511651841e+01,2.359743342767216256e-02,-3.517328197050573896e-03,4.763119340610770007e-08,1.737763463714980361e+00
2.223537231870359676e+01,2.356944163774699758e-02,-3.514810353155364917e-03,4.737746547036857313e-08,1.737763650627630829e+00
2.224333342229067156e+01,2.354146988188340200e-02,-3.512295210379188376e-03,4.712497048544453850e-08,1.737763836677555185e+00
2.225129452587774637e+01,2.351351813859283574e-02,-3.509782764865440868e-03,4.687370288828037900e-08,1.737764021868221764e+00
2.225925562946482472e+01,2.348558638641743204e-02,-3.507273012764379385e-03,4.662365713981481281e-08,1.737764206203085804e+00
2.226721673305189952e+01,2.345767460392997328e-02,-3.504765950233113079e-03,4.637482772487830034e-08,1.737764389685590993e+00
2.227517783663897788e+01,2.342978276973376600e-02,-3.502261573435578538e-03,4.612720915209038770e-08,1.737764572319168366e+00
2.228313894022605268e+01,2.340191086246268259e-02,-3.499759878542534151e-03,4.588079595375896943e-08,1.737764754107236964e+00
2.229110004381312748e+01,2.337405886078100861e-02,-3.497260861731540157e-03,4.563558268577828718e-08,1.737764935053204063e+00
2.229906114740020584e+01,2.334622674338343237e-02,-3.494764519186943901e-03,4.539156392752860920e-08,1.737765115160464280e+00
2.230702225098728064e+01,2.331841448899503802e-02,-3.492270847099872896e-03,4.514873428177638640e-08,1.737765294432400909e+00
2.231498335457435545e+01,2.329062207637115980e-02,-3.489779841668210533e-03,4.490708837457362083e-08,1.737765472872384809e+00
2.232294445816143380e+01,2.326284948429737862e-02,-3.487291499096586110e-03,4.466662085515892161e-08,1.737765650483775071e+00
2.233090556174850860e+01,2.323509669158950117e-02,-3.484805815596363990e-03,4.442732639585881906e-08,1.737765827269918351e+00
2.233886666533558696e+01,2.320736367709341427e-02,-3.482322787385622783e-03,4.418919969198845662e-08,1.737766003234150869e+00
2.234682776892266176e+01,2.317965041968514731e-02,-3.479842410689147104e-03,4.395223546175449314e-08,1.737766178379795301e+00
2.235478887250973656e+01,2.315195689827070566e-02,-3.477364681738408063e-03,4.371642844615644995e-08,1.737766352710163664e+00
2.236274997609681492e+01,2.312428309178608116e-02,-3.474889596771551115e-03,4.348177340889001684e-08,1.737766526228555541e+00
2.237071107968388972e+01,2.309662897919722083e-02,-3.472417152033386960e-03,4.324826513625040420e-08,1.737766698938259857e+00
2.237867218327096452e+01,2.306899453949990547e-02,-3.469947343775368551e-03,4.301589843703538426e-08,1.737766870842552880e+00
2.238663328685804288e+01,2.304137975171972885e-02,-3.467480168255581124e-03,4.278466814244957633e-08,1.737767041944699109e+00
2.239459439044511768e+01,2.301378459491208728e-02,-3.465015621738733089e-03,4.255456910600920197e-08,1.737767212247952608e+00
2.240255549403219604e+01,2.298620904816203389e-02,-3.462553700496131311e-03,4.232559620344621140e-08,1.737767381755554563e+00
2.241051659761927084e+01,2.295865309058434112e-02,-3.460094400805679375e-03,4.209774433261446800e-08,1.737767550470735278e+00
2.241847770120634564e+01,2.293111670132333760e-02,-3.457637718951853296e-03,4.187100841339451669e-08,1.737767718396713956e+00
2.242643880479342400e+01,2.290359985955291167e-02,-3.455183651225691988e-03,4.164538338760015876e-08,1.737767885536697809e+00
2.243439990838049880e+01,2.287610254447648706e-02,-3.452732193924785975e-03,4.142086421888511292e-08,1.737768051893882504e+00
2.244236101196757360e+01,2.284862473532690147e-02,-3.450283343353259188e-03,4.119744589264941808e-08,1.737768217471452825e+00
2.245032211555465196e+01,2.282116641136639618e-02,-3.447837095821755515e-03,4.097512341594702736e-08,1.737768382272581791e+00
2.245828321914172676e+01,2.279372755188658131e-02,-3.445393447647429695e-03,4.075389181739368006e-08,1.737768546300431316e+00
2.246624432272880156e+01,2.276630813620833527e-02,-3.442952395153928667e-03,4.053374614707460811e-08,1.737768709558152658e+00
2.247420542631587992e+01,2.273890814368177346e-02,-3.440513934671376832e-03,4.031468147645320874e-08,1.737768872048884194e+00
2.248216652990295472e+01,2.271152755368623793e-02,-3.438078062536371274e-03,4.009669289828027301e-08,1.737769033775754979e+00
2.249012763349003308e+01,2.268416634563016204e-02,-3.435644775091955747e-03,3.987977552650261867e-08,1.737769194741882073e+00
2.249808873707710788e+01,2.265682449895111902e-02,-3.433214068687618064e-03,3.966392449617358269e-08,1.737769354950370992e+00
2.250604984066418268e+01,2.262950199311567628e-02,-3.430785939679268422e-03,3.944913496336234898e-08,1.737769514404316595e+00
2.251401094425126104e+01,2.260219880761938846e-02,-3.428360384429229857e-03,3.923540210506478494e-08,1.737769673106803303e+00
2.252197204783833584e+01,2.257491492198678354e-02,-3.425937399306227399e-03,3.902272111911457582e-08,1.737769831060903547e+00
2.252993315142541064e+01,2.254765031577123796e-02,-3.423516980685367261e-03,3.881108722409391563e-08,1.737769988269679322e+00
2.253789425501248900e+01,2.252040496855495233e-02,-3.421099124948128595e-03,3.860049565924532315e-08,1.737770144736181299e+00
2.254585535859956380e+01,2.249317885994895835e-02,-3.418683828482350917e-03,3.839094168438413937e-08,1.737770300463449491e+00
2.255381646218664216e+01,2.246597196959295925e-02,-3.416271087682216760e-03,3.818242057981005893e-08,1.737770455454513474e+00
2.256177756577371696e+01,2.243878427715539220e-02,-3.413860898948242566e-03,3.797492764622077904e-08,1.737770609712391279e+00
2.256973866936079176e+01,2.241161576233328956e-02,-3.411453258687260903e-03,3.776845820462448383e-08,1.737770763240090055e+00
2.257769977294787012e+01,2.238446640485226846e-02,-3.409048163312410496e-03,3.756300759625367852e-08,1.737770916040607183e+00
2.258566087653494492e+01,2.235733618446649959e-02,-3.406645609243123644e-03,3.735857118247924212e-08,1.737771068116927831e+00
2.259362198012201972e+01,2.233022508095861003e-02,-3.404245592905110179e-03,3.715514434472434764e-08,1.737771219472028283e+00
2.260158308370909808e+01,2.230313307413965551e-02,-3.401848110730344016e-03,3.695272248437928240e-08,1.737771370108872393e+00
2.260954418729617288e+01,2.227606014384909960e-02,-3.399453159157055787e-03,3.675130102271667852e-08,1.737771520030414463e+00
2.261750529088325123e+01,2.224900626995470268e-02,-3.397060734629710720e-03,3.655087540080644569e-08,1.737771669239597916e+00
2.262546639447032604e+01,2.222197143235253927e-02,-3.394670833599005601e-03,3.635144107943202739e-08,1.737771817739355518e+00
2.263342749805740084e+01,2.219495561096689051e-02,-3.392283452521846661e-03,3.615299353900609465e-08,1.737771965532609819e+00
2.264138860164447919e+01,2.216795878575021639e-02,-3.389898587861340466e-03,3.595552827948715961e-08,1.737772112622272269e+00
2.264934970523155400e+01,2.214098093668314532e-02,-3.387516236086785242e-03,3.575904082029673837e-08,1.737772259011244991e+00
2.265731080881862880e+01,2.211402204377435274e-02,-3.385136393673648762e-03,3.556352670023600425e-08,1.737772404702418338e+00
2.266527191240570716e+01,2.208708208706055068e-02,-3.382759057103561836e-03,3.536898147740363224e-08,1.737772549698672675e+00
2.267323301599278196e+01,2.206016104660647043e-02,-3.380384222864306169e-03,3.517540072911394779e-08,1.737772694002878593e+00
2.268119411957985676e+01,2.203325890250474456e-02,-3.378011887449797017e-03,3.498278005181470507e-08,1.737772837617896027e+00
2.268915522316693512e+01,2.200637563487589654e-02,-3.375642047360072340e-03,3.479111506100596373e-08,1.737772980546574697e+00
2.269711632675400992e+01,2.197951122386831990e-02,-3.373274699101282831e-03,3.460040139115928986e-08,1.737773122791753444e+00
2.270507743034108827e+01,2.195266564965815681e-02,-3.370909839185673700e-03,3.441063469563656659e-08,1.737773264356261782e+00
2.271303853392816308e+01,2.192583889244933276e-02,-3.368547464131578170e-03,3.422181064661022081e-08,1.737773405242918567e+00
2.272099963751523788e+01,2.189903093247343863e-02,-3.366187570463398827e-03,3.403392493498279468e-08,1.737773545454532442e+00
2.272896074110231623e+01,2.187224174998970636e-02,-3.363830154711597645e-03,3.384697327030745693e-08,1.737773684993902279e+00
2.273692184468939104e+01,2.184547132528499858e-02,-3.361475213412686448e-03,3.366095138070899719e-08,1.737773823863816292e+00
2.274488294827646584e+01,2.181871963867369757e-02,-3.359122743109208258e-03,3.347585501280440339e-08,1.737773962067053368e+00
2.275284405186354419e+01,2.179198667049768098e-02,-3.356772740349727759e-03,3.329167993162447153e-08,1.737774099606381739e+00
2.276080515545061900e+01,2.176527240112631836e-02,-3.354425201688821748e-03,3.310842192053579919e-08,1.737774236484559864e+00
2.276876625903769735e+01,2.173857681095633931e-02,-3.352080123687059630e-03,3.292607678116230273e-08,1.737774372704336878e+00
2.277672736262477216e+01,2.171189988041187166e-02,-3.349737502910998636e-03,3.274464033330820337e-08,1.737774508268450147e+00
2.278468846621184696e+01,2.168524158994432349e-02,-3.347397335933165619e-03,3.256410841488029872e-08,1.737774643179629708e+00
2.279264956979892531e+01,2.165860192003236581e-02,-3.345059619332044903e-03,3.238447688181122030e-08,1.737774777440592944e+00
2.280061067338600012e+01,2.163198085118192213e-02,-3.342724349692073084e-03,3.220574160798311448e-08,1.737774911054050131e+00
2.280857177697307492e+01,2.160537836392604008e-02,-3.340391523603616474e-03,3.202789848515080741e-08,1.737775044022699777e+00
2.281653288056015327e+01,2.157879443882489492e-02,-3.338061137662964167e-03,3.185094342286623372e-08,1.737775176349231732e+00
2.282449398414722808e+01,2.155222905646577564e-02,-3.335733188472317628e-03,3.167487234840304403e-08,1.737775308036324518e+00
2.283245508773430288e+01,2.152568219746294961e-02,-3.333407672639774645e-03,3.149968120668072268e-08,1.737775439086649998e+00
2.284041619132138123e+01,2.149915384245767308e-02,-3.331084586779316323e-03,3.132536596019002236e-08,1.737775569502866713e+00
2.284837729490845604e+01,2.147264397211817027e-02,-3.328763927510801010e-03,3.115192258891849801e-08,1.737775699287626541e+00
2.285633839849553439e+01,2.144615256713950507e-02,-3.326445691459944346e-03,3.097934709027565691e-08,1.737775828443569814e+00
2.286429950208260919e+01,2.141967960824361916e-02,-3.324129875258314062e-03,3.080763547901951164e-08,1.737775956973328206e+00
2.287226060566968400e+01,2.139322507617922794e-02,-3.321816475543312198e-03,3.063678378718255737e-08,1.737776084879523619e+00
2.288022170925676235e+01,2.136678895172177892e-02,-3.319505488958165128e-03,3.046678806399840419e-08,1.737776212164768408e+00
2.288818281284383716e+01,2.134037121567346554e-02,-3.317196912151915318e-03,3.029764437582916396e-08,1.737776338831665379e+00
2.289614391643091196e+01,2.131397184886309193e-02,-3.314890741779401816e-03,3.012934880609212236e-08,1.737776464882808236e+00
2.290410502001799031e+01,2.128759083214607634e-02,-3.312586974501253306e-03,2.996189745518766168e-08,1.737776590320780468e+00
2.291206612360506512e+01,2.126122814640443379e-02,-3.310285606983877707e-03,2.979528644042732260e-08,1.737776715148157569e+00
2.292002722719214347e+01,2.123488377254664425e-02,-3.307986635899443518e-03,2.962951189596147550e-08,1.737776839367503934e+00
2.292798833077921827e+01,2.120855769150771161e-02,-3.305690057925875919e-03,2.946456997270851048e-08,1.737776962981375961e+00
2.293594943436629308e+01,2.118224988424902144e-02,-3.303395869746837687e-03,2.930045683828302818e-08,1.737777085992319615e+00
2.294391053795337143e+01,2.115596033175834445e-02,-3.301104068051720960e-03,2.913716867692530112e-08,1.737777208402873086e+00
2.295187164154044623e+01,2.112968901504981914e-02,-3.298814649535638122e-03,2.897470168943087071e-08,1.737777330215563465e+00
2.295983274512752104e+01,2.110343591516383038e-02,-3.296527610899403597e-03,2.881305209307981334e-08,1.737777451432910736e+00
2.296779384871459939e+01,2.107720101316701289e-02,-3.294242948849525603e-03,2.865221612156709183e-08,1.737777572057423781e+00
2.297575495230167419e+01,2.105098429015223038e-02,-3.291960660098196614e-03,2.849219002493303583e-08,1.737777692091603265e+00
2.298371605588875255e+01,2.102478572723845418e-02,-3.289680741363276446e-03,2.833297006949351455e-08,1.737777811537940975e+00
2.299167715947582735e+01,2.099860530557080135e-02,-3.287403189368286183e-03,2.817455253777139326e-08,1.737777930398918702e+00
2.299963826306290215e+01,2.097244300632043063e-02,-3.285128000842390834e-03,2.801693372842739092e-08,1.737778048677009801e+00
2.300759936664998051e+01,2.094629881068450425e-02,-3.282855172520391090e-03,2.786010995619167234e-08,1.737778166374678745e+00
2.301556047023705531e+01,2.092017269988619491e-02,-3.280584701142713350e-03,2.770407755179595985e-08,1.737778283494380016e+00
2.302352157382413012e+01,2.089406465517457470e-02,-3.278316583455394111e-03,2.754883286190526765e-08,1.737778400038560767e+00
2.303148267741120847e+01,2.086797465782458741e-02,-3.276050816210068686e-03,2.739437224905040728e-08,1.737778516009657270e+00
2.303944378099828327e+01,2.084190268913705887e-02,-3.273787396163966006e-03,2.724069209156101240e-08,1.737778631410098917e+00
2.304740488458535808e+01,2.081584873043856865e-02,-3.271526320079887803e-03,2.708778878349801770e-08,1.737778746242304440e+00
2.305536598817243643e+01,2.078981276308145346e-02,-3.269267584726202967e-03,2.693565873458722971e-08,1.737778860508684575e+00
2.306332709175951123e+01,2.076379476844377944e-02,-3.267011186876836708e-03,2.678429837015298024e-08,1.737778974211640959e+00
2.307128819534658959e+01,2.073779472792923462e-02,-3.264757123311254512e-03,2.663370413105159797e-08,1.737779087353566787e+00
2.307924929893366439e+01,2.071181262296716702e-02,-3.262505390814456063e-03,2.648387247360600818e-08,1.737779199936846153e+00
2.308721040252073919e+01,2.068584843501246329e-02,-3.260255986176959636e-03,2.633479986953971383e-08,1.737779311963854045e+00
2.309517150610781755e+01,2.065990214554554172e-02,-3.258008906194792120e-03,2.618648280591169315e-08,1.737779423436957904e+00
2.310313260969489235e+01,2.063397373607234186e-02,-3.255764147669480343e-03,2.603891778505155530e-08,1.737779534358514955e+00
2.311109371328196715e+01,2.060806318812420310e-02,-3.253521707408035465e-03,2.589210132449435852e-08,1.737779644730875095e+00
2.311905481686904551e+01,2.058217048325786461e-02,-3.251281582222943865e-03,2.574602995691638451e-08,1.737779754556378675e+00
2.312701592045612031e+01,2.055629560305546194e-02,-3.249043768932157600e-03,2.560070023007117093e-08,1.737779863837358274e+00
2.313497702404319867e+01,2.053043852912438821e-02,-3.246808264359078797e-03,2.545610870672505417e-08,1.737779972576136922e+00
2.314293812763027347e+01,2.050459924309735310e-02,-3.244575065332554447e-03,2.531225196459409183e-08,1.737780080775029878e+00
2.315089923121734827e+01,2.047877772663225446e-02,-3.242344168686859054e-03,2.516912659628022428e-08,1.737780188436343520e+00
2.315886033480442663e+01,2.045297396141217139e-02,-3.240115571261685968e-03,2.502672920920836259e-08,1.737780295562375121e+00
2.316682143839150143e+01,2.042718792914535383e-02,-3.237889269902140873e-03,2.488505642556374777e-08,1.737780402155415738e+00
2.317478254197857623e+01,2.040141961156511849e-02,-3.235665261458722276e-03,2.474410488222905200e-08,1.737780508217744657e+00
2.318274364556565459e+01,2.037566899042982799e-02,-3.233443542787315869e-03,2.460387123072218787e-08,1.737780613751635617e+00
2.319070474915272939e+01,2.034993604752289090e-02,-3.231224110749184551e-03,2.446435213713454112e-08,1.737780718759353027e+00
2.319866585273980775e+01,2.032422076465263683e-02,-3.229006962210951518e-03,2.432554428206873692e-08,1.737780823243151529e+00
2.320662695632688255e+01,2.029852312365236153e-02,-3.226792094044597659e-03,2.418744436057763031e-08,1.737780927205279768e+00
2.321458805991395735e+01,2.027284310638020892e-02,-3.224579503127442907e-03,2.405004908210265479e-08,1.737781030647977287e+00
2.322254916350103571e+01,2.024718069471917112e-02,-3.222369186342137135e-03,2.391335517041308739e-08,1.737781133573473635e+00
2.323051026708811051e+01,2.022153587057705371e-02,-3.220161140576655381e-03,2.377735936354536675e-08,1.737781235983992589e+00
2.323847137067518531e+01,2.019590861588639943e-02,-3.217955362724278772e-03,2.364205841374246731e-08,1.737781337881748600e+00
2.324643247426226367e+01,2.017029891260445004e-02,-3.215751849683586711e-03,2.350744908739372037e-08,1.737781439268947681e+00
2.325439357784933847e+01,2.014470674271315320e-02,-3.213550598358449507e-03,2.337352816497513788e-08,1.737781540147788295e+00
2.326235468143641327e+01,2.011913208821905844e-02,-3.211351605658011900e-03,2.324029244098940552e-08,1.737781640520460025e+00
2.327031578502349163e+01,2.009357493115329282e-02,-3.209154868496685246e-03,2.310773872390654734e-08,1.737781740389145568e+00
2.327827688861056643e+01,2.006803525357156101e-02,-3.206960383794138416e-03,2.297586383610497756e-08,1.737781839756017632e+00
2.328623799219764479e+01,2.004251303755402724e-02,-3.204768148475283050e-03,2.284466461381218184e-08,1.737781938623242484e+00
2.329419909578471959e+01,2.001700826520536394e-02,-3.202578159470267048e-03,2.271413790704650354e-08,1.737782036992977952e+00
2.330216019937179439e+01,1.999152091865462333e-02,-3.200390413714460699e-03,2.258428057955831140e-08,1.737782134867373651e+00
2.331012130295887275e+01,1.996605098005523396e-02,-3.198204908148446265e-03,2.245508950877199759e-08,1.737782232248571201e+00
2.331808240654594755e+01,1.994059843158500073e-02,-3.196021639718011481e-03,2.232656158572828684e-08,1.737782329138704451e+00
2.332604351013302235e+01,1.991516325544598343e-02,-3.193840605374133074e-03,2.219869371502614190e-08,1.737782425539899256e+00
2.333400461372010071e+01,1.988974543386448982e-02,-3.191661802072968956e-03,2.207148281476553586e-08,1.737782521454273477e+00
2.334196571730717551e+01,1.986434494909108950e-02,-3.189485226775850418e-03,2.194492581649053221e-08,1.737782616883936759e+00
2.334992682089425386e+01,1.983896178340045779e-02,-3.187310876449266084e-03,2.181901966513176600e-08,1.737782711830991644e+00
2.335788792448132867e+01,1.981359591909146248e-02,-3.185138748064857139e-03,2.169376131895040732e-08,1.737782806297532900e+00
2.336584902806840347e+01,1.978824733848701112e-02,-3.182968838599401721e-03,2.156914774948113878e-08,1.737782900285646415e+00
2.337381013165548183e+01,1.976291602393407190e-02,-3.180801145034806241e-03,2.144517594147626126e-08,1.737782993797411413e+00
2.338177123524255663e+01,1.973760195780364241e-02,-3.178635664358099317e-03,2.132184289284975996e-08,1.737783086834898461e+00
2.338973233882963143e+01,1.971230512249065939e-02,-3.176472393561414424e-03,2.119914561462133735e-08,1.737783179400171463e+00
2.339769344241670979e+01,1.968702550041398838e-02,-3.174311329641982087e-03,2.107708113086105825e-08,1.737783271495285664e+00
2.340565454600378459e+01,1.966176307401640289e-02,-3.172152469602123812e-03,2.095564647863419674e-08,1.737783363122288538e+00
2.341361564959086294e+01,1.963651782576448374e-02,-3.169995810449234303e-03,2.083483870794591763e-08,1.737783454283221118e+00
2.342157675317793775e+01,1.961128973814866422e-02,-3.167841349195779296e-03,2.071465488168690420e-08,1.737783544980115780e+00
2.342953785676501255e+01,1.958607879368309823e-02,-3.165689082859277342e-03,2.059509207557835404e-08,1.737783635214997791e+00
2.343749896035209090e+01,1.956088497490567069e-02,-3.163539008462293300e-03,2.047614737811791448e-08,1.737783724989883982e+00
2.344546006393916571e+01,1.953570826437798363e-02,-3.161391123032432273e-03,2.035781789052570412e-08,1.737783814306784969e+00
2.345342116752624051e+01,1.951054864468524178e-02,-3.159245423602320951e-03,2.024010072669011265e-08,1.737783903167702482e+00
2.346138227111331886e+01,1.948540609843626287e-02,-3.157101907209602411e-03,2.012299301311439475e-08,1.737783991574632037e+00
2.346934337470039367e+01,1.946028060826345690e-02,-3.154960570896928745e-03,2.000649188886336325e-08,1.737784079529561154e+00
2.347730447828746847e+01,1.943517215682272203e-02,-3.152821411711943279e-03,1.989059450550992353e-08,1.737784167034469140e+00
2.348526558187454683e+01,1.941008072679344804e-02,-3.150684426707276668e-03,1.977529802708230925e-08,1.737784254091329084e+00
2.349322668546162163e+01,1.938500630087849549e-02,-3.148549612940536053e-03,1.966059963001146051e-08,1.737784340702106078e+00
2.350118778904869998e+01,1.935994886180408825e-02,-3.146416967474290755e-03,1.954649650307820002e-08,1.737784426868757670e+00
2.350914889263577479e+01,1.933490839231985850e-02,-3.144286487376069666e-03,1.943298584736136233e-08,1.737784512593234298e+00
2.351710999622284959e+01,1.930988487519873578e-02,-3.142158169718343042e-03,1.932006487618540015e-08,1.737784597877478854e+00
2.352507109980992794e+01,1.928487829323693309e-02,-3.140032011578517291e-03,1.920773081506867235e-08,1.737784682723427565e+00
2.353303220339700275e+01,1.925988862925393993e-02,-3.137908010038927605e-03,1.909598090167198341e-08,1.737784767133008890e+00
2.354099330698407755e+01,1.923491586609242521e-02,-3.135786162186819746e-03,1.898481238574693757e-08,1.737784851108143513e+00
2.354895441057115590e+01,1.920995998661823023e-02,-3.133666465114347006e-03,1.887422252908489184e-08,1.737784934650746349e+00
2.355691551415823071e+01,1.918502097372035489e-02,-3.131548915918560671e-03,1.876420860546613071e-08,1.737785017762723427e+00
2.356487661774530906e+01,1.916009881031085008e-02,-3.129433511701393104e-03,1.865476790060881593e-08,1.737785100445974562e+00
2.357283772133238386e+01,1.913519347932485584e-02,-3.127320249569658182e-03,1.854589771211880966e-08,1.737785182702392461e+00
2.358079882491945867e+01,1.911030496372050080e-02,-3.125209126635030907e-03,1.843759534943908745e-08,1.737785264533862284e+00
2.358875992850653702e+01,1.908543324647888131e-02,-3.123100140014044811e-03,1.832985813379973021e-08,1.737785345942262083e+00
2.359672103209361183e+01,1.906057831060407187e-02,-3.120993286828081543e-03,1.822268339816825696e-08,1.737785426929463029e+00
2.360468213568068663e+01,1.903574013912300369e-02,-3.118888564203356993e-03,1.811606848719959035e-08,1.737785507497328741e+00
2.361264323926776498e+01,1.901091871508546818e-02,-3.116785969270914787e-03,1.801001075718678646e-08,1.737785587647717067e+00
2.362060434285483979e+01,1.898611402156411693e-02,-3.114685499166618479e-03,1.790450757601194990e-08,1.737785667382477639e+00
2.362856544644191814e+01,1.896132604165433680e-02,-3.112587151031135074e-03,1.779955632309682468e-08,1.737785746703453649e+00
2.363652655002899294e+01,1.893655475847429853e-02,-3.110490922009934156e-03,1.769515438935434124e-08,1.737785825612480073e+00
2.364448765361606775e+01,1.891180015516484916e-02,-3.108396809253271414e-03,1.759129917713967717e-08,1.737785904111387003e+00
2.365244875720314610e+01,1.888706221488950510e-02,-3.106304809916180399e-03,1.748798810020200942e-08,1.737785982201996315e+00
2.366040986079022090e+01,1.886234092083444863e-02,-3.104214921158467318e-03,1.738521858363641537e-08,1.737786059886123224e+00
2.366837096437729571e+01,1.883763625620841348e-02,-3.102127140144694990e-03,1.728298806383555889e-08,1.737786137165575617e+00
2.367633206796437406e+01,1.881294820424269168e-02,-3.100041464044177211e-03,1.718129398844208112e-08,1.737786214042155386e+00
2.368429317155144886e+01,1.878827674819112670e-02,-3.097957890030970940e-03,1.708013381630112364e-08,1.737786290517657317e+00
2.369225427513852367e+01,1.876362187133000237e-02,-3.095876415283860695e-03,1.697950501741262327e-08,1.737786366593868648e+00
2.370021537872560202e+01,1.873898355695804985e-02,-3.093797036986353777e-03,1.687940507288430837e-08,1.737786442272571064e+00
2.370817648231267682e+01,1.871436178839643721e-02,-3.091719752326672465e-03,1.677983147488481097e-08,1.737786517555538035e+00
2.371613758589975518e+01,1.868975654898864455e-02,-3.089644558497737972e-03,1.668078172659651410e-08,1.737786592444537925e+00
2.372409868948682998e+01,1.866516782210053682e-02,-3.087571452697168272e-03,1.658225334216939519e-08,1.737786666941330882e+00
2.373205979307390479e+01,1.864059559112023201e-02,-3.085500432127262927e-03,1.648424384667425389e-08,1.737786741047671057e+00
2.374002089666098314e+01,1.861603983945810115e-02,-3.083431493994996577e-03,1.638675077605665803e-08,1.737786814765305721e+00
2.374798200024805794e+01,1.859150055054676828e-02,-3.081364635512011570e-03,1.628977167709106813e-08,1.737786888095975923e+00
2.375594310383513275e+01,1.856697770784100296e-02,-3.079299853894603648e-03,1.619330410733476680e-08,1.737786961041415834e+00
2.376390420742221110e+01,1.854247129481771325e-02,-3.077237146363715446e-03,1.609734563508235052e-08,1.737787033603352738e+00
2.377186531100928590e+01,1.851798129497595619e-02,-3.075176510144929549e-03,1.600189383932048290e-08,1.737787105783507480e+00
2.377982641459636426e+01,1.849350769183680590e-02,-3.073117942468452882e-03,1.590694630968230377e-08,1.737787177583594245e+00
2.378778751818343906e+01,1.846905046894341262e-02,-3.071061440569115408e-03,1.581250064640275151e-08,1.737787249005321000e+00
2.379574862177051386e+01,1.844460960986089165e-02,-3.069007001686354513e-03,1.571855446027342877e-08,1.737787320050388828e+00
2.380370972535759222e+01,1.842018509817631988e-02,-3.066954623064207641e-03,1.562510537259807368e-08,1.737787390720492597e+00
2.381167082894466702e+01,1.839577691749872193e-02,-3.064904301951305778e-03,1.553215101514817001e-08,1.737787461017320290e+00
2.381963193253174182e+01,1.837138505145898340e-02,-3.062856035600860453e-03,1.543968903011848130e-08,1.737787530942554337e+00
2.382759303611882018e+01,1.834700948370983353e-02,-3.060809821270656355e-03,1.534771707008301171e-08,1.737787600497869400e+00
2.383555413970589498e+01,1.832265019792584521e-02,-3.058765656223043968e-03,1.525623279795126472e-08,1.737787669684934366e+00
2.384351524329297334e+01,1.829830717780333432e-02,-3.056723537724925690e-03,1.516523388692424048e-08,1.737787738505412349e+00
2.385147634688004814e+01,1.827398040706038757e-02,-3.054683463047753664e-03,1.507471802045117750e-08,1.737787806960959136e+00
2.385943745046712294e+01,1.824966986943677566e-02,-3.052645429467513733e-03,1.498468289218597681e-08,1.737787875053224518e+00
2.386739855405420130e+01,1.822537554869393256e-02,-3.050609434264719803e-03,1.489512620594411250e-08,1.737787942783851625e+00
2.387535965764127610e+01,1.820109742861494850e-02,-3.048575474724406469e-03,1.480604567565974730e-08,1.737788010154477814e+00
2.388332076122835090e+01,1.817683549300449022e-02,-3.046543548136117305e-03,1.471743902534275728e-08,1.737788077166734668e+00
2.389128186481542926e+01,1.815258972568878013e-02,-3.044513651793894892e-03,1.462930398903617176e-08,1.737788143822245557e+00
2.389924296840250406e+01,1.812836011051559282e-02,-3.042485782996277779e-03,1.454163831077384480e-08,1.737788210122629851e+00
2.390720407198957886e+01,1.810414663135416838e-02,-3.040459939046283571e-03,1.445443974453801092e-08,1.737788276069498483e+00
2.391516517557665722e+01,1.807994927209519154e-02,-3.038436117251404594e-03,1.436770605421724282e-08,1.737788341664458169e+00
2.392312627916373202e+01,1.805576801665079861e-02,-3.036414314923601820e-03,1.428143501356470689e-08,1.737788406909108296e+00
2.393108738275081038e+01,1.803160284895446996e-02,-3.034394529379287955e-03,1.419562440615617548e-08,1.737788471805042478e+00
2.393904848633788518e+01,1.800745375296107509e-02,-3.032376757939327875e-03,1.411027202534875397e-08,1.737788536353848556e+00
2.394700958992495998e+01,1.798332071264675119e-02,-3.030360997929020840e-03,1.402537567423919575e-08,1.737788600557106822e+00
2.395497069351203834e+01,1.795920371200892748e-02,-3.028347246678097897e-03,1.394093316562292376e-08,1.737788664416392903e+00
2.396293179709911314e+01,1.793510273506629393e-02,-3.026335501520712769e-03,1.385694232195299898e-08,1.737788727933275990e+00
2.397089290068618794e+01,1.791101776585872149e-02,-3.024325759795429714e-03,1.377340097529912208e-08,1.737788791109318831e+00
2.397885400427326630e+01,1.788694878844724473e-02,-3.022318018845215719e-03,1.369030696730700060e-08,1.737788853946078182e+00
2.398681510786034110e+01,1.786289578691407226e-02,-3.020312276017436161e-03,1.360765814915800744e-08,1.737788916445105469e+00
2.399477621144741946e+01,1.783885874536246530e-02,-3.018308528663839196e-03,1.352545238152853146e-08,1.737788978607945234e+00
2.400273731503449426e+01,1.781483764791679664e-02,-3.016306774140553159e-03,1.344368753455013887e-08,1.737789040436136467e+00
2.401069841862156906e+01,1.779083247872243964e-02,-3.014307009808073982e-03,1.336236148776930769e-08,1.737789101931212388e+00
2.401865952220864742e+01,1.776684322194575436e-02,-3.012309233031256958e-03,1.328147213010767019e-08,1.737789163094699330e+00
2.402662062579572222e+01,1.774286986177410139e-02,-3.010313441179311537e-03,1.320101735982251662e-08,1.737789223928118743e+00
2.403458172938279702e+01,1.771891238241574129e-02,-3.008319631625788748e-03,1.312099508446707235e-08,1.737789284432986081e+00
2.404254283296987538e+01,1.769497076809981723e-02,-3.006327801748572958e-03,1.304140322085123000e-08,1.737789344610810360e+00
2.405050393655695018e+01,1.767104500307636189e-02,-3.004337948929878405e-03,1.296223969500252795e-08,1.737789404463095266e+00
2.405846504014402498e+01,1.764713507161620731e-02,-3.002350070556232282e-03,1.288350244212696191e-08,1.737789463991337602e+00
2.406642614373110334e+01,1.762324095801097099e-02,-3.000364164018472137e-03,1.280518940657022480e-08,1.737789523197029729e+00
2.407438724731817814e+01,1.759936264657304891e-02,-2.998380226711738934e-03,1.272729854177912549e-08,1.737789582081657791e+00
2.408234835090525650e+01,1.757550012163553235e-02,-2.996398256035460138e-03,1.264982781026292464e-08,1.737789640646701494e+00
2.409030945449233130e+01,1.755165336755222169e-02,-2.994418249393351883e-03,1.257277518355514381e-08,1.737789698893635437e+00
2.409827055807940610e+01,1.752782236869755358e-02,-2.992440204193402495e-03,1.249613864217526205e-08,1.737789756823928222e+00
2.410623166166648446e+01,1.750400710946657667e-02,-2.990464117847865984e-03,1.241991617559072677e-08,1.737789814439042457e+00
2.411419276525355926e+01,1.748020757427495159e-02,-2.988489987773258142e-03,1.234410578217920288e-08,1.737789871740435643e+00
2.412215386884063406e+01,1.745642374755886420e-02,-2.986517811390341365e-03,1.226870546919069786e-08,1.737789928729559286e+00
2.413011497242771242e+01,1.743265561377501521e-02,-2.984547586124120314e-03,1.219371325271010536e-08,1.737789985407859117e+00
2.413807607601478722e+01,1.740890315740062019e-02,-2.982579309403834544e-03,1.211912715761991917e-08,1.737790041776775096e+00
2.414603717960186557e+01,1.738516636293329851e-02,-2.980612978662945493e-03,1.204494521756276699e-08,1.737790097837742298e+00
2.415399828318894038e+01,1.736144521489113232e-02,-2.978648591339133882e-03,1.197116547490463387e-08,1.737790153592189135e+00
2.416195938677601518e+01,1.733773969781254864e-02,-2.976686144874287135e-03,1.189778598069768549e-08,1.737790209041539136e+00
2.416992049036309353e+01,1.731404979625632973e-02,-2.974725636714491573e-03,1.182480479464364719e-08,1.737790264187210054e+00
2.417788159395016834e+01,1.729037549480159919e-02,-2.972767064310028514e-03,1.175221998505726242e-08,1.737790319030614317e+00
2.418584269753724314e+01,1.726671677804773528e-02,-2.970810425115359525e-03,1.168002962882967845e-08,1.737790373573157909e+00
2.419380380112432150e+01,1.724307363061436393e-02,-2.968855716589122087e-03,1.160823181139224065e-08,1.737790427816242156e+00
2.420176490471139630e+01,1.721944603714135186e-02,-2.966902936194123087e-03,1.153682462668041752e-08,1.737790481761263051e+00
2.420972600829847465e+01,1.719583398228871629e-02,-2.964952081397324943e-03,1.146580617709765450e-08,1.737790535409610593e+00
2.421768711188554946e+01,1.717223745073665625e-02,-2.963003149669843437e-03,1.139517457347971924e-08,1.737790588762669453e+00
2.422564821547262426e+01,1.714865642718546232e-02,-2.961056138486935999e-03,1.132492793505884325e-08,1.737790641821818527e+00
2.423360931905970261e+01,1.712509089635550624e-02,-2.959111045327993041e-03,1.125506438942826405e-08,1.737790694588431828e+00
2.424157042264677742e+01,1.710154084298724092e-02,-2.957167867676534917e-03,1.118558207250692106e-08,1.737790747063877594e+00
2.424953152623385222e+01,1.707800625184110674e-02,-2.955226603020196744e-03,1.111647912850405059e-08,1.737790799249518958e+00
2.425749262982093057e+01,1.705448710769752463e-02,-2.953287248850725369e-03,1.104775370988416143e-08,1.737790851146714166e+00
2.426545373340800538e+01,1.703098339535690300e-02,-2.951349802663970692e-03,1.097940397733222041e-08,1.737790902756813916e+00
2.427341483699508018e+01,1.700749509963954062e-02,-2.949414261959875695e-03,1.091142809971866103e-08,1.737790954081166461e+00
2.428137594058215853e+01,1.698402220538561963e-02,-2.947480624242468199e-03,1.084382425406481061e-08,1.737791005121112509e+00
2.428933704416923334e+01,1.696056469745520559e-02,-2.945548887019858262e-03,1.077659062550848622e-08,1.737791055877989210e+00
2.429729814775631169e+01,1.693712256072815031e-02,-2.943619047804221268e-03,1.070972540726944828e-08,1.737791106353126613e+00
2.430525925134338650e+01,1.691369578010413002e-02,-2.941691104111799661e-03,1.064322680061538854e-08,1.737791156547851434e+00
2.431322035493046130e+01,1.689028434050255517e-02,-2.939765053462886461e-03,1.057709301482769808e-08,1.737791206463483729e+00
2.432118145851753965e+01,1.686688822686255654e-02,-2.937840893381821368e-03,1.051132226716759093e-08,1.737791256101338000e+00
2.432914256210461446e+01,1.684350742414298871e-02,-2.935918621396985985e-03,1.044591278284242786e-08,1.737791305462725422e+00
2.433710366569168926e+01,1.682014191732233641e-02,-2.933998235040789077e-03,1.038086279497189303e-08,1.737791354548950506e+00
2.434506476927876761e+01,1.679679169139871101e-02,-2.932079731849662665e-03,1.031617054455458744e-08,1.737791403361312659e+00
2.435302587286584242e+01,1.677345673138986096e-02,-2.930163109364055957e-03,1.025183428043477294e-08,1.737791451901106621e+00
2.436098697645292077e+01,1.675013702233304341e-02,-2.928248365128421470e-03,1.018785225926890124e-08,1.737791500169621139e+00
2.436894808003999557e+01,1.672683254928510055e-02,-2.926335496691215895e-03,1.012422274549281946e-08,1.737791548168141409e+00
2.437690918362707038e+01,1.670354329732234508e-02,-2.924424501604882751e-03,1.006094401128861843e-08,1.737791595897945518e+00
2.438487028721414873e+01,1.668026925154054985e-02,-2.922515377425851518e-03,9.998014336551877961e-09,1.737791643360308669e+00
2.439283139080122353e+01,1.665701039705496517e-02,-2.920608121714528532e-03,9.935432008859138796e-09,1.737791690556498736e+00
2.440079249438829834e+01,1.663376671900021475e-02,-2.918702732035286136e-03,9.873195323435185982e-09,1.737791737487780264e+00
2.440875359797537669e+01,1.661053820253029570e-02,-2.916799205956457485e-03,9.811302583120737527e-09,1.737791784155412023e+00
2.441671470156245149e+01,1.658732483281857503e-02,-2.914897541050331334e-03,9.749752098340270384e-09,1.737791830560647455e+00
2.442467580514952985e+01,1.656412659505769949e-02,-2.912997734893137732e-03,9.688542187069743864e-09,1.737791876704736005e+00
2.443263690873660465e+01,1.654094347445962676e-02,-2.911099785065047584e-03,9.627671174804779657e-09,1.737791922588920679e+00
2.444059801232367946e+01,1.651777545625553872e-02,-2.909203689150159210e-03,9.567137394528676403e-09,1.737791968214441374e+00
2.444855911591075781e+01,1.649462252569583454e-02,-2.907309444736492707e-03,9.506939186680743572e-09,1.737792013582531325e+00
2.445652021949783261e+01,1.647148466805013062e-02,-2.905417049415985609e-03,9.447074899124815657e-09,1.737792058694419106e+00
2.446448132308490742e+01,1.644836186860716698e-02,-2.903526500784480314e-03,9.387542887117630716e-09,1.737792103551330181e+00
2.447244242667198577e+01,1.642525411267480723e-02,-2.901637796441717577e-03,9.328341513277596030e-09,1.737792148154482463e+00
2.448040353025906057e+01,1.640216138558003856e-02,-2.899750933991332609e-03,9.269469147553682802e-09,1.737792192505089872e+00
2.448836463384613538e+01,1.637908367266888154e-02,-2.897865911040843796e-03,9.210924167194218292e-09,1.737792236604363438e+00
2.449632573743321373e+01,1.635602095930638669e-02,-2.895982725201644032e-03,9.152704956716035284e-09,1.737792280453506422e+00
2.450428684102028853e+01,1.633297323087663441e-02,-2.894101374088999413e-03,9.094809907873745637e-09,1.737792324053718751e+00
2.451224794460736689e+01,1.630994047278264136e-02,-2.892221855322034494e-03,9.037237419628927805e-09,1.737792367406195471e+00
2.452020904819444169e+01,1.628692267044639513e-02,-2.890344166523730121e-03,8.979985898119744499e-09,1.737792410512126517e+00
2.452817015178151649e+01,1.626391980930876405e-02,-2.888468305320912588e-03,8.923053756630388282e-09,1.737792453372697166e+00
2.453613125536859485e+01,1.624093187482949716e-02,-2.886594269344247132e-03,8.866439415560877900e-09,1.737792495989088026e+00
2.454409235895566965e+01,1.621795885248721383e-02,-2.884722056228232728e-03,8.810141302396953872e-09,1.737792538362474382e+00
2.455205346254274446e+01,1.619500072777933092e-02,-2.882851663611192116e-03,8.754157851679940988e-09,1.737792580494028183e+00
2.456001456612982281e+01,1.617205748622204189e-02,-2.880983089135262694e-03,8.698487504976875511e-09,1.737792622384915164e+00
2.456797566971689761e+01,1.614912911335033077e-02,-2.879116330446395648e-03,8.643128710850834210e-09,1.737792664036296619e+00
2.457593677330397597e+01,1.612621559471786800e-02,-2.877251385194341208e-03,8.588079924831106220e-09,1.737792705449330066e+00
2.458389787689105077e+01,1.610331691589705558e-02,-2.875388251032646482e-03,8.533339609383839720e-09,1.737792746625166806e+00
2.459185898047812557e+01,1.608043306247893683e-02,-2.873526925618645912e-03,8.478906233882504960e-09,1.737792787564955699e+00
2.459982008406520393e+01,1.605756402007317910e-02,-2.871667406613452166e-03,8.424778274578635236e-09,1.737792828269838274e+00
2.460778118765227873e+01,1.603470977430810143e-02,-2.869809691681954409e-03,8.370954214572812693e-09,1.737792868740953622e+00
2.461574229123935353e+01,1.601187031083055323e-02,-2.867953778492805285e-03,8.317432543785412610e-09,1.737792908979435502e+00
2.462370339482643189e+01,1.598904561530593502e-02,-2.866099664718415718e-03,8.264211758927810894e-09,1.737792948986412345e+00
2.463166449841350669e+01,1.596623567341819150e-02,-2.864247348034949705e-03,8.211290363473646170e-09,1.737792988763009028e+00
2.463962560200058505e+01,1.594344047086971791e-02,-2.862396826122313043e-03,8.158666867629997500e-09,1.737793028310345544e+00
2.464758670558765985e+01,1.592065999338139470e-02,-2.860548096664150726e-03,8.106339788308980657e-09,1.737793067629537225e+00
2.465554780917473465e+01,1.589789422669251120e-02,-2.858701157347835666e-03,8.054307649099208739e-09,1.737793106721694958e+00
2.466350891276181301e+01,1.587514315656073788e-02,-2.856856005864462193e-03,8.002568980237491009e-09,1.737793145587924748e+00
2.467147001634888781e+01,1.585240676876215754e-02,-2.855012639908843016e-03,7.951122318580763351e-09,1.737793184229329047e+00
2.467943111993596261e+01,1.582968504909114740e-02,-2.853171057179496647e-03,7.899966207577821853e-09,1.737793222647004310e+00
2.468739222352304097e+01,1.580697798336039642e-02,-2.851331255378641329e-03,7.849099197241465018e-09,1.737793260842044107e+00
2.469535332711011577e+01,1.578428555740090528e-02,-2.849493232212193736e-03,7.798519844120718696e-09,1.737793298815536680e+00
2.470331443069719057e+01,1.576160775706188927e-02,-2.847656985389752492e-03,7.748226711272960091e-09,1.737793336568565827e+00
2.471127553428426893e+01,1.573894456821078869e-02,-2.845822512624597306e-03,7.698218368236395816e-09,1.737793374102211130e+00
2.471923663787134373e+01,1.571629597673325496e-02,-2.843989811633682464e-03,7.648493391002602799e-09,1.737793411417547507e+00
2.472719774145842209e+01,1.569366196853306389e-02,-2.842158880137624685e-03,7.599050361989024529e-09,1.737793448515646544e+00
2.473515884504549689e+01,1.567104252953217119e-02,-2.840329715860701824e-03,7.549887870011885857e-09,1.737793485397573834e+00
2.474311994863257169e+01,1.564843764567059453e-02,-2.838502316530841594e-03,7.501004510258861291e-09,1.737793522064391416e+00
2.475108105221965005e+01,1.562584730290643084e-02,-2.836676679879615495e-03,7.452398884262125453e-09,1.737793558517157111e+00
2.475904215580672485e+01,1.560327148721585115e-02,-2.834852803642234909e-03,7.404069599871495351e-09,1.737793594756923854e+00
2.476700325939379965e+01,1.558071018459301037e-02,-2.833030685557539827e-03,7.356015271227475046e-09,1.737793630784741250e+00
2.477496436298087801e+01,1.555816338105005074e-02,-2.831210323367993210e-03,7.308234518734635321e-09,1.737793666601653797e+00
2.478292546656795281e+01,1.553563106261710534e-02,-2.829391714819677519e-03,7.260725969035092624e-09,1.737793702208701774e+00
2.479088657015503117e+01,1.551311321534219224e-02,-2.827574857662279971e-03,7.213488254981870535e-09,1.737793737606920796e+00
2.479884767374210597e+01,1.549060982529127349e-02,-2.825759749649096441e-03,7.166520015612718680e-09,1.737793772797344038e+00
2.480680877732918077e+01,1.546812087854815276e-02,-2.823946388537013682e-03,7.119819896123706638e-09,1.737793807780997568e+00
2.481476988091625913e+01,1.544564636121447537e-02,-2.822134772086508456e-03,7.073386547843136324e-09,1.737793842558905899e+00
2.482273098450333393e+01,1.542318625940973173e-02,-2.820324898061642334e-03,7.027218628205575130e-09,1.737793877132087328e+00
2.483069208809040873e+01,1.540074055927117234e-02,-2.818516764230049113e-03,6.981314800725810494e-09,1.737793911501557487e+00
2.483865319167748709e+01,1.537830924695379915e-02,-2.816710368362930917e-03,6.935673734973074122e-09,1.737793945668326900e+00
2.484661429526456189e+01,1.535589230863037939e-02,-2.814905708235053861e-03,6.890294106545417589e-09,1.737793979633402097e+00
2.485457539885164024e+01,1.533348973049133805e-02,-2.813102781624735472e-03,6.845174597043948969e-09,1.737794013397785609e+00
2.486253650243871505e+01,1.531110149874481338e-02,-2.811301586313845122e-03,6.800313894047505394e-09,1.737794046962475747e+00
2.487049760602578985e+01,1.528872759961655975e-02,-2.809502120087790152e-03,6.755710691087126259e-09,1.737794080328466828e+00
2.487845870961286820e+01,1.526636801934994590e-02,-2.807704380735511970e-03,6.711363687620825042e-09,1.737794113496748283e+00
2.488641981319994301e+01,1.524402274420596191e-02,-2.805908366049483012e-03,6.667271589008477753e-09,1.737794146468306655e+00
2.489438091678701781e+01,1.522169176046312723e-02,-2.804114073825693734e-03,6.623433106486626187e-09,1.737794179244123605e+00
2.490234202037409617e+01,1.519937505441749069e-02,-2.802321501863648708e-03,6.579846957143567380e-09,1.737794211825177015e+00
2.491030312396117097e+01,1.517707261238263917e-02,-2.800530647966362283e-03,6.536511863894558867e-09,1.737794244212440553e+00
2.491826422754824577e+01,1.515478442068960395e-02,-2.798741509940347316e-03,6.493426555456934612e-09,1.737794276406883665e+00
2.492622533113532413e+01,1.513251046568686760e-02,-2.796954085595611261e-03,6.450589766325515408e-09,1.737794308409472688e+00
2.493418643472239893e+01,1.511025073374036055e-02,-2.795168372745650102e-03,6.408000236748100342e-09,1.737794340221167966e+00
2.494214753830947728e+01,1.508800521123336916e-02,-2.793384369207439245e-03,6.365656712700898704e-09,1.737794371842928509e+00
2.495010864189655209e+01,1.506577388456658076e-02,-2.791602072801429614e-03,6.323557945864316757e-09,1.737794403275707555e+00
2.495806974548362689e+01,1.504355674015799525e-02,-2.789821481351538977e-03,6.281702693598597267e-09,1.737794434520454345e+00
2.496603084907070524e+01,1.502135376444292160e-02,-2.788042592685144577e-03,6.240089718919717940e-09,1.737794465578115233e+00
2.497399195265778005e+01,1.499916494387397783e-02,-2.786265404633081390e-03,6.198717790475403189e-09,1.737794496449631243e+00
2.498195305624485485e+01,1.497699026492101300e-02,-2.784489915029629559e-03,6.157585682521079644e-09,1.737794527135940736e+00
2.498991415983193320e+01,1.495482971407109847e-02,-2.782716121712510478e-03,6.116692174896072376e-09,1.737794557637977411e+00
2.499787526341900801e+01,1.493268327782854184e-02,-2.780944022522882468e-03,6.076036052999933468e-09,1.737794587956671410e+00
2.500583636700608636e+01,1.491055094271477935e-02,-2.779173615305328623e-03,6.035616107768650653e-09,1.737794618092948662e+00
2.501379747059316117e+01,1.488843269526843316e-02,-2.777404897907857686e-03,5.995431135651252154e-09,1.737794648047731760e+00
2.502175857418023597e+01,1.486632852204521592e-02,-2.775637868181890164e-03,5.955479938586239492e-09,1.737794677821938416e+00
2.502971967776731432e+01,1.484423840961793251e-02,-2.773872523982256165e-03,5.915761323978284973e-09,1.737794707416483675e+00
2.503768078135438913e+01,1.482216234457648003e-02,-2.772108863167189758e-03,5.876274104675028449e-09,1.737794736832278364e+00
2.504564188494146393e+01,1.480010031352776284e-02,-2.770346883598318564e-03,5.837017098943816997e-09,1.737794766070228647e+00
2.505360298852854228e+01,1.477805230309569944e-02,-2.768586583140659856e-03,5.797989130448708471e-09,1.737794795131238246e+00
2.506156409211561709e+01,1.475601829992121555e-02,-2.766827959662615348e-03,5.759189028227540403e-09,1.737794824016205775e+00
2.506952519570269189e+01,1.473399829066216610e-02,-2.765071011035961663e-03,5.720615626668973259e-09,1.737794852726027406e+00
2.507748629928977024e+01,1.471199226199333861e-02,-2.763315735135845122e-03,5.682267765489773573e-09,1.737794881261594204e+00
2.508544740287684505e+01,1.469000020060644979e-02,-2.761562129840777844e-03,5.644144289712174849e-09,1.737794909623794570e+00
2.509340850646392340e+01,1.466802209321005357e-02,-2.759810193032626469e-03,5.606244049641183854e-09,1.737794937813512242e+00
2.510136961005099820e+01,1.464605792652959142e-02,-2.758059922596611726e-03,5.568565900842222757e-09,1.737794965831627847e+00
2.510933071363807301e+01,1.462410768730730039e-02,-2.756311316421296287e-03,5.531108704118625679e-09,1.737794993679018241e+00
2.511729181722515136e+01,1.460217136230221313e-02,-2.754564372398581734e-03,5.493871325489380090e-09,1.737795021356556502e+00
2.512525292081222617e+01,1.458024893829015789e-02,-2.752819088423703354e-03,5.456852636166967469e-09,1.737795048865111935e+00
2.513321402439930097e+01,1.455834040206368217e-02,-2.751075462395219298e-03,5.420051512535156809e-09,1.737795076205549627e+00
2.514117512798637932e+01,1.453644574043204581e-02,-2.749333492215008841e-03,5.383466836127022299e-09,1.737795103378732664e+00
2.514913623157345413e+01,1.451456494022122963e-02,-2.747593175788264584e-03,5.347097493603064392e-09,1.737795130385518583e+00
2.515709733516053248e+01,1.449269798827384007e-02,-2.745854511023484209e-03,5.310942376729256429e-09,1.737795157226761811e+00
2.516505843874760728e+01,1.447084487144915596e-02,-2.744117495832468744e-03,5.275000382355418011e-09,1.737795183903314111e+00
2.517301954233468209e+01,1.444900557662304359e-02,-2.742382128130310855e-03,5.239270412393458486e-09,1.737795210416022362e+00
2.518098064592176044e+01,1.442718009068795146e-02,-2.740648405835392244e-03,5.203751373795841304e-09,1.737795236765730778e+00
2.518894174950883524e+01,1.440536840055291548e-02,-2.738916326869378446e-03,5.168442178534162524e-09,1.737795262953280018e+00
2.519690285309591005e+01,1.438357049314347921e-02,-2.737185889157207116e-03,5.133341743577668102e-09,1.737795288979505637e+00
2.520486395668298840e+01,1.436178635540168690e-02,-2.735457090627088032e-03,5.098448990871988734e-09,1.737795314845241856e+00
2.521282506027006320e+01,1.434001597428609734e-02,-2.733729929210494420e-03,5.063762847317993810e-09,1.737795340551317569e+00
2.522078616385714156e+01,1.431825933677168504e-02,-2.732004402842155150e-03,5.029282244750549417e-09,1.737795366098559224e+00
2.522874726744421636e+01,1.429651642984988875e-02,-2.730280509460051696e-03,4.995006119917604730e-09,1.737795391487788610e+00
2.523670837103129116e+01,1.427478724052852477e-02,-2.728558247005410334e-03,4.960933414459146058e-09,1.737795416719825070e+00
2.524466947461836952e+01,1.425307175583178515e-02,-2.726837613422694335e-03,4.927063074886379185e-09,1.737795441795484397e+00
2.525263057820544432e+01,1.423136996280024297e-02,-2.725118606659603093e-03,4.893394052561001058e-09,1.737795466715578607e+00
2.526059168179251913e+01,1.420968184849076554e-02,-2.723401224667059990e-03,4.859925303674419350e-09,1.737795491480915500e+00
2.526855278537959748e+01,1.418800739997652487e-02,-2.721685465399209351e-03,4.826655789227211083e-09,1.737795516092300874e+00
2.527651388896667228e+01,1.416634660434699239e-02,-2.719971326813411684e-03,4.793584475008635853e-09,1.737795540550536089e+00
2.528447499255374709e+01,1.414469944870786096e-02,-2.718258806870234127e-03,4.760710331576128360e-09,1.737795564856418729e+00
2.529243609614082544e+01,1.412306592018104830e-02,-2.716547903533446991e-03,4.728032334234998573e-09,1.737795589010744601e+00
2.530039719972790024e+01,1.410144600590469526e-02,-2.714838614770017679e-03,4.695549463018208819e-09,1.737795613014303742e+00
2.530835830331497860e+01,1.407983969303308082e-02,-2.713130938550103316e-03,4.663260702666110337e-09,1.737795636867885074e+00
2.531631940690205340e+01,1.405824696873666547e-02,-2.711424872847045982e-03,4.631165042606451151e-09,1.737795660572272638e+00
2.532428051048912820e+01,1.403666782020200621e-02,-2.709720415637366202e-03,4.599261476934286333e-09,1.737795684128247586e+00
2.533224161407620656e+01,1.401510223463175650e-02,-2.708017564900755576e-03,4.567549004392084313e-09,1.737795707536587964e+00
2.534020271766328136e+01,1.399355019924466460e-02,-2.706316318620075479e-03,4.536026628349929134e-09,1.737795730798067817e+00
2.534816382125035616e+01,1.397201170127550414e-02,-2.704616674781344481e-03,4.504693356785688800e-09,1.737795753913458086e+00
2.535612492483743452e+01,1.395048672797506197e-02,-2.702918631373737047e-03,4.473548202265364770e-09,1.737795776883526822e+00
2.536408602842450932e+01,1.392897526661015378e-02,-2.701222186389578769e-03,4.442590181923552303e-09,1.737795799709038747e+00
2.537204713201158768e+01,1.390747730446352873e-02,-2.699527337824333788e-03,4.411818317443828825e-09,1.737795822390754363e+00
2.538000823559866248e+01,1.388599282883391794e-02,-2.697834083676607392e-03,4.381231635039426862e-09,1.737795844929431510e+00
2.538796933918573728e+01,1.386452182703594438e-02,-2.696142421948133448e-03,4.350829165433791154e-09,1.737795867325824695e+00
2.539593044277281564e+01,1.384306428640012625e-02,-2.694452350643771355e-03,4.320609943841348363e-09,1.737795889580685538e+00
2.540389154635989044e+01,1.382162019427288571e-02,-2.692763867771501719e-03,4.290573009948363632e-09,1.737795911694762108e+00
2.541185264994696524e+01,1.380018953801645867e-02,-2.691076971342416368e-03,4.260717407893739240e-09,1.737795933668798254e+00
2.541981375353404360e+01,1.377877230500890345e-02,-2.689391659370715757e-03,4.231042186250032462e-09,1.737795955503536272e+00
2.542777485712111840e+01,1.375736848264410249e-02,-2.687707929873703327e-03,4.201546398004538776e-09,1.737795977199714015e+00
2.543573596070819676e+01,1.373597805833167741e-02,-2.686025780871777267e-03,4.172229100540335363e-09,1.737795998758067118e+00
2.544369706429527156e+01,1.371460101949703060e-02,-2.684345210388427473e-03,4.143089355617580212e-09,1.737796020179326328e+00
2.545165816788234636e+01,1.369323735358125675e-02,-2.682666216450226883e-03,4.114126229354707819e-09,1.737796041464221508e+00
2.545961927146942472e+01,1.367188704804115675e-02,-2.680988797086828000e-03,4.085338792209843266e-09,1.737796062613477410e+00
2.546758037505649952e+01,1.365055009034922724e-02,-2.679312950330957257e-03,4.056726118962260970e-09,1.737796083627816568e+00
2.547554147864357432e+01,1.362922646799358782e-02,-2.677638674218407212e-03,4.028287288693835158e-09,1.737796104507957962e+00
2.548350258223065268e+01,1.360791616847798272e-02,-2.675965966788031343e-03,4.000021384770670662e-09,1.737796125254617241e+00
2.549146368581772748e+01,1.358661917932178775e-02,-2.674294826081742311e-03,3.971927494824811482e-09,1.737796145868508502e+00
2.549942478940480228e+01,1.356533548805992362e-02,-2.672625250144499819e-03,3.944004710735907146e-09,1.737796166350340288e+00
2.550738589299188064e+01,1.354406508224286453e-02,-2.670957237024308012e-03,3.916252128613075958e-09,1.737796186700819812e+00
2.551534699657895544e+01,1.352280794943664169e-02,-2.669290784772212436e-03,3.888668848776840190e-09,1.737796206920649844e+00
2.552330810016603380e+01,1.350156407722274965e-02,-2.667625891442289635e-03,3.861253975741009181e-09,1.737796227010532046e+00
2.553126920375310860e+01,1.348033345319820525e-02,-2.665962555091644978e-03,3.834006618194833736e-09,1.737796246971162528e+00
2.553923030734018340e+01,1.345911606497544703e-02,-2.664300773780405290e-03,3.806925888985029844e-09,1.737796266803236511e+00
2.554719141092726176e+01,1.343791190018234737e-02,-2.662640545571712779e-03,3.780010905098021583e-09,1.737796286507444998e+00
2.555515251451433656e+01,1.341672094646221593e-02,-2.660981868531722000e-03,3.753260787642249387e-09,1.737796306084475662e+00
2.556311361810141136e+01,1.339554319147371469e-02,-2.659324740729591182e-03,3.726674661830434468e-09,1.737796325535014175e+00
2.557107472168848972e+01,1.337437862289087009e-02,-2.657669160237477891e-03,3.700251656962043407e-09,1.737796344859742215e+00
2.557903582527556452e+01,1.335322722840306606e-02,-2.656015125130535993e-03,3.673990906405799909e-09,1.737796364059339460e+00
2.558699692886264287e+01,1.333208899571496596e-02,-2.654362633486903947e-03,3.647891547582180829e-09,1.737796383134481371e+00
2.559495803244971768e+01,1.331096391254655946e-02,-2.652711683387706538e-03,3.621952721946140922e-09,1.737796402085841407e+00
2.560291913603679248e+01,1.328985196663306709e-02,-2.651062272917044035e-03,3.596173574969730879e-09,1.737796420914089923e+00
2.561088023962387084e+01,1.326875314572495412e-02,-2.649414400161987423e-03,3.570553256124925477e-09,1.737796439619893718e+00
2.561884134321094564e+01,1.324766743758793233e-02,-2.647768063212576663e-03,3.545090918866505071e-09,1.737796458203916927e+00
2.562680244679802044e+01,1.322659483000287843e-02,-2.646123260161809855e-03,3.519785720614908554e-09,1.737796476666821022e+00
2.563476355038509880e+01,1.320553531076583582e-02,-2.644479989105641068e-03,3.494636822739257961e-09,1.737796495009264364e+00
2.564272465397217360e+01,1.318448886768802501e-02,-2.642838248142975136e-03,3.469643390540463299e-09,1.737796513231901985e+00
2.565068575755925195e+01,1.316345548859575339e-02,-2.641198035375659416e-03,3.444804593234278997e-09,1.737796531335386696e+00
2.565864686114632676e+01,1.314243516133046380e-02,-2.639559348908482057e-03,3.420119603934592376e-09,1.737796549320367978e+00
2.566660796473340156e+01,1.312142787374864610e-02,-2.637922186849162888e-03,3.395587599636622779e-09,1.737796567187492647e+00
2.567456906832047991e+01,1.310043361372184752e-02,-2.636286547308349087e-03,3.371207761200306415e-09,1.737796584937404187e+00
2.568253017190755472e+01,1.307945236913666751e-02,-2.634652428399613441e-03,3.346979273333727511e-09,1.737796602570743421e+00
2.569049127549462952e+01,1.305848412789468831e-02,-2.633019828239442639e-03,3.322901324576551129e-09,1.737796620088148503e+00
2.569845237908170787e+01,1.303752887791247150e-02,-2.631388744947235538e-03,3.298973107283593702e-09,1.737796637490254703e+00
2.570641348266878268e+01,1.301658660712157189e-02,-2.629759176645299693e-03,3.275193817608486222e-09,1.737796654777694849e+00
2.571437458625585748e+01,1.299565730346844902e-02,-2.628131121458840945e-03,3.251562655487286543e-09,1.737796671951097327e+00
2.572233568984293584e+01,1.297474095491447585e-02,-2.626504577515961260e-03,3.228078824622269546e-09,1.737796689011090079e+00
2.573029679343001064e+01,1.295383754943594916e-02,-2.624879542947653951e-03,3.204741532465789662e-09,1.737796705958295940e+00
2.573825789701708899e+01,1.293294707502399069e-02,-2.623256015887795011e-03,3.181549990204081790e-09,1.737796722793336412e+00
2.574621900060416380e+01,1.291206951968460782e-02,-2.621633994473143540e-03,3.158503412741313662e-09,1.737796739516829891e+00
2.575418010419123860e+01,1.289120487143859996e-02,-2.620013476843329175e-03,3.135601018683530270e-09,1.737796756129391662e+00
2.576214120777831695e+01,1.287035311832156886e-02,-2.618394461140851216e-03,3.112842030322778202e-09,1.737796772631634568e+00
2.577010231136539176e+01,1.284951424838391698e-02,-2.616776945511075161e-03,3.090225673621286638e-09,1.737796789024168564e+00
2.577806341495246656e+01,1.282868824969077282e-02,-2.615160928102221866e-03,3.067751178195629740e-09,1.737796805307600501e+00
2.578602451853954491e+01,1.280787511032199788e-02,-2.613546407065365368e-03,3.045417777301047026e-09,1.737796821482535448e+00
2.579398562212661972e+01,1.278707481837218843e-02,-2.611933380554430726e-03,3.023224707815822066e-09,1.737796837549574924e+00
2.580194672571369807e+01,1.276628736195059045e-02,-2.610321846726181439e-03,3.001171210225630160e-09,1.737796853509317563e+00
2.580990782930077287e+01,1.274551272918114653e-02,-2.608711803740221616e-03,2.979256528608096523e-09,1.737796869362360441e+00
2.581786893288784768e+01,1.272475090820241600e-02,-2.607103249758985133e-03,2.957479910617280863e-09,1.737796885109296641e+00
2.582583003647492603e+01,1.270400188716757153e-02,-2.605496182947732598e-03,2.935840607468307127e-09,1.737796900750716800e+00
2.583379114006200084e+01,1.268326565424441471e-02,-2.603890601474549617e-03,2.914337873922076784e-09,1.737796916287210003e+00
2.584175224364907564e+01,1.266254219761528410e-02,-2.602286503510333783e-03,2.892970968269936620e-09,1.737796931719360671e+00
2.584971334723615399e+01,1.264183150547707780e-02,-2.600683887228796842e-03,2.871739152318523553e-09,1.737796947047753005e+00
2.585767445082322880e+01,1.262113356604124131e-02,-2.599082750806456024e-03,2.850641691374640043e-09,1.737796962272966095e+00
2.586563555441030715e+01,1.260044836753369639e-02,-2.597483092422628835e-03,2.829677854230131581e-09,1.737796977395578590e+00
2.587359665799738195e+01,1.257977589819488096e-02,-2.595884910259430457e-03,2.808846913146938704e-09,1.737796992416164699e+00
2.588155776158445676e+01,1.255911614627966584e-02,-2.594288202501763771e-03,2.788148143842087392e-09,1.737797007335296628e+00
2.588951886517153511e+01,1.253846910005736344e-02,-2.592692967337318927e-03,2.767580825472832904e-09,1.737797022153545035e+00
2.589747996875860991e+01,1.251783474781173119e-02,-2.591099202956567704e-03,2.747144240621862343e-09,1.737797036871476131e+00
2.590544107234568472e+01,1.249721307784089006e-02,-2.589506907552754835e-03,2.726837675282470752e-09,1.737797051489654798e+00
2.591340217593276307e+01,1.247660407845733663e-02,-2.587916079321895841e-03,2.706660418843894375e-09,1.737797066008643476e+00
2.592136327951983787e+01,1.245600773798794490e-02,-2.586326716462772693e-03,2.686611764076693550e-09,1.737797080429000385e+00
2.592932438310691268e+01,1.243542404477389167e-02,-2.584738817176926440e-03,2.666691007118119881e-09,1.737797094751283522e+00
2.593728548669399103e+01,1.241485298717065824e-02,-2.583152379668652004e-03,2.646897447457620314e-09,1.737797108976046445e+00
2.594524659028106583e+01,1.239429455354803915e-02,-2.581567402144996880e-03,2.627230387922408211e-09,1.737797123103840713e+00
2.595320769386814419e+01,1.237374873229005363e-02,-2.579983882815751160e-03,2.607689134662998441e-09,1.737797137135216330e+00
2.596116879745521899e+01,1.235321551179500120e-02,-2.578401819893446668e-03,2.588272997138943067e-09,1.737797151070719526e+00
2.596912990104229380e+01,1.233269488047537311e-02,-2.576821211593348284e-03,2.568981288104486377e-09,1.737797164910894088e+00
2.597709100462937215e+01,1.231218682675785589e-02,-2.575242056133451342e-03,2.549813323594369640e-09,1.737797178656282249e+00
2.598505210821644695e+01,1.229169133908334342e-02,-2.573664351734476861e-03,2.530768422909699138e-09,1.737797192307422467e+00
2.599301321180352176e+01,1.227120840590685026e-02,-2.572088096619865039e-03,2.511845908603783589e-09,1.737797205864851646e+00
2.600097431539060011e+01,1.225073801569752721e-02,-2.570513289015769615e-03,2.493045106468122957e-09,1.737797219329104026e+00
2.600893541897767491e+01,1.223028015693866655e-02,-2.568939927151057869e-03,2.474365345518447290e-09,1.737797232700711403e+00
2.601689652256475327e+01,1.220983481812760833e-02,-2.567368009257297613e-03,2.455805957980722480e-09,1.737797245980202687e+00
2.602485762615182807e+01,1.218940198777579767e-02,-2.565797533568760658e-03,2.437366279277350826e-09,1.737797259168105013e+00
2.603281872973890287e+01,1.216898165440870143e-02,-2.564228498322411107e-03,2.419045648013300864e-09,1.737797272264942183e+00
2.604077983332598123e+01,1.214857380656580825e-02,-2.562660901757903616e-03,2.400843405962372865e-09,1.737797285271236447e+00
2.604874093691305603e+01,1.212817843280064242e-02,-2.561094742117579932e-03,2.382758898053530913e-09,1.737797298187507167e+00
2.605670204050013083e+01,1.210779552168067714e-02,-2.559530017646460213e-03,2.364791472357201488e-09,1.737797311014271040e+00
2.606466314408720919e+01,1.208742506178735188e-02,-2.557966726592240427e-03,2.346940480071723416e-09,1.737797323752043432e+00
2.607262424767428399e+01,1.206706704171606886e-02,-2.556404867205288017e-03,2.329205275509834226e-09,1.737797336401335935e+00
2.608058535126136235e+01,1.204672145007611335e-02,-2.554844437738634962e-03,2.311585216085144912e-09,1.737797348962658806e+00
2.608854645484843715e+01,1.202638827549070907e-02,-2.553285436447975607e-03,2.294079662298790899e-09,1.737797361436519417e+00
2.609650755843551195e+01,1.200606750659691940e-02,-2.551727861591657990e-03,2.276687977726002349e-09,1.737797373823422475e+00
2.610446866202259031e+01,1.198575913204567162e-02,-2.550171711430682542e-03,2.259409529002837424e-09,1.737797386123871135e+00
2.611242976560966511e+01,1.196546314050174822e-02,-2.548616984228697750e-03,2.242243685812941608e-09,1.737797398338365884e+00
2.612039086919673991e+01,1.194517952064371932e-02,-2.547063678251990180e-03,2.225189820874312402e-09,1.737797410467404102e+00
2.612835197278381827e+01,1.192490826116394606e-02,-2.545511791769484479e-03,2.208247309926178174e-09,1.737797422511481837e+00
2.613631307637089307e+01,1.190464935076858931e-02,-2.543961323052739473e-03,2.191415531715936973e-09,1.737797434471092695e+00
2.614427417995796787e+01,1.188440277817752987e-02,-2.542412270375937321e-03,2.174693867986073431e-09,1.737797446346727392e+00
2.615223528354504623e+01,1.186416853212438061e-02,-2.540864632015883955e-03,2.158081703461209661e-09,1.737797458138874429e+00
2.616019638713212103e+01,1.184394660135648647e-02,-2.539318406252004737e-03,2.141578425835195037e-09,1.737797469848020970e+00
2.616815749071919939e+01,1.182373697463484641e-02,-2.537773591366334486e-03,2.125183425758190185e-09,1.737797481474650851e+00
2.617611859430627419e+01,1.180353964073416022e-02,-2.536230185643519215e-03,2.108896096823903992e-09,1.737797493019245465e+00
2.618407969789334899e+01,1.178335458844274701e-02,-2.534688187370806155e-03,2.092715835556777693e-09,1.737797504482284872e+00
2.619204080148042735e+01,1.176318180656255041e-02,-2.533147594838040719e-03,2.076642041399296739e-09,1.737797515864246245e+00
2.620000190506750215e+01,1.174302128390914551e-02,-2.531608406337664766e-03,2.060674116699351897e-09,1.737797527165604761e+00
2.620796300865457695e+01,1.172287300931166600e-02,-2.530070620164707063e-03,2.044811466697591241e-09,1.737797538386833152e+00
2.621592411224165531e+01,1.170273697161280588e-02,-2.528534234616780247e-03,2.029053499514883818e-09,1.737797549528401486e+00
2.622388521582873011e+01,1.168261315966882992e-02,-2.526999247994079090e-03,2.013399626139842042e-09,1.737797560590778723e+00
2.623184631941580847e+01,1.166250156234949036e-02,-2.525465658599371395e-03,1.997849260416321341e-09,1.737797571574430711e+00
2.623980742300288327e+01,1.164240216853807373e-02,-2.523933464737997557e-03,1.982401819031072829e-09,1.737797582479821301e+00
2.624776852658995807e+01,1.162231496713132459e-02,-2.522402664717861027e-03,1.967056721501355039e-09,1.737797593307412347e+00
2.625572963017703643e+01,1.160223994703944543e-02,-2.520873256849427008e-03,1.951813390162650291e-09,1.737797604057663037e+00
2.626369073376411123e+01,1.158217709718610718e-02,-2.519345239445719420e-03,1.936671250156445577e-09,1.737797614731031004e+00
2.627165183735118603e+01,1.156212640650837627e-02,-2.517818610822311360e-03,1.921629729417995254e-09,1.737797625327970996e+00
2.627961294093826439e+01,1.154208786395671295e-02,-2.516293369297323366e-03,1.906688258664192504e-09,1.737797635848936206e+00
2.628757404452533919e+01,1.152206145849498861e-02,-2.514769513191420815e-03,1.891846271381504499e-09,1.737797646294377385e+00
2.629553514811241399e+01,1.150204717910040426e-02,-2.513247040827804382e-03,1.877103203813880665e-09,1.737797656664743062e+00
2.630349625169949235e+01,1.148204501476350441e-02,-2.511725950532208741e-03,1.862458494950786697e-09,1.737797666960479326e+00
2.631145735528656715e+01,1.146205495448817530e-02,-2.510206240632899093e-03,1.847911586515272263e-09,1.737797677182030931e+00
2.631941845887364551e+01,1.144207698729156515e-02,-2.508687909460662491e-03,1.833461922952032933e-09,1.737797687329840191e+00
2.632737956246072031e+01,1.142211110220414140e-02,-2.507170955348808281e-03,1.819108951415622439e-09,1.737797697404346753e+00
2.633534066604779511e+01,1.140215728826960047e-02,-2.505655376633158116e-03,1.804852121758603933e-09,1.737797707405988712e+00
2.634330176963487347e+01,1.138221553454487646e-02,-2.504141171652045535e-03,1.790690886519824909e-09,1.737797717335201941e+00
2.635126287322194827e+01,1.136228583010015156e-02,-2.502628338746310747e-03,1.776624700912739069e-09,1.737797727192420094e+00
2.635922397680902307e+01,1.134236816401877970e-02,-2.501116876259295001e-03,1.762653022813717015e-09,1.737797736978075047e+00
2.636718508039610143e+01,1.132246252539728833e-02,-2.499606782536834947e-03,1.748775312750458904e-09,1.737797746692595791e+00
2.637514618398317623e+01,1.130256890334540090e-02,-2.498098055927262633e-03,1.734991033890470572e-09,1.737797756336410204e+00
2.638310728757025458e+01,1.128268728698593459e-02,-2.496590694781395531e-03,1.721299652029500799e-09,1.737797765909943504e+00
2.639106839115732939e+01,1.126281766545486618e-02,-2.495084697452536974e-03,1.707700635580141099e-09,1.737797775413619350e+00
2.639902949474440419e+01,1.124296002790124531e-02,-2.493580062296467479e-03,1.694193455560369891e-09,1.737797784847858962e+00
2.640699059833148254e+01,1.122311436348720146e-02,-2.492076787671441713e-03,1.680777585582207306e-09,1.737797794213081115e+00
2.641495170191855735e+01,1.120328066138794910e-02,-2.490574871938186757e-03,1.667452501840414242e-09,1.737797803509703254e+00
2.642291280550563215e+01,1.118345891079172184e-02,-2.489074313459893866e-03,1.654217683101193698e-09,1.737797812738141046e+00
2.643087390909271051e+01,1.116364910089976542e-02,-2.487575110602214569e-03,1.641072610690974618e-09,1.737797821898807271e+00
2.643883501267978531e+01,1.114385122092636377e-02,-2.486077261733259363e-03,1.628016768485267289e-09,1.737797830992112491e+00
2.644679611626686366e+01,1.112406526009874011e-02,-2.484580765223589043e-03,1.615049642897479858e-09,1.737797840018466378e+00
2.645475721985393847e+01,1.110429120765711944e-02,-2.483085619446215135e-03,1.602170722867888291e-09,1.737797848978276605e+00
2.646271832344101327e+01,1.108452905285463828e-02,-2.481591822776589053e-03,1.589379499852553393e-09,1.737797857871947071e+00
2.647067942702809162e+01,1.106477878495736207e-02,-2.480099373592603833e-03,1.576675467812351155e-09,1.737797866699882121e+00
2.647864053061516643e+01,1.104504039324428338e-02,-2.478608270274587199e-03,1.564058123202037839e-09,1.737797875462482766e+00
2.648660163420224123e+01,1.102531386700725431e-02,-2.477118511205295918e-03,1.551526964959317749e-09,1.737797884160147133e+00
2.649456273778931958e+01,1.100559919555099339e-02,-2.475630094769913636e-03,1.539081494494003863e-09,1.737797892793273791e+00
2.650252384137639439e+01,1.098589636819308907e-02,-2.474143019356046108e-03,1.526721215677221051e-09,1.737797901362256869e+00
2.651048494496346919e+01,1.096620537426393205e-02,-2.472657283353715992e-03,1.514445634830608891e-09,1.737797909867490720e+00
2.651844604855054754e+01,1.094652620310672050e-02,-2.471172885155358077e-03,1.502254260715615466e-09,1.737797918309366585e+00
2.652640715213762235e+01,1.092685884407746701e-02,-2.469689823155817553e-03,1.490146604522836254e-09,1.737797926688273487e+00
2.653436825572470070e+01,1.090720328654491700e-02,-2.468208095752342200e-03,1.478122179861342249e-09,1.737797935004599559e+00
2.654232935931177551e+01,1.088755951989060430e-02,-2.466727701344581525e-03,1.466180502748136722e-09,1.737797943258730049e+00
2.655029046289885031e+01,1.086792753350876266e-02,-2.465248638334579384e-03,1.454321091597567723e-09,1.737797951451048650e+00
2.655825156648592866e+01,1.084830731680634479e-02,-2.463770905126770518e-03,1.442543467210849766e-09,1.737797959581937501e+00
2.656621267007300347e+01,1.082869885920301374e-02,-2.462294500127979683e-03,1.430847152765611994e-09,1.737797967651776521e+00
2.657417377366007827e+01,1.080910215013108910e-02,-2.460819421747411674e-03,1.419231673805462879e-09,1.737797975660943628e+00
2.658213487724715662e+01,1.078951717903553834e-02,-2.459345668396650027e-03,1.407696558229624200e-09,1.737797983609815189e+00
2.659009598083423143e+01,1.076994393537399584e-02,-2.457873238489654850e-03,1.396241336282625824e-09,1.737797991498765349e+00
2.659805708442130978e+01,1.075038240861667799e-02,-2.456402130442753278e-03,1.384865540543980214e-09,1.737797999328166476e+00
2.660601818800838458e+01,1.073083258824642991e-02,-2.454932342674642082e-03,1.373568705917978330e-09,1.737798007098389386e+00
2.661397929159545939e+01,1.071129446375865615e-02,-2.453463873606375953e-03,1.362350369623458854e-09,1.737798014809802893e+00
2.662194039518253774e+01,1.069176802466131893e-02,-2.451996721661368374e-03,1.351210071183660541e-09,1.737798022462774039e+00
2.662990149876961254e+01,1.067225326047494677e-02,-2.450530885265387281e-03,1.340147352416120901e-09,1.737798030057667198e+00
2.663786260235668735e+01,1.065275016073256864e-02,-2.449066362846548123e-03,1.329161757422574872e-09,1.737798037594846301e+00
2.664582370594376570e+01,1.063325871497971739e-02,-2.447603152835309964e-03,1.318252832578934977e-09,1.737798045074672171e+00
2.665378480953084050e+01,1.061377891277443496e-02,-2.446141253664476344e-03,1.307420126525313251e-09,1.737798052497505408e+00
2.666174591311791886e+01,1.059431074368720298e-02,-2.444680663769182704e-03,1.296663190156043581e-09,1.737798059863702838e+00
2.666970701670499366e+01,1.057485419730097749e-02,-2.443221381586900727e-03,1.285981576609802272e-09,1.737798067173621064e+00
2.667766812029206847e+01,1.055540926321112474e-02,-2.441763405557427491e-03,1.275374841259715592e-09,1.737798074427614026e+00
2.668562922387914682e+01,1.053597593102542120e-02,-2.440306734122883736e-03,1.264842541703543824e-09,1.737798081626034108e+00
2.669359032746622162e+01,1.051655419036406219e-02,-2.438851365727712998e-03,1.254384237753909573e-09,1.737798088769232363e+00
2.670155143105329643e+01,1.049714403085959084e-02,-2.437397298818671631e-03,1.243999491428524010e-09,1.737798095857557401e+00
2.670951253464037478e+01,1.047774544215691016e-02,-2.435944531844827510e-03,1.233687866940498724e-09,1.737798102891356278e+00
2.671747363822744958e+01,1.045835841391328305e-02,-2.434493063257558293e-03,1.223448930688690456e-09,1.737798109870974494e+00
2.672543474181452439e+01,1.043898293579826643e-02,-2.433042891510542750e-03,1.213282251248051830e-09,1.737798116796755332e+00
2.673339584540160274e+01,1.041961899749372158e-02,-2.431594015059759025e-03,1.203187399360060670e-09,1.737798123669041184e+00
2.674135694898867754e+01,1.040026658869381594e-02,-2.430146432363482472e-03,1.193163947923186325e-09,1.737798130488172443e+00
2.674931805257575590e+01,1.038092569910494846e-02,-2.428700141882275676e-03,1.183211471983354555e-09,1.737798137254486397e+00
2.675727915616283070e+01,1.036159631844579820e-02,-2.427255142078992359e-03,1.173329548724515601e-09,1.737798143968320774e+00
2.676524025974990550e+01,1.034227843644724802e-02,-2.425811431418766102e-03,1.163517757459187652e-09,1.737798150630009975e+00
2.677320136333698386e+01,1.032297204285238801e-02,-2.424369008369009915e-03,1.153775679619080132e-09,1.737798157239887953e+00
2.678116246692405866e+01,1.030367712741652765e-02,-2.422927871399412764e-03,1.144102898745760206e-09,1.737798163798285556e+00
2.678912357051113347e+01,1.028439367990712817e-02,-2.421488018981933065e-03,1.134499000481317428e-09,1.737798170305532741e+00
2.679708467409821182e+01,1.026512169010379907e-02,-2.420049449590796087e-03,1.124963572559098904e-09,1.737798176761957913e+00
2.680504577768528662e+01,1.024586114779832240e-02,-2.418612161702490913e-03,1.115496204794498221e-09,1.737798183167887700e+00
2.681300688127236498e+01,1.022661204279455734e-02,-2.417176153795762630e-03,1.106096489075721219e-09,1.737798189523646508e+00
2.682096798485943978e+01,1.020737436490850442e-02,-2.415741424351614940e-03,1.096764019354670459e-09,1.737798195829558301e+00
2.682892908844651458e+01,1.018814810396822222e-02,-2.414307971853298443e-03,1.087498391637793089e-09,1.737798202085943489e+00
2.683689019203359294e+01,1.016893324981383261e-02,-2.412875794786311940e-03,1.078299203977012464e-09,1.737798208293122926e+00
2.684485129562066774e+01,1.014972979229753457e-02,-2.411444891638397231e-03,1.069166056460699057e-09,1.737798214451414136e+00
2.685281239920774254e+01,1.013053772128352792e-02,-2.410015260899534342e-03,1.060098551204636818e-09,1.737798220561133977e+00
2.686077350279482090e+01,1.011135702664802891e-02,-2.408586901061937190e-03,1.051096292343070186e-09,1.737798226622597531e+00
2.686873460638189570e+01,1.009218769827927194e-02,-2.407159810620052715e-03,1.042158886019781702e-09,1.737798232636118101e+00
2.687669570996897406e+01,1.007302972607743499e-02,-2.405733988070551336e-03,1.033285940379171284e-09,1.737798238602006551e+00
2.688465681355604886e+01,1.005388309995468819e-02,-2.404309431912329559e-03,1.024477065557429382e-09,1.737798244520573743e+00
2.689261791714312366e+01,1.003474780983511748e-02,-2.402886140646501301e-03,1.015731873673688416e-09,1.737798250392128097e+00
2.690057902073020202e+01,1.001562384565473848e-02,-2.401464112776394849e-03,1.007049978821253633e-09,1.737798256216976478e+00
2.690854012431727682e+01,9.996511197361489590e-03,-2.400043346807550701e-03,9.984309970588595976e-10,1.737798261995423310e+00
2.691650122790435162e+01,9.977409854915179899e-03,-2.398623841247716788e-03,9.898745464019432316e-10,1.737798267727773682e+00
2.692446233149142998e+01,9.958319808287485753e-03,-2.397205594606841971e-03,9.813802468139741325e-10,1.737798273414328687e+00
2.693242343507850478e+01,9.939241047461964615e-03,-2.395788605397077345e-03,9.729477201978293556e-10,1.737798279055388750e+00
2.694038453866557958e+01,9.920173562433982212e-03,-2.394372872132768428e-03,9.645765903871646787e-10,1.737798284651253633e+00
2.694834564225265794e+01,9.901117343210726410e-03,-2.392958393330450392e-03,9.562664831378611417e-10,1.737798290202219986e+00
2.695630674583973274e+01,9.882072379811210686e-03,-2.391545167508850236e-03,9.480170261195003294e-10,1.737798295708584018e+00
2.696426784942681110e+01,9.863038662266194329e-03,-2.390133193188874201e-03,9.398278489068408960e-10,1.737798301170639714e+00
2.697222895301388590e+01,9.844016180618244891e-03,-2.388722468893612980e-03,9.316985829713908351e-10,1.737798306588679953e+00
2.698019005660096070e+01,9.825004924921646246e-03,-2.387312993148329576e-03,9.236288616729483176e-10,1.737798311962996056e+00
2.698815116018803906e+01,9.806004885242419408e-03,-2.385904764480461029e-03,9.156183202512259708e-10,1.737798317293877126e+00
2.699611226377511386e+01,9.787016051658320795e-03,-2.384497781419614090e-03,9.076665958175005933e-10,1.737798322581612265e+00
2.700407336736218866e+01,9.768038414258783247e-03,-2.383092042497557839e-03,8.997733273462724865e-10,1.737798327826487244e+00
2.701203447094926702e+01,9.749071963144917766e-03,-2.381687546248222390e-03,8.919381556669856866e-10,1.737798333028787390e+00
2.701999557453634182e+01,9.730116688429522182e-03,-2.380284291207697585e-03,8.841607234557851099e-10,1.737798338188796698e+00
2.702795667812342018e+01,9.711172580237008300e-03,-2.378882275914223458e-03,8.764406752272734909e-10,1.737798343306796944e+00
2.703591778171049498e+01,9.692239628703448739e-03,-2.377481498908191101e-03,8.687776573263526937e-10,1.737798348383068348e+00
2.704387888529756978e+01,9.673317823976507537e-03,-2.376081958732136588e-03,8.611713179200508568e-10,1.737798353417890462e+00
2.705183998888464814e+01,9.654407156215433217e-03,-2.374683653930737947e-03,8.536213069894087857e-10,1.737798358411540844e+00
2.705980109247172294e+01,9.635507615591088273e-03,-2.373286583050811683e-03,8.461272763214146314e-10,1.737798363364295273e+00
2.706776219605879774e+01,9.616619192285860707e-03,-2.371890744641308880e-03,8.386888795009248174e-10,1.737798368276429306e+00
2.707572329964587610e+01,9.597741876493690039e-03,-2.370496137253309994e-03,8.313057719026639628e-10,1.737798373148215836e+00
2.708368440323295090e+01,9.578875658420060377e-03,-2.369102759440023555e-03,8.239776106832451737e-10,1.737798377979925757e+00
2.709164550682002925e+01,9.560020528281937963e-03,-2.367710609756780524e-03,8.167040547732012958e-10,1.737798382771830186e+00
2.709960661040710406e+01,9.541176476307811072e-03,-2.366319686761032132e-03,8.094847648690891654e-10,1.737798387524197796e+00
2.710756771399417886e+01,9.522343492737620624e-03,-2.364929989012344233e-03,8.023194034255844504e-10,1.737798392237296152e+00
2.711552881758125721e+01,9.503521567822765387e-03,-2.363541515072394277e-03,7.952076346476378075e-10,1.737798396911391041e+00
2.712348992116833202e+01,9.484710691826114121e-03,-2.362154263504970004e-03,7.881491244826665035e-10,1.737798401546747140e+00
2.713145102475540682e+01,9.465910855021932718e-03,-2.360768232875962071e-03,7.811435406127452104e-10,1.737798406143627794e+00
2.713941212834248518e+01,9.447122047695898084e-03,-2.359383421753361021e-03,7.741905524468634909e-10,1.737798410702294349e+00
2.714737323192955998e+01,9.428344260145103337e-03,-2.357999828707257276e-03,7.672898311132105818e-10,1.737798415223006820e+00
2.715533433551663478e+01,9.409577482677990157e-03,-2.356617452309832904e-03,7.604410494514658640e-10,1.737798419706024999e+00
2.716329543910371314e+01,9.390821705614362663e-03,-2.355236291135359011e-03,7.536438820051514739e-10,1.737798424151605126e+00
2.717125654269078794e+01,9.372076919285387414e-03,-2.353856343760195747e-03,7.468980050140108684e-10,1.737798428560004771e+00
2.717921764627786629e+01,9.353343114033529221e-03,-2.352477608762782758e-03,7.402030964063964885e-10,1.737798432931477732e+00
2.718717874986494110e+01,9.334620280212589313e-03,-2.351100084723640495e-03,7.335588357917254583e-10,1.737798437266277585e+00
2.719513985345201590e+01,9.315908408187639420e-03,-2.349723770225363266e-03,7.269649044529289772e-10,1.737798441564656127e+00
2.720310095703909425e+01,9.297207488335025236e-03,-2.348348663852617944e-03,7.204209853389587871e-10,1.737798445826864491e+00
2.721106206062616906e+01,9.278517511042378568e-03,-2.346974764192138758e-03,7.139267630573267274e-10,1.737798450053150923e+00
2.721902316421324386e+01,9.259838466708547947e-03,-2.345602069832724689e-03,7.074819238666466673e-10,1.737798454243764112e+00
2.722698426780032221e+01,9.241170345743609030e-03,-2.344230579365234705e-03,7.010861556692362029e-10,1.737798458398950530e+00
2.723494537138739702e+01,9.222513138568875016e-03,-2.342860291382586023e-03,6.947391480037477186e-10,1.737798462518955311e+00
2.724290647497447537e+01,9.203866835616813374e-03,-2.341491204479748036e-03,6.884405920377988280e-10,1.737798466604021819e+00
2.725086757856155018e+01,9.185231427331106563e-03,-2.340123317253741449e-03,6.821901805606818108e-10,1.737798470654392968e+00
2.725882868214862498e+01,9.166606904166573963e-03,-2.338756628303632207e-03,6.759876079760570234e-10,1.737798474670309457e+00
2.726678978573570333e+01,9.147993256589178820e-03,-2.337391136230529323e-03,6.698325702947044182e-10,1.737798478652012202e+00
2.727475088932277814e+01,9.129390475076035183e-03,-2.336026839637581412e-03,6.637247651273055658e-10,1.737798482599738126e+00
2.728271199290985294e+01,9.110798550115348921e-03,-2.334663737129972355e-03,6.576638916772337419e-10,1.737798486513725704e+00
2.729067309649693129e+01,9.092217472206419460e-03,-2.333301827314917826e-03,6.516496507333941620e-10,1.737798490394210527e+00
2.729863420008400610e+01,9.073647231859651927e-03,-2.331941108801663127e-03,6.456817446630964767e-10,1.737798494241426850e+00
2.730659530367108445e+01,9.055087819596482554e-03,-2.330581580201476679e-03,6.397598774049296440e-10,1.737798498055608043e+00
2.731455640725815925e+01,9.036539225949425519e-03,-2.329223240127651327e-03,6.338837544617051488e-10,1.737798501836986587e+00
2.732251751084523406e+01,9.018001441462007023e-03,-2.327866087195494798e-03,6.280530828933928799e-10,1.737798505585792741e+00
2.733047861443231241e+01,8.999474456688763557e-03,-2.326510120022330565e-03,6.222675713101078795e-10,1.737798509302256322e+00
2.733843971801938721e+01,8.980958262195260985e-03,-2.325155337227493516e-03,6.165269298651318340e-10,1.737798512986604704e+00
2.734640082160646202e+01,8.962452848558019949e-03,-2.323801737432325178e-03,6.108308702479342542e-10,1.737798516639065483e+00
2.735436192519354037e+01,8.943958206364533217e-03,-2.322449319260170685e-03,6.051791056772514557e-10,1.737798520259864032e+00
2.736232302878061518e+01,8.925474326213262213e-03,-2.321098081336377909e-03,5.995713508941882855e-10,1.737798523849225063e+00
2.737028413236768998e+01,8.907001198713590182e-03,-2.319748022288288351e-03,5.940073221553340154e-10,1.737798527407371063e+00
2.737824523595476833e+01,8.888538814485810041e-03,-2.318399140745238448e-03,5.884867372259185593e-10,1.737798530934524077e+00
2.738620633954184314e+01,8.870087164161150409e-03,-2.317051435338556530e-03,5.830093153730076722e-10,1.737798534430905040e+00
2.739416744312892149e+01,8.851646238381694065e-03,-2.315704904701553716e-03,5.775747773586949434e-10,1.737798537896733331e+00
2.740212854671599629e+01,8.833216027800424794e-03,-2.314359547469528253e-03,5.721828454333597576e-10,1.737798541332226554e+00
2.741008965030307110e+01,8.814796523081161461e-03,-2.313015362279755103e-03,5.668332433289201895e-10,1.737798544737602535e+00
2.741805075389014945e+01,8.796387714898568425e-03,-2.311672347771485513e-03,5.615256962521361493e-10,1.737798548113075991e+00
2.742601185747722425e+01,8.777989593938150328e-03,-2.310330502585946147e-03,5.562599308779354830e-10,1.737798551458862084e+00
2.743397296106429906e+01,8.759602150896205267e-03,-2.308989825366330410e-03,5.510356753427565125e-10,1.737798554775173532e+00
2.744193406465137741e+01,8.741225376479819578e-03,-2.307650314757797583e-03,5.458526592379299706e-10,1.737798558062222609e+00
2.744989516823845221e+01,8.722859261406885195e-03,-2.306311969407472389e-03,5.407106136030938155e-10,1.737798561320220481e+00
2.745785627182553057e+01,8.704503796406021579e-03,-2.304974787964435452e-03,5.356092709196099077e-10,1.737798564549376978e+00
2.746581737541260537e+01,8.686158972216632967e-03,-2.303638769079725031e-03,5.305483651040449995e-10,1.737798567749899936e+00
2.747377847899968017e+01,8.667824779588823372e-03,-2.302303911406330516e-03,5.255276315016395233e-10,1.737798570921996522e+00
2.748173958258675853e+01,8.649501209283419131e-03,-2.300970213599190690e-03,5.205468068798334563e-10,1.737798574065873458e+00
2.748970068617383333e+01,8.631188252071968908e-03,-2.299637674315190700e-03,5.156056294218120364e-10,1.737798577181735471e+00
2.749766178976090814e+01,8.612885898736677773e-03,-2.298306292213157277e-03,5.107038387200616121e-10,1.737798580269786397e+00
2.750562289334798649e+01,8.594594140070429752e-03,-2.296976065953854410e-03,5.058411757699751225e-10,1.737798583330228297e+00
2.751358399693506129e+01,8.576312966876777424e-03,-2.295646994199985070e-03,5.010173829634757758e-10,1.737798586363263453e+00
2.752154510052213610e+01,8.558042369969895077e-03,-2.294319075616181678e-03,4.962322040826572709e-10,1.737798589369091706e+00
2.752950620410921445e+01,8.539782340174575243e-03,-2.292992308869005232e-03,4.914853842934622764e-10,1.737798592347911786e+00
2.753746730769628925e+01,8.521532868326246041e-03,-2.291666692626944876e-03,4.867766701393923426e-10,1.737798595299922644e+00
2.754542841128336761e+01,8.503293945270894855e-03,-2.290342225560408358e-03,4.821058095352192608e-10,1.737798598225320124e+00
2.755338951487044241e+01,8.485065561865116901e-03,-2.289018906341725064e-03,4.774725517607559795e-10,1.737798601124300513e+00
2.756135061845751721e+01,8.466847708976049311e-03,-2.287696733645139084e-03,4.728766474546222479e-10,1.737798603997058322e+00
2.756931172204459557e+01,8.448640377481372865e-03,-2.286375706146804871e-03,4.683178486080553403e-10,1.737798606843786509e+00
2.757727282563167037e+01,8.430443558269324136e-03,-2.285055822524788977e-03,4.637959085587474048e-10,1.737798609664678251e+00
2.758523392921874517e+01,8.412257242238633040e-03,-2.283737081459060944e-03,4.593105819846910339e-10,1.737798612459924064e+00
2.759319503280582353e+01,8.394081420298531507e-03,-2.282419481631492875e-03,4.548616248980674842e-10,1.737798615229714461e+00
2.760115613639289833e+01,8.375916083368760423e-03,-2.281103021725858129e-03,4.504487946391596105e-10,1.737798617974238402e+00
2.760911723997997669e+01,8.357761222379501975e-03,-2.279787700427822212e-03,4.460718498702727078e-10,1.737798620693683294e+00
2.761707834356705149e+01,8.339616828271421284e-03,-2.278473516424946686e-03,4.417305505697062263e-10,1.737798623388236319e+00
2.762503944715412629e+01,8.321482891995605688e-03,-2.277160468406680058e-03,4.374246580257265197e-10,1.737798626058083107e+00
2.763300055074120465e+01,8.303359404513568215e-03,-2.275848555064356911e-03,4.331539348305798153e-10,1.737798628703408843e+00
2.764096165432827945e+01,8.285246356797251049e-03,-2.274537775091195306e-03,4.289181448745299997e-10,1.737798631324396048e+00
2.764892275791535425e+01,8.267143739828975227e-03,-2.273228127182292876e-03,4.247170533399084498e-10,1.737798633921228131e+00
2.765688386150243261e+01,8.249051544601440633e-03,-2.271919610034621190e-03,4.205504266952008292e-10,1.737798636494085613e+00
2.766484496508950741e+01,8.230969762117734678e-03,-2.270612222347028787e-03,4.164180326891597335e-10,1.737798639043149462e+00
2.767280606867658577e+01,8.212898383391264642e-03,-2.269305962820230334e-03,4.123196403449250386e-10,1.737798641568599090e+00
2.768076717226366057e+01,8.194837399445811452e-03,-2.268000830156808797e-03,4.082550199541959998e-10,1.737798644070611465e+00
2.768872827585073537e+01,8.176786801315444678e-03,-2.266696823061210668e-03,4.042239430713958546e-10,1.737798646549365333e+00
2.769668937943781373e+01,8.158746580044548558e-03,-2.265393940239740327e-03,4.002261825078865730e-10,1.737798649005035667e+00
2.770465048302488853e+01,8.140716726687816790e-03,-2.264092180400562645e-03,3.962615123261997382e-10,1.737798651437798325e+00
2.771261158661196333e+01,8.122697232310202228e-03,-2.262791542253693444e-03,3.923297078342820578e-10,1.737798653847826502e+00
2.772057269019904169e+01,8.104688087986913411e-03,-2.261492024510999062e-03,3.884305455797747375e-10,1.737798656235293615e+00
2.772853379378611649e+01,8.086689284803438849e-03,-2.260193625886195920e-03,3.845638033443232028e-10,1.737798658600371970e+00
2.773649489737319129e+01,8.068700813855465490e-03,-2.258896345094841412e-03,3.807292601378866647e-10,1.737798660943231654e+00
2.774445600096026965e+01,8.050722666248908213e-03,-2.257600180854334778e-03,3.769266961930964896e-10,1.737798663264043197e+00
2.775241710454734445e+01,8.032754833099904623e-03,-2.256305131883915363e-03,3.731558929596295614e-10,1.737798665562975131e+00
2.776037820813442281e+01,8.014797305534749131e-03,-2.255011196904653948e-03,3.694166330985926562e-10,1.737798667840195765e+00
2.776833931172149761e+01,7.996850074689943258e-03,-2.253718374639455350e-03,3.657087004769546892e-10,1.737798670095871634e+00
2.777630041530857241e+01,7.978913131712124518e-03,-2.252426663813051483e-03,3.620318801619765321e-10,1.737798672330168603e+00
2.778426151889565077e+01,7.960986467758078555e-03,-2.251136063151999191e-03,3.583859584156815697e-10,1.737798674543251432e+00
2.779222262248272557e+01,7.943070073994739147e-03,-2.249846571384679812e-03,3.547707226893464697e-10,1.737798676735284653e+00
2.780018372606980037e+01,7.925163941599137896e-03,-2.248558187241290942e-03,3.511859616180049814e-10,1.737798678906430361e+00
2.780814482965687873e+01,7.907268061758405964e-03,-2.247270909453846863e-03,3.476314650149846659e-10,1.737798681056850869e+00
2.781610593324395353e+01,7.889382425669787952e-03,-2.245984736756175947e-03,3.441070238664692183e-10,1.737798683186706716e+00
2.782406703683103188e+01,7.871507024540565570e-03,-2.244699667883914146e-03,3.406124303260654412e-10,1.737798685296158219e+00
2.783202814041810669e+01,7.853641849588114884e-03,-2.243415701574506729e-03,3.371474777094188680e-10,1.737798687385364138e+00
2.783998924400518149e+01,7.835786892039829990e-03,-2.242132836567200041e-03,3.337119604888260771e-10,1.737798689454482792e+00
2.784795034759225985e+01,7.817942143133135152e-03,-2.240851071603041072e-03,3.303056742878863488e-10,1.737798691503670723e+00
2.785591145117933465e+01,7.800107594115493481e-03,-2.239570405424876152e-03,3.269284158761751907e-10,1.737798693533084471e+00
2.786387255476640945e+01,7.782283236244347084e-03,-2.238290836777343581e-03,3.235799831639263939e-10,1.737798695542878580e+00
2.787183365835348781e+01,7.764469060787124004e-03,-2.237012364406874062e-03,3.202601751967498122e-10,1.737798697533208259e+00
2.787979476194056261e+01,7.746665059021248627e-03,-2.235734987061686364e-03,3.169687921503709074e-10,1.737798699504225608e+00
2.788775586552764096e+01,7.728871222234072295e-03,-2.234458703491783420e-03,3.137056353253776353e-10,1.737798701456083617e+00
2.789571696911471577e+01,7.711087541722922746e-03,-2.233183512448951892e-03,3.104705071420116377e-10,1.737798703388933497e+00
2.790367807270179057e+01,7.693314008795032986e-03,-2.231909412686755665e-03,3.072632111349582969e-10,1.737798705302925351e+00
2.791163917628886892e+01,7.675550614767551703e-03,-2.230636402960535416e-03,3.040835519481737034e-10,1.737798707198209058e+00
2.791960027987594373e+01,7.657797350967556274e-03,-2.229364482027405576e-03,3.009313353297339055e-10,1.737798709074933168e+00
2.792756138346301853e+01,7.640054208731983376e-03,-2.228093648646249127e-03,2.978063681266902078e-10,1.737798710933245117e+00
2.793552248705009688e+01,7.622321179407646335e-03,-2.226823901577715432e-03,2.947084582799619515e-10,1.737798712773291676e+00
2.794348359063717169e+01,7.604598254351242065e-03,-2.225555239584219806e-03,2.916374148192484227e-10,1.737798714595218508e+00
2.795144469422424649e+01,7.586885424929286879e-03,-2.224287661429937002e-03,2.885930478579494468e-10,1.737798716399171051e+00
2.795940579781132485e+01,7.569182682518131242e-03,-2.223021165880799052e-03,2.855751685881212926e-10,1.737798718185292746e+00
2.796736690139839965e+01,7.551490018503965833e-03,-2.221755751704495262e-03,2.825835892754516534e-10,1.737798719953727256e+00
2.797532800498547800e+01,7.533807424282751297e-03,-2.220491417670463971e-03,2.796181232542426937e-10,1.737798721704616689e+00
2.798328910857255281e+01,7.516134891260273752e-03,-2.219228162549894724e-03,2.766785849224363325e-10,1.737798723438101822e+00
2.799125021215962761e+01,7.498472410852067595e-03,-2.217965985115720896e-03,2.737647897366380805e-10,1.737798725154323209e+00
2.799921131574670596e+01,7.480819974483430244e-03,-2.216704884142620558e-03,2.708765542071768070e-10,1.737798726853421627e+00
2.800717241933378077e+01,7.463177573589432554e-03,-2.215444858407010845e-03,2.680136958931843078e-10,1.737798728535533854e+00
2.801513352292085557e+01,7.445545199614852887e-03,-2.214185906687046214e-03,2.651760333976832481e-10,1.737798730200799113e+00
2.802309462650793392e+01,7.427922844014191867e-03,-2.212928027762614547e-03,2.623633863627082448e-10,1.737798731849353961e+00
2.803105573009500873e+01,7.410310498251681047e-03,-2.211671220415335846e-03,2.595755754644466968e-10,1.737798733481334068e+00
2.803901683368208708e+01,7.392708153801210054e-03,-2.210415483428557898e-03,2.568124224083865441e-10,1.737798735096875324e+00
2.804697793726916188e+01,7.375115802146382099e-03,-2.209160815587353673e-03,2.540737499245049197e-10,1.737798736696111401e+00
2.805493904085623669e+01,7.357533434780441986e-03,-2.207907215678517852e-03,2.513593817624565955e-10,1.737798738279176192e+00
2.806290014444331504e+01,7.339961043206283051e-03,-2.206654682490565532e-03,2.486691426867949973e-10,1.737798739846202478e+00
2.807086124803038985e+01,7.322398618936463641e-03,-2.205403214813727447e-03,2.460028584722143660e-10,1.737798741397321489e+00
2.807882235161746465e+01,7.304846153493141196e-03,-2.204152811439949108e-03,2.433603558987995692e-10,1.737798742932665341e+00
2.808678345520454300e+01,7.287303638408083525e-03,-2.202903471162884295e-03,2.407414627473069842e-10,1.737798744452362820e+00
2.809474455879161781e+01,7.269771065222680080e-03,-2.201655192777897223e-03,2.381460077944653883e-10,1.737798745956543822e+00
2.810270566237869616e+01,7.252248425487872567e-03,-2.200407975082054740e-03,2.355738208082845007e-10,1.737798747445336467e+00
2.811066676596577096e+01,7.234735710764200918e-03,-2.199161816874128060e-03,2.330247325433997129e-10,1.737798748918869096e+00
2.811862786955284577e+01,7.217232912621742574e-03,-2.197916716954584956e-03,2.304985747364211114e-10,1.737798750377268053e+00
2.812658897313992412e+01,7.199740022640113354e-03,-2.196672674125590193e-03,2.279951801013108041e-10,1.737798751820659460e+00
2.813455007672699892e+01,7.182257032408485668e-03,-2.195429687191003364e-03,2.255143823247815992e-10,1.737798753249168549e+00
2.814251118031407373e+01,7.164783933525521731e-03,-2.194187754956372378e-03,2.230560160617033608e-10,1.737798754662919221e+00
2.815047228390115208e+01,7.147320717599387439e-03,-2.192946876228933466e-03,2.206199169305395053e-10,1.737798756062035821e+00
2.815843338748822688e+01,7.129867376247760180e-03,-2.191707049817609009e-03,2.182059215088020318e-10,1.737798757446640474e+00
2.816639449107530169e+01,7.112423901097770715e-03,-2.190468274533000602e-03,2.158138673285160908e-10,1.737798758816855305e+00
2.817435559466238004e+01,7.094990283786011855e-03,-2.189230549187390785e-03,2.134435928717129092e-10,1.737798760172801993e+00
2.818231669824945484e+01,7.077566515958548000e-03,-2.187993872594738275e-03,2.110949375659416641e-10,1.737798761514599999e+00
2.819027780183653320e+01,7.060152589270847490e-03,-2.186758243570673631e-03,2.087677417797894204e-10,1.737798762842369449e+00
2.819823890542360800e+01,7.042748495387832902e-03,-2.185523660932500549e-03,2.064618468184358624e-10,1.737798764156229359e+00
2.820620000901068281e+01,7.025354225983812539e-03,-2.184290123499187629e-03,2.041770949192107394e-10,1.737798765456297412e+00
2.821416111259776116e+01,7.007969772742490833e-03,-2.183057630091369671e-03,2.019133292471801589e-10,1.737798766742690848e+00
2.822212221618483596e+01,6.990595127356975282e-03,-2.181826179531344209e-03,1.996703938907511562e-10,1.737798768015526241e+00
2.823008331977191077e+01,6.973230281529723545e-03,-2.180595770643066738e-03,1.974481338572864734e-10,1.737798769274918831e+00
2.823804442335898912e+01,6.955875226972545178e-03,-2.179366402252149847e-03,1.952463950687449815e-10,1.737798770520984526e+00
2.824600552694606392e+01,6.938529955406618974e-03,-2.178138073185860620e-03,1.930650243573423690e-10,1.737798771753837235e+00
2.825396663053314228e+01,6.921194458562420111e-03,-2.176910782273114991e-03,1.909038694612182660e-10,1.737798772973589978e+00
2.826192773412021708e+01,6.903868728179773061e-03,-2.175684528344479056e-03,1.887627790201375418e-10,1.737798774180355332e+00
2.826988883770729188e+01,6.886552756007781328e-03,-2.174459310232163857e-03,1.866416025711940319e-10,1.737798775374245874e+00
2.827784994129437024e+01,6.869246533804837865e-03,-2.173235126770021054e-03,1.845401905445425194e-10,1.737798776555372182e+00
2.828581104488144504e+01,6.851950053338639809e-03,-2.172011976793544654e-03,1.824583942591486027e-10,1.737798777723845056e+00
2.829377214846851984e+01,6.834663306386120837e-03,-2.170789859139864945e-03,1.803960659185468103e-10,1.737798778879774186e+00
2.830173325205559820e+01,6.817386284733469373e-03,-2.169568772647744587e-03,1.783530586066265033e-10,1.737798780023267931e+00
2.830969435564267300e+01,6.800118980176132928e-03,-2.168348716157581218e-03,1.763292262834339337e-10,1.737798781154435535e+00
2.831765545922975136e+01,6.782861384518754783e-03,-2.167129688511397478e-03,1.743244237809835829e-10,1.737798782273383580e+00
2.832561656281682616e+01,6.765613489575220824e-03,-2.165911688552846215e-03,1.723385067991003380e-10,1.737798783380219536e+00
2.833357766640390096e+01,6.748375287168592758e-03,-2.164694715127199638e-03,1.703713319012654687e-10,1.737798784475049096e+00
2.834153876999097932e+01,6.731146769131119388e-03,-2.163478767081351926e-03,1.684227565104893319e-10,1.737798785557977510e+00
2.834949987357805412e+01,6.713927927304246153e-03,-2.162263843263816619e-03,1.664926389052008527e-10,1.737798786629109582e+00
2.835746097716512892e+01,6.696718753538556147e-03,-2.161049942524720120e-03,1.645808382151466216e-10,1.737798787688549007e+00
2.836542208075220728e+01,6.679519239693778795e-03,-2.159837063715802120e-03,1.626872144173147033e-10,1.737798788736399258e+00
2.837338318433928208e+01,6.662329377638803729e-03,-2.158625205690413440e-03,1.608116283318761009e-10,1.737798789772763142e+00
2.838134428792635688e+01,6.645149159251618337e-03,-2.157414367303509082e-03,1.589539416181347507e-10,1.737798790797741466e+00
2.838930539151343524e+01,6.627978576419320776e-03,-2.156204547411650404e-03,1.571140167705028488e-10,1.737798791811436594e+00
2.839726649510051004e+01,6.610817621038127777e-03,-2.154995744872999913e-03,1.552917171144922045e-10,1.737798792813947779e+00
2.840522759868758840e+01,6.593666285013309591e-03,-2.153787958547318231e-03,1.534869068027148998e-10,1.737798793805375164e+00
2.841318870227466320e+01,6.576524560259237699e-03,-2.152581187295964527e-03,1.516994508109123571e-10,1.737798794785818224e+00
2.842114980586173800e+01,6.559392438699319754e-03,-2.151375429981888278e-03,1.499292149339894995e-10,1.737798795755374659e+00
2.842911090944881636e+01,6.542269912266009992e-03,-2.150170685469631436e-03,1.481760657820730279e-10,1.737798796714142613e+00
2.843707201303589116e+01,6.525156972900817039e-03,-2.148966952625325829e-03,1.464398707765863201e-10,1.737798797662219119e+00
2.844503311662296596e+01,6.508053612554249266e-03,-2.147764230316685785e-03,1.447204981463339199e-10,1.737798798599699879e+00
2.845299422021004432e+01,6.490959823185820862e-03,-2.146562517413009869e-03,1.430178169236092380e-10,1.737798799526681259e+00
2.846095532379711912e+01,6.473875596764064842e-03,-2.145361812785178280e-03,1.413316969403184878e-10,1.737798800443258074e+00
2.846891642738419748e+01,6.456800925266467997e-03,-2.144162115305645912e-03,1.396620088241137708e-10,1.737798801349524247e+00
2.847687753097127228e+01,6.439735800679515128e-03,-2.142963423848446257e-03,1.380086239945527095e-10,1.737798802245574148e+00
2.848483863455834708e+01,6.422680214998629199e-03,-2.141765737289181432e-03,1.363714146592642071e-10,1.737798803131499925e+00
2.849279973814542544e+01,6.405634160228174806e-03,-2.140569054505025211e-03,1.347502538101363337e-10,1.737798804007394615e+00
2.850076084173250024e+01,6.388597628381475525e-03,-2.139373374374718695e-03,1.331450152195216613e-10,1.737798804873349701e+00
2.850872194531957504e+01,6.371570611480748859e-03,-2.138178695778567267e-03,1.315555734364503274e-10,1.737798805729456442e+00
2.851668304890665340e+01,6.354553101557123586e-03,-2.136985017598436263e-03,1.299818037828672420e-10,1.737798806575804766e+00
2.852464415249372820e+01,6.337545090650643226e-03,-2.135792338717753570e-03,1.284235823498833571e-10,1.737798807412485047e+00
2.853260525608080300e+01,6.320546570810214870e-03,-2.134600658021501389e-03,1.268807859940377406e-10,1.737798808239586323e+00
2.854056635966788136e+01,6.303557534093613517e-03,-2.133409974396215363e-03,1.253532923335805628e-10,1.737798809057196747e+00
2.854852746325495616e+01,6.286577972567495946e-03,-2.132220286729985450e-03,1.238409797447722386e-10,1.737798809865404692e+00
2.855648856684203452e+01,6.269607878307334806e-03,-2.131031593912446811e-03,1.223437273581912294e-10,1.737798810664296534e+00
2.856444967042910932e+01,6.252647243397467178e-03,-2.129843894834784583e-03,1.208614150550672803e-10,1.737798811453959980e+00
2.857241077401618412e+01,6.235696059931027796e-03,-2.128657188389724772e-03,1.193939234636200092e-10,1.737798812234480739e+00
2.858037187760326248e+01,6.218754320009960319e-03,-2.127471473471535118e-03,1.179411339554196993e-10,1.737798813005944076e+00
2.858833298119033728e+01,6.201822015745027741e-03,-2.126286748976022930e-03,1.165029286417631365e-10,1.737798813768434592e+00
2.859629408477741208e+01,6.184899139255755143e-03,-2.125103013800530311e-03,1.150791903700590631e-10,1.737798814522036661e+00
2.860425518836449044e+01,6.167985682670440971e-03,-2.123920266843933296e-03,1.136698027202343622e-10,1.737798815266834440e+00
2.861221629195156524e+01,6.151081638126163972e-03,-2.122738507006638811e-03,1.122746500011552349e-10,1.737798816002909641e+00
2.862017739553864359e+01,6.134186997768722484e-03,-2.121557733190581642e-03,1.108936172470576057e-10,1.737798816730345752e+00
2.862813849912571840e+01,6.117301753752681266e-03,-2.120377944299223130e-03,1.095265902140013872e-10,1.737798817449223820e+00
2.863609960271279320e+01,6.100425898241302984e-03,-2.119199139237547269e-03,1.081734553763302243e-10,1.737798818159625336e+00
2.864406070629987155e+01,6.083559423406565553e-03,-2.118021316912058107e-03,1.068340999231531724e-10,1.737798818861630901e+00
2.865202180988694636e+01,6.066702321429166475e-03,-2.116844476230779742e-03,1.055084117548399196e-10,1.737798819555320673e+00
2.865998291347402116e+01,6.049854584498468198e-03,-2.115668616103249817e-03,1.041962794795261042e-10,1.737798820240773701e+00
2.866794401706109952e+01,6.033016204812510254e-03,-2.114493735440519957e-03,1.028975924096386649e-10,1.737798820918069032e+00
2.867590512064817432e+01,6.016187174578014468e-03,-2.113319833155152729e-03,1.016122405584351496e-10,1.737798821587284603e+00
2.868386622423525267e+01,5.999367486010327710e-03,-2.112146908161218178e-03,1.003401146365527050e-10,1.737798822248498798e+00
2.869182732782232748e+01,5.982557131333463528e-03,-2.110974959374292952e-03,9.908110604857925814e-11,1.737798822901787998e+00
2.869978843140940228e+01,5.965756102780040565e-03,-2.109803985711455540e-03,9.783510688963114659e-11,1.737798823547229476e+00
2.870774953499648063e+01,5.948964392591292970e-03,-2.108633986091284530e-03,9.660200994195065359e-11,1.737798824184898283e+00
2.871571063858355544e+01,5.932181993017081670e-03,-2.107464959433858614e-03,9.538170867151783735e-11,1.737798824814870136e+00
2.872367174217063024e+01,5.915408896315835392e-03,-2.106296904660751382e-03,9.417409722467139480e-11,1.737798825437220529e+00
2.873163284575770859e+01,5.898645094754562807e-03,-2.105129820695027850e-03,9.297907042474900299e-11,1.737798826052023182e+00
2.873959394934478340e+01,5.881890580608862933e-03,-2.103963706461245767e-03,9.179652376874161901e-11,1.737798826659351592e+00
2.874755505293185820e+01,5.865145346162867028e-03,-2.102798560885450405e-03,9.062635342395693072e-11,1.737798827259279255e+00
2.875551615651893655e+01,5.848409383709250731e-03,-2.101634382895171960e-03,8.946845622470180671e-11,1.737798827851879002e+00
2.876347726010601136e+01,5.831682685549245335e-03,-2.100471171419425551e-03,8.832272966897870498e-11,1.737798828437222554e+00
2.877143836369308971e+01,5.814965243992571871e-03,-2.099308925388704717e-03,8.718907191519048257e-11,1.737798829015381630e+00
2.877939946728016452e+01,5.798257051357489679e-03,-2.098147643734983581e-03,8.606738177886708690e-11,1.737798829586427063e+00
2.878736057086723932e+01,5.781558099970732223e-03,-2.096987325391711215e-03,8.495755872939821808e-11,1.737798830150429685e+00
2.879532167445431767e+01,5.764868382167517499e-03,-2.095827969293809472e-03,8.385950288678483564e-11,1.737798830707459219e+00
2.880328277804139248e+01,5.748187890291561915e-03,-2.094669574377672552e-03,8.277311501840453331e-11,1.737798831257584942e+00
2.881124388162846728e+01,5.731516616695018704e-03,-2.093512139581162231e-03,8.169829653578552174e-11,1.737798831800875909e+00
2.881920498521554563e+01,5.714854553738490939e-03,-2.092355663843605690e-03,8.063494949139911933e-11,1.737798832337400068e+00
2.882716608880262044e+01,5.698201693791042806e-03,-2.091200146105796822e-03,7.958297657546558139e-11,1.737798832867225585e+00
2.883512719238969879e+01,5.681558029230137155e-03,-2.090045585309987120e-03,7.854228111276861466e-11,1.737798833390420183e+00
2.884308829597677359e+01,5.664923552441678001e-03,-2.088891980399889582e-03,7.751276705949008022e-11,1.737798833907049589e+00
2.885104939956384840e+01,5.648298255819954143e-03,-2.087739330320672639e-03,7.649433900005161115e-11,1.737798834417180860e+00
2.885901050315092675e+01,5.631682131767644373e-03,-2.086587634018957985e-03,7.548690214397363968e-11,1.737798834920879498e+00
2.886697160673800155e+01,5.615075172695829613e-03,-2.085436890442821014e-03,7.449036232274772391e-11,1.737798835418210786e+00
2.887493271032507636e+01,5.598477371023938276e-03,-2.084287098541785180e-03,7.350462598671830957e-11,1.737798835909240003e+00
2.888289381391215471e+01,5.581888719179755806e-03,-2.083138257266819397e-03,7.252960020198125505e-11,1.737798836394030433e+00
2.889085491749922951e+01,5.565309209599434218e-03,-2.081990365570339768e-03,7.156519264729551384e-11,1.737798836872646024e+00
2.889881602108630787e+01,5.548738834727432248e-03,-2.080843422406202653e-03,7.061131161100376081e-11,1.737798837345150726e+00
2.890677712467338267e+01,5.532177587016559595e-03,-2.079697426729705534e-03,6.966786598797196611e-11,1.737798837811606489e+00
2.891473822826045748e+01,5.515625458927916197e-03,-2.078552377497581375e-03,6.873476527653584504e-11,1.737798838272076152e+00
2.892269933184753583e+01,5.499082442930899178e-03,-2.077408273667999492e-03,6.781191957546412290e-11,1.737798838726621220e+00
2.893066043543461063e+01,5.482548531503219323e-03,-2.076265114200561649e-03,6.689923958093500894e-11,1.737798839175302756e+00
2.893862153902168544e+01,5.466023717130840363e-03,-2.075122898056299455e-03,6.599663658352108418e-11,1.737798839618182045e+00
2.894658264260876379e+01,5.449507992307992855e-03,-2.073981624197672197e-03,6.510402246519118538e-11,1.737798840055318816e+00
2.895454374619583859e+01,5.433001349537183722e-03,-2.072841291588565973e-03,6.422130969632451559e-11,1.737798840486773466e+00
2.896250484978291340e+01,5.416503781329139004e-03,-2.071701899194288484e-03,6.334841133273375041e-11,1.737798840912605058e+00
2.897046595336999175e+01,5.400015280202818610e-03,-2.070563445981569040e-03,6.248524101270464905e-11,1.737798841332872879e+00
2.897842705695706655e+01,5.383535838685423250e-03,-2.069425930918555954e-03,6.163171295404765950e-11,1.737798841747634437e+00
2.898638816054414491e+01,5.367065449312334591e-03,-2.068289352974812204e-03,6.078774195115836421e-11,1.737798842156948576e+00
2.899434926413121971e+01,5.350604104627159491e-03,-2.067153711121316739e-03,5.995324337209592986e-11,1.737798842560872359e+00
2.900231036771829451e+01,5.334151797181671886e-03,-2.066019004330458837e-03,5.912813315566839430e-11,1.737798842959463519e+00
2.901027147130537287e+01,5.317708519535818863e-03,-2.064885231576035502e-03,5.831232780853370868e-11,1.737798843352777123e+00
2.901823257489244767e+01,5.301274264257734535e-03,-2.063752391833254072e-03,5.750574440231321321e-11,1.737798843740870680e+00
2.902619367847952248e+01,5.284849023923684531e-03,-2.062620484078723539e-03,5.670830057071396622e-11,1.737798844123799258e+00
2.903415478206660083e+01,5.268432791118075539e-03,-2.061489507290455853e-03,5.591991450666636967e-11,1.737798844501618367e+00
2.904211588565367563e+01,5.252025558433465711e-03,-2.060359460447864187e-03,5.514050495947388574e-11,1.737798844874382409e+00
2.905007698924075399e+01,5.235627318470504818e-03,-2.059230342531757300e-03,5.436999123197142584e-11,1.737798845242145562e+00
2.905803809282782879e+01,5.219238063837980217e-03,-2.058102152524342136e-03,5.360829317770076145e-11,1.737798845604962228e+00
2.906599919641490359e+01,5.202857787152754404e-03,-2.056974889409215589e-03,5.285533119809273335e-11,1.737798845962885252e+00
2.907396030000198195e+01,5.186486481039774554e-03,-2.055848552171367534e-03,5.211102623966473792e-11,1.737798846315968371e+00
2.908192140358905675e+01,5.170124138132087266e-03,-2.054723139797175625e-03,5.137529979123022034e-11,1.737798846664263541e+00
2.908988250717613155e+01,5.153770751070779581e-03,-2.053598651274403560e-03,5.064807388111664005e-11,1.737798847007822722e+00
2.909784361076320991e+01,5.137426312504991995e-03,-2.052475085592198913e-03,4.992927107439841591e-11,1.737798847346697872e+00
2.910580471435028471e+01,5.121090815091928865e-03,-2.051352441741092700e-03,4.921881447014140012e-11,1.737798847680940728e+00
2.911376581793736307e+01,5.104764251496795961e-03,-2.050230718712992006e-03,4.851662769865579851e-11,1.737798848010601027e+00
2.912172692152443787e+01,5.088446614392849905e-03,-2.049109915501185191e-03,4.782263491876556979e-11,1.737798848335730062e+00
2.912968802511151267e+01,5.072137896461332250e-03,-2.047990031100332346e-03,4.713676081508433886e-11,1.737798848656377571e+00
2.913764912869859103e+01,5.055838090391484227e-03,-2.046871064506466595e-03,4.645893059530634796e-11,1.737798848972592625e+00
2.914561023228566583e+01,5.039547188880556285e-03,-2.045753014716994098e-03,4.578906998750850373e-11,1.737798849284425629e+00
2.915357133587274063e+01,5.023265184633751712e-03,-2.044635880730686240e-03,4.512710523746115485e-11,1.737798849591923878e+00
2.916153243945981899e+01,5.006992070364240516e-03,-2.043519661547680936e-03,4.447296310595309985e-11,1.737798849895136444e+00
2.916949354304689379e+01,4.990727838793168961e-03,-2.042404356169481763e-03,4.382657086612770359e-11,1.737798850194111067e+00
2.917745464663396859e+01,4.974472482649605794e-03,-2.041289963598951450e-03,4.318785630082772506e-11,1.737798850488895264e+00
2.918541575022104695e+01,4.958225994670550918e-03,-2.040176482840312753e-03,4.255674769995387123e-11,1.737798850779535886e+00
2.919337685380812175e+01,4.941988367600950137e-03,-2.039063912899146715e-03,4.193317385783469220e-11,1.737798851066080230e+00
2.920133795739520011e+01,4.925759594193629236e-03,-2.037952252782387029e-03,4.131706407060450922e-11,1.737798851348574036e+00
2.920929906098227491e+01,4.909539667209346023e-03,-2.036841501498322642e-03,4.070834813359691682e-11,1.737798851627063934e+00
2.921726016456934971e+01,4.893328579416724410e-03,-2.035731658056589947e-03,4.010695633874483138e-11,1.737798851901594333e+00
2.922522126815642807e+01,4.877126323592269157e-03,-2.034622721468174952e-03,3.951281947199456299e-11,1.737798852172210973e+00
2.923318237174350287e+01,4.860932892520372813e-03,-2.033514690745411111e-03,3.892586881073053075e-11,1.737798852438958708e+00
2.924114347533057767e+01,4.844748278993264538e-03,-2.032407564901973687e-03,3.834603612120868293e-11,1.737798852701881724e+00
2.924910457891765603e+01,4.828572475811021385e-03,-2.031301342952879750e-03,3.777325365600309377e-11,1.737798852961023988e+00
2.925706568250473083e+01,4.812405475781577832e-03,-2.030196023914486881e-03,3.720745415146325557e-11,1.737798853216429018e+00
2.926502678609180919e+01,4.796247271720665076e-03,-2.029091606804488395e-03,3.664857082517962955e-11,1.737798853468139448e+00
2.927298788967888399e+01,4.780097856451856995e-03,-2.027988090641915080e-03,3.609653737346364660e-11,1.737798853716199243e+00
2.928094899326595879e+01,4.763957222806511176e-03,-2.026885474447127824e-03,3.555128796883475199e-11,1.737798853960649703e+00
2.928891009685303715e+01,4.747825363623778445e-03,-2.025783757241820214e-03,3.501275725752040702e-11,1.737798854201533905e+00
2.929687120044011195e+01,4.731702271750615890e-03,-2.024682938049013770e-03,3.448088035696677300e-11,1.737798854438892926e+00
2.930483230402718675e+01,4.715587940041728737e-03,-2.023583015893056208e-03,3.395559285335750545e-11,1.737798854672768067e+00
2.931279340761426511e+01,4.699482361359586836e-03,-2.022483989799619269e-03,3.343683079914562165e-11,1.737798854903200407e+00
2.932075451120133991e+01,4.683385528574430731e-03,-2.021385858795698293e-03,3.292453071059533310e-11,1.737798855130230580e+00
2.932871561478841826e+01,4.667297434564216148e-03,-2.020288621909606137e-03,3.241862956533235660e-11,1.737798855353898997e+00
2.933667671837549307e+01,4.651218072214655629e-03,-2.019192278170975786e-03,3.191906479990767349e-11,1.737798855574244961e+00
2.934463782196256787e+01,4.635147434419160418e-03,-2.018096826610754711e-03,3.142577430736846204e-11,1.737798855791308217e+00
2.935259892554964622e+01,4.619085514078851741e-03,-2.017002266261203568e-03,3.093869643484143121e-11,1.737798856005128290e+00
2.936056002913672103e+01,4.603032304102571207e-03,-2.015908596155895766e-03,3.045776998112639059e-11,1.737798856215743815e+00
2.936852113272379583e+01,4.586987797406827036e-03,-2.014815815329712694e-03,2.998293419429801478e-11,1.737798856423192984e+00
2.937648223631087419e+01,4.570951986915807938e-03,-2.013723922818842424e-03,2.951412876931980856e-11,1.737798856627513988e+00
2.938444333989794899e+01,4.554924865561388314e-03,-2.012632917660780139e-03,2.905129384566790781e-11,1.737798856828744798e+00
2.939240444348502379e+01,4.538906426283081420e-03,-2.011542798894322068e-03,2.859437000496337838e-11,1.737798857026922272e+00
2.940036554707210215e+01,4.522896662028045439e-03,-2.010453565559565912e-03,2.814329826861612463e-11,1.737798857222084381e+00
2.940832665065917695e+01,4.506895565751099092e-03,-2.009365216697907817e-03,2.769802009547898904e-11,1.737798857414267095e+00
2.941628775424625530e+01,4.490903130414657454e-03,-2.008277751352040633e-03,2.725847737950952908e-11,1.737798857603507052e+00
2.942424885783333011e+01,4.474919348988779660e-03,-2.007191168565951745e-03,2.682461244744484165e-11,1.737798857789840001e+00
2.943220996142040491e+01,4.458944214451110791e-03,-2.006105467384920911e-03,2.639636805648327627e-11,1.737798857973302136e+00
2.944017106500748326e+01,4.442977719786889677e-03,-2.005020646855517653e-03,2.597368739197778379e-11,1.737798858153928760e+00
2.944813216859455807e+01,4.427019857988962782e-03,-2.003936706025600829e-03,2.555651406513917835e-11,1.737798858331754737e+00
2.945609327218163287e+01,4.411070622057730421e-03,-2.002853643944313856e-03,2.514479211074729954e-11,1.737798858506814925e+00
2.946405437576871122e+01,4.395130005001158038e-03,-2.001771459662084716e-03,2.473846598487361291e-11,1.737798858679143521e+00
2.947201547935578603e+01,4.379197999834784881e-03,-2.000690152230624221e-03,2.433748056261335538e-11,1.737798858848774719e+00
2.947997658294286438e+01,4.363274599581666753e-03,-1.999609720702922103e-03,2.394178113582559059e-11,1.737798859015742714e+00
2.948793768652993919e+01,4.347359797272424588e-03,-1.998530164133246589e-03,2.355131341088551358e-11,1.737798859180080369e+00
2.949589879011701399e+01,4.331453585945179395e-03,-1.997451481577140493e-03,2.316602350644343433e-11,1.737798859341820989e+00
2.950385989370409234e+01,4.315555958645567007e-03,-1.996373672091420783e-03,2.278585795119521584e-11,1.737798859500997217e+00
2.951182099729116715e+01,4.299666908426746752e-03,-1.995296734734177280e-03,2.241076368166200181e-11,1.737798859657641914e+00
2.951978210087824195e+01,4.283786428349352880e-03,-1.994220668564767891e-03,2.204068803997794467e-11,1.737798859811787278e+00
2.952774320446532030e+01,4.267914511481501506e-03,-1.993145472643817299e-03,2.167557877168867092e-11,1.737798859963464837e+00
2.953570430805239511e+01,4.252051150898802749e-03,-1.992071146033218276e-03,2.131538402355911670e-11,1.737798860112706345e+00
2.954366541163947346e+01,4.236196339684304354e-03,-1.990997687796124301e-03,2.096005234138913129e-11,1.737798860259542888e+00
2.955162651522654826e+01,4.220350070928532461e-03,-1.989925096996952598e-03,2.060953266784048004e-11,1.737798860404005774e+00
2.955958761881362307e+01,4.204512337729436958e-03,-1.988853372701377634e-03,2.026377434027094305e-11,1.737798860546125201e+00
2.956754872240070142e+01,4.188683133192401889e-03,-1.987782513976331985e-03,1.992272708857902500e-11,1.737798860685932256e+00
2.957550982598777622e+01,4.172862450430254999e-03,-1.986712519890004598e-03,1.958634103305774781e-11,1.737798860823456470e+00
2.958347092957485103e+01,4.157050282563213954e-03,-1.985643389511835590e-03,1.925456668225616254e-11,1.737798860958727154e+00
2.959143203316192938e+01,4.141246622718902821e-03,-1.984575121912517549e-03,1.892735493085145318e-11,1.737798861091775171e+00
2.959939313674900419e+01,4.125451464032358143e-03,-1.983507716163992931e-03,1.860465705752977738e-11,1.737798861222628721e+00
2.960735424033607899e+01,4.109664799645980360e-03,-1.982441171339449724e-03,1.828642472287496881e-11,1.737798861351316670e+00
2.961531534392315734e+01,4.093886622709541623e-03,-1.981375486513321446e-03,1.797260996726734648e-11,1.737798861477867662e+00
2.962327644751023215e+01,4.078116926380200534e-03,-1.980310660761286715e-03,1.766316520879153587e-11,1.737798861602310563e+00
2.963123755109731050e+01,4.062355703822440565e-03,-1.979246693160262738e-03,1.735804324115162806e-11,1.737798861724672905e+00
2.963919865468438530e+01,4.046602948208115162e-03,-1.978183582788408355e-03,1.705719723159728285e-11,1.737798861844982889e+00
2.964715975827146011e+01,4.030858652716394833e-03,-1.977121328725117092e-03,1.676058071885668193e-11,1.737798861963267605e+00
2.965512086185853846e+01,4.015122810533769751e-03,-1.976059930051018900e-03,1.646814761107932749e-11,1.737798862079554141e+00
2.966308196544561326e+01,3.999395414854068839e-03,-1.974999385847978420e-03,1.617985218378783638e-11,1.737798862193870475e+00
2.967104306903268807e+01,3.983676458878402521e-03,-1.973939695199088476e-03,1.589564907783696888e-11,1.737798862306241698e+00
2.967900417261976642e+01,3.967965935815176599e-03,-1.972880857188673114e-03,1.561549329738265799e-11,1.737798862416695345e+00
2.968696527620684122e+01,3.952263838880102666e-03,-1.971822870902284128e-03,1.533934020785951724e-11,1.737798862525256949e+00
2.969492637979391958e+01,3.936570161296139986e-03,-1.970765735426697161e-03,1.506714553396570596e-11,1.737798862631953156e+00
2.970288748338099438e+01,3.920884896293539736e-03,-1.969709449849911705e-03,1.479886535765812785e-11,1.737798862736808392e+00
2.971084858696806918e+01,3.905208037109788623e-03,-1.968654013261149360e-03,1.453445611615436967e-11,1.737798862839849301e+00
2.971880969055514754e+01,3.889539576989620596e-03,-1.967599424750849507e-03,1.427387459994425767e-11,1.737798862941099642e+00
2.972677079414222234e+01,3.873879509185024651e-03,-1.966545683410671468e-03,1.401707795080975521e-11,1.737798863040585395e+00
2.973473189772929715e+01,3.858227826955197125e-03,-1.965492788333487572e-03,1.376402365985232920e-11,1.737798863138330541e+00
2.974269300131637550e+01,3.842584523566549941e-03,-1.964440738613384453e-03,1.351466956552957722e-11,1.737798863234359059e+00
2.975065410490345030e+01,3.826949592292724477e-03,-1.963389533345661752e-03,1.326897385170025072e-11,1.737798863328695376e+00
2.975861520849052511e+01,3.811323026414536932e-03,-1.962339171626827344e-03,1.302689504567644824e-11,1.737798863421363471e+00
2.976657631207760346e+01,3.795704819219993930e-03,-1.961289652554596471e-03,1.278839201628518065e-11,1.737798863512386438e+00
2.977453741566467826e+01,3.780094964004299465e-03,-1.960240975227892177e-03,1.255342397193797398e-11,1.737798863601788035e+00
2.978249851925175662e+01,3.764493454069798520e-03,-1.959193138746838803e-03,1.232195045870768091e-11,1.737798863689591133e+00
2.979045962283883142e+01,3.748900282726024772e-03,-1.958146142212764586e-03,1.209393135841499876e-11,1.737798863775817937e+00
2.979842072642590622e+01,3.733315443289638574e-03,-1.957099984728197326e-03,1.186932688672144502e-11,1.737798863860491982e+00
2.980638183001298458e+01,3.717738929084442139e-03,-1.956054665396861781e-03,1.164809759123153356e-11,1.737798863943634808e+00
2.981434293360005938e+01,3.702170733441387772e-03,-1.955010183323680536e-03,1.143020434960287212e-11,1.737798864025268619e+00
2.982230403718713418e+01,3.686610849698529306e-03,-1.953966537614770099e-03,1.121560836766343463e-11,1.737798864105415841e+00
2.983026514077421254e+01,3.671059271201030771e-03,-1.952923727377437434e-03,1.100427117753761906e-11,1.737798864184097125e+00
2.983822624436128734e+01,3.655515991301179837e-03,-1.951881751720182991e-03,1.079615463578026530e-11,1.737798864261334453e+00
2.984618734794836570e+01,3.639981003358329706e-03,-1.950840609752693125e-03,1.059122092151760548e-11,1.737798864337148697e+00
2.985414845153544050e+01,3.624454300738942474e-03,-1.949800300585842906e-03,1.038943253459742317e-11,1.737798864411560951e+00
2.986210955512251530e+01,3.608935876816534924e-03,-1.948760823331690704e-03,1.019075229374574281e-11,1.737798864484591865e+00
2.987007065870959366e+01,3.593425724971687635e-03,-1.947722177103477755e-03,9.995143334732139840e-12,1.737798864556261647e+00
2.987803176229666846e+01,3.577923838592056687e-03,-1.946684361015627723e-03,9.802569108542823481e-12,1.737798864626590944e+00
2.988599286588374326e+01,3.562430211072322491e-03,-1.945647374183741719e-03,9.612993379560642280e-12,1.737798864695599077e+00
2.989395396947082162e+01,3.546944835814202363e-03,-1.944611215724598510e-03,9.426380223753592496e-12,1.737798864763306472e+00
2.990191507305789642e+01,3.531467706226460498e-03,-1.943575884756153227e-03,9.242694026870911668e-12,1.737798864829732226e+00
2.990987617664497478e+01,3.515998815724851161e-03,-1.942541380397532587e-03,9.061899482646002885e-12,1.737798864894896100e+00
2.991783728023204958e+01,3.500538157732164223e-03,-1.941507701769036847e-03,8.883961591008164006e-12,1.737798864958816525e+00
2.992579838381912438e+01,3.485085725678167910e-03,-1.940474847992134603e-03,8.708845656300653212e-12,1.737798865021512817e+00
2.993375948740620274e+01,3.469641512999618784e-03,-1.939442818189462351e-03,8.536517285507057059e-12,1.737798865083003852e+00
2.994172059099327754e+01,3.454205513140275619e-03,-1.938411611484823624e-03,8.366942386485185557e-12,1.737798865143307392e+00
2.994968169458035234e+01,3.438777719550846490e-03,-1.937381227003185085e-03,8.200087166207663851e-12,1.737798865202442533e+00
2.995764279816743070e+01,3.423358125689000917e-03,-1.936351663870675664e-03,8.035918129010682621e-12,1.737798865260426817e+00
2.996560390175450550e+01,3.407946725019382010e-03,-1.935322921214585904e-03,7.874402074850105863e-12,1.737798865317278230e+00
2.997356500534158030e+01,3.392543511013555724e-03,-1.934294998163363626e-03,7.715506097564280130e-12,1.737798865373014312e+00
2.998152610892865866e+01,3.377148477150020405e-03,-1.933267893846613277e-03,7.559197583144805381e-12,1.737798865427652384e+00
2.998948721251573346e+01,3.361761616914221533e-03,-1.932241607395095498e-03,7.405444208014627675e-12,1.737798865481209543e+00
2.999744831610281182e+01,3.346382923798491005e-03,-1.931216137940722785e-03,7.254213937312635408e-12,1.737798865533703552e+00
3.000540941968988662e+01,3.331012391302095709e-03,-1.930191484616559710e-03,7.105475023186573404e-12,1.737798865585150399e+00
3.001337052327696142e+01,3.315650012931178545e-03,-1.929167646556819880e-03,6.959196003092084116e-12,1.737798865635567180e+00
3.002133162686403978e+01,3.300295782198770563e-03,-1.928144622896863555e-03,6.815345698099615931e-12,1.737798865684969885e+00
3.002929273045111458e+01,3.284949692624803113e-03,-1.927122412773198731e-03,6.673893211208435210e-12,1.737798865733375164e+00
3.003725383403818938e+01,3.269611737736054929e-03,-1.926101015323475720e-03,6.534807925667142686e-12,1.737798865780799007e+00
3.004521493762526774e+01,3.254281911066167748e-03,-1.925080429686486932e-03,6.398059503301887322e-12,1.737798865827256956e+00
3.005317604121234254e+01,3.238960206155653242e-03,-1.924060655002166661e-03,6.263617882851528810e-12,1.737798865872764997e+00
3.006113714479942089e+01,3.223646616551839681e-03,-1.923041690411585441e-03,6.131453278309264039e-12,1.737798865917338009e+00
3.006909824838649570e+01,3.208341135808915733e-03,-1.922023535056952654e-03,6.001536177272086727e-12,1.737798865960992201e+00
3.007705935197357050e+01,3.193043757487874518e-03,-1.921006188081610892e-03,5.873837339296307941e-12,1.737798866003741560e+00
3.008502045556064886e+01,3.177754475156523584e-03,-1.919989648630036601e-03,5.748327794260573742e-12,1.737798866045602075e+00
3.009298155914772366e+01,3.162473282389498350e-03,-1.918973915847837705e-03,5.624978840735755532e-12,1.737798866086587735e+00
3.010094266273479846e+01,3.147200172768210066e-03,-1.917958988881750997e-03,5.503762044361170287e-12,1.737798866126713193e+00
3.010890376632187682e+01,3.131935139880859687e-03,-1.916944866879640840e-03,5.384649236228145231e-12,1.737798866165992884e+00
3.011686486990895162e+01,3.116678177322447420e-03,-1.915931548990498735e-03,5.267612511270330027e-12,1.737798866204440795e+00
3.012482597349602997e+01,3.101429278694716775e-03,-1.914919034364438765e-03,5.152624226660244311e-12,1.737798866242071361e+00
3.013278707708310478e+01,3.086188437606200100e-03,-1.913907322152698896e-03,5.039657000213341754e-12,1.737798866278898124e+00
3.014074818067017958e+01,3.070955647672161341e-03,-1.912896411507636427e-03,4.928683708797977483e-12,1.737798866314934854e+00
3.014870928425725793e+01,3.055730902514609479e-03,-1.911886301582727552e-03,4.819677486752573736e-12,1.737798866350195093e+00
3.015667038784433274e+01,3.040514195762307210e-03,-1.910876991532566493e-03,4.712611724309370666e-12,1.737798866384691721e+00
3.016463149143140754e+01,3.025305521050724103e-03,-1.909868480512861818e-03,4.607460066024382607e-12,1.737798866418438060e+00
3.017259259501848589e+01,3.010104872022046144e-03,-1.908860767680435350e-03,4.504196409214332868e-12,1.737798866451447433e+00
3.018055369860556070e+01,2.994912242325187442e-03,-1.907853852193221959e-03,4.402794902400127621e-12,1.737798866483732274e+00
3.018851480219263550e+01,2.979727625615742094e-03,-1.906847733210265431e-03,4.303229943756442355e-12,1.737798866515305463e+00
3.019647590577971386e+01,2.964551015555993724e-03,-1.905842409891717396e-03,4.205476179568175395e-12,1.737798866546179211e+00
3.020443700936678866e+01,2.949382405814928929e-03,-1.904837881398837316e-03,4.109508502693371834e-12,1.737798866576365731e+00
3.021239811295386701e+01,2.934221790068179160e-03,-1.903834146893988158e-03,4.015302051032108185e-12,1.737798866605877901e+00
3.022035921654094182e+01,2.919069161998068436e-03,-1.902831205540636821e-03,3.922832206002437140e-12,1.737798866634726602e+00
3.022832032012801662e+01,2.903924515293554356e-03,-1.901829056503350889e-03,3.832074591022031318e-12,1.737798866662924491e+00
3.023628142371509497e+01,2.888787843650241979e-03,-1.900827698947797108e-03,3.743005069996603595e-12,1.737798866690483335e+00
3.024424252730216978e+01,2.873659140770393802e-03,-1.899827132040740954e-03,3.655599745814601558e-12,1.737798866717413793e+00
3.025220363088924458e+01,2.858538400362882047e-03,-1.898827354950043600e-03,3.569834958847832789e-12,1.737798866743728077e+00
3.026016473447632293e+01,2.843425616143199081e-03,-1.897828366844659309e-03,3.485687285458680123e-12,1.737798866769437067e+00
3.026812583806339774e+01,2.828320781833468245e-03,-1.896830166894636956e-03,3.403133536513515511e-12,1.737798866794551644e+00
3.027608694165047609e+01,2.813223891162390088e-03,-1.895832754271114824e-03,3.322150755901947771e-12,1.737798866819083132e+00
3.028404804523755089e+01,2.798134937865285731e-03,-1.894836128146321465e-03,3.242716219062755231e-12,1.737798866843041967e+00
3.029200914882462570e+01,2.783053915684042222e-03,-1.893840287693571590e-03,3.164807431515409920e-12,1.737798866866438807e+00
3.029997025241170405e+01,2.767980818367123379e-03,-1.892845232087265843e-03,3.088402127398056031e-12,1.737798866889284088e+00
3.030793135599877886e+01,2.752915639669581069e-03,-1.891850960502890373e-03,3.013478268011543606e-12,1.737798866911588469e+00
3.031589245958585366e+01,2.737858373353007496e-03,-1.890857472117012062e-03,2.940014040369203605e-12,1.737798866933361719e+00
3.032385356317293201e+01,2.722809013185545617e-03,-1.889864766107278308e-03,2.867987855752930241e-12,1.737798866954614274e+00
3.033181466676000682e+01,2.707767552941901714e-03,-1.888872841652416805e-03,2.797378348275241381e-12,1.737798866975355461e+00
3.033977577034708517e+01,2.692733986403288149e-03,-1.887881697932230997e-03,2.728164373446959979e-12,1.737798866995595493e+00
3.034773687393415997e+01,2.677708307357469768e-03,-1.886891334127600937e-03,2.660325006751306570e-12,1.737798867015343696e+00
3.035569797752123478e+01,2.662690509598709260e-03,-1.885901749420479823e-03,2.593839542223414472e-12,1.737798867034609618e+00
3.036365908110831313e+01,2.647680586927775390e-03,-1.884912942993892697e-03,2.528687491036000386e-12,1.737798867053403029e+00
3.037162018469538793e+01,2.632678533151959054e-03,-1.883924914031936439e-03,2.464848580090898356e-12,1.737798867071732811e+00
3.037958128828246274e+01,2.617684342085020797e-03,-1.882937661719775221e-03,2.402302750616103694e-12,1.737798867089607846e+00
3.038754239186954109e+01,2.602698007547204258e-03,-1.881951185243640285e-03,2.341030156768883432e-12,1.737798867107037459e+00
3.039550349545661589e+01,2.587719523365247885e-03,-1.880965483790829947e-03,2.281011164244620904e-12,1.737798867124030089e+00
3.040346459904369070e+01,2.572748883372335486e-03,-1.879980556549704822e-03,2.222226348891131498e-12,1.737798867140594616e+00
3.041142570263076905e+01,2.557786081408108380e-03,-1.878996402709687177e-03,2.164656495328927829e-12,1.737798867156739702e+00
3.041938680621784385e+01,2.542831111318676236e-03,-1.878013021461261362e-03,2.108282595577133791e-12,1.737798867172473560e+00
3.042734790980492221e+01,2.527883966956562863e-03,-1.877030411995968826e-03,2.053085847684789438e-12,1.737798867187804630e+00
3.043530901339199701e+01,2.512944642180751312e-03,-1.876048573506409632e-03,1.999047654368134732e-12,1.737798867202741127e+00
3.044327011697907182e+01,2.498013130856626633e-03,-1.875067505186237904e-03,1.946149621653099134e-12,1.737798867217291043e+00
3.045123122056615017e+01,2.483089426855991048e-03,-1.874087206230161829e-03,1.894373557523601637e-12,1.737798867231462152e+00
3.045919232415322497e+01,2.468173524057072198e-03,-1.873107675833942786e-03,1.843701470575349868e-12,1.737798867245262668e+00
3.046715342774029978e+01,2.453265416344476302e-03,-1.872128913194391446e-03,1.794115568674938307e-12,1.737798867258699920e+00
3.047511453132737813e+01,2.438365097609200734e-03,-1.871150917509367120e-03,1.745598257624624491e-12,1.737798867271781900e+00
3.048307563491445293e+01,2.423472561748643561e-03,-1.870173687977777542e-03,1.698132139832523894e-12,1.737798867284515492e+00
3.049103673850153129e+01,2.408587802666549340e-03,-1.869197223799574535e-03,1.651700012988009629e-12,1.737798867296908467e+00
3.049899784208860609e+01,2.393710814273055949e-03,-1.868221524175755740e-03,1.606284868742820817e-12,1.737798867308967932e+00
3.050695894567568089e+01,2.378841590484636476e-03,-1.867246588308359200e-03,1.561869891397189182e-12,1.737798867320700991e+00
3.051492004926275925e+01,2.363980125224113098e-03,-1.866272415400464010e-03,1.518438456591521244e-12,1.737798867332114749e+00
3.052288115284983405e+01,2.349126412420668355e-03,-1.865299004656189447e-03,1.475974130003361857e-12,1.737798867343215869e+00
3.053084225643690885e+01,2.334280446009797012e-03,-1.864326355280690852e-03,1.434460666049454331e-12,1.737798867354011234e+00
3.053880336002398721e+01,2.319442219933316902e-03,-1.863354466480159413e-03,1.393882006593218825e-12,1.737798867364507505e+00
3.054676446361106201e+01,2.304611728139381501e-03,-1.862383337461821949e-03,1.354222279657437975e-12,1.737798867374711564e+00
3.055472556719814037e+01,2.289788964582425285e-03,-1.861412967433935702e-03,1.315465798141951251e-12,1.737798867384629631e+00
3.056268667078521517e+01,2.274973923223207531e-03,-1.860443355605790727e-03,1.277597058546767385e-12,1.737798867394267921e+00
3.057064777437228997e+01,2.260166598028759844e-03,-1.859474501187705336e-03,1.240600739700053453e-12,1.737798867403632874e+00
3.057860887795936833e+01,2.245366982972394829e-03,-1.858506403391025231e-03,1.204461701491385916e-12,1.737798867412730486e+00
3.058656998154644313e+01,2.230575072033720834e-03,-1.857539061428123721e-03,1.169164983610084507e-12,1.737798867421566973e+00
3.059453108513351793e+01,2.215790859198591214e-03,-1.856572474512397167e-03,1.134695804288431856e-12,1.737798867430148109e+00
3.060249218872059629e+01,2.201014338459119073e-03,-1.855606641858265201e-03,1.101039559050072681e-12,1.737798867438479888e+00
3.061045329230767109e+01,2.186245503813686372e-03,-1.854641562681169425e-03,1.068181819463379905e-12,1.737798867446568085e+00
3.061841439589474589e+01,2.171484349266897523e-03,-1.853677236197570372e-03,1.036108331899659859e-12,1.737798867454418250e+00
3.062637549948182425e+01,2.156730868829590236e-03,-1.852713661624946643e-03,1.004805016296419522e-12,1.737798867462035712e+00
3.063433660306889905e+01,2.141985056518848091e-03,-1.851750838181794685e-03,9.742579649255378791e-13,1.737798867469426467e+00
3.064229770665597741e+01,2.127246906357945899e-03,-1.850788765087624027e-03,9.444534411661711487e-13,1.737798867476595177e+00
3.065025881024305221e+01,2.112516412376394363e-03,-1.849827441562959442e-03,9.153778782827158073e-13,1.737798867483547616e+00
3.065821991383012701e+01,2.097793568609885879e-03,-1.848866866829336182e-03,8.870178782073867425e-13,1.737798867490289112e+00
3.066618101741720537e+01,2.083078369100305801e-03,-1.847907040109299757e-03,8.593602103277219366e-13,1.737798867496824329e+00
3.067414212100428017e+01,2.068370807895745459e-03,-1.846947960626405720e-03,8.323918102788483856e-13,1.737798867503158373e+00
3.068210322459135497e+01,2.053670879050453150e-03,-1.845989627605215113e-03,8.060997787403676896e-13,1.737798867509296130e+00
3.069006432817843333e+01,2.038978576624846280e-03,-1.845032040271294901e-03,7.804713802380647759e-13,1.737798867515242707e+00
3.069802543176550813e+01,2.024293894685524377e-03,-1.844075197851216888e-03,7.554940419502907181e-13,1.737798867521002322e+00
3.070598653535258649e+01,2.009616827305212711e-03,-1.843119099572554029e-03,7.311553525188763682e-13,1.737798867526579860e+00
3.071394763893966129e+01,1.994947368562809565e-03,-1.842163744663881516e-03,7.074430608648445854e-13,1.737798867531980207e+00
3.072190874252673609e+01,1.980285512543329858e-03,-1.841209132354772659e-03,6.843450750085402879e-13,1.737798867537207359e+00
3.072986984611381445e+01,1.965631253337918587e-03,-1.840255261875798449e-03,6.618494608944418704e-13,1.737798867542265757e+00
3.073783094970088925e+01,1.950984585043861672e-03,-1.839302132458527561e-03,6.399444412204985879e-13,1.737798867547160286e+00
3.074579205328796405e+01,1.936345501764539113e-03,-1.838349743335521581e-03,6.186183942718873782e-13,1.737798867551894277e+00
3.075375315687504241e+01,1.921713997609436489e-03,-1.837398093740335659e-03,5.978598527593371514e-13,1.737798867556472837e+00
3.076171426046211721e+01,1.907090066694156882e-03,-1.836447182907517423e-03,5.776575026618977610e-13,1.737798867560898852e+00
3.076967536404919557e+01,1.892473703140367097e-03,-1.835497010072603295e-03,5.580001820740367294e-13,1.737798867565177430e+00
3.077763646763627037e+01,1.877864901075842335e-03,-1.834547574472119354e-03,5.388768800572639592e-13,1.737798867569311900e+00
3.078559757122334517e+01,1.863263654634411768e-03,-1.833598875343577655e-03,5.202767354959801952e-13,1.737798867573306483e+00
3.079355867481042353e+01,1.848669957955971976e-03,-1.832650911925475575e-03,5.021890359577506806e-13,1.737798867577164286e+00
3.080151977839749833e+01,1.834083805186496278e-03,-1.831703683457295813e-03,4.846032165578716295e-13,1.737798867580889750e+00
3.080948088198457313e+01,1.819505190477990059e-03,-1.830757189179502056e-03,4.675088588281426798e-13,1.737798867584485762e+00
3.081744198557165149e+01,1.804934107988501180e-03,-1.829811428333538758e-03,4.508956895899514982e-13,1.737798867587956542e+00
3.082540308915872629e+01,1.790370551882131903e-03,-1.828866400161831144e-03,4.347535798315694141e-13,1.737798867591305196e+00
3.083336419274580109e+01,1.775814516328992707e-03,-1.827922103907780871e-03,4.190725435895644779e-13,1.737798867594535279e+00
3.084132529633287945e+01,1.761265995505212909e-03,-1.826978538815766029e-03,4.038427368344329186e-13,1.737798867597650121e+00
3.084928639991995425e+01,1.746724983592953459e-03,-1.826035704131140488e-03,3.890544563603520136e-13,1.737798867600652608e+00
3.085724750350703260e+01,1.732191474780353383e-03,-1.825093599100230000e-03,3.746981386789566305e-13,1.737798867603546293e+00
3.086520860709410741e+01,1.717665463261573581e-03,-1.824152222970333928e-03,3.607643589172772673e-13,1.737798867606334285e+00
3.087316971068118221e+01,1.703146943236743703e-03,-1.823211574989720045e-03,3.472438297196111394e-13,1.737798867609019471e+00
3.088113081426826056e+01,1.688635908911974943e-03,-1.822271654407625618e-03,3.341274001534592950e-13,1.737798867611605180e+00
3.088909191785533537e+01,1.674132354499370231e-03,-1.821332460474255890e-03,3.214060546194266153e-13,1.737798867614094078e+00
3.089705302144241017e+01,1.659636274216978909e-03,-1.820393992440780826e-03,3.090709117650098243e-13,1.737798867616488829e+00
3.090501412502948853e+01,1.645147662288807796e-03,-1.819456249559334897e-03,2.971132234023430327e-13,1.737798867618792764e+00
3.091297522861656333e+01,1.630666512944832893e-03,-1.818519231083016432e-03,2.855243734298150351e-13,1.737798867621008325e+00
3.092093633220364168e+01,1.616192820420946910e-03,-1.817582936265883277e-03,2.742958767574764720e-13,1.737798867623138177e+00
3.092889743579071649e+01,1.601726578959003500e-03,-1.816647364362955182e-03,2.634193782363354074e-13,1.737798867625184762e+00
3.093685853937779129e+01,1.587267782806763266e-03,-1.815712514630208598e-03,2.528866515913522976e-13,1.737798867627151189e+00
3.094481964296486964e+01,1.572816426217906773e-03,-1.814778386324577110e-03,2.426895983582328019e-13,1.737798867629039234e+00
3.095278074655194445e+01,1.558372503452045386e-03,-1.813844978703951002e-03,2.328202468239280622e-13,1.737798867630852007e+00
3.096074185013901925e+01,1.543936008774675741e-03,-1.812912291027172921e-03,2.232707509707746236e-13,1.737798867632591726e+00
3.096870295372609760e+01,1.529506936457190793e-03,-1.811980322554038094e-03,2.140333894243197862e-13,1.737798867634260391e+00
3.097666405731317241e+01,1.515085280776891754e-03,-1.811049072545294547e-03,2.051005644047566080e-13,1.737798867635860889e+00
3.098462516090024721e+01,1.500671036016942763e-03,-1.810118540262637462e-03,1.964648006818997192e-13,1.737798867637394773e+00
3.099258626448732556e+01,1.486264196466380652e-03,-1.809188724968711134e-03,1.881187445337398645e-13,1.737798867638864486e+00
3.100054736807440037e+01,1.471864756420129252e-03,-1.808259625927107232e-03,1.800551627085067683e-13,1.737798867640272471e+00
3.100850847166147872e+01,1.457472710178944753e-03,-1.807331242402360899e-03,1.722669413901655764e-13,1.737798867641620504e+00
3.101646957524855353e+01,1.443088052049460585e-03,-1.806403573659952919e-03,1.647470851674069048e-13,1.737798867642910361e+00
3.102443067883562833e+01,1.428710776344134731e-03,-1.805476618966304729e-03,1.574887160059840563e-13,1.737798867644144707e+00
3.103239178242270668e+01,1.414340877381261652e-03,-1.804550377588778638e-03,1.504850722244510483e-13,1.737798867645324652e+00
3.104035288600978149e+01,1.399978349484983777e-03,-1.803624848795677823e-03,1.437295074732266040e-13,1.737798867646452639e+00
3.104831398959685629e+01,1.385623186985245753e-03,-1.802700031856241782e-03,1.372154897169217566e-13,1.737798867647530443e+00
3.105627509318393464e+01,1.371275384217806150e-03,-1.801775926040646543e-03,1.309366002199495430e-13,1.737798867648559398e+00
3.106423619677100945e+01,1.356934935524249175e-03,-1.800852530620004454e-03,1.248865325353480757e-13,1.737798867649541723e+00
3.107219730035808780e+01,1.342601835251932413e-03,-1.799929844866360058e-03,1.190590914967529245e-13,1.737798867650478751e+00
3.108015840394516260e+01,1.328276077754030841e-03,-1.799007868052691179e-03,1.134481922135484297e-13,1.737798867651372481e+00
3.108811950753223741e+01,1.313957657389484357e-03,-1.798086599452905455e-03,1.080478590690764394e-13,1.737798867652224244e+00
3.109608061111931576e+01,1.299646568523009707e-03,-1.797166038341839684e-03,1.028522247219296439e-13,1.737798867653035373e+00
3.110404171470639056e+01,1.285342805525111756e-03,-1.796246183995260041e-03,9.785552911025987378e-14,1.737798867653808310e+00
3.111200281829346537e+01,1.271046362772039039e-03,-1.795327035689857527e-03,9.305211845904182327e-14,1.737798867654543278e+00
3.111996392188054372e+01,1.256757234645794171e-03,-1.794408592703248401e-03,8.843644429029051006e-14,1.737798867655242718e+00
3.112792502546761852e+01,1.242475415534146418e-03,-1.793490854313973745e-03,8.400306243616824962e-14,1.737798867655907520e+00
3.113588612905469688e+01,1.228200899830579444e-03,-1.792573819801495131e-03,7.974663205491838989e-14,1.737798867656539237e+00
3.114384723264177168e+01,1.213933681934335112e-03,-1.791657488446196352e-03,7.566191464963191474e-14,1.737798867657138979e+00
3.115180833622884649e+01,1.199673756250361004e-03,-1.790741859529379736e-03,7.174377308974225674e-14,1.737798867657708080e+00
3.115976943981592484e+01,1.185421117189323003e-03,-1.789826932333265282e-03,6.798717063525196670e-14,1.737798867658247870e+00
3.116773054340299964e+01,1.171175759167617219e-03,-1.788912706140990874e-03,6.438716996362305728e-14,1.737798867658759461e+00
3.117569164699007445e+01,1.156937676607323147e-03,-1.787999180236608376e-03,6.093893219927001965e-14,1.737798867659244184e+00
3.118365275057715280e+01,1.142706863936216680e-03,-1.787086353905082987e-03,5.763771594563804457e-14,1.737798867659702928e+00
3.119161385416422760e+01,1.128483315587782256e-03,-1.786174226432294104e-03,5.447887631979960303e-14,1.737798867660136803e+00
3.119957495775130241e+01,1.114267026001165796e-03,-1.785262797105030552e-03,5.145786398950694655e-14,1.737798867660547142e+00
3.120753606133838076e+01,1.100057989621188370e-03,-1.784352065210990370e-03,4.857022421267667195e-14,1.737798867660934610e+00
3.121549716492545556e+01,1.085856200898356605e-03,-1.783442030038781675e-03,4.581159587923764395e-14,1.737798867661300539e+00
3.122345826851253392e+01,1.071661654288812160e-03,-1.782532690877917242e-03,4.317771055527822017e-14,1.737798867661645819e+00
3.123141937209960872e+01,1.057474344254374444e-03,-1.781624047018816890e-03,4.066439152946805867e-14,1.737798867661971114e+00
3.123938047568668352e+01,1.043294265262489223e-03,-1.780716097752803578e-03,3.826755286166180122e-14,1.737798867662277758e+00
3.124734157927376188e+01,1.029121411786240552e-03,-1.779808842372102322e-03,3.598319843365697153e-14,1.737798867662566193e+00
3.125530268286083668e+01,1.014955778304362692e-03,-1.778902280169841060e-03,3.380742100203399307e-14,1.737798867662837310e+00
3.126326378644791149e+01,1.000797359301194367e-03,-1.777996410440046537e-03,3.173640125300946817e-14,1.737798867663092439e+00
3.127122489003498984e+01,9.866461492666917660e-04,-1.777091232477643213e-03,2.976640685925928073e-14,1.737798867663331581e+00
3.127918599362206464e+01,9.725021426964389551e-04,-1.776186745578454572e-03,2.789379153863669741e-14,1.737798867663555846e+00
3.128714709720914300e+01,9.583653340915977877e-04,-1.775282949039198345e-03,2.611499411471303096e-14,1.737798867663766345e+00
3.129510820079621780e+01,9.442357179589502955e-04,-1.774379842157487383e-03,2.442653757909377391e-14,1.737798867663963298e+00
3.130306930438329260e+01,9.301132888108479485e-04,-1.773477424231827485e-03,2.282502815541635328e-14,1.737798867664147373e+00
3.131103040797037096e+01,9.159980411652234727e-04,-1.772575694561615445e-03,2.130715436497817057e-14,1.737798867664319680e+00
3.131899151155744576e+01,9.018899695456021257e-04,-1.771674652447139493e-03,1.986968609391249090e-14,1.737798867664480218e+00
3.132695261514452056e+01,8.877890684810576779e-04,-1.770774297189576033e-03,1.850947366183116539e-14,1.737798867664630098e+00
3.133491371873159892e+01,8.736953325062233634e-04,-1.769874628090988781e-03,1.722344689186767318e-14,1.737798867664769764e+00
3.134287482231867372e+01,8.596087561613045651e-04,-1.768975644454328982e-03,1.600861418203308669e-14,1.737798867664899438e+00
3.135083592590575208e+01,8.455293339920268809e-04,-1.768077345583431072e-03,1.486206157779606824e-14,1.737798867665020452e+00
3.135879702949282688e+01,8.314570605496799261e-04,-1.767179730783014630e-03,1.378095184581451041e-14,1.737798867665132141e+00
3.136675813307990168e+01,8.173919303910661587e-04,-1.766282799358680688e-03,1.276252354871279585e-14,1.737798867665236280e+00
3.137471923666698004e+01,8.033339380785126972e-04,-1.765386550616910438e-03,1.180409012082530121e-14,1.737798867665332425e+00
3.138268034025405484e+01,7.892830781798829218e-04,-1.764490983865066309e-03,1.090303894480410607e-14,1.737798867665421243e+00
3.139064144384112964e+01,7.752393452685324557e-04,-1.763596098411387416e-03,1.005683042898789588e-14,1.737798867665503399e+00
3.139860254742820800e+01,7.612027339233203320e-04,-1.762701893564989995e-03,9.262997085435891971e-15,1.737798867665579339e+00
3.140656365101528280e+01,7.471732387286213542e-04,-1.761808368635866748e-03,8.519142608514702065e-15,1.737798867665649061e+00
3.141452475460235760e+01,7.331508542742807763e-04,-1.760915522934883379e-03,7.822940953923031211e-15,1.737798867665713232e+00
3.142248585818943596e+01,7.191355751556274215e-04,-1.760023355773778376e-03,7.172135418043863053e-15,1.737798867665772073e+00
3.143044696177651076e+01,7.051273959734843076e-04,-1.759131866465163656e-03,6.564537717498183242e-15,1.737798867665826252e+00
3.143840806536358912e+01,6.911263113341182315e-04,-1.758241054322518503e-03,5.998027068770748716e-15,1.737798867665875546e+00
3.144636916895066392e+01,6.771323158492830287e-04,-1.757350918660193894e-03,5.470549267781597559e-15,1.737798867665920621e+00
3.145433027253773872e+01,6.631454041361690499e-04,-1.756461458793406438e-03,4.980115769255894454e-15,1.737798867665961922e+00
3.146229137612481708e+01,6.491655708174147617e-04,-1.755572674038239234e-03,4.524802765752828084e-15,1.737798867665999225e+00
3.147025247971189188e+01,6.351928105211183473e-04,-1.754684563711641230e-03,4.102750266197631084e-15,1.737798867666032976e+00
3.147821358329896668e+01,6.212271178807942306e-04,-1.753797127131424610e-03,3.712161173754604524e-15,1.737798867666063840e+00
3.148617468688604504e+01,6.072684875353838094e-04,-1.752910363616262852e-03,3.351300362875781169e-15,1.737798867666091818e+00
3.149413579047311984e+01,5.933169141292682488e-04,-1.752024272485692242e-03,3.018493755345357764e-15,1.737798867666116909e+00
3.150209689406019820e+01,5.793723923122174159e-04,-1.751138853060107102e-03,2.712127395131046195e-15,1.737798867666139557e+00
3.151005799764727300e+01,5.654349167394332474e-04,-1.750254104660761527e-03,2.430646521848307411e-15,1.737798867666159763e+00
3.151801910123434780e+01,5.515044820714989004e-04,-1.749370026609765915e-03,2.172554642623719150e-15,1.737798867666177971e+00
3.152598020482142616e+01,5.375810829743912214e-04,-1.748486618230085882e-03,1.936412602139604723e-15,1.737798867666194180e+00
3.153394130840850096e+01,5.236647141194919128e-04,-1.747603878845543348e-03,1.720837650623303656e-15,1.737798867666208613e+00
3.154190241199557576e+01,5.097553701835439485e-04,-1.746721807780811982e-03,1.524502509530880753e-15,1.737798867666221492e+00
3.154986351558265412e+01,4.958530458486633914e-04,-1.745840404361417202e-03,1.346134434661587383e-15,1.737798867666233038e+00
3.155782461916972892e+01,4.819577358023506694e-04,-1.744959667913736608e-03,1.184514276418920179e-15,1.737798867666243030e+00
3.156578572275680727e+01,4.680694347374411354e-04,-1.744079597764995214e-03,1.038475536915454937e-15,1.737798867666251912e+00
3.157374682634388208e+01,4.541881373521475685e-04,-1.743200193243267830e-03,9.069034235998655500e-16,1.737798867666259461e+00
3.158170792993095688e+01,4.403138383500099207e-04,-1.742321453677474945e-03,7.887338990572080621e-16,1.737798867666266123e+00
3.158966903351803523e+01,4.264465324399074062e-04,-1.741443378397382509e-03,6.829527266116017954e-16,1.737798867666271896e+00
3.159763013710511004e+01,4.125862143360702647e-04,-1.740565966733601932e-03,5.885945113292023661e-16,1.737798867666277225e+00
3.160559124069218484e+01,3.987328787580357971e-04,-1.739689218017585965e-03,5.047417359879552739e-16,1.737798867666281444e+00
3.161355234427926320e+01,3.848865204306604003e-04,-1.738813131581629567e-03,4.305237915460911017e-16,1.737798867666284997e+00
3.162151344786633800e+01,3.710471340841313848e-04,-1.737937706758869256e-03,3.651160015999889232e-16,1.737798867666288327e+00
3.162947455145341280e+01,3.572147144539230103e-04,-1.737062942883278770e-03,3.077386402774300007e-16,1.737798867666290992e+00
3.163743565504049116e+01,3.433892562808086289e-04,-1.736188839289670802e-03,2.576559429622993815e-16,1.737798867666293212e+00
3.164539675862756596e+01,3.295707543108723401e-04,-1.735315395313695051e-03,2.141751091882691339e-16,1.737798867666294989e+00
3.165335786221464431e+01,3.157592032954592261e-04,-1.734442610291835399e-03,1.766452969736979670e-16,1.737798867666296543e+00
3.166131896580171912e+01,3.019545979912180152e-04,-1.733570483561410998e-03,1.444566077955883544e-16,1.737798867666297875e+00
3.166928006938879392e+01,2.881569331600513165e-04,-1.732699014460572801e-03,1.170390613130209845e-16,1.737798867666298985e+00
3.167724117297587227e+01,2.743662035691274924e-04,-1.731828202328303560e-03,9.386155885163395584e-17,1.737798867666299873e+00
3.168520227656294708e+01,2.605824039908924764e-04,-1.730958046504417177e-03,7.443083454370499809e-17,1.737798867666300540e+00
3.169316338015002188e+01,2.468055292030262959e-04,-1.730088546329555665e-03,5.829039288221553056e-17,1.737798867666300762e+00
3.170112448373710023e+01,2.330355739884548097e-04,-1.729219701145188939e-03,4.501943128647633042e-17,1.737798867666301206e+00
3.170908558732417504e+01,2.192725331353617148e-04,-1.728351510293614371e-03,3.423174608488081565e-17,1.737798867666301650e+00
3.171704669091125339e+01,2.055164014371388902e-04,-1.727483973117953332e-03,2.557462009016664020e-17,1.737798867666302094e+00
3.172500779449832820e+01,1.917671736924289518e-04,-1.726617088962152484e-03,1.872768966331603110e-17,1.737798867666302094e+00
3.173296889808540300e+01,1.780248447050757315e-04,-1.725750857170980533e-03,1.340178881916363979e-17,1.737798867666302094e+00
3.174093000167248135e+01,1.642894092841361221e-04,-1.724885277090027792e-03,9.337767501186435429e-18,1.737798867666302316e+00
3.174889110525955616e+01,1.505608622438920578e-04,-1.724020348065705751e-03,6.305280616160650521e-18,1.737798867666302316e+00
3.175685220884663096e+01,1.368391984038070102e-04,-1.723156069445244470e-03,4.101543732148700865e-18,1.737798867666302538e+00
3.176481331243370931e+01,1.231244125885380236e-04,-1.722292440576691066e-03,2.550050446388747399e-18,1.737798867666302538e+00
3.177277441602078412e+01,1.094164996279475458e-04,-1.721429460808911226e-03,1.499245233090277449e-18,1.737798867666302316e+00
3.178073551960786247e+01,9.571545435705398886e-05,-1.720567129491584442e-03,8.211439428528181106e-19,1.737798867666302316e+00
3.178869662319493727e+01,8.202127161607432435e-05,-1.719705445975205308e-03,4.098918105318548093e-19,1.737798867666302094e+00
3.179665772678201208e+01,6.833394625037467109e-05,-1.718844409611081352e-03,1.802454281312886300e-19,1.737798867666302316e+00
3.180461883036909043e+01,5.465347311048228906e-05,-1.717984019751330870e-03,6.595989344425002474e-20,1.737798867666302316e+00
3.181257993395616523e+01,4.097984705209734295e-05,-1.717124275748884441e-03,1.805371154667008593e-20,1.737798867666302094e+00
3.182054103754324004e+01,2.731306293604981875e-05,-1.716265176957480808e-03,2.908484974004652210e-21,1.737798867666302316e+00
3.182850214113031839e+01,1.365311562831147702e-05,-1.715406722731666446e-03,1.283934761758551230e-22,1.737798867666302094e+00
3.183646324471739675e+01,0.000000000000000000e+00,-1.714548912426795994e-03,0.000000000000000000e+00,1.737798867666302094e+00
