xi,theta,dtheta_dxi,rho_over_rhoc,dimensionless_mass
0.000000000000000000e+00,1.000000000000000000e+00,0.000000000000000000e+00,1.000000000000000000e+00,-0.000000000000000000e+00
1.000000000000000082e-05,9.999999999833333320e-01,-3.333333333216667241e-06,9.999999999416666618e-01,3.333333333216667967e-16
2.394544972304850968e-03,9.999990443600214052e-01,-7.981800555598281190e-04,9.999966552640703332e-01,4.576641219047438331e-09
4.779089944609701476e-03,9.999961933984314877e-01,-1.593017247080984102e-03,9.999866769579047743e-01,3.638403713114821422e-08
7.163634916914552418e-03,9.999914471326057930e-01,-2.387835417116429115e-03,9.999700652841568838e-01,1.225381385428151411e-07
9.548179889219403360e-03,9.999848056192168766e-01,-3.182625075584297625e-03,9.999468206773041157e-01,2.901527328523638532e-07
1.193272486152425343e-02,9.999762689375653046e-01,-3.977376733250297634e-03,9.999169437452888332e-01,5.663383652814352987e-07
1.431726983382910524e-02,9.999658371895787656e-01,-4.772080902166303193e-03,9.998804352694905528e-01,9.782012600076706533e-07
1.670181480613395705e-02,9.999535104998068524e-01,-5.566728095704569224e-03,9.998372962046763179e-01,1.552842241523809837e-06
1.908635977843880713e-02,9.999392890154189528e-01,-6.361308829161341563e-03,9.997875276789552901e-01,2.317355656441132335e-06
2.147090475074365720e-02,9.999231729061982543e-01,-7.155813619789603772e-03,9.997311309937121360e-01,3.298828295605215115e-06
2.385544972304850728e-02,9.999051623645376363e-01,-7.950232987272662713e-03,9.996681076235406360e-01,4.524338316811998505e-06
2.623999469535336082e-02,9.998852576054332308e-01,-8.744557453945249470e-03,9.995984592161616389e-01,6.020954168023219937e-06
2.862453966765821090e-02,9.998634588664768730e-01,-9.538777545055894536e-03,9.995221875923306909e-01,7.815733511203794954e-06
3.100908463996306097e-02,9.998397664078503277e-01,-1.033288378913661994e-02,9.994392947457447773e-01,9.935722146938526147e-06
3.339362961226791798e-02,9.998141805123158532e-01,-1.112686671824507714e-02,9.993497828429293017e-01,1.240795293974427525e-05
3.577817458457276806e-02,9.997867014852088730e-01,-1.192071686833522451e-02,9.992536542231252872e-01,1.525944474434636242e-05
3.816271955687761813e-02,9.997573296544254307e-01,-1.271442477935516395e-02,9.991509113981520418e-01,1.851720133255123262e-05
4.054726452918246821e-02,9.997260653704161948e-01,-1.350798099581716587e-02,9.990415570522848121e-01,2.220821032167015626e-05
4.293180950148731828e-02,9.996929090061722478e-01,-1.430137606687531711e-02,9.989255940420983526e-01,2.635944210339763574e-05
4.531635447379216836e-02,9.996578609572155383e-01,-1.509460054673713095e-02,9.988030253963178229e-01,3.099784877425215072e-05
4.770089944609701843e-02,9.996209216415860022e-01,-1.588764499492218221e-02,9.986738543156533643e-01,3.615036306700850283e-05
5.008544441840187544e-02,9.995820914998244655e-01,-1.668049997639855023e-02,9.985380841726115841e-01,4.184389728304741576e-05
5.246998939070672552e-02,9.995413709949686476e-01,-1.747315606224562196e-02,9.983957185113465638e-01,4.810534222726062356e-05
5.485453436301157559e-02,9.994987606125289581e-01,-1.826560382958436826e-02,9.982467610474332620e-01,5.496156614269900306e-05
5.723907933531642567e-02,9.994542608604780609e-01,-1.905783386202930876e-02,9.980912156676819968e-01,6.243941364786050139e-05
5.962362430762127574e-02,9.994078722692371075e-01,-1.984983675004096948e-02,9.979290864299354968e-01,7.056570467541056562e-05
6.200816927992612582e-02,9.993595953916534214e-01,-2.064160309104429505e-02,9.977603775628276495e-01,7.936723341172378780e-05
6.439271425223097589e-02,9.993094308029828454e-01,-2.143312348968211961e-02,9.975850934655532409e-01,8.887076723836739671e-05
6.677725922453582597e-02,9.992573791008838580e-01,-2.222438855850887574e-02,9.974032387076713357e-01,9.910304567721167700e-05
6.916180419684067604e-02,9.992034409053868194e-01,-2.301538891786802238e-02,9.972148180288152863e-01,1.100907793342161098e-04
7.154634916914552611e-02,9.991476168588765416e-01,-2.380611519627007927e-02,9.970198363384419338e-01,1.218606488468810520e-04
7.393089414145037619e-02,9.990899076260764122e-01,-2.459655803077746838e-02,9.968182987155811414e-01,1.344393038338519359e-04
7.631543911375522626e-02,9.990303138940289651e-01,-2.538670806731463392e-02,9.966102104085640123e-01,1.478533618463088930e-04
7.869998408606007634e-02,9.989688363720687914e-01,-2.617655596082900729e-02,9.963955768347196873e-01,1.621294073205789912e-04
8.108452905836492641e-02,9.989054757917974481e-01,-2.696609237548448779e-02,9.961744035800713659e-01,1.772939905328419722e-04
8.346907403066977649e-02,9.988402329070662500e-01,-2.775530798508913516e-02,9.959466963990535326e-01,1.933736265574625632e-04
8.585361900297462656e-02,9.987731084939672765e-01,-2.854419347373508831e-02,9.957124612142511655e-01,2.103947942294951377e-04
8.823816397527947664e-02,9.987041033507851884e-01,-2.933273953548840712e-02,9.954717041159959479e-01,2.283839351030302446e-04
9.062270894758432671e-02,9.986332182979820171e-01,-3.012093687490735930e-02,9.952244313620707272e-01,2.473674524173052436e-04
9.300725391988917679e-02,9.985604541781714083e-01,-3.090877620733260486e-02,9.949706493773703420e-01,2.673717100639048895e-04
9.539179889219402686e-02,9.984858118560975271e-01,-3.169624825924961808e-02,9.947103647535729953e-01,2.884230315571910505e-04
9.777634386449889081e-02,9.984092922186069696e-01,-3.248334376855217809e-02,9.944435842487800992e-01,3.105476990066278011e-04
1.001608888368037409e-01,9.983308961746166776e-01,-3.327005348474055407e-02,9.941703147871359114e-01,3.337719520910980859e-04
1.025454338091085910e-01,9.982506246550825191e-01,-3.405636816912575859e-02,9.938905634584430659e-01,3.581219870358059889e-04
1.049299787814134410e-01,9.981684786129699782e-01,-3.484227859511113135e-02,9.936043375177797676e-01,3.836239555926155447e-04
1.073145237537182911e-01,9.980844590232330615e-01,-3.562777554862261303e-02,9.933116443851375266e-01,4.103039640249723629e-04
1.096990687260231412e-01,9.979985668828009748e-01,-3.641284982871495490e-02,9.930124916450819850e-01,4.381880720983407523e-04
1.120836136983279913e-01,9.979108032105177273e-01,-3.719749224728462200e-02,9.927068870462411043e-01,4.673022920634784970e-04
1.144681586706328413e-01,9.978211690471160411e-01,-3.798169362942833277e-02,9.923948385009081496e-01,4.976725876494802938e-04
1.168527036429376914e-01,9.977296654551894850e-01,-3.876544481384925495e-02,9.920763540846317952e-01,5.293248730608482965e-04
1.192372486152425415e-01,9.976362935191609438e-01,-3.954873665311661735e-02,9.917514420357873561e-01,5.622850119761039610e-04
1.216217935875473916e-01,9.975410543452524204e-01,-4.033156001400138579e-02,9.914201107551459113e-01,5.965788165507387606e-04
1.240063385598522416e-01,9.974439490614516179e-01,-4.111390577774690774e-02,9.910823688054267722e-01,6.322320464227117447e-04
1.263908835321571056e-01,9.973449788174734154e-01,-4.189576484030002601e-02,9.907382249108258598e-01,6.692704077207060681e-04
1.287754285044619695e-01,9.972441447847214535e-01,-4.267712811252810656e-02,9.903876879565383096e-01,7.077195520754656294e-04
1.311599734767668057e-01,9.971414481562488330e-01,-4.345798652044748078e-02,9.900307669882717487e-01,7.476050756346417064e-04
1.335445184490716697e-01,9.970368901467210332e-01,-4.423833100548883734e-02,9.896674712117619066e-01,7.889525180817122873e-04
1.359290634213765059e-01,9.969304719923828273e-01,-4.501815252482485596e-02,9.892978099922954405e-01,8.317873616596536783e-04
1.383136083936813698e-01,9.968221949510300828e-01,-4.579744205178584021e-02,9.889217928542440861e-01,8.761350302002159172e-04
1.406981533659862060e-01,9.967120603019886671e-01,-4.657619057638605342e-02,9.885394294806180149e-01,9.220208881597289881e-04
1.430826983382910700e-01,9.966000693460392856e-01,-4.735438910507163562e-02,9.881507297124244582e-01,9.694702396438713158e-04
1.454672433105959062e-01,9.964862234053688539e-01,-4.813202866081937870e-02,9.877557035481133729e-01,1.018508327441661676e-03
1.478517882829007701e-01,9.963705238235599504e-01,-4.890910028388811837e-02,9.873543611431501166e-01,1.069160332076941888e-03
1.502363332552056063e-01,9.962529719655339733e-01,-4.968559503185211029e-02,9.869467128094203678e-01,1.121451370849670939e-03
1.526208782275104703e-01,9.961335692175158352e-01,-5.046150397993820480e-02,9.865327690147048800e-01,1.175406496887394011e-03
1.550054231998153342e-01,9.960123169869946613e-01,-5.123681822132204744e-02,9.861125403821344726e-01,1.231050698200159173e-03
1.573899681721201704e-01,9.958892167026809350e-01,-5.201152886739253411e-02,9.856860376896274811e-01,1.288408896738986887e-03
1.597745131444250344e-01,9.957642698144609783e-01,-5.278562704799381194e-02,9.852532718693112201e-01,1.347505947458028626e-03
1.621590581167298706e-01,9.956374777933504339e-01,-5.355910391165374929e-02,9.848142540069361184e-01,1.408366637380584381e-03
1.645436030890347345e-01,9.955088421314464142e-01,-5.433195062580849916e-02,9.843689953412779747e-01,1.471015684669241654e-03
1.669281480613395707e-01,9.953783643418790961e-01,-5.510415837703194070e-02,9.839175072635344410e-01,1.535477737700390076e-03
1.693126930336444347e-01,9.952460459587653130e-01,-5.587571837127952579e-02,9.834598013167217267e-01,1.601777374143489386e-03
1.716972380059492709e-01,9.951118885371624811e-01,-5.664662183415548197e-02,9.829958891950680844e-01,1.669939100045470665e-03
1.740817829782541348e-01,9.949758936530253006e-01,-5.741686001121280164e-02,9.825257827434107361e-01,1.739987348920767410e-03
1.764663279505589710e-01,9.948380629031661204e-01,-5.818642416829500341e-02,9.820494939566005721e-01,1.811946480847496628e-03
1.788508729228638350e-01,9.946983979052185232e-01,-5.895530559192906778e-02,9.815670349789127336e-01,1.885840781570423787e-03
1.812354178951686712e-01,9.945569002976026862e-01,-5.972349558974256178e-02,9.810784181034576390e-01,1.961694461610200089e-03
1.836199628674735351e-01,9.944135717393892682e-01,-6.049098548973725481e-02,9.805836557712368506e-01,2.039531655339758831e-03
1.860045078397783713e-01,9.942684139103010743e-01,-6.125776664108213698e-02,9.800827605706696755e-01,2.119376420113031675e-03
1.883890528120832353e-01,9.941214285106763082e-01,-6.202383041457619484e-02,9.795757452369819873e-01,2.201252735389669628e-03
1.907735977843880715e-01,9.939726172613969624e-01,-6.278916820265835474e-02,9.790626226514694830e-01,2.285184501849404914e-03
1.931581427566929354e-01,9.938219819038422997e-01,-6.355377141970577903e-02,9.785434058408426505e-01,2.371195540520917074e-03
1.955426877289977994e-01,9.936695241998398931e-01,-6.431763150231009640e-02,9.780181079765586372e-01,2.459309591915200682e-03
1.979272327013026356e-01,9.935152459316147766e-01,-6.508073990953495980e-02,9.774867423741410155e-01,2.549550315163501887e-03
2.003117776736074995e-01,9.933591489017352671e-01,-6.584308812315856074e-02,9.769493224924845620e-01,2.641941287159914418e-03
2.026963226459123357e-01,9.932012349330577861e-01,-6.660466764790405614e-02,9.764058619331501543e-01,2.736506001708696213e-03
2.050808676182171997e-01,9.930415058686702379e-01,-6.736547001166165449e-02,9.758563744396508977e-01,2.833267868676470156e-03
2.074654125905220359e-01,9.928799635718345007e-01,-6.812548676570547024e-02,9.753008738967309244e-01,2.932250213149409108e-03
2.098499575628268998e-01,9.927166099259275844e-01,-6.888470948490865720e-02,9.747393743296339785e-01,3.033476274595608632e-03
2.122345025351317360e-01,9.925514468343833441e-01,-6.964312976796008248e-02,9.741718899033702250e-01,3.136969206032799631e-03
2.146190475074366000e-01,9.923844762206341930e-01,-7.040073923758610741e-02,9.735984349219778400e-01,3.242752073201659799e-03
2.170035924797414362e-01,9.922157000280530381e-01,-7.115752954078050085e-02,9.730190238277813819e-01,3.350847853744929033e-03
2.193881374520463001e-01,9.920451202198967700e-01,-7.191349234904623189e-02,9.724336712006511618e-01,3.461279436392643207e-03
2.217726824243511363e-01,9.918727387792499739e-01,-7.266861935865223665e-02,9.718423917572581727e-01,3.574069620153755202e-03
2.241572273966560003e-01,9.916985577089717507e-01,-7.342290229090869813e-02,9.712452003503367903e-01,3.689241113514525692e-03
2.265417723689608365e-01,9.915225790316438692e-01,-7.417633289246400308e-02,9.706421119679459197e-01,3.806816533644002444e-03
2.289263173412657004e-01,9.913448047895208060e-01,-7.492890293562705362e-02,9.700331417327336947e-01,3.926818405607059546e-03
2.313108623135705644e-01,9.911652370444841154e-01,-7.568060421871791732e-02,9.694183049012122799e-01,4.049269161585372992e-03
2.336954072858754006e-01,9.909838778779047619e-01,-7.643142856563982235e-02,9.687976168627133733e-01,4.174191140062601113e-03
2.360799522581802645e-01,9.908007293905470858e-01,-7.718136782576168198e-02,9.681710931384825969e-01,4.301606585028424495e-03
2.384644972304851007e-01,9.906157937026439653e-01,-7.793041387534778430e-02,9.675387493813565332e-01,4.431537645274127683e-03
2.408490422027899647e-01,9.904290729537555960e-01,-7.867855861713679566e-02,9.669006013746931361e-01,4.564006373594985469e-03
2.432335871750948009e-01,9.902405693027127587e-01,-7.942579398059561313e-02,9.662566650315899119e-01,4.699034726034231370e-03
2.456181321473996648e-01,9.900502849275562012e-01,-8.017211192216505689e-02,9.656069563940830047e-01,4.836644561132844369e-03
2.480026771197045010e-01,9.898582220254762420e-01,-8.091750442549403011e-02,9.649514916323440605e-01,4.976857639184904120e-03
2.503872220920093650e-01,9.896643828127489328e-01,-8.166196350166386730e-02,9.642902870438618823e-01,5.119695621498612619e-03
2.527717670643142012e-01,9.894687695246715542e-01,-8.240548118940341227e-02,9.636233590526174231e-01,5.265180069662969350e-03
2.551563120366190374e-01,9.892713844154962244e-01,-8.314804955529676855e-02,9.629507242082492313e-01,5.413332444820229995e-03
2.575408570089239291e-01,9.890722297583627309e-01,-8.388966069398451353e-02,9.622723991852121239e-01,5.564174106944150440e-03
2.599254019812287653e-01,9.888713078452302518e-01,-8.463030672835983315e-02,9.615884007819296420e-01,5.717726314124138391e-03
2.623099469535336015e-01,9.886686209868080777e-01,-8.536997980976084033e-02,9.608987459199386238e-01,5.874010221855401927e-03
2.646944919258384377e-01,9.884641715124853345e-01,-8.610867211816022881e-02,9.602034516430272282e-01,6.033046882335167845e-03
2.670790368981433294e-01,9.882579617702613728e-01,-8.684637586235355311e-02,9.595025351163724014e-01,6.194857243765100781e-03
2.694635818704481656e-01,9.880499941266751573e-01,-8.758308328014745292e-02,9.587960136256703514e-01,6.359462149660048864e-03
2.718481268427530018e-01,9.878402709667339909e-01,-8.831878663854902944e-02,9.580839045762615802e-01,6.526882338163253819e-03
2.742326718150578935e-01,9.876287946938439033e-01,-8.905347823395766416e-02,9.573662254922581383e-01,6.697138441368172095e-03
2.766172167873627297e-01,9.874155677297390410e-01,-8.978715039236030704e-02,9.566429940156653267e-01,6.870250984647036270e-03
2.790017617596675659e-01,9.872005925144120564e-01,-9.051979546953196898e-02,9.559142279055022895e-01,7.046240385986417797e-03
2.813863067319724021e-01,9.869838715060451628e-01,-9.125140585124220938e-02,9.551799450369236055e-01,7.225126955329896038e-03
2.837708517042772938e-01,9.867654071809419669e-01,-9.198197395346904837e-02,9.544401634003389923e-01,7.406930893928090343e-03
2.861553966765821300e-01,9.865452020334606331e-01,-9.271149222262156653e-02,9.536949011005357857e-01,7.591672293696243370e-03
2.885399416488869662e-01,9.863232585759480475e-01,-9.343995313577257988e-02,9.529441763558007539e-01,7.779371136579658376e-03
2.909244866211918024e-01,9.860995793386752029e-01,-9.416734920090229222e-02,9.521880074970449082e-01,7.970047293927157855e-03
2.933090315934966941e-01,9.858741668697749150e-01,-9.489367295715452066e-02,9.514264129669313119e-01,8.163720525872908765e-03
2.956935765658015303e-01,9.856470237351773189e-01,-9.561891697508241583e-02,9.506594113189945627e-01,8.360410480724731266e-03
2.980781215381063665e-01,9.854181525183421941e-01,-9.634307385554705117e-02,9.498870212160708260e-01,8.560136694240176938e-03
3.004626665104112027e-01,9.851875558203402328e-01,-9.706613623087421983e-02,9.491092614299048158e-01,8.762918589102329167e-03
3.028472114827160944e-01,9.849552362598370525e-01,-9.778809676547808860e-02,9.483261508404245976e-01,8.968775474361912609e-03
3.052317564550209306e-01,9.847211964729394307e-01,-9.850894815552693751e-02,9.475377084345496526e-01,9.177726544800913350e-03
3.076163014273257668e-01,9.844854391131241389e-01,-9.922868312914297217e-02,9.467439533052744993e-01,9.389790880349316304e-03
3.100008463996306585e-01,9.842479668511656676e-01,-9.994729444659458673e-02,9.459449046507477643e-01,9.604987445508266289e-03
3.123853913719354947e-01,9.840087823750627294e-01,-1.006647749004818820e-01,9.451405817733435910e-01,9.823335088779751659e-03
3.147699363442403309e-01,9.837678883899628746e-01,-1.013811173159160361e-01,9.443310040787253890e-01,1.004485254210283132e-02
3.171544813165451671e-01,9.835252876180866632e-01,-1.020963145506926517e-01,9.435161910749053638e-01,1.026955842029637217e-02
3.195390262888500588e-01,9.832809827986501716e-01,-1.028103594954598299e-01,9.426961623712967198e-01,1.049747122050839754e-02
3.219235712611548950e-01,9.830349766877866102e-01,-1.035232450738812898e-01,9.418709376777614217e-01,1.072860932167201027e-02
3.243081162334597312e-01,9.827872720584679422e-01,-1.042349642427952555e-01,9.410405368036548479e-01,1.096299098396802570e-02
3.266926612057645674e-01,9.825378717004240592e-01,-1.049455099923692625e-01,9.402049796568612283e-01,1.120063434829423298e-02
3.290772061780694591e-01,9.822867784200627339e-01,-1.056548753462516615e-01,9.393642862428300822e-01,1.144155743574145311e-02
3.314617511503742953e-01,9.820339950403881302e-01,-1.063630533617199447e-01,9.385184766636056608e-01,1.168577814707631897e-02
3.338462961226791315e-01,9.817795244009194233e-01,-1.070700371298269615e-01,9.376675711168553917e-01,1.193331426223099428e-02
3.362308410949839677e-01,9.815233693576081997e-01,-1.077758197755447761e-01,9.368115898948921050e-01,1.218418343979973083e-02
3.386153860672888594e-01,9.812655327827566332e-01,-1.084803944579072338e-01,9.359505533836982583e-01,1.243840321654243221e-02
3.409999310395936956e-01,9.810060175649343295e-01,-1.091837543701513896e-01,9.350844820619439446e-01,1.269599100689525889e-02
3.433844760118985318e-01,9.807448266088958366e-01,-1.098858927398584512e-01,9.342133965000047890e-01,1.295696410248838373e-02
3.457690209842034235e-01,9.804819628354981553e-01,-1.105868028290946242e-01,9.333373173589800675e-01,1.322133967167095359e-02
3.481535659565082597e-01,9.802174291816173612e-01,-1.112864779345522914e-01,9.324562653897052744e-01,1.348913475904331763e-02
3.505381109288130959e-01,9.799512286000667816e-01,-1.119849113876922042e-01,9.315702614317695751e-01,1.376036628499673412e-02
3.529226559011179321e-01,9.796833640595142834e-01,-1.126820965548869513e-01,9.306793264125282628e-01,1.403505104526052774e-02
3.553072008734228238e-01,9.794138385444008943e-01,-1.133780268375663425e-01,9.297834813461194337e-01,1.431320571045688154e-02
3.576917458457276600e-01,9.791426550548588681e-01,-1.140726956723649710e-01,9.288827473324767769e-01,1.459484682566334832e-02
3.600762908180324962e-01,9.788698166066311934e-01,-1.147660965312728709e-01,9.279771455563470273e-01,1.487999080998327756e-02
3.624608357903373324e-01,9.785953262309915468e-01,-1.154582229217890749e-01,9.270666972863076394e-01,1.516865395612415103e-02
3.648453807626422241e-01,9.783191869746642455e-01,-1.161490683870793350e-01,9.261514238737826865e-01,1.546085242998413746e-02
3.672299257349470603e-01,9.780414018997465320e-01,-1.168386265061377577e-01,9.252313467520670853e-01,1.575660227024685070e-02
3.696144707072518965e-01,9.777619740836303031e-01,-1.175268908939534201e-01,9.243064874353470461e-01,1.605591938798460114e-02
3.719990156795567326e-01,9.774809066189258377e-01,-1.182138552016820249e-01,9.233768675177266294e-01,1.635881956627022182e-02
3.743835606518616244e-01,9.771982026133860799e-01,-1.188995131168233410e-01,9.224425086722557454e-01,1.666531845979766363e-02
3.767681056241664606e-01,9.769138651896775993e-01,-1.195838583626181451e-01,9.215034326494501160e-01,1.697543159439986876e-02
3.791526505964712968e-01,9.766278974851948513e-01,-1.202668846976205075e-01,9.205596612759573416e-01,1.728917436659156703e-02
3.815371955687761329e-01,9.763403026523701511e-01,-1.209485859178421469e-01,9.196112164548565504e-01,1.760656204348788959e-02
3.839217405410810247e-01,9.760510838583756899e-01,-1.216289558558328182e-01,9.186581201639502092e-01,1.792760976230088968e-02
3.863062855133858609e-01,9.757602442850342728e-01,-1.223079883807816209e-01,9.177003944547453829e-01,1.825233252998467032e-02
3.886908304856906970e-01,9.754677871287356083e-01,-1.229856773986451601e-01,9.167380614514526460e-01,1.858074522289193328e-02
3.910753754579955888e-01,9.751737156003522644e-01,-1.236620168522708785e-01,9.157711433499842180e-01,1.891286258643748094e-02
3.934599204303004250e-01,9.748780329251542920e-01,-1.243370007215161138e-01,9.147996624169473234e-01,1.924869923476864655e-02
3.958444654026052612e-01,9.745807423427226279e-01,-1.250106230233629934e-01,9.138236409886333345e-01,1.958826965044281956e-02
3.982290103749100973e-01,9.742818471068623865e-01,-1.256828778120292200e-01,9.128431014700064683e-01,1.993158818411183350e-02
4.006135553472149891e-01,9.739813504855151516e-01,-1.263537591790750703e-01,9.118580663336891545e-01,2.027866905421341764e-02
4.029981003195198253e-01,9.736792557606703813e-01,-1.270232612535066585e-01,9.108685581189446268e-01,2.062952634666955984e-02
4.053826452918246614e-01,9.733755662282768117e-01,-1.276913782018760657e-01,9.098745994306600693e-01,2.098417401459198514e-02
4.077671902641294976e-01,9.730702851981519741e-01,-1.283581042283778451e-01,9.088762129383229915e-01,2.134262587799455602e-02
4.101517352364343894e-01,9.727634159938930436e-01,-1.290234335749427808e-01,9.078734213750024873e-01,2.170489562351271898e-02
4.125362802087392256e-01,9.724549619527853572e-01,-1.296873605213284819e-01,9.068662475363238329e-01,2.207099680412995257e-02
4.149208251810440617e-01,9.721449264257120415e-01,-1.303498793852077009e-01,9.058547142794460827e-01,2.244094283891138325e-02
4.173053701533488979e-01,9.718333127770620861e-01,-1.310109845222537650e-01,9.048388445220356679e-01,2.281474701274431929e-02
4.196899151256537897e-01,9.715201243846388612e-01,-1.316706703262241207e-01,9.038186612412417720e-01,2.319242247608601162e-02
4.220744600979586258e-01,9.712053646395679696e-01,-1.323289312290413799e-01,9.027941874726704841e-01,2.357398224471838818e-02
4.244590050702634620e-01,9.708890369462054304e-01,-1.329857617008728399e-01,9.017654463093593975e-01,2.395943919951009499e-02
4.268435500425683538e-01,9.705711447220445320e-01,-1.336411562502081429e-01,9.007324609007504312e-01,2.434880608618556277e-02
4.292280950148731899e-01,9.702516913976240165e-01,-1.342951094239352994e-01,8.996952544516660932e-01,2.474209551510131444e-02
4.316126399871780261e-01,9.699306804164353757e-01,-1.349476158074156551e-01,8.986538502212844115e-01,2.513931996102955480e-02
4.339971849594828623e-01,9.696081152348301480e-01,-1.355986700245575827e-01,8.976082715221146424e-01,2.554049176294894904e-02
4.363817299317877541e-01,9.692839993219273254e-01,-1.362482667378892287e-01,8.965585417189739781e-01,2.594562312384275649e-02
4.387662749040925902e-01,9.689583361595213162e-01,-1.368964006486305118e-01,8.955046842279671404e-01,2.635472611050423616e-02
4.411508198763974264e-01,9.686311292419894636e-01,-1.375430664967647321e-01,8.944467225154656420e-01,2.676781265334958818e-02
4.435353648487022626e-01,9.683023820762001188e-01,-1.381882590611096528e-01,8.933846800970898228e-01,2.718489454623815305e-02
4.459199098210071543e-01,9.679720981814206038e-01,-1.388319731593885276e-01,8.923185805366912193e-01,2.760598344630024389e-02
4.483044547933119905e-01,9.676402810892258399e-01,-1.394742036483009595e-01,8.912484474453390426e-01,2.803109087377237546e-02
4.506889997656168267e-01,9.673069343434077538e-01,-1.401149454235944281e-01,8.901743044803094307e-01,2.846022821184026816e-02
4.530735447379216629e-01,9.669720614998834618e-01,-1.407541934201356759e-01,8.890961753440724813e-01,2.889340670648932533e-02
4.554580897102265546e-01,9.666356661266062300e-01,-1.413919426119831790e-01,8.880140837832898315e-01,2.933063746636296529e-02
4.578426346825313908e-01,9.662977518034748803e-01,-1.420281880124600882e-01,8.869280535878073524e-01,2.977193146262864520e-02
4.602271796548362270e-01,9.659583221222451943e-01,-1.426629246742284196e-01,8.858381085896570584e-01,3.021729952885182646e-02
4.626117246271411187e-01,9.656173806864410958e-01,-1.432961476893642727e-01,8.847442726620587949e-01,3.066675236087780879e-02
4.649962695994459549e-01,9.652749311112669428e-01,-1.439278521894343243e-01,8.836465697184271439e-01,3.112030051672154060e-02
4.673808145717507911e-01,9.649309770235202643e-01,-1.445580333455744326e-01,8.825450237113808827e-01,3.157795441646567974e-02
4.697653595440556273e-01,9.645855220615057180e-01,-1.451866863685692399e-01,8.814396586317587712e-01,3.203972434216661308e-02
4.721499045163605190e-01,9.642385698749491585e-01,-1.458138065089343294e-01,8.803304985076360056e-01,3.250562043776893117e-02
4.745344494886653552e-01,9.638901241248272189e-01,-1.464393890566637602e-01,8.792175674030737742e-01,3.297565270895230771e-02
4.769189944609701914e-01,9.635401884828952435e-01,-1.470634293397879155e-01,8.781008894159083589e-01,3.344983102271129050e-02
4.793035394332750276e-01,9.631887666322463959e-01,-1.476859227269614327e-01,8.769804886788360454e-01,3.392816510784781026e-02
4.816880844055799193e-01,9.628358622670156741e-01,-1.483068646267373114e-01,8.758563893577651083e-01,3.441066455473690971e-02
4.840726293778847555e-01,9.624814790922328056e-01,-1.489262504873988258e-01,8.747286156506476340e-01,3.489733881522007197e-02
4.864571743501895917e-01,9.621256208237289886e-01,-1.495440757970026846e-01,8.735971917864844283e-01,3.538819720255306778e-02
4.888417193224944279e-01,9.617682911880442997e-01,-1.501603360834191936e-01,8.724621420243344749e-01,3.588324889136038087e-02
4.912262642947993196e-01,9.614094939223337688e-01,-1.507750269143699473e-01,8.713234906523227297e-01,3.638250291759644039e-02
4.936108092671041558e-01,9.610492327742733432e-01,-1.513881438974623850e-01,8.701812619866484688e-01,3.688596817851338278e-02
4.959953542394089920e-01,9.606875115019660738e-01,-1.519996826802222367e-01,8.690354803705976350e-01,3.739365343263562069e-02
4.983798992117138837e-01,9.603243338738471913e-01,-1.526096389501231665e-01,8.678861701735530731e-01,3.790556729974094152e-02
5.007644441840186644e-01,9.599597036685892926e-01,-1.532180084346138060e-01,8.667333557900078755e-01,3.842171826084817693e-02
5.031489891563235561e-01,9.595936246750075282e-01,-1.538247869011429569e-01,8.655770616385805027e-01,3.894211465821170032e-02
5.055335341286283368e-01,9.592261006919637900e-01,-1.544299701571817118e-01,8.644173121610297938e-01,3.946676469532215542e-02
5.079180791009332285e-01,9.588571355282714537e-01,-1.550335540502441600e-01,8.632541318212731962e-01,3.999567643691417235e-02
5.103026240732380092e-01,9.584867330025998999e-01,-1.556355344679052621e-01,8.620875451044077709e-01,4.052885780898023149e-02
5.126871690455429009e-01,9.581148969433780360e-01,-1.562359073378171703e-01,8.609175765157296434e-01,4.106631659879150797e-02
5.150717140178477926e-01,9.577416311886989275e-01,-1.568346686277230784e-01,8.597442505797601164e-01,4.160806045492480149e-02
5.174562589901525733e-01,9.573669395862233200e-01,-1.574318143454695451e-01,8.585675918392704498e-01,4.215409688729636339e-02
5.198408039624574650e-01,9.569908259930836048e-01,-1.580273405390168473e-01,8.573876248543106371e-01,4.270443326720214927e-02
5.222253489347623567e-01,9.566132942757876734e-01,-1.586212432964473895e-01,8.562043742012410696e-01,4.325907682736439969e-02
5.246098939070671374e-01,9.562343483101227726e-01,-1.592135187459725598e-01,8.550178644717664200e-01,4.381803466198490316e-02
5.269944388793720291e-01,9.558539919810588037e-01,-1.598041630559381698e-01,8.538281202719703034e-01,4.438131372680487186e-02
5.293789838516768098e-01,9.554722291826529545e-01,-1.603931724348278409e-01,8.526351662213574878e-01,4.494892083917089581e-02
5.317635288239817015e-01,9.550890638179529990e-01,-1.609805431312655022e-01,8.514390269518945509e-01,4.552086267810790537e-02
5.341480737962865932e-01,9.547044997989012627e-01,-1.615662714340159456e-01,8.502397271070554208e-01,4.609714578439813581e-02
5.365326187685913739e-01,9.543185410462391438e-01,-1.621503536719845484e-01,8.490372913408714695e-01,4.667777656066693370e-02
5.389171637408962656e-01,9.539311914894108568e-01,-1.627327862142155246e-01,8.478317443169823830e-01,4.726276127147489153e-02
5.413017087132011573e-01,9.535424550664682863e-01,-1.633135654698888717e-01,8.466231107076931384e-01,4.785210604341637308e-02
5.436862536855059380e-01,9.531523357239752858e-01,-1.638926878883165683e-01,8.454114151930327559e-01,4.844581686522470704e-02
5.460707986578108297e-01,9.527608374169124206e-01,-1.644701499589374949e-01,8.441966824598171604e-01,4.904389958788381298e-02
5.484553436301157214e-01,9.523679641085823766e-01,-1.650459482113115495e-01,8.429789372007170378e-01,4.964635992474614873e-02
5.508398886024205021e-01,9.519737197705150367e-01,-1.656200792151127366e-01,8.417582041133282456e-01,5.025320345165732588e-02
5.532244335747253938e-01,9.515781083823728892e-01,-1.661925395801218397e-01,8.405345078992457752e-01,5.086443560708730355e-02
5.556089785470301745e-01,9.511811339318577696e-01,-1.667633259562178727e-01,8.393078732631460426e-01,5.148006169226770207e-02
5.579935235193350662e-01,9.507828004146163803e-01,-1.673324350333693644e-01,8.380783249118675116e-01,5.210008687133614591e-02
5.603780684916399579e-01,9.503831118341472539e-01,-1.678998635416247831e-01,8.368458875534995345e-01,5.272451617148665032e-02
5.627626134639447386e-01,9.499820722017079389e-01,-1.684656082511025998e-01,8.356105858964752997e-01,5.335335448312684969e-02
5.651471584362496303e-01,9.495796855362224065e-01,-1.690296659719810746e-01,8.343724446486685542e-01,5.398660656004179020e-02
5.675317034085545220e-01,9.491759558641893468e-01,-1.695920335544873481e-01,8.331314885164962103e-01,5.462427701956392573e-02
5.699162483808593027e-01,9.487708872195900200e-01,-1.701527078888866451e-01,8.318877422040235059e-01,5.526637034275011517e-02
5.723007933531641944e-01,9.483644836437979952e-01,-1.707116859054712554e-01,8.306412304120778245e-01,5.591289087456510765e-02
5.746853383254690861e-01,9.479567491854324901e-01,-1.712689645743807332e-01,8.293919778371933171e-01,5.656384282401573371e-02
5.770698832977738668e-01,9.475476879000906960e-01,-1.718245409050436767e-01,8.281400091701898170e-01,5.721923026416324276e-02
5.794544282700787585e-01,9.471373038505885855e-01,-1.723784119471692966e-01,8.268853490963132824e-01,5.787905713265342061e-02
5.818389732423835392e-01,9.467256011067460841e-01,-1.729305747903587542e-01,8.256280222939809121e-01,5.854332723180254161e-02
5.842235182146884309e-01,9.463125837452723843e-01,-1.734810265640123472e-01,8.243680534338388988e-01,5.921204422878494772e-02
5.866080631869933226e-01,9.458982558496719095e-01,-1.740297644372985897e-01,8.231054671778865739e-01,5.988521165584682199e-02
5.889926081592981033e-01,9.454826215101505005e-01,-1.745767856191214606e-01,8.218402881786051051e-01,6.056283291052590168e-02
5.913771531316029950e-01,9.450656848235214902e-01,-1.751220873580856263e-01,8.205725410780893014e-01,6.124491125587664536e-02
5.937616981039078867e-01,9.446474498931116681e-01,-1.756656669424597472e-01,8.193022505071827499e-01,6.193144982070069443e-02
5.961462430762126674e-01,9.442279208286668002e-01,-1.762075217001378979e-01,8.180294410846161712e-01,6.262245159978312159e-02
5.985307880485175591e-01,9.438071017462584811e-01,-1.767476489985994881e-01,8.167541374161525480e-01,6.331791945413407785e-02
6.009153330208223398e-01,9.433849967681888771e-01,-1.772860462448668517e-01,8.154763640937299218e-01,6.401785611123565756e-02
6.032998779931272315e-01,9.429616100228975784e-01,-1.778227108854615601e-01,8.141961456946152920e-01,6.472226416529443249e-02
6.056844229654321232e-01,9.425369456448666750e-01,-1.783576404063587639e-01,8.129135067805562942e-01,6.543114607749911382e-02
6.080689679377369039e-01,9.421110077745274980e-01,-1.788908323329400363e-01,8.116284718969412060e-01,6.614450417628368883e-02
6.104535129100417956e-01,9.416838005581658066e-01,-1.794222842299445231e-01,8.103410655719598399e-01,6.686234065759590062e-02
6.128380578823466873e-01,9.412553281478285294e-01,-1.799519937014184556e-01,8.090513123157716535e-01,6.758465758517076538e-02
6.152226028546514680e-01,9.408255947012292841e-01,-1.804799583906631089e-01,8.077592366196751916e-01,6.831145689080955763e-02
6.176071478269563597e-01,9.403946043816548972e-01,-1.810061759801815384e-01,8.064648629552831904e-01,6.904274037466399949e-02
6.199916927992612514e-01,9.399623613578718118e-01,-1.815306441916234304e-01,8.051682157737034551e-01,6.977850970552550158e-02
6.223762377715660321e-01,9.395288698040322739e-01,-1.820533607857286740e-01,8.038693195047209583e-01,7.051876642111953863e-02
6.247607827438709238e-01,9.390941338995808518e-01,-1.825743235622697969e-01,8.025681985559867115e-01,7.126351192840552073e-02
6.271453277161757045e-01,9.386581578291616212e-01,-1.830935303599927066e-01,8.012648773122117429e-01,7.201274750388116097e-02
6.295298726884805962e-01,9.382209457825245735e-01,-1.836109790565562394e-01,7.999593801343634070e-01,7.276647429389254684e-02
6.319144176607854879e-01,9.377825019544328011e-01,-1.841266675684705423e-01,7.986517313588680222e-01,7.352469331494873583e-02
6.342989626330902686e-01,9.373428305445699049e-01,-1.846405938510339850e-01,7.973419552968181723e-01,7.428740545404168005e-02
6.366835076053951603e-01,9.369019357574476237e-01,-1.851527558982692945e-01,7.960300762331854463e-01,7.505461146897125790e-02
6.390680525777000520e-01,9.364598218023129084e-01,-1.856631517428580236e-01,7.947161184260348454e-01,7.582631198867476052e-02
6.414525975500048327e-01,9.360164928930567729e-01,-1.861717794560742156e-01,7.934001061057497362e-01,7.660250751356187382e-02
6.438371425223097244e-01,9.355719532481217016e-01,-1.866786371477170414e-01,7.920820634742561372e-01,7.738319841585447612e-02
6.462216874946145051e-01,9.351262070904108326e-01,-1.871837229660421320e-01,7.907620147042562220e-01,7.816838493993095993e-02
6.486062324669193968e-01,9.346792586471961428e-01,-1.876870350976922730e-01,7.894399839384644846e-01,7.895806720267603551e-02
6.509907774392242885e-01,9.342311121500279647e-01,-1.881885717676267389e-01,7.881159952888507902e-01,7.975224519383485033e-02
6.533753224115290692e-01,9.337817718346441698e-01,-1.886883312390500167e-01,7.867900728358871998e-01,8.055091877637222952e-02
6.557598673838339609e-01,9.333312419408800187e-01,-1.891863118133396138e-01,7.854622406278014557e-01,8.135408768683691227e-02
6.581444123561388526e-01,9.328795267125783441e-01,-1.896825118299728385e-01,7.841325226798356862e-01,8.216175153573003487e-02
6.605289573284436333e-01,9.324266303974997339e-01,-1.901769296664529429e-01,7.828009429735088842e-01,8.297390980787892889e-02
6.629135023007485250e-01,9.319725572472337127e-01,-1.906695637382345154e-01,7.814675254558876016e-01,8.379056186281552687e-02
6.652980472730534167e-01,9.315173115171095919e-01,-1.911604124986480968e-01,7.801322940388591975e-01,8.461170693515936148e-02
6.676825922453581974e-01,9.310608974661085391e-01,-1.916494744388240468e-01,7.787952725984140789e-01,8.543734413500542191e-02
6.700671372176630891e-01,9.306033193567755379e-01,-1.921367480876159106e-01,7.774564849739308281e-01,8.626747244831686756e-02
6.724516821899678698e-01,9.301445814551316804e-01,-1.926222320115231201e-01,7.761159549674676583e-01,8.710209073732211316e-02
6.748362271622727615e-01,9.296846880305505989e-01,-1.931059248145236829e-01,7.747737063429535054e-01,8.794119774087619246e-02
6.772207721345776532e-01,9.292236433555888242e-01,-1.935878251377913528e-01,7.734297628252498891e-01,8.878479207477212032e-02
6.796053171068824339e-01,9.287614517060748254e-01,-1.940679316600423809e-01,7.720841480999716122e-01,8.963287223234399359e-02
6.819898620791873256e-01,9.282981173609485825e-01,-1.945462430972768608e-01,7.707368858125838162e-01,9.048543658480172336e-02
6.843744070514922173e-01,9.278336446021656636e-01,-1.950227582026713702e-01,7.693879995676914385e-01,9.134248338163776515e-02
6.867589520237969980e-01,9.273680377146094056e-01,-1.954974757664904028e-01,7.680375129283579794e-01,9.220401075104704691e-02
6.891434969961018897e-01,9.269013009860025409e-01,-1.959703946159962740e-01,7.666854494154256017e-01,9.307001670035104646e-02
6.915280419684067814e-01,9.264334387068202670e-01,-1.964415136153576380e-01,7.653318325068461103e-01,9.394049911642517181e-02
6.939125869407115621e-01,9.259644551702018722e-01,-1.969108316655567570e-01,7.639766856370099335e-01,9.481545576613056858e-02
6.962971319130164538e-01,9.254943546718639169e-01,-1.973783477042956036e-01,7.626200321960864281e-01,9.569488429674964658e-02
6.986816768853212345e-01,9.250231415100128585e-01,-1.978440607059004097e-01,7.612618955293652956e-01,9.657878223642504811e-02
7.010662218576261262e-01,9.245508199852576769e-01,-1.983079696812254933e-01,7.599022989366043257e-01,9.746714699460301556e-02
7.034507668299310179e-01,9.240773944005232776e-01,-1.987700736775551424e-01,7.585412656713820256e-01,9.835997586247968716e-02
7.058353118022357986e-01,9.236028690609636715e-01,-1.992303717785051387e-01,7.571788189404564662e-01,9.925726601345172262e-02
7.082198567745406903e-01,9.231272482738753782e-01,-1.996888631039225315e-01,7.558149819031273475e-01,1.001590145035703289e-01
7.106044017468455820e-01,9.226505363486108280e-01,-2.001455468097844692e-01,7.544497776706040604e-01,1.010652182719987136e-01
7.129889467191503627e-01,9.221727375964929863e-01,-2.006004220880960309e-01,7.530832293053815185e-01,1.019758741414732856e-01
7.153734916914552544e-01,9.216938563307284227e-01,-2.010534881667868645e-01,7.517153598206156584e-01,1.028909788187685609e-01
7.177580366637600351e-01,9.212138968663226013e-01,-2.015047443096067425e-01,7.503461921795110401e-01,1.038105288951649552e-01
7.201425816360649268e-01,9.207328635199936162e-01,-2.019541898160202020e-01,7.489757492947074491e-01,1.047345208469207672e-01
7.225271266083698185e-01,9.202507606100877036e-01,-2.024018240211000463e-01,7.476040540276772672e-01,1.056629510357469104e-01
7.249116715806745992e-01,9.197675924564936434e-01,-2.028476462954200144e-01,7.462311291881238429e-01,1.065958157092855019e-01
7.272962165529794909e-01,9.192833633805583826e-01,-2.032916560449464505e-01,7.448569975333879656e-01,1.075331110015915886e-01
7.296807615252843826e-01,9.187980777050029912e-01,-2.037338527109288366e-01,7.434816817678601142e-01,1.084748329336180372e-01
7.320653064975891633e-01,9.183117397538378412e-01,-2.041742357697897969e-01,7.421052045423953691e-01,1.094209774137040458e-01
7.344498514698940550e-01,9.178243538522791178e-01,-2.046128047330139643e-01,7.407275884537366517e-01,1.103715402380665428e-01
7.368343964421989467e-01,9.173359243266654417e-01,-2.050495591470359591e-01,7.393488560439427371e-01,1.113265170912949714e-01
7.392189414145037274e-01,9.168464555043746023e-01,-2.054844985931277568e-01,7.379690297998212634e-01,1.122859035468491279e-01
7.416034863868086191e-01,9.163559517137402910e-01,-2.059176226872851401e-01,7.365881321523674030e-01,1.132496950675603992e-01
7.439880313591133998e-01,9.158644172839700559e-01,-2.063489310801131793e-01,7.352061854762088622e-01,1.142178870061355822e-01
7.463725763314182915e-01,9.153718565450625899e-01,-2.067784234567114354e-01,7.338232120890558763e-01,1.151904746056644224e-01
7.487571213037231832e-01,9.148782738277264626e-01,-2.072060995365577751e-01,7.324392342511577558e-01,1.161674530001294836e-01
7.511416662760279639e-01,9.143836734632977414e-01,-2.076319590733922138e-01,7.310542741647629850e-01,1.171488172149197093e-01
7.535262112483328556e-01,9.138880597836599451e-01,-2.080560018550993984e-01,7.296683539735890900e-01,1.181345621673463991e-01
7.559107562206377473e-01,9.133914371211619976e-01,-2.084782277035910347e-01,7.282814957622923968e-01,1.191246826671625014e-01
7.582953011929425280e-01,9.128938098085390696e-01,-2.088986364746870661e-01,7.268937215559500009e-01,1.201191734170844183e-01
7.606798461652474197e-01,9.123951821788315319e-01,-2.093172280579969624e-01,7.255050533195420703e-01,1.211180290133173770e-01
7.630643911375522004e-01,9.118955585653063522e-01,-2.097340023767997330e-01,7.241155129574442517e-01,1.221212439460826749e-01
7.654489361098570921e-01,9.113949433013767143e-01,-2.101489593879238837e-01,7.227251223129212976e-01,1.231288126001487543e-01
7.678334810821619838e-01,9.108933407205246358e-01,-2.105620990816265969e-01,7.213339031676323510e-01,1.241407292553642905e-01
7.702180260544667645e-01,9.103907551562213651e-01,-2.109734214814724673e-01,7.199418772411357859e-01,1.251569880871944151e-01
7.726025710267716562e-01,9.098871909418504433e-01,-2.113829266442118493e-01,7.185490661904053722e-01,1.261775831672598269e-01
7.749871159990765479e-01,9.093826524106038978e-01,-2.117906146596063299e-01,7.171554916092776066e-01,1.272025084638467307e-01
7.773716609713813286e-01,9.088771438953666681e-01,-2.121964856502258079e-01,7.157611750278706220e-01,1.282317578424018167e-01
7.797562059436862203e-01,9.083706697287368126e-01,-2.126005397715230172e-01,7.143661379123841249e-01,1.292653250661968678e-01
7.821407509159911120e-01,9.078632342429047153e-01,-2.130027772116183382e-01,7.129704016645127540e-01,1.303032037968233081e-01
7.845252958882958927e-01,9.073548417695721513e-01,-2.134031981911660991e-01,7.115739876209749015e-01,1.313453875947377947e-01
7.869098408606007844e-01,9.068454966398751260e-01,-2.138018029632264561e-01,7.101769170530567443e-01,1.323918699198139981e-01
7.892943858329055651e-01,9.063352031843077139e-01,-2.141985918131359690e-01,7.087792111661639360e-01,1.334426441318958545e-01
7.916789308052104568e-01,9.058239657326445649e-01,-2.145935650583779830e-01,7.073808910993734100e-01,1.344977034913536207e-01
7.940634757775153485e-01,9.053117886138652981e-01,-2.149867230484518443e-01,7.059819779249957294e-01,1.355570411596415115e-01
7.964480207498201292e-01,9.047986761560782298e-01,-2.153780661647415329e-01,7.045824926481404349e-01,1.366206501998577516e-01
7.988325657221250209e-01,9.042846326864446560e-01,-2.157675948203834626e-01,7.031824562062862771e-01,1.376885235773063210e-01
8.012171106944299126e-01,9.037696625311031351e-01,-2.161553094601336711e-01,7.017818894688578890e-01,1.387606541600608645e-01
8.036016556667346933e-01,9.032537700150946591e-01,-2.165412105602341208e-01,7.003808132368075645e-01,1.398370347195302399e-01
8.059862006390395850e-01,9.027369594622873805e-01,-2.169252986282785289e-01,6.989792482422021447e-01,1.409176579310262578e-01
8.083707456113444767e-01,9.022192351953023381e-01,-2.173075742030774193e-01,6.975772151478160099e-01,1.420025163743331154e-01
8.107552905836492574e-01,9.017006015354389614e-01,-2.176880378545224259e-01,6.961747345467286241e-01,1.430916025342784115e-01
8.131398355559541491e-01,9.011810628026006853e-01,-2.180666901834502625e-01,6.947718269619269638e-01,1.441849088013065217e-01
8.155243805282589298e-01,9.006606233152222307e-01,-2.184435318215056376e-01,6.933685128459164959e-01,1.452824274720527220e-01
8.179089255005638215e-01,9.001392873901951086e-01,-2.188185634310040872e-01,6.919648125803326000e-01,1.463841507499201999e-01
8.202934704728687132e-01,8.996170593427952333e-01,-2.191917857047936957e-01,6.905607464755617597e-01,1.474900707456574811e-01
8.226780154451734939e-01,8.990939434866100921e-01,-2.195631993661166792e-01,6.891563347703666409e-01,1.486001794779384377e-01
8.250625604174783856e-01,8.985699441334662474e-01,-2.199328051684702467e-01,6.877515976315153878e-01,1.497144688739434348e-01
8.274471053897832773e-01,8.980450655933570614e-01,-2.203006038954668788e-01,6.863465551534178033e-01,1.508329307699418365e-01
8.298316503620880580e-01,8.975193121743714197e-01,-2.206665963606942171e-01,6.849412273577670796e-01,1.519555569118764549e-01
8.322161953343929497e-01,8.969926881826220111e-01,-2.210307834075744549e-01,6.835356341931859703e-01,1.530823389559492487e-01
8.346007403066977304e-01,8.964651979221744948e-01,-2.213931659092230331e-01,6.821297955348787356e-01,1.542132684692082145e-01
8.369852852790026221e-01,8.959368456949766690e-01,-2.217537447683073093e-01,6.807237311842889715e-01,1.553483369301362216e-01
8.393698302513075138e-01,8.954076358007883041e-01,-2.221125209169043657e-01,6.793174608687623239e-01,1.564875357292405678e-01
8.417543752236122945e-01,8.948775725371111989e-01,-2.224694953163585398e-01,6.779110042412149761e-01,1.576308561696443677e-01
8.441389201959171862e-01,8.943466601991193476e-01,-2.228246689571388162e-01,6.765043808798065772e-01,1.587782894676792178e-01
8.465234651682220779e-01,8.938149030795902172e-01,-2.231780428586952747e-01,6.750976102876208307e-01,1.599298267534784157e-01
8.489080101405268586e-01,8.932823054688358022e-01,-2.235296180693157331e-01,6.736907118923491922e-01,1.610854590715725121e-01
8.512925551128317503e-01,8.927488716546340131e-01,-2.238793956659817508e-01,6.722837050459812280e-01,1.622451773814852782e-01
8.536771000851366420e-01,8.922146059221606196e-01,-2.242273767542242446e-01,6.708766090244987490e-01,1.634089725583309782e-01
8.560616450574414227e-01,8.916795125539221933e-01,-2.245735624679790488e-01,6.694694430275792696e-01,1.645768353934128070e-01
8.584461900297463144e-01,8.911435958296882731e-01,-2.249179539694419194e-01,6.680622261782993565e-01,1.657487565948228825e-01
8.608307350020510951e-01,8.906068600264250845e-01,-2.252605524489234567e-01,6.666549775228487462e-01,1.669247267880424046e-01
8.632152799743559868e-01,8.900693094182287046e-01,-2.256013591247035821e-01,6.652477160302455728e-01,1.681047365165437568e-01
8.655998249466608785e-01,8.895309482762594477e-01,-2.259403752428859047e-01,6.638404605920594781e-01,1.692887762423928577e-01
8.679843699189656592e-01,8.889917808686762513e-01,-2.262776020772518937e-01,6.624332300221397185e-01,1.704768363468532333e-01
8.703689148912705509e-01,8.884518114605713945e-01,-2.266130409291146897e-01,6.610260430563477119e-01,1.716689071309906167e-01
8.727534598635754426e-01,8.879110443139063280e-01,-2.269466931271728605e-01,6.596189183522965793e-01,1.728649788162784084e-01
8.751380048358802233e-01,8.873694836874289615e-01,-2.272785600273313777e-01,6.582118744890473883e-01,1.740650415451792388e-01
8.775225498081851150e-01,8.868271338365931733e-01,-2.276086430125240645e-01,6.568049299668151653e-01,1.752690853817282790e-01
8.799070947804900067e-01,8.862839990135492618e-01,-2.279369434926636628e-01,6.553981032068637580e-01,1.764771003122145299e-01
8.822916397527947874e-01,8.857400834670540180e-01,-2.282634629044458796e-01,6.539914125511951948e-01,1.776890762457528083e-01
8.846761847250996791e-01,8.851953914424055547e-01,-2.285882027111985348e-01,6.525848762623079891e-01,1.789050030148901793e-01
8.870607296974044598e-01,8.846499271813809129e-01,-2.289111644027322090e-01,6.511785125229671012e-01,1.801248703762142189e-01
8.894452746697093515e-01,8.841036949221730001e-01,-2.292323494951905571e-01,6.497723394359756766e-01,1.813486680109621385e-01
8.918298196420142432e-01,8.835566988993278636e-01,-2.295517595309002901e-01,6.483663750239523349e-01,1.825763855256300749e-01
8.942143646143190239e-01,8.830089433436827395e-01,-2.298693960782208778e-01,6.469606372291142327e-01,1.838080124525827141e-01
8.965989095866239156e-01,8.824604324823044355e-01,-2.301852607313939758e-01,6.455551439130647884e-01,1.850435382506638304e-01
8.989834545589288073e-01,8.819111705384273803e-01,-2.304993551103924898e-01,6.441499128565855159e-01,1.862829523058064096e-01
9.013679995312335880e-01,8.813611617313930058e-01,-2.308116808607693915e-01,6.427449617594345188e-01,1.875262439316436047e-01
9.037525445035384797e-01,8.808104102765884624e-01,-2.311222396535063117e-01,6.413403082401473165e-01,1.887734023701199138e-01
9.061370894758432604e-01,8.802589203853866673e-01,-2.314310331848617452e-01,6.399359698358455528e-01,1.900244167921020522e-01
9.085216344481481521e-01,8.797066962650856858e-01,-2.317380631762192833e-01,6.385319640020474807e-01,1.912792762979911576e-01
9.109061794204530438e-01,8.791537421188494461e-01,-2.320433313739352910e-01,6.371283081124863301e-01,1.925379699183336624e-01
9.132907243927578245e-01,8.786000621456478976e-01,-2.323468395491866401e-01,6.357250194589304515e-01,1.938004866144337202e-01
9.156752693650627162e-01,8.780456605401983916e-01,-2.326485894978181090e-01,6.343221152510116756e-01,1.950668152789648835e-01
9.180598143373676079e-01,8.774905414929065062e-01,-2.329485830401896440e-01,6.329196126160546720e-01,1.963369447365820863e-01
9.204443593096723886e-01,8.769347091898085367e-01,-2.332468220210233978e-01,6.315175285989155229e-01,1.976108637445336269e-01
9.228289042819772803e-01,8.763781678125123209e-01,-2.335433083092506301e-01,6.301158801618198524e-01,1.988885609932734000e-01
9.252134492542821720e-01,8.758209215381408397e-01,-2.338380437978585524e-01,6.287146841842110589e-01,2.001700251070727687e-01
9.275979942265869527e-01,8.752629745392742633e-01,-2.341310304037368117e-01,6.273139574625993253e-01,2.014552446446324918e-01
9.299825391988918444e-01,8.747043309838931080e-01,-2.344222700675241688e-01,6.259137167104166233e-01,2.027442080996949003e-01
9.323670841711966251e-01,8.741449950353222809e-01,-2.347117647534547047e-01,6.245139785578780467e-01,2.040369039016551866e-01
9.347516291435015168e-01,8.735849708521742363e-01,-2.349995164492043043e-01,6.231147595518445881e-01,2.053333204161737480e-01
9.371361741158064085e-01,8.730242625882940199e-01,-2.352855271657367242e-01,6.217160761556943527e-01,2.066334459457870310e-01
9.395207190881111892e-01,8.724628743927033137e-01,-2.355697989371497436e-01,6.203179447491948828e-01,2.079372687305190148e-01
9.419052640604160809e-01,8.719008104095455902e-01,-2.358523338205213427e-01,6.189203816283823656e-01,2.092447769484926112e-01
9.442898090327209726e-01,8.713380747780317126e-01,-2.361331338957557147e-01,6.175234030054450596e-01,2.105559587165400925e-01
9.466743540050257533e-01,8.707746716323858660e-01,-2.364122012654291116e-01,6.161270250086114952e-01,2.118708020908136314e-01
9.490588989773306450e-01,8.702106051017911570e-01,-2.366895380546361061e-01,6.147312636820413401e-01,2.131892950673960063e-01
9.514434439496354257e-01,8.696458793103369889e-01,-2.369651464108352701e-01,6.133361349857248124e-01,2.145114255829098648e-01
9.538279889219403174e-01,8.690804983769653269e-01,-2.372390285036954372e-01,6.119416547953816510e-01,2.158371815151279849e-01
9.562125338942452091e-01,8.685144664154187399e-01,-2.375111865249415199e-01,6.105478389023698549e-01,2.171665506835818715e-01
9.585970788665499898e-01,8.679477875341877757e-01,-2.377816226882005224e-01,6.091547030135944230e-01,2.184995208501708530e-01
9.609816238388548815e-01,8.673804658364592246e-01,-2.380503392288477738e-01,6.077622627514233100e-01,2.198360797197704830e-01
9.633661688111597732e-01,8.668125054200650492e-01,-2.383173384038529408e-01,6.063705336536073798e-01,2.211762149408402212e-01
9.657507137834645539e-01,8.662439103774306481e-01,-2.385826224916262617e-01,6.049795311732031333e-01,2.225199141060310581e-01
9.681352587557694456e-01,8.656746847955254509e-01,-2.388461937918648914e-01,6.035892706785038753e-01,2.238671647527926134e-01
9.705198037280743373e-01,8.651048327558115147e-01,-2.391080546253991079e-01,6.021997674529693256e-01,2.252179543639791504e-01
9.729043487003791180e-01,8.645343583341947857e-01,-2.393682073340390182e-01,6.008110366951664449e-01,2.265722703684557304e-01
9.752888936726840097e-01,8.639632656009631484e-01,-2.396266542803996147e-01,5.994230935186795062e-01,2.279301001416833006e-01
9.776734386449887904e-01,8.633915586207322468e-01,-2.398833978477371842e-01,5.980359529520440365e-01,2.292914310063126904e-01
9.800579836172936821e-01,8.628192414524243903e-01,-2.401384404398457240e-01,5.966496299387643587e-01,2.306562502328360631e-01
9.824425285895985738e-01,8.622463181492057149e-01,-2.403917844808765858e-01,5.952641393372319900e-01,2.320245450401638709e-01
9.848270735619033545e-01,8.616727927584373337e-01,-2.406434324151840720e-01,5.938794959206817881e-01,2.333963025962263460e-01
9.872116185342082462e-01,8.610986693216277077e-01,-2.408933867071714474e-01,5.924957143771547585e-01,2.347715100185740478e-01
9.895961635065131379e-01,8.605239518743847960e-01,-2.411416498411370901e-01,5.911128093094634162e-01,2.361501543749775500e-01
9.919807084788179186e-01,8.599486444463690926e-01,-2.413882243211205592e-01,5.897307952351614757e-01,2.375322226840263784e-01
9.943652534511228103e-01,8.593727510612466647e-01,-2.416331126707488841e-01,5.883496865865184278e-01,2.389177019157271709e-01
9.967497984234277020e-01,8.587962757366427446e-01,-2.418763174330826882e-01,5.869694977104970013e-01,2.403065789921002837e-01
9.991343433957324827e-01,8.582192224840955452e-01,-2.421178411704626998e-01,5.855902428687357331e-01,2.416988407877761758e-01
1.001518888368037485e+00,8.576415953090104072e-01,-2.423576864643560147e-01,5.842119362375338687e-01,2.430944741305905432e-01
1.003903433340342266e+00,8.570633982106149462e-01,-2.425958559152026350e-01,5.828345919078435911e-01,2.444934658021775953e-01
1.006287978312647269e+00,8.564846351819130899e-01,-2.428323521422621201e-01,5.814582238852605833e-01,2.458958025385641899e-01
1.008672523284952049e+00,8.559053102096410015e-01,-2.430671777834602643e-01,5.800828460900241401e-01,2.473014710307604447e-01
1.011057068257256830e+00,8.553254272742224495e-01,-2.433003354952358588e-01,5.787084723570175004e-01,2.487104579253515690e-01
1.013441613229561611e+00,8.547449903497252865e-01,-2.435318279523877028e-01,5.773351164357747312e-01,2.501227498250867542e-01
1.015826158201866614e+00,8.541640034038169293e-01,-2.437616578479217533e-01,5.759627919904871662e-01,2.515383332894683965e-01
1.018210703174171394e+00,8.535824703977223926e-01,-2.439898278928981090e-01,5.745915126000203932e-01,2.529571948353384614e-01
1.020595248146476175e+00,8.530003952861802130e-01,-2.442163408162786875e-01,5.732212917579273537e-01,2.543793209374656805e-01
1.022979793118781178e+00,8.524177820174001496e-01,-2.444411993647745140e-01,5.718521428724703259e-01,2.558046980291298622e-01
1.025364338091085958e+00,8.518346345330217728e-01,-2.446644063026935934e-01,5.704840792666462379e-01,2.572333125027054246e-01
1.027748883063390739e+00,8.512509567680718314e-01,-2.448859644117886702e-01,5.691171141782128684e-01,2.586651507102443182e-01
1.030133428035695742e+00,8.506667526509230637e-01,-2.451058764911054066e-01,5.677512607597214878e-01,2.601001989640572276e-01
1.032517973008000522e+00,8.500820261032532299e-01,-2.453241453568305308e-01,5.663865320785518298e-01,2.615384435372926641e-01
1.034902517980305303e+00,8.494967810400043673e-01,-2.455407738421404307e-01,5.650229411169510607e-01,2.629798706645163908e-01
1.037287062952610306e+00,8.489110213693422669e-01,-2.457557647970497750e-01,5.636605007720763005e-01,2.644244665422881280e-01
1.039671607924915087e+00,8.483247509926168384e-01,-2.459691210882603285e-01,5.622992238560409195e-01,2.658722173297372038e-01
1.042056152897219867e+00,8.477379738043221424e-01,-2.461808455990103506e-01,5.609391230959632768e-01,2.673231091491378719e-01
1.044440697869524870e+00,8.471506936920573105e-01,-2.463909412289236878e-01,5.595802111340208995e-01,2.687771280864814094e-01
1.046825242841829651e+00,8.465629145364879093e-01,-2.465994108938595331e-01,5.582225005275068819e-01,2.702342601920482701e-01
1.049209787814134431e+00,8.459746402113071939e-01,-2.468062575257623792e-01,5.568660037488899484e-01,2.716944914809782397e-01
1.051594332786439434e+00,8.453858745831978050e-01,-2.470114840725120553e-01,5.555107331858772923e-01,2.731578079338393694e-01
1.053978877758744215e+00,8.447966215117944655e-01,-2.472150934977741799e-01,5.541567011414827437e-01,2.746241954971948007e-01
1.056363422731048995e+00,8.442068848496462330e-01,-2.474170887808509467e-01,5.528039198340962690e-01,2.760936400841690896e-01
1.058747967703353776e+00,8.436166684421799733e-01,-2.476174729165320498e-01,5.514524013975586891e-01,2.775661275750124779e-01
1.061132512675658779e+00,8.430259761276630570e-01,-2.478162489149460801e-01,5.501021578812372859e-01,2.790416438176636649e-01
1.063517057647963560e+00,8.424348117371677214e-01,-2.480134198014120328e-01,5.487532012501079581e-01,2.805201746283107478e-01
1.065901602620268340e+00,8.418431790945348769e-01,-2.482089886162913428e-01,5.474055433848374896e-01,2.820017057919514958e-01
1.068286147592573343e+00,8.412510820163388026e-01,-2.484029584148401970e-01,5.460591960818718116e-01,2.834862230629516811e-01
1.070670692564878124e+00,8.406585243118518402e-01,-2.485953322670619858e-01,5.447141710535251535e-01,2.849737121656007455e-01
1.073055237537182904e+00,8.400655097830096452e-01,-2.487861132575604484e-01,5.433704799280737463e-01,2.864641587946682444e-01
1.075439782509487907e+00,8.394720422243699964e-01,-2.489753044853778852e-01,5.420281342498369792e-01,2.879575486159390296e-01
1.077824327481792688e+00,8.388781254230774920e-01,-2.491629090638475819e-01,5.406871454792745446e-01,2.894538672667631984e-01
1.080208872454097468e+00,8.382837631588430094e-01,-2.493489301204736552e-01,5.393475249931185544e-01,2.909531003566367402e-01
1.082593417426402471e+00,8.376889592039029608e-01,-2.495333707967698766e-01,5.380092840844629132e-01,2.924552334677315568e-01
1.084977962398707252e+00,8.370937173229862083e-01,-2.497162342481135389e-01,5.366724339628722307e-01,2.939602521554411374e-01
1.087362507371012033e+00,8.364980412732806458e-01,-2.498975236435999059e-01,5.353369857544910682e-01,2.954681419489249561e-01
1.089747052343317035e+00,8.359019348044012254e-01,-2.500772421658968847e-01,5.340029505021604006e-01,2.969788883516510936e-01
1.092131597315621816e+00,8.353054016583577601e-01,-2.502553930110998914e-01,5.326703391655344122e-01,2.984924768419356944e-01
1.094516142287926597e+00,8.347084455695227279e-01,-2.504319793885873002e-01,5.313391626211998453e-01,3.000088928734829241e-01
1.096900687260231599e+00,8.341110702646001851e-01,-2.506070045208759756e-01,5.300094316628001234e-01,3.015281218759210957e-01
1.099285232232536380e+00,8.335132794625942365e-01,-2.507804716434773318e-01,5.286811570011599182e-01,3.030501492553371867e-01
1.101669777204841161e+00,8.329150768747788369e-01,-2.509523840047534482e-01,5.273543492644159336e-01,3.045749603948109119e-01
1.104054322177145941e+00,8.323164662046665940e-01,-2.511227448657738504e-01,5.260290189981463582e-01,3.061025406549450767e-01
1.106438867149450944e+00,8.317174511479790144e-01,-2.512915575001724022e-01,5.247051766655057570e-01,3.076328753743950983e-01
1.108823412121755725e+00,8.311180353926169717e-01,-2.514588251940047536e-01,5.233828326473632941e-01,3.091659498703961395e-01
1.111207957094060506e+00,8.305182226186307304e-01,-2.516245512456057876e-01,5.220619972424407340e-01,3.107017494392884660e-01
1.113592502066365508e+00,8.299180164981909691e-01,-2.517887389654479557e-01,5.207426806674553266e-01,3.122402593570413609e-01
1.115977047038670289e+00,8.293174206955602479e-01,-2.519513916759994476e-01,5.194248930572655798e-01,3.137814648797734307e-01
1.118361592010975070e+00,8.287164388670644755e-01,-2.521125127115830811e-01,5.181086444650182532e-01,3.153253512442729112e-01
1.120746136983280072e+00,8.281150746610643765e-01,-2.522721054182355815e-01,5.167939448622983489e-01,3.168719036685151980e-01
1.123130681955584853e+00,8.275133317179285131e-01,-2.524301731535668614e-01,5.154808041392835438e-01,3.184211073521769908e-01
1.125515226927889634e+00,8.269112136700050852e-01,-2.525867192866202426e-01,5.141692321048972891e-01,3.199729474771513815e-01
1.127899771900194636e+00,8.263087241415951745e-01,-2.527417471977326247e-01,5.128592384869685716e-01,3.215274092080581125e-01
1.130284316872499417e+00,8.257058667489259873e-01,-2.528952602783953174e-01,5.115508329323914527e-01,3.230844776927528361e-01
1.132668861844804198e+00,8.251026451001242101e-01,-2.530472619311150972e-01,5.102440250072880490e-01,3.246441380628348194e-01
1.135053406817109201e+00,8.244990627951902518e-01,-2.531977555692759285e-01,5.089388241971743998e-01,3.262063754341522626e-01
1.137437951789413981e+00,8.238951234259721534e-01,-2.533467446170006854e-01,5.076352399071276666e-01,3.277711749073041192e-01
1.139822496761718762e+00,8.232908305761401646e-01,-2.534942325090138171e-01,5.063332814619561084e-01,3.293385215681428058e-01
1.142207041734023765e+00,8.226861878211617629e-01,-2.536402226905040691e-01,5.050329581063721651e-01,3.309084004882720809e-01
1.144591586706328545e+00,8.220811987282770072e-01,-2.537847186169878144e-01,5.037342790051670960e-01,3.324807967255437591e-01
1.146976131678633326e+00,8.214758668564734467e-01,-2.539277237541725518e-01,5.024372532433872829e-01,3.340556953245528149e-01
1.149360676650938329e+00,8.208701957564628060e-01,-2.540692415778214586e-01,5.011418898265151967e-01,3.356330813171298777e-01
1.151745221623243109e+00,8.202641889706570044e-01,-2.542092755736175547e-01,4.998481976806505300e-01,3.372129397228311731e-01
1.154129766595547890e+00,8.196578500331440642e-01,-2.543478292370291438e-01,4.985561856526928293e-01,3.387952555494272988e-01
1.156514311567852671e+00,8.190511824696656840e-01,-2.544849060731751433e-01,4.972658625105292329e-01,3.403800137933892800e-01
1.158898856540157674e+00,8.184441897975942570e-01,-2.546205095966911358e-01,4.959772369432223216e-01,3.419671994403722937e-01
1.161283401512462454e+00,8.178368755259103340e-01,-2.547546433315958092e-01,4.946903175612005210e-01,3.435567974656972834e-01
1.163667946484767235e+00,8.172292431551801961e-01,-2.548873108111581187e-01,4.934051128964498933e-01,3.451487928348315193e-01
1.166052491457072238e+00,8.166212961775346502e-01,-2.550185155777643375e-01,4.921216314027103689e-01,3.467431705038649392e-01
1.168437036429377018e+00,8.160130380766471569e-01,-2.551482611827863844e-01,4.908398814556715894e-01,3.483399154199858794e-01
1.170821581401681799e+00,8.154044723277124040e-01,-2.552765511864500958e-01,4.895598713531711943e-01,3.499390125219545844e-01
1.173206126373986802e+00,8.147956023974262108e-01,-2.554033891577040527e-01,4.882816093153972692e-01,3.515404467405735534e-01
1.175590671346291582e+00,8.141864317439605481e-01,-2.555287786740781941e-01,4.870051034850816918e-01,3.531442029991410103e-01
1.177975216318596363e+00,8.135769638169448870e-01,-2.556527233215563633e-01,4.857303619277086315e-01,3.547502662139213614e-01
1.180359761290901366e+00,8.129672020574502112e-01,-2.557752266944603448e-01,4.844573926317289891e-01,3.563586212946277532e-01
1.182744306263206147e+00,8.123571498979672567e-01,-2.558962923953115309e-01,4.831862035087646778e-01,3.579692531448710469e-01
1.185128851235510927e+00,8.117468107623863061e-01,-2.560159240347020804e-01,4.819168023938172896e-01,3.595821466626199503e-01
1.187513396207815930e+00,8.111361880659786472e-01,-2.561341252311662431e-01,4.806491970454810359e-01,3.611972867406567644e-01
1.189897941180120711e+00,8.105252852153778109e-01,-2.562508996110524628e-01,4.793833951461570764e-01,3.628146582670320752e-01
1.192282486152425491e+00,8.099141056085609192e-01,-2.563662508083957570e-01,4.781194043022685136e-01,3.644342461255172250e-01
1.194667031124730494e+00,8.093026526348301442e-01,-2.564801824647905959e-01,4.768572320444772750e-01,3.660560351960538972e-01
1.197051576097035275e+00,8.086909296747958331e-01,-2.565926982292642822e-01,4.755968858279054912e-01,3.676800103552009258e-01
1.199436121069340055e+00,8.080789401003578565e-01,-2.567038017581509957e-01,4.743383730323540437e-01,3.693061564765804938e-01
1.201820666041644836e+00,8.074666872746890656e-01,-2.568134967149659498e-01,4.730817009625266634e-01,3.709344584313199467e-01
1.204205211013949839e+00,8.068541745522178621e-01,-2.569217867702803804e-01,4.718268768482535291e-01,3.725649010884924395e-01
1.206589755986254620e+00,8.062414052786119889e-01,-2.570286756015967566e-01,4.705739078447177537e-01,3.741974693155546428e-01
1.208974300958559400e+00,8.056283827907616546e-01,-2.571341668932249358e-01,4.693228010326823685e-01,3.758321479787829489e-01
1.211358845930864403e+00,8.050151104167636573e-01,-2.572382643361580956e-01,4.680735634187194183e-01,3.774689219437060150e-01
1.213743390903169184e+00,8.044015914759059527e-01,-2.573409716279499992e-01,4.668262019354417758e-01,3.791077760755359183e-01
1.216127935875473964e+00,8.037878292786514445e-01,-2.574422924725919826e-01,4.655807234417337903e-01,3.807486952395962576e-01
1.218512480847778967e+00,8.031738271266232188e-01,-2.575422305803910517e-01,4.643371347229857116e-01,3.823916643017489791e-01
1.220897025820083748e+00,8.025595883125897778e-01,-2.576407896678483134e-01,4.630954424913296674e-01,3.840366681288167050e-01
1.223281570792388528e+00,8.019451161204500522e-01,-2.577379734575376280e-01,4.618556533858751978e-01,3.856836915890051731e-01
1.225666115764693531e+00,8.013304138252190789e-01,-2.578337856779850945e-01,4.606177739729477860e-01,3.873327195523212918e-01
1.228050660736998312e+00,8.007154846930143455e-01,-2.579282300635492575e-01,4.593818107463290001e-01,3.889837368909899173e-01
1.230435205709303093e+00,8.001003319810414682e-01,-2.580213103543010922e-01,4.581477701274964121e-01,3.906367284798674122e-01
1.232819750681608095e+00,7.994849589375810917e-01,-2.581130302959053768e-01,4.569156584658666809e-01,3.922916791968539818e-01
1.235204295653912876e+00,7.988693688019757877e-01,-2.582033936395019547e-01,4.556854820390394134e-01,3.939485739233015149e-01
1.237588840626217657e+00,7.982535648046166221e-01,-2.582924041415879945e-01,4.544572470530411357e-01,3.956073975444218127e-01
1.239973385598522659e+00,7.976375501669310530e-01,-2.583800655639003074e-01,4.532309596425725950e-01,3.972681349496898218e-01
1.242357930570827440e+00,7.970213281013703854e-01,-2.584663816732987174e-01,4.520066258712560070e-01,3.989307710332458123e-01
1.244742475543132221e+00,7.964049018113974476e-01,-2.585513562416494882e-01,4.507842517318833564e-01,4.005952906942947811e-01
1.247127020515437001e+00,7.957882744914752671e-01,-2.586349930457097490e-01,4.495638431466673635e-01,4.022616788375037444e-01
1.249511565487742004e+00,7.951714493270550799e-01,-2.587172958670119205e-01,4.483454059674918390e-01,4.039299203733957566e-01
1.251896110460046785e+00,7.945544294945655617e-01,-2.587982684917494725e-01,4.471289459761649265e-01,4.056000002187424847e-01
1.254280655432351566e+00,7.939372181614015034e-01,-2.588779147106622935e-01,4.459144688846722882e-01,4.072719032969537856e-01
1.256665200404656568e+00,7.933198184859129309e-01,-2.589562383189233929e-01,4.447019803354310130e-01,4.089456145384652297e-01
1.259049745376961349e+00,7.927022336173953354e-01,-2.590332431160258242e-01,4.434914859015472999e-01,4.106211188811222934e-01
1.261434290349266130e+00,7.920844666960791258e-01,-2.591089329056701085e-01,4.422829910870721415e-01,4.122984012705638301e-01
1.263818835321571132e+00,7.914665208531194152e-01,-2.591833114956523798e-01,4.410765013272588408e-01,4.139774466606011560e-01
1.266203380293875913e+00,7.908483992105871385e-01,-2.592563826977530295e-01,4.398720219888236915e-01,4.156582400135960254e-01
1.268587925266180694e+00,7.902301048814590612e-01,-2.593281503276260169e-01,4.386695583702044376e-01,4.173407663008357749e-01
1.270972470238485696e+00,7.896116409696091187e-01,-2.593986182046885136e-01,4.374691157018224530e-01,4.190250105029064698e-01
1.273357015210790477e+00,7.889930105697994245e-01,-2.594677901520114904e-01,4.362706991463441986e-01,4.207109576100621084e-01
1.275741560183095258e+00,7.883742167676708323e-01,-2.595356699962019231e-01,4.350743137989428466e-01,4.223985926225801157e-01
1.278126105155400261e+00,7.877552626397349433e-01,-2.596022615672992084e-01,4.338799646875625693e-01,4.240879005511334343e-01
1.280510650127705041e+00,7.871361512533672222e-01,-2.596675686986734677e-01,4.326876567731856582e-01,4.257788664171635040e-01
1.282895195100009822e+00,7.865168856667982267e-01,-2.597315952269133033e-01,4.314973949500963135e-01,4.274714752532337569e-01
1.285279740072314825e+00,7.858974689291063909e-01,-2.597943449917184400e-01,4.303091840461479856e-01,4.291657121033861655e-01
1.287664285044619605e+00,7.852779040802105870e-01,-2.598558218357932548e-01,4.291230288230303835e-01,4.308615620234963473e-01
1.290048830016924386e+00,7.846581941508631308e-01,-2.599160296047408614e-01,4.279389339765378164e-01,4.325590100816266714e-01
1.292433374989229167e+00,7.840383421626430094e-01,-2.599749721469577501e-01,4.267569041368382554e-01,4.342580413583762566e-01
1.294817919961534169e+00,7.834183511279492196e-01,-2.600326533135286500e-01,4.255769438687428963e-01,4.359586409472285817e-01
1.297202464933838950e+00,7.827982240499946620e-01,-2.600890769581227224e-01,4.243990576719771091e-01,4.376607939548967097e-01
1.299587009906143731e+00,7.821779639228000347e-01,-2.601442469368892563e-01,4.232232499814515547e-01,4.393644855016658468e-01
1.301971554878448734e+00,7.815575737311877269e-01,-2.601981671083549164e-01,4.220495251675338011e-01,4.410697007217344590e-01
1.304356099850753514e+00,7.809370564507770451e-01,-2.602508413333207149e-01,4.208778875363223260e-01,4.427764247635502803e-01
1.306740644823058295e+00,7.803164150479779959e-01,-2.603022734747602596e-01,4.197083413299182442e-01,4.444846427901474883e-01
1.309125189795363298e+00,7.796956524799867339e-01,-2.603524673977180015e-01,4.185408907267004763e-01,4.461943399794786602e-01
1.311509734767668078e+00,7.790747716947807877e-01,-2.604014269692083716e-01,4.173755398416004736e-01,4.479055015247444538e-01
1.313894279739972859e+00,7.784537756311142864e-01,-2.604491560581153053e-01,4.162122927263770533e-01,4.496181126347227885e-01
1.316278824712277862e+00,7.778326672185137403e-01,-2.604956585350923226e-01,4.150511533698927891e-01,4.513321585340932529e-01
1.318663369684582642e+00,7.772114493772737109e-01,-2.605409382724634959e-01,4.138921256983900121e-01,4.530476244637602345e-01
1.321047914656887423e+00,7.765901250184535920e-01,-2.605849991441243074e-01,4.127352135757690332e-01,4.547644956811736083e-01
1.323432459629192426e+00,7.759686970438728348e-01,-2.606278450254438939e-01,4.115804208038636447e-01,4.564827574606465932e-01
1.325817004601497207e+00,7.753471683461090613e-01,-2.606694797931671248e-01,4.104277511227221731e-01,4.582023950936707779e-01
1.328201549573801987e+00,7.747255418084934009e-01,-2.607099073253177357e-01,4.092772082108832588e-01,4.599233938892299811e-01
1.330586094546106990e+00,7.741038203051084921e-01,-2.607491315011017385e-01,4.081287956856566868e-01,4.616457391741103922e-01
1.332970639518411771e+00,7.734820067007857070e-01,-2.607871562008115540e-01,4.069825171034029965e-01,4.633694162932083249e-01
1.335355184490716551e+00,7.728601038511022647e-01,-2.608239853057307545e-01,4.058383759598125917e-01,4.650944106098371389e-01
1.337739729463021554e+00,7.722381146023793441e-01,-2.608596226980390842e-01,4.046963756901870157e-01,4.668207075060291089e-01
1.340124274435326335e+00,7.716160417916798631e-01,-2.608940722607184237e-01,4.035565196697194490e-01,4.685482923828366841e-01
1.342508819407631115e+00,7.709938882468068133e-01,-2.609273378774591423e-01,4.024188112137760953e-01,4.702771506606315266e-01
1.344893364379935896e+00,7.703716567863015952e-01,-2.609594234325668394e-01,4.012832535781779009e-01,4.720072677793995530e-01
1.347277909352240899e+00,7.697493502194425741e-01,-2.609903328108700848e-01,4.001498499594821623e-01,4.737386291990350884e-01
1.349662454324545680e+00,7.691269713462443036e-01,-2.610200698976284372e-01,3.990186034952657446e-01,4.754712203996312447e-01
1.352046999296850460e+00,7.685045229574559711e-01,-2.610486385784408503e-01,3.978895172644063560e-01,4.772050268817691898e-01
1.354431544269155463e+00,7.678820078345612865e-01,-2.610760427391553562e-01,3.967625942873667100e-01,4.789400341668045846e-01
1.356816089241460244e+00,7.672594287497777055e-01,-2.611022862657784160e-01,3.956378375264774094e-01,4.806762277971505792e-01
1.359200634213765024e+00,7.666367884660563181e-01,-2.611273730443854912e-01,3.945152498862203871e-01,4.824135933365600870e-01
1.361585179186070027e+00,7.660140897370812940e-01,-2.611513069610321147e-01,3.933948342135119569e-01,4.841521163704047837e-01
1.363969724158374808e+00,7.653913353072707704e-01,-2.611740919016651286e-01,3.922765932979882519e-01,4.858917825059509421e-01
1.366354269130679588e+00,7.647685279117766299e-01,-2.611957317520350874e-01,3.911605298722882762e-01,4.876325773726349899e-01
1.368738814102984591e+00,7.641456702764852782e-01,-2.612162303976087729e-01,3.900466466123386211e-01,4.893744866223347922e-01
1.371123359075289372e+00,7.635227651180183095e-01,-2.612355917234824298e-01,3.889349461376379047e-01,4.911174959296387144e-01
1.373507904047594153e+00,7.628998151437335062e-01,-2.612538196142957792e-01,3.878254310115417103e-01,4.928615909921138516e-01
1.375892449019899155e+00,7.622768230517271704e-01,-2.612709179541399807e-01,3.867181037415492462e-01,4.946067575305586050e-01
1.378276993992203936e+00,7.616537915308346784e-01,-2.612868906264771418e-01,3.856129667795871185e-01,4.963529812892725213e-01
1.380661538964508717e+00,7.610307232606311478e-01,-2.613017415140593269e-01,3.845100225222928825e-01,4.981002480363243556e-01
1.383046083936813719e+00,7.604076209114342122e-01,-2.613154744988414602e-01,3.834092733113017570e-01,4.998485435638028718e-01
1.385430628909118500e+00,7.597844871443060200e-01,-2.613280934618976703e-01,3.823107214335323412e-01,5.015978536880713046e-01
1.387815173881423281e+00,7.591613246110550106e-01,-2.613396022833383570e-01,3.812143691214709973e-01,5.033481642500206021e-01
1.390199718853728061e+00,7.585381359542389124e-01,-2.613500048422280897e-01,3.801202185534585665e-01,5.050994611153198921e-01
1.392584263826033064e+00,7.579149238071665184e-01,-2.613593050165034515e-01,3.790282718539745299e-01,5.068517301746638948e-01
1.394968808798337845e+00,7.572916907939014619e-01,-2.613675066828921034e-01,3.779385310939240017e-01,5.086049573440184490e-01
1.397353353770642626e+00,7.566684395292644361e-01,-2.613746137168317940e-01,3.768509982909223344e-01,5.103591285648638731e-01
1.399737898742947628e+00,7.560451726188363031e-01,-2.613806299923905341e-01,3.757656754095803353e-01,5.121142298044362162e-01
1.402122443715252409e+00,7.554218926589623129e-01,-2.613855593821867163e-01,3.746825643617913704e-01,5.138702470559646240e-01
1.404506988687557190e+00,7.547986022367544345e-01,-2.613894057573101781e-01,3.736016670070146928e-01,5.156271663389085935e-01
1.406891533659862192e+00,7.541753039300960193e-01,-2.613921729872438204e-01,3.725229851525626024e-01,5.173849736991915638e-01
1.409276078632166973e+00,7.535520003076457973e-01,-2.613938649397855030e-01,3.714465205538859394e-01,5.191436552094315093e-01
1.411660623604471754e+00,7.529286939288408753e-01,-2.613944854809707730e-01,3.703722749148574689e-01,5.209031969691713115e-01
1.414045168576776756e+00,7.523053873439023986e-01,-2.613940384749959267e-01,3.693002498880594286e-01,5.226635851051050219e-01
1.416429713549081537e+00,7.516820830938391040e-01,-2.613925277841419592e-01,3.682304470750671355e-01,5.244248057713021272e-01
1.418814258521386318e+00,7.510587837104525377e-01,-2.613899572686985140e-01,3.671628680267348677e-01,5.261868451494304821e-01
1.421198803493691321e+00,7.504354917163413852e-01,-2.613863307868888874e-01,3.660975142434799712e-01,5.279496894489756897e-01
1.423583348465996101e+00,7.498122096249071333e-01,-2.613816521947954219e-01,3.650343871755685754e-01,5.297133249074589267e-01
1.425967893438300882e+00,7.491889399403585115e-01,-2.613759253462852872e-01,3.639734882233989777e-01,5.314777377906524380e-01
1.428352438410605885e+00,7.485656851577174864e-01,-2.613691540929370949e-01,3.629148187377870260e-01,5.332429143927926996e-01
1.430736983382910665e+00,7.479424477628245915e-01,-2.613613422839677902e-01,3.618583800202500034e-01,5.350088410367908054e-01
1.433121528355215446e+00,7.473192302323447000e-01,-2.613524937661601544e-01,3.608041733232907333e-01,5.367755040744413009e-01
1.435506073327520227e+00,7.466960350337725760e-01,-2.613426123837911952e-01,3.597521998506807428e-01,5.385428898866287950e-01
1.437890618299825229e+00,7.460728646254395358e-01,-2.613317019785604822e-01,3.587024607577449786e-01,5.403109848835322415e-01
1.440275163272130010e+00,7.454497214565192209e-01,-2.613197663895194256e-01,3.576549571516442483e-01,5.420797755048251121e-01
1.442659708244434791e+00,7.448266079670341488e-01,-2.613068094530011654e-01,3.566096900916584933e-01,5.438492482198775679e-01
1.445044253216739794e+00,7.442035265878623740e-01,-2.612928350025506274e-01,3.555666605894700627e-01,5.456193895279520811e-01
1.447428798189044574e+00,7.435804797407438160e-01,-2.612778468688556344e-01,3.545258696094452655e-01,5.473901859583988339e-01
1.449813343161349355e+00,7.429574698382879205e-01,-2.612618488796779603e-01,3.534873180689181993e-01,5.491616240708497854e-01
1.452197888133654358e+00,7.423344992839795431e-01,-2.612448448597854966e-01,3.524510068384704153e-01,5.509336904554082981e-01
1.454582433105959138e+00,7.417115704721874980e-01,-2.612268386308845836e-01,3.514169367422151358e-01,5.527063717328379866e-01
1.456966978078263919e+00,7.410886857881708867e-01,-2.612078340115530084e-01,3.503851085580766411e-01,5.544796545547500122e-01
1.459351523050568922e+00,7.404658476080868690e-01,-2.611878348171737252e-01,3.493555230180717119e-01,5.562535256037863807e-01
1.461736068022873702e+00,7.398430582989988791e-01,-2.611668448598685743e-01,3.483281808085911813e-01,5.580279715938023521e-01
1.464120612995178483e+00,7.392203202188836197e-01,-2.611448679484333901e-01,3.473030825706786562e-01,5.598029792700470741e-01
1.466505157967483486e+00,7.385976357166393891e-01,-2.611219078882727196e-01,3.462802289003111822e-01,5.615785354093404402e-01
1.468889702939788267e+00,7.379750071320946292e-01,-2.610979684813358737e-01,3.452596203486792970e-01,5.633546268202496154e-01
1.471274247912093047e+00,7.373524367960155868e-01,-2.610730535260529228e-01,3.442412574224652522e-01,5.651312403432623421e-01
1.473658792884398050e+00,7.367299270301147507e-01,-2.610471668172715254e-01,3.432251405841215131e-01,5.669083628509583583e-01
1.476043337856702831e+00,7.361074801470625095e-01,-2.610203121461895925e-01,3.422112702521543648e-01,5.686859812481681598e-01
1.478427882829007611e+00,7.354850984504925915e-01,-2.609924933002972236e-01,3.411996468013960837e-01,5.704640824721503023e-01
1.480812427801312392e+00,7.348627842350110573e-01,-2.609637140633166430e-01,3.401902705632828816e-01,5.722426534927588238e-01
1.483196972773617395e+00,7.342405397862060701e-01,-2.609339782151387510e-01,3.391831418261328501e-01,5.740216813126020057e-01
1.485581517745922175e+00,7.336183673806575545e-01,-2.609032895317627831e-01,3.381782608354235720e-01,5.758011529672032447e-01
1.487966062718226956e+00,7.329962692859455231e-01,-2.608716517852359140e-01,3.371756277940662905e-01,5.775810555251599254e-01
1.490350607690531959e+00,7.323742477606606238e-01,-2.608390687435937494e-01,3.361752428626836320e-01,5.793613760882995178e-01
1.492735152662836740e+00,7.317523050544131324e-01,-2.608055441708009847e-01,3.351771061598835533e-01,5.811421017918344534e-01
1.495119697635141520e+00,7.311304434078430559e-01,-2.607710818266928965e-01,3.341812177625345104e-01,5.829232198045140034e-01
1.497504242607446523e+00,7.305086650526294578e-01,-2.607356854669172219e-01,3.331875777060389066e-01,5.847047173287757138e-01
1.499888787579751304e+00,7.298869722115013392e-01,-2.606993588428764830e-01,3.321961859846080389e-01,5.864865816008918431e-01
1.502273332552056084e+00,7.292653670982474079e-01,-2.606621057016708098e-01,3.312070425515344918e-01,5.882687998911179106e-01
1.504657877524361087e+00,7.286438519177259598e-01,-2.606239297860414861e-01,3.302201473194641967e-01,5.900513595038350267e-01
1.507042422496665868e+00,7.280224288658763143e-01,-2.605848348343146603e-01,3.292355001606701026e-01,5.918342477776924460e-01
1.509426967468970648e+00,7.274011001297285839e-01,-2.605448245803459462e-01,3.282531009073224038e-01,5.936174520857488979e-01
1.511811512441275651e+00,7.267798678874146656e-01,-2.605039027534651330e-01,3.272729493517597676e-01,5.954009598356092559e-01
1.514196057413580432e+00,7.261587343081794543e-01,-2.604620730784217297e-01,3.262950452467606177e-01,5.971847584695613165e-01
1.516580602385885213e+00,7.255377015523911677e-01,-2.604193392753306746e-01,3.253193883058119740e-01,5.989688354647098034e-01
1.518965147358190215e+00,7.249167717715530035e-01,-2.603757050596189337e-01,3.243459782033793481e-01,6.007531783331092612e-01
1.521349692330494996e+00,7.242959471083141310e-01,-2.603311741419723213e-01,3.233748145751751402e-01,6.025377746218929520e-01
1.523734237302799777e+00,7.236752296964812370e-01,-2.602857502282829305e-01,3.224058970184272011e-01,6.043226119134024188e-01
1.526118782275104557e+00,7.230546216610296284e-01,-2.602394370195967865e-01,3.214392250921455085e-01,6.061076778253126074e-01
1.528503327247409560e+00,7.224341251181156665e-01,-2.601922382120624988e-01,3.204747983173903414e-01,6.078929600107572107e-01
1.530887872219714341e+00,7.218137421750875360e-01,-2.601441574968800796e-01,3.195126161775371232e-01,6.096784461584500159e-01
1.533272417192019121e+00,7.211934749304977910e-01,-2.600951985602501515e-01,3.185526781185431533e-01,6.114641239928065852e-01
1.535656962164324124e+00,7.205733254741150118e-01,-2.600453650833238206e-01,3.175949835492118956e-01,6.132499812740618284e-01
1.538041507136628905e+00,7.199532958869362398e-01,-2.599946607421532163e-01,3.166395318414580995e-01,6.150360057983872419e-01
1.540426052108933686e+00,7.193333882411986346e-01,-2.599430892076420307e-01,3.156863223305703681e-01,6.168221853980050406e-01
1.542810597081238688e+00,7.187136046003922418e-01,-2.598906541454969465e-01,3.147353543154752242e-01,6.186085079413018439e-01
1.545195142053543469e+00,7.180939470192726493e-01,-2.598373592161795087e-01,3.137866270589992901e-01,6.203949613329390322e-01
1.547579687025848250e+00,7.174744175438729776e-01,-2.597832080748581629e-01,3.128401397881306889e-01,6.221815335139621039e-01
1.549964231998153252e+00,7.168550182115165370e-01,-2.597282043713612376e-01,3.118958916942795589e-01,6.239682124619084780e-01
1.552348776970458033e+00,7.162357510508303715e-01,-2.596723517501299261e-01,3.109538819335397886e-01,6.257549861909110778e-01
1.554733321942762814e+00,7.156166180817573608e-01,-2.596156538501722677e-01,3.100141096269473651e-01,6.275418427518044684e-01
1.557117866915067816e+00,7.149976213155694316e-01,-2.595581143050170736e-01,3.090765738607396673e-01,6.293287702322251098e-01
1.559502411887372597e+00,7.143787627548808805e-01,-2.594997367426687962e-01,3.081412736866139257e-01,6.311157567567111659e-01
1.561886956859677378e+00,7.137600443936614747e-01,-2.594405247855623431e-01,3.072082081219845717e-01,6.329027904868010923e-01
1.564271501831982381e+00,7.131414682172492192e-01,-2.593804820505191122e-01,3.062773761502392555e-01,6.346898596211304477e-01
1.566656046804287161e+00,7.125230362023647901e-01,-2.593196121487027495e-01,3.053487767209963621e-01,6.364769523955255970e-01
1.569040591776591942e+00,7.119047503171240798e-01,-2.592579186855756279e-01,3.044224087503588083e-01,6.382640570830966364e-01
1.571425136748896945e+00,7.112866125210521862e-01,-2.591954052608561598e-01,3.034982711211692274e-01,6.400511619943294317e-01
1.573809681721201725e+00,7.106686247650972899e-01,-2.591320754684759975e-01,3.025763626832639885e-01,6.418382554771728810e-01
1.576194226693506506e+00,7.100507889916469750e-01,-2.590679328965345696e-01,3.016566822537301018e-01,6.436253259171201835e-01
1.578578771665811287e+00,7.094331071345389983e-01,-2.590029811272611115e-01,3.007392286171525209e-01,6.454123617373014321e-01
1.580963316638116289e+00,7.088155811190757216e-01,-2.589372237369737539e-01,2.998240005258667185e-01,6.471993513985699886e-01
1.583347861610421070e+00,7.081982128620385453e-01,-2.588706642960377224e-01,2.989109967002095414e-01,6.489862833995804214e-01
1.585732406582725851e+00,7.075810042717023407e-01,-2.588033063688248148e-01,2.980002158287698433e-01,6.507731462768697739e-01
1.588116951555030854e+00,7.069639572478499945e-01,-2.587351535136738767e-01,2.970916565686377853e-01,6.525599286049366121e-01
1.590501496527335634e+00,7.063470736817863971e-01,-2.586662092828511672e-01,2.961853175456530818e-01,6.543466189963169644e-01
1.592886041499640415e+00,7.057303554563534309e-01,-2.585964772225113339e-01,2.952811973546529134e-01,6.561332061016603712e-01
1.595270586471945418e+00,7.051138044459440701e-01,-2.585259608726589997e-01,2.943792945597183408e-01,6.579196786098032712e-01
1.597655131444250198e+00,7.044974225165174797e-01,-2.584546637671105151e-01,2.934796076944209964e-01,6.597060252478402775e-01
1.600039676416554979e+00,7.038812115256137814e-01,-2.583825894334564333e-01,2.925821352620682214e-01,6.614922347811955650e-01
1.602424221388859982e+00,7.032651733223687085e-01,-2.583097413930242614e-01,2.916868757359473152e-01,6.632782960136905936e-01
1.604808766361164762e+00,7.026493097475285943e-01,-2.582361231608416019e-01,2.907938275595691735e-01,6.650641977876111666e-01
1.607193311333469543e+00,7.020336226334658036e-01,-2.581617382455996812e-01,2.899029891469118159e-01,6.668499289837723776e-01
1.609577856305774546e+00,7.014181138041934993e-01,-2.580865901496176562e-01,2.890143588826617482e-01,6.686354785215832264e-01
1.611962401278079327e+00,7.008027850753811849e-01,-2.580106823688069762e-01,2.881279351224557139e-01,6.704208353591073477e-01
1.614346946250384107e+00,7.001876382543694710e-01,-2.579340183926361330e-01,2.872437161931201688e-01,6.722059884931238516e-01
1.616731491222689110e+00,6.995726751401862842e-01,-2.578566017040964664e-01,2.863617003929121996e-01,6.739909269591871643e-01
1.619116036194993891e+00,6.989578975235619662e-01,-2.577784357796673032e-01,2.854818859917576113e-01,6.757756398316818736e-01
1.621500581167298671e+00,6.983433071869443731e-01,-2.576995240892827055e-01,2.846042712314880152e-01,6.775601162238809039e-01
1.623885126139603452e+00,6.977289059045156394e-01,-2.576198700962977206e-01,2.837288543260797491e-01,6.793443452879973643e-01
1.626269671111908455e+00,6.971146954422066111e-01,-2.575394772574554625e-01,2.828556334618878565e-01,6.811283162152386161e-01
1.628654216084213235e+00,6.965006775577138320e-01,-2.574583490228547489e-01,2.819846067978834525e-01,6.829120182358558999e-01
1.631038761056518016e+00,6.958868540005147540e-01,-2.573764888359176828e-01,2.811157724658870372e-01,6.846954406191947395e-01
1.633423306028823019e+00,6.952732265118837240e-01,-2.572939001333580111e-01,2.802491285708021973e-01,6.864785726737419047e-01
1.635807851001127800e+00,6.946597968249081934e-01,-2.572105863451499830e-01,2.793846731908487535e-01,6.882614037471720403e-01
1.638192395973432580e+00,6.940465666645050380e-01,-2.571265508944970413e-01,2.785224043777946856e-01,6.900439232263926304e-01
1.640576940945737583e+00,6.934335377474359907e-01,-2.570417971978016247e-01,2.776623201571863930e-01,6.918261205375871858e-01
1.642961485918042364e+00,6.928207117823249606e-01,-2.569563286646350253e-01,2.768044185285800651e-01,6.936079851462562118e-01
1.645346030890347144e+00,6.922080904696734649e-01,-2.568701486977075232e-01,2.759486974657698877e-01,6.953895065572589518e-01
1.647730575862652147e+00,6.915956755018771718e-01,-2.567832606928392991e-01,2.750951549170166377e-01,6.971706743148511354e-01
1.650115120834956928e+00,6.909834685632428863e-01,-2.566956680389312906e-01,2.742437888052757233e-01,6.989514780027221708e-01
1.652499665807261708e+00,6.903714713300046490e-01,-2.566073741179368817e-01,2.733945970284235583e-01,7.007319072440320040e-01
1.654884210779566711e+00,6.897596854703399449e-01,-2.565183823048337031e-01,2.725475774594822709e-01,7.025119517014449810e-01
1.657268755751871492e+00,6.891481126443873562e-01,-2.564286959675959876e-01,2.717027279468464673e-01,7.042916010771622659e-01
1.659653300724176272e+00,6.885367545042624382e-01,-2.563383184671671478e-01,2.708600463145054982e-01,7.060708451129547036e-01
1.662037845696481275e+00,6.879256126940744842e-01,-2.562472531574328527e-01,2.700195303622668352e-01,7.078496735901920189e-01
1.664422390668786056e+00,6.873146888499439555e-01,-2.561555033851947161e-01,2.691811778659787824e-01,7.096280763298721261e-01
1.666806935641090837e+00,6.867039846000190240e-01,-2.560630724901437616e-01,2.683449865777513543e-01,7.114060431926481076e-01
1.669191480613395617e+00,6.860935015644923363e-01,-2.559699638048348880e-01,2.675109542261761564e-01,7.131835640788541930e-01
1.671576025585700620e+00,6.854832413556181114e-01,-2.558761806546616113e-01,2.666790785165461530e-01,7.149606289285314054e-01
1.673960570558005401e+00,6.848732055777297933e-01,-2.557817263578305300e-01,2.658493571310747705e-01,7.167372277214483223e-01
1.676345115530310181e+00,6.842633958272588135e-01,-2.556866042253349569e-01,2.650217877291156654e-01,7.185133504771191726e-01
1.678729660502615184e+00,6.836538136927494680e-01,-2.555908175609329369e-01,2.641963679473763871e-01,7.202889872548305927e-01
1.681114205474919965e+00,6.830444607548763480e-01,-2.554943696611234882e-01,2.633730954001343161e-01,7.220641281536598344e-01
1.683498750447224745e+00,6.824353385864616595e-01,-2.553972638151222330e-01,2.625519676794514368e-01,7.238387633124918619e-01
1.685883295419529748e+00,6.818264487524934303e-01,-2.552995033048383600e-01,2.617329823553896651e-01,7.256128829100356725e-01
1.688267840391834529e+00,6.812177928101423863e-01,-2.552010914048518098e-01,2.609161369762227345e-01,7.273864771648385075e-01
1.690652385364139310e+00,6.806093723087797143e-01,-2.551020313823906815e-01,2.601014290686490815e-01,7.291595363353002845e-01
1.693036930336444312e+00,6.800011887899947149e-01,-2.550023264973093062e-01,2.592888561380028989e-01,7.309320507196868100e-01
1.695421475308749093e+00,6.793932437876119002e-01,-2.549019800020664861e-01,2.584784156684639678e-01,7.327040106561388821e-01
1.697806020281053874e+00,6.787855388277092006e-01,-2.548009951417039565e-01,2.576701051232674344e-01,7.344754065226841711e-01
1.700190565253358876e+00,6.781780754286353963e-01,-2.546993751538255135e-01,2.568639219449122546e-01,7.362462287372452119e-01
1.702575110225663657e+00,6.775708551010281022e-01,-2.545971232685764751e-01,2.560598635553686386e-01,7.380164677576465104e-01
1.704959655197968438e+00,6.769638793478308658e-01,-2.544942427086229197e-01,2.552579273562839424e-01,7.397861140816203163e-01
1.707344200170273441e+00,6.763571496643121517e-01,-2.543907366891322575e-01,2.544581107291896682e-01,7.415551582468129510e-01
1.709728745142578221e+00,6.757506675380824390e-01,-2.542866084177530794e-01,2.536604110357052466e-01,7.433235908307860296e-01
1.712113290114883002e+00,6.751444344491123184e-01,-2.541818610945962842e-01,2.528648256177418729e-01,7.450914024510210121e-01
1.714497835087187783e+00,6.745384518697506993e-01,-2.540764979122160372e-01,2.520713517977055673e-01,7.468585837649198700e-01
1.716882380059492785e+00,6.739327212647424625e-01,-2.539705220555909526e-01,2.512799868786988466e-01,7.486251254698037538e-01
1.719266925031797566e+00,6.733272440912471124e-01,-2.538639367021061077e-01,2.504907281447222855e-01,7.503910183029131042e-01
1.721651470004102347e+00,6.727220217988565398e-01,-2.537567450215350573e-01,2.497035728608739957e-01,7.521562530414048764e-01
1.724036014976407349e+00,6.721170558296130082e-01,-2.536489501760220699e-01,2.489185182735486890e-01,7.539208205023486542e-01
1.726420559948712130e+00,6.715123476180282491e-01,-2.535405553200651418e-01,2.481355616106368511e-01,7.556847115427216544e-01
1.728805104921016911e+00,6.709078985911003379e-01,-2.534315636004989547e-01,2.473547000817202524e-01,7.574479170594038413e-01
1.731189649893321914e+00,6.703037101683332333e-01,-2.533219781564782225e-01,2.465759308782698445e-01,7.592104279891697116e-01
1.733574194865626694e+00,6.696997837617546523e-01,-2.532118021194614821e-01,2.457992511738404384e-01,7.609722353086798563e-01
1.735958739837931475e+00,6.690961207759341667e-01,-2.531010386131952727e-01,2.450246581242649380e-01,7.627333300344729672e-01
1.738343284810236478e+00,6.684927226080019658e-01,-2.529896907536983153e-01,2.442521488678481012e-01,7.644937032229540685e-01
1.740727829782541258e+00,6.678895906476673971e-01,-2.528777616492463021e-01,2.434817205255593031e-01,7.662533459703826377e-01
1.743112374754846039e+00,6.672867262772370633e-01,-2.527652544003571311e-01,2.427133702012236327e-01,7.680122494128618360e-01
1.745496919727151042e+00,6.666841308716334735e-01,-2.526521720997759179e-01,2.419470949817126570e-01,7.697704047263222993e-01
1.747881464699455822e+00,6.660818057984139173e-01,-2.525385178324608404e-01,2.411828919371345747e-01,7.715278031265081493e-01
1.750266009671760603e+00,6.654797524177884505e-01,-2.524242946755692052e-01,2.404207581210222322e-01,7.732844358689616726e-01
1.752650554644065606e+00,6.648779720826391015e-01,-2.523095056984435147e-01,2.396606905705217228e-01,7.750402942490053348e-01
1.755035099616370386e+00,6.642764661385380798e-01,-2.521941539625983664e-01,2.389026863065786821e-01,7.767953696017237952e-01
1.757419644588675167e+00,6.636752359237665377e-01,-2.520782425217070744e-01,2.381467423341244172e-01,7.785496533019452547e-01
1.759804189560980170e+00,6.630742827693333341e-01,-2.519617744215891242e-01,2.373928556422608138e-01,7.803031367642210281e-01
1.762188734533284951e+00,6.624736079989939075e-01,-2.518447527001975161e-01,2.366410232044447726e-01,7.820558114428031171e-01
1.764573279505589731e+00,6.618732129292685951e-01,-2.517271803876067193e-01,2.358912419786706183e-01,7.838076688316236718e-01
1.766957824477894512e+00,6.612730988694618395e-01,-2.516090605060008478e-01,2.351435089076528984e-01,7.855587004642713422e-01
1.769342369450199515e+00,6.606732671216805075e-01,-2.514903960696620033e-01,2.343978209190069328e-01,7.873088979139660770e-01
1.771726914422504295e+00,6.600737189808534300e-01,-2.513711900849588954e-01,2.336541749254300304e-01,7.890582527935339208e-01
1.774111459394809076e+00,6.594744557347496094e-01,-2.512514455503361277e-01,2.329125678248799569e-01,7.908067567553817012e-01
1.776496004367114079e+00,6.588754786639995364e-01,-2.511311654563017082e-01,2.321729965007564567e-01,7.925544014914641666e-01
1.778880549339418859e+00,6.582767890421117318e-01,-2.510103527854187777e-01,2.314354578220756131e-01,7.943011787332613372e-01
1.781265094311723640e+00,6.576783881354911765e-01,-2.508890105122951186e-01,2.306999486436459579e-01,7.960470802517494171e-01
1.783649639284028643e+00,6.570802772034597394e-01,-2.507671416035731626e-01,2.299664658062456901e-01,7.977920978573693755e-01
1.786034184256333424e+00,6.564824574982746075e-01,-2.506447490179201099e-01,2.292350061367968150e-01,7.995362233999945278e-01
1.788418729228638204e+00,6.558849302651472701e-01,-2.505218357060189915e-01,2.285055664485387550e-01,8.012794487689000045e-01
1.790803274200943207e+00,6.552876967422628374e-01,-2.503984046105595107e-01,2.277781435412015165e-01,8.030217658927285562e-01
1.793187819173247988e+00,6.546907581607991355e-01,-2.502744586662294934e-01,2.270527342011775529e-01,8.047631667394571364e-01
1.795572364145552768e+00,6.540941157449453591e-01,-2.501500007997061736e-01,2.263293352016922944e-01,8.065036433163615959e-01
1.797956909117857771e+00,6.534977707119217216e-01,-2.500250339296483104e-01,2.256079433029747339e-01,8.082431876699814888e-01
1.800341454090162552e+00,6.529017242719982184e-01,-2.498995609666881945e-01,2.248885552524260700e-01,8.099817918860822141e-01
1.802725999062467332e+00,6.523059776285137223e-01,-2.497735848134240155e-01,2.241711677847879058e-01,8.117194480896183784e-01
1.805110544034772335e+00,6.517105319778954131e-01,-2.496471083644125899e-01,2.234557776223096703e-01,8.134561484446954926e-01
1.807495089007077116e+00,6.511153885096780947e-01,-2.495201345061621723e-01,2.227423814749150965e-01,8.151918851545286726e-01
1.809879633979381897e+00,6.505205484065227362e-01,-2.493926661171257109e-01,2.220309760403668953e-01,8.169266504614046687e-01
1.812264178951686677e+00,6.499260128442363449e-01,-2.492647060676942694e-01,2.213215580044319286e-01,8.186604366466396776e-01
1.814648723923991680e+00,6.493317829917909512e-01,-2.491362572201907821e-01,2.206141240410444404e-01,8.203932360305373761e-01
1.817033268896296461e+00,6.487378600113428151e-01,-2.490073224288639475e-01,2.199086708124686484e-01,8.221250409723455110e-01
1.819417813868601241e+00,6.481442450582518555e-01,-2.488779045398825385e-01,2.192051949694605317e-01,8.238558438702137110e-01
1.821802358840906244e+00,6.475509392811004128e-01,-2.487480063913297679e-01,2.185036931514281466e-01,8.255856371611476341e-01
1.824186903813211025e+00,6.469579438217135658e-01,-2.486176308131981538e-01,2.178041619865925538e-01,8.273144133209640039e-01
1.826571448785515805e+00,6.463652598151774509e-01,-2.484867806273844404e-01,2.171065980921456084e-01,8.290421648642448682e-01
1.828955993757820808e+00,6.457728883898586902e-01,-2.483554586476848236e-01,2.164109980744081396e-01,8.307688843442905258e-01
1.831340538730125589e+00,6.451808306674245985e-01,-2.482236676797905384e-01,2.157173585289881013e-01,8.324945643530712314e-01
1.833725083702430370e+00,6.445890877628615012e-01,-2.480914105212834175e-01,2.150256760409355039e-01,8.342191975211791233e-01
1.836109628674735372e+00,6.439976607844942746e-01,-2.479586899616320617e-01,2.143359471848979014e-01,8.359427765177794845e-01
1.838494173647040153e+00,6.434065508340062189e-01,-2.478255087821879532e-01,2.136481685252754337e-01,8.376652940505593392e-01
1.840878718619344934e+00,6.428157590064579319e-01,-2.476918697561819316e-01,2.129623366163736764e-01,8.393867428656777152e-01
1.843263263591649936e+00,6.422252863903069597e-01,-2.475577756487209180e-01,2.122784480025564913e-01,8.411071157477139071e-01
1.845647808563954717e+00,6.416351340674267822e-01,-2.474232292167849456e-01,2.115964992183972382e-01,8.428264055196144078e-01
1.848032353536259498e+00,6.410453031131266854e-01,-2.472882332092241897e-01,2.109164867888299599e-01,8.445446050426411722e-01
1.850416898508564501e+00,6.404557945961707466e-01,-2.471527903667564419e-01,2.102384072292989847e-01,8.462617072163164389e-01
1.852801443480869281e+00,6.398666095787974850e-01,-2.470169034219648341e-01,2.095622570459078904e-01,8.479777049783686627e-01
1.855185988453174062e+00,6.392777491167389581e-01,-2.468805750992956460e-01,2.088880327355673583e-01,8.496925913046778911e-01
1.857570533425478843e+00,6.386892142592406341e-01,-2.467438081150563900e-01,2.082157307861427775e-01,8.514063592092190325e-01
1.859955078397783845e+00,6.381010060490801550e-01,-2.466066051774142842e-01,2.075453476765997396e-01,8.531190017440057893e-01
1.862339623370088626e+00,6.375131255225873206e-01,-2.464689689863946431e-01,2.068768798771500328e-01,8.548305119990323719e-01
1.864724168342393407e+00,6.369255737096630732e-01,-2.463309022338797949e-01,2.062103238493956658e-01,8.565408831022167657e-01
1.867108713314698409e+00,6.363383516337989265e-01,-2.461924076036080822e-01,2.055456760464723920e-01,8.582501082193415565e-01
1.869493258287003190e+00,6.357514603120968388e-01,-2.460534877711730017e-01,2.048829329131928723e-01,8.599581805539934232e-01
1.871877803259307971e+00,6.351649007552878645e-01,-2.459141454040227881e-01,2.042220908861877293e-01,8.616650933475048513e-01
1.874262348231612973e+00,6.345786739677520272e-01,-2.457743831614598862e-01,2.035631463940468233e-01,8.633708398788925154e-01
1.876646893203917754e+00,6.339927809475399689e-01,-2.456342036946400631e-01,2.029060958574618045e-01,8.650754134647918869e-01
1.879031438176222535e+00,6.334072226863889377e-01,-2.454936096465737128e-01,2.022509356893614774e-01,8.667788074594012793e-01
1.881415983148527538e+00,6.328220001697434371e-01,-2.453526036521258835e-01,2.015976622950513830e-01,8.684810152544173434e-01
1.883800528120832318e+00,6.322371143767747670e-01,-2.452111883380166668e-01,2.009462720723513562e-01,8.701820302789708972e-01
1.886185073093137099e+00,6.316525662804003405e-01,-2.450693663228218355e-01,2.002967614117319439e-01,8.718818459995640868e-01
1.888569618065442102e+00,6.310683568473031135e-01,-2.449271402169737877e-01,1.996491266964500189e-01,8.735804559200044395e-01
1.890954163037746882e+00,6.304844870379514576e-01,-2.447845126227627677e-01,1.990033643026841714e-01,8.752778535813409144e-01
1.893338708010051663e+00,6.299009578066179227e-01,-2.446414861343380875e-01,1.983594705996677698e-01,8.769740325617977339e-01
1.895723252982356666e+00,6.293177701013985548e-01,-2.444980633377096257e-01,1.977174419498220481e-01,8.786689864767078806e-01
1.898107797954661446e+00,6.287349248642333244e-01,-2.443542468107497423e-01,1.970772747088893606e-01,8.803627089784461512e-01
1.900492342926966227e+00,6.281524230309242229e-01,-2.442100391231950551e-01,1.964389652260631614e-01,8.820551937563625433e-01
1.902876887899271008e+00,6.275702655311558020e-01,-2.440654428366485773e-01,1.958025098441195377e-01,8.837464345367127549e-01
1.905261432871576011e+00,6.269884532885134920e-01,-2.439204605045820484e-01,1.951679048995459409e-01,8.854364250825907945e-01
1.907645977843880791e+00,6.264069872205040301e-01,-2.437750946723385437e-01,1.945351467226708597e-01,8.871251591938587033e-01
1.910030522816185572e+00,6.258258682385741123e-01,-2.436293478771349441e-01,1.939042316377910524e-01,8.888126307070776111e-01
1.912415067788490575e+00,6.252450972481299329e-01,-2.434832226480650175e-01,1.932751559632988614e-01,8.904988334954371254e-01
1.914799612760795355e+00,6.246646751485568361e-01,-2.433367215061025268e-01,1.926479160118086120e-01,8.921837614686844997e-01
1.917184157733100136e+00,6.240846028332383000e-01,-2.431898469641043115e-01,1.920225080902817349e-01,8.938674085730531349e-01
1.919568702705405139e+00,6.235048811895753662e-01,-2.430426015268138118e-01,1.913989285001512497e-01,8.955497687911909699e-01
1.921953247677709919e+00,6.229255110990065125e-01,-2.428949876908647887e-01,1.907771735374462485e-01,8.972308361420873180e-01
1.924337792650014700e+00,6.223464934370260826e-01,-2.427470079447850704e-01,1.901572394929136045e-01,8.989106046810012574e-01
1.926722337622319703e+00,6.217678290732041591e-01,-2.425986647690004938e-01,1.895391226521407069e-01,9.005890684993872464e-01
1.929106882594624484e+00,6.211895188712061033e-01,-2.424499606358391512e-01,1.889228192956769192e-01,9.022662217248205163e-01
1.931491427566929264e+00,6.206115636888113185e-01,-2.423008980095356923e-01,1.883083256991533727e-01,9.039420585209241299e-01
1.933875972539234267e+00,6.200339643779325671e-01,-2.421514793462358761e-01,1.876956381334024815e-01,9.056165730872937081e-01
1.936260517511539048e+00,6.194567217846361773e-01,-2.420017070940012616e-01,1.870847528645777913e-01,9.072897596594208247e-01
1.938645062483843828e+00,6.188798367491598063e-01,-2.418515836928141205e-01,1.864756661542702199e-01,9.089616125086188436e-01
1.941029607456148831e+00,6.183033101059329795e-01,-2.417011115745823224e-01,1.858683742596265176e-01,9.106321259419454250e-01
1.943414152428453612e+00,6.177271426835958534e-01,-2.415502931631447747e-01,1.852628734334650917e-01,9.123012943021260313e-01
1.945798697400758392e+00,6.171513353050183115e-01,-2.413991308742765851e-01,1.846591599243912751e-01,9.139691119674766551e-01
1.948183242373063395e+00,6.165758887873193927e-01,-2.412476271156947516e-01,1.840572299769122899e-01,9.156355733518267703e-01
1.950567787345368176e+00,6.160008039418864989e-01,-2.410957842870637968e-01,1.834570798315509621e-01,9.173006729044397289e-01
1.952952332317672957e+00,6.154260815743943791e-01,-2.409436047800017078e-01,1.828587057249587977e-01,9.189644051099358224e-01
1.955336877289977737e+00,6.148517224848244478e-01,-2.407910909780858477e-01,1.822621038900281154e-01,9.206267644882123458e-01
1.957721422262282740e+00,6.142777274674839916e-01,-2.406382452568592567e-01,1.816672705560037626e-01,9.222877455943646607e-01
1.960105967234587521e+00,6.137040973110254871e-01,-2.404850699838370076e-01,1.810742019485938326e-01,9.239473430186053715e-01
1.962490512206892301e+00,6.131308327984650308e-01,-2.403315675185126177e-01,1.804828942900788824e-01,9.256055513861854989e-01
1.964875057179197304e+00,6.125579347072019898e-01,-2.401777402123647653e-01,1.798933437994215123e-01,9.272623653573131008e-01
1.967259602151502085e+00,6.119854038090384307e-01,-2.400235904088641736e-01,1.793055466923749730e-01,9.289177796270721155e-01
1.969644147123806865e+00,6.114132408701971055e-01,-2.398691204434804658e-01,1.787194991815896361e-01,9.305717889253407593e-01
1.972028692096111868e+00,6.108414466513415464e-01,-2.397143326436893540e-01,1.781351974767207413e-01,9.322243880167112584e-01
1.974413237068416649e+00,6.102700219075948285e-01,-2.395592293289797725e-01,1.775526377845339510e-01,9.338755717004043611e-01
1.976797782040721430e+00,6.096989673885595540e-01,-2.394038128108610108e-01,1.769718163090116259e-01,9.355253348101882915e-01
1.979182327013026432e+00,6.091282838383353937e-01,-2.392480853928707907e-01,1.763927292514557155e-01,9.371736722142968157e-01
1.981566871985331213e+00,6.085579719955387379e-01,-2.390920493705829541e-01,1.758153728105919245e-01,9.388205788153451969e-01
1.983951416957635994e+00,6.079880325933212371e-01,-2.389357070316151521e-01,1.752397431826722141e-01,9.404660495502465967e-01
1.986335961929940996e+00,6.074184663593891198e-01,-2.387790606556367823e-01,1.746658365615773312e-01,9.421100793901285853e-01
1.988720506902245777e+00,6.068492740160223997e-01,-2.386221125143772603e-01,1.740936491389183105e-01,9.437526633402470999e-01
1.991105051874550558e+00,6.062804562800933050e-01,-2.384648648716341246e-01,1.735231771041366167e-01,9.453937964399034000e-01
1.993489596846855560e+00,6.057120138630852635e-01,-2.383073199832815847e-01,1.729544166446039533e-01,9.470334737623584687e-01
1.995874141819160341e+00,6.051439474711123312e-01,-2.381494800972789871e-01,1.723873639457220719e-01,9.486716904147467488e-01
1.998258686791465122e+00,6.045762578049371783e-01,-2.379913474536795859e-01,1.718220151910200000e-01,9.503084415379922101e-01
2.000643231763770125e+00,6.040089455599905177e-01,-2.378329242846391745e-01,1.712583665622524343e-01,9.519437223067208631e-01
2.003027776736074905e+00,6.034420114263900903e-01,-2.376742128144253008e-01,1.706964142394964967e-01,9.535775279291744955e-01
2.005412321708379686e+00,6.028754560889586500e-01,-2.375152152594260935e-01,1.701361544012472138e-01,9.552098536471249624e-01
2.007796866680684467e+00,6.023092802272436153e-01,-2.373559338281595321e-01,1.695775832245135784e-01,9.568406947357864789e-01
2.010181411652989247e+00,6.017434845155353873e-01,-2.371963707212828842e-01,1.690206968849129188e-01,9.584700465037284678e-01
2.012565956625294472e+00,6.011780696228858911e-01,-2.370365281316020312e-01,1.684654915567644073e-01,9.600979042927881846e-01
2.014950501597599253e+00,6.006130362131280043e-01,-2.368764082440812380e-01,1.679119634131830685e-01,9.617242634779823440e-01
2.017335046569904033e+00,6.000483849448936535e-01,-2.367160132358525348e-01,1.673601086261715387e-01,9.633491194674198566e-01
2.019719591542208814e+00,5.994841164716323556e-01,-2.365553452762259312e-01,1.668099233667117431e-01,9.649724677022130104e-01
2.022104136514513595e+00,5.989202314416303130e-01,-2.363944065266990746e-01,1.662614038048562393e-01,9.665943036563883206e-01
2.024488681486818376e+00,5.983567304980289547e-01,-2.362331991409674647e-01,1.657145461098184502e-01,9.682146228367985996e-01
2.026873226459123156e+00,5.977936142788433660e-01,-2.360717252649346398e-01,1.651693464500620934e-01,9.698334207830330289e-01
2.029257771431428381e+00,5.972308834169806069e-01,-2.359099870367223906e-01,1.646258009933897759e-01,9.714506930673278973e-01
2.031642316403733162e+00,5.966685385402591413e-01,-2.357479865866814184e-01,1.640839059070319517e-01,9.730664352944766726e-01
2.034026861376037942e+00,5.961065802714263784e-01,-2.355857260374016049e-01,1.635436573577334629e-01,9.746806431017411843e-01
2.036411406348342723e+00,5.955450092281775465e-01,-2.354232075037227256e-01,1.630050515118406096e-01,9.762933121587591412e-01
2.038795951320647504e+00,5.949838260231744558e-01,-2.352604330927453857e-01,1.624680845353874969e-01,9.779044381674565356e-01
2.041180496292952284e+00,5.944230312640633729e-01,-2.350974049038417613e-01,1.619327525941807733e-01,9.795140168619550503e-01
2.043565041265257509e+00,5.938626255534938947e-01,-2.349341250286665628e-01,1.613990518538847563e-01,9.811220440084820194e-01
2.045949586237562290e+00,5.933026094891371560e-01,-2.347705955511683040e-01,1.608669784801052549e-01,9.827285154052781690e-01
2.048334131209867071e+00,5.927429836637043703e-01,-2.346068185476002377e-01,1.603365286384729471e-01,9.843334268825084665e-01
2.050718676182171851e+00,5.921837486649645932e-01,-2.344427960865319294e-01,1.598076984947253698e-01,9.859367743021686392e-01
2.053103221154476632e+00,5.916249050757637074e-01,-2.342785302288605542e-01,1.592804842147896027e-01,9.875385535579944696e-01
2.055487766126781413e+00,5.910664534740425191e-01,-2.341140230278223877e-01,1.587548819648632870e-01,9.891387605753695356e-01
2.057872311099086637e+00,5.905083944328545220e-01,-2.339492765290044907e-01,1.582308879114945610e-01,9.907373913112335062e-01
2.060256856071391418e+00,5.899507285203849927e-01,-2.337842927703565055e-01,1.577084982216630238e-01,9.923344417539886608e-01
2.062641401043696199e+00,5.893934562999684212e-01,-2.336190737822022301e-01,1.571877090628579499e-01,9.939299079234087397e-01
2.065025946016000979e+00,5.888365783301067191e-01,-2.334536215872518028e-01,1.566685166031571153e-01,9.955237858705456855e-01
2.067410490988305760e+00,5.882800951644880927e-01,-2.332879382006136093e-01,1.561509170113052347e-01,9.971160716776370503e-01
2.069795035960610541e+00,5.877240073520040298e-01,-2.331220256298064397e-01,1.556349064567901508e-01,9.987067614580128483e-01
2.072179580932915322e+00,5.871683154367685065e-01,-2.329558858747715622e-01,1.551204811099204939e-01,1.000295851356001409e+00
2.074564125905220546e+00,5.866130199581349736e-01,-2.327895209278852129e-01,1.546076371419005391e-01,1.001883337546837671e+00
2.076948670877525327e+00,5.860581214507163406e-01,-2.326229327739706143e-01,1.540963707249074222e-01,1.003469216236566819e+00
2.079333215849830108e+00,5.855036204444009629e-01,-2.324561233903109925e-01,1.535866780321637481e-01,1.005053483661954017e+00
2.081717760822134888e+00,5.849495174643710715e-01,-2.322890947466618450e-01,1.530785552380120873e-01,1.006636136090388822e+00
2.084102305794439669e+00,5.843958130311207588e-01,-2.321218488052637363e-01,1.525719985179883331e-01,1.008217169819791481e+00
2.086486850766744450e+00,5.838425076604745190e-01,-2.319543875208550376e-01,1.520670040488950325e-01,1.009796581178518782e+00
2.088871395739049674e+00,5.832896018636040125e-01,-2.317867128406846111e-01,1.515635680088723014e-01,1.011374366525270130e+00
2.091255940711354455e+00,5.827370961470469402e-01,-2.316188267045251048e-01,1.510616865774704332e-01,1.012950522248991403e+00
2.093640485683659236e+00,5.821849910127244732e-01,-2.314507310446854982e-01,1.505613559357200926e-01,1.014525044768783246e+00
2.096025030655964017e+00,5.816332869579585729e-01,-2.312824277860246192e-01,1.500625722662022876e-01,1.016097930533804927e+00
2.098409575628268797e+00,5.810819844754906427e-01,-2.311139188459640226e-01,1.495653317531185911e-01,1.017669176023178412e+00
2.100794120600573578e+00,5.805310840534984029e-01,-2.309452061345015350e-01,1.490696305823594747e-01,1.019238777745895774e+00
2.103178665572878803e+00,5.799805861756138770e-01,-2.307762915542242721e-01,1.485754649415727269e-01,1.020806732240722603e+00
2.105563210545183583e+00,5.794304913209415986e-01,-2.306071770003224608e-01,1.480828310202318143e-01,1.022373036076102748e+00
2.107947755517488364e+00,5.788807999640752655e-01,-2.304378643606025956e-01,1.475917250097020239e-01,1.023937685850064838e+00
2.110332300489793145e+00,5.783315125751159469e-01,-2.302683555155011497e-01,1.471021431033074922e-01,1.025500678190124582e+00
2.112716845462097925e+00,5.777826296196895139e-01,-2.300986523380982862e-01,1.466140814963970695e-01,1.027062009753191063e+00
2.115101390434402706e+00,5.772341515589641814e-01,-2.299287566941315142e-01,1.461275363864095733e-01,1.028621677225470599e+00
2.117485935406707487e+00,5.766860788496678270e-01,-2.297586704420095105e-01,1.456425039729383197e-01,1.030179677322371035e+00
2.119870480379012712e+00,5.761384119441057550e-01,-2.295883954328259979e-01,1.451589804577954890e-01,1.031736006788406268e+00
2.122255025351317492e+00,5.755911512901779048e-01,-2.294179335103738171e-01,1.446769620450754634e-01,1.033290662397100101e+00
2.124639570323622273e+00,5.750442973313962813e-01,-2.292472865111586933e-01,1.441964449412177773e-01,1.034843640950890542e+00
2.127024115295927054e+00,5.744978505069022745e-01,-2.290764562644135860e-01,1.437174253550693170e-01,1.036394939281034322e+00
2.129408660268231834e+00,5.739518112514843118e-01,-2.289054445921126502e-01,1.432398994979465767e-01,1.037944554247510087e+00
2.131793205240536615e+00,5.734061799955945116e-01,-2.287342533089856411e-01,1.427638635836959713e-01,1.039492482738922696e+00
2.134177750212841840e+00,5.728609571653664467e-01,-2.285628842225320700e-01,1.422893138287552040e-01,1.041038721672407741e+00
2.136562295185146620e+00,5.723161431826324641e-01,-2.283913391330356923e-01,1.418162464522130239e-01,1.042583267993533180e+00
2.138946840157451401e+00,5.717717384649404488e-01,-2.282196198335788573e-01,1.413446576758686235e-01,1.044126118676206083e+00
2.141331385129756182e+00,5.712277434255712549e-01,-2.280477281100569686e-01,1.408745437242905352e-01,1.045667270722574038e+00
2.143715930102060963e+00,5.706841584735555806e-01,-2.278756657411931674e-01,1.404059008248748630e-01,1.047206721162929899e+00
2.146100475074365743e+00,5.701409840136912877e-01,-2.277034344985527925e-01,1.399387252079031529e-01,1.048744467055614527e+00
2.148485020046670968e+00,5.695982204465604992e-01,-2.275310361465582021e-01,1.394730131065997081e-01,1.050280505486921756e+00
2.150869565018975749e+00,5.690558681685465858e-01,-2.273584724425034842e-01,1.390087607571882100e-01,1.051814833570999363e+00
2.153254109991280529e+00,5.685139275718508189e-01,-2.271857451365691671e-01,1.385459643989474521e-01,1.053347448449755364e+00
2.155638654963585310e+00,5.679723990445095794e-01,-2.270128559718371797e-01,1.380846202742671558e-01,1.054878347292760088e+00
2.158023199935890091e+00,5.674312829704114547e-01,-2.268398066843057004e-01,1.376247246287031767e-01,1.056407527297149374e+00
2.160407744908194871e+00,5.668905797293134485e-01,-2.266665990029041733e-01,1.371662737110313224e-01,1.057934985687529084e+00
2.162792289880499652e+00,5.663502896968586331e-01,-2.264932346495083237e-01,1.367092637733019478e-01,1.059460719715876298e+00
2.165176834852804877e+00,5.658104132445924694e-01,-2.263197153389552019e-01,1.362536910708929960e-01,1.060984726661446054e+00
2.167561379825109658e+00,5.652709507399796829e-01,-2.261460427790583927e-01,1.357995518625629006e-01,1.062507003830670094e+00
2.169945924797414438e+00,5.647319025464208053e-01,-2.259722186706231428e-01,1.353468424105027101e-01,1.064027548557064495e+00
2.172330469769719219e+00,5.641932690232690506e-01,-2.257982447074615706e-01,1.348955589803880195e-01,1.065546358201130639e+00
2.174715014742024000e+00,5.636550505258471899e-01,-2.256241225764080427e-01,1.344456978414305393e-01,1.067063430150259284e+00
2.177099559714328780e+00,5.631172474054642052e-01,-2.254498539573342730e-01,1.339972552664286387e-01,1.068578761818632428e+00
2.179484104686634005e+00,5.625798600094313873e-01,-2.252754405231650880e-01,1.335502275318173337e-01,1.070092350647128709e+00
2.181868649658938786e+00,5.620428886810793223e-01,-2.251008839398937200e-01,1.331046109177183023e-01,1.071604194103225716e+00
2.184253194631243566e+00,5.615063337597738791e-01,-2.249261858665971836e-01,1.326604017079886233e-01,1.073114289680903166e+00
2.186637739603548347e+00,5.609701955809331952e-01,-2.247513479554518467e-01,1.322175961902698760e-01,1.074622634900546103e+00
2.189022284575853128e+00,5.604344744760439978e-01,-2.245763718517491403e-01,1.317761906560361851e-01,1.076129227308848746e+00
2.191406829548157909e+00,5.598991707726778122e-01,-2.244012591939110457e-01,1.313361814006417938e-01,1.077634064478718123e+00
2.193791374520463133e+00,5.593642847945072827e-01,-2.242260116135057768e-01,1.308975647233681650e-01,1.079137144009176152e+00
2.196175919492767914e+00,5.588298168613231587e-01,-2.240506307352635729e-01,1.304603369274711933e-01,1.080638463525263271e+00
2.198560464465072695e+00,5.582957672890497269e-01,-2.238751181770923804e-01,1.300244943202265857e-01,1.082138020677943180e+00
2.200945009437377475e+00,5.577621363897614648e-01,-2.236994755500936460e-01,1.295900332129760468e-01,1.083635813144004922e+00
2.203329554409682256e+00,5.572289244716991385e-01,-2.235237044585781652e-01,1.291569499211721872e-01,1.085131838625966738e+00
2.205714099381987037e+00,5.566961318392862346e-01,-2.233478065000820412e-01,1.287252407644235153e-01,1.086626094851980140e+00
2.208098644354291817e+00,5.561637587931446136e-01,-2.231717832653823952e-01,1.282949020665382633e-01,1.088118579575732214e+00
2.210483189326597042e+00,5.556318056301111641e-01,-2.229956363385135476e-01,1.278659301555685746e-01,1.089609290576350142e+00
2.212867734298901823e+00,5.551002726432536782e-01,-2.228193672967828665e-01,1.274383213638535239e-01,1.091098225658304166e+00
2.215252279271206604e+00,5.545691601218863953e-01,-2.226429777107868657e-01,1.270120720280616677e-01,1.092585382651311665e+00
2.217636824243511384e+00,5.540384683515866548e-01,-2.224664691444271925e-01,1.265871784892336760e-01,1.094070759410241012e+00
2.220021369215816165e+00,5.535081976142105509e-01,-2.222898431549267806e-01,1.261636370928241324e-01,1.095554353815014981e+00
2.222405914188120946e+00,5.529783481879088081e-01,-2.221131012928459492e-01,1.257414441887427514e-01,1.097036163770513939e+00
2.224790459160426170e+00,5.524489203471426579e-01,-2.219362451020985838e-01,1.253205961313952899e-01,1.098516187206481254e+00
2.227175004132730951e+00,5.519199143626998261e-01,-2.217592761199684570e-01,1.249010892797242367e-01,1.099994422077424927e+00
2.229559549105035732e+00,5.513913305017101862e-01,-2.215821958771251876e-01,1.244829199972484896e-01,1.101470866362524337e+00
2.231944094077340512e+00,5.508631690276614146e-01,-2.214050058976407276e-01,1.240660846521029759e-01,1.102945518065531649e+00
2.234328639049645293e+00,5.503354302004149767e-01,-2.212277076990055713e-01,1.236505796170778299e-01,1.104418375214677228e+00
2.236713184021950074e+00,5.498081142762214490e-01,-2.210503027921451313e-01,1.232364012696568201e-01,1.105889435862574377e+00
2.239097728994255299e+00,5.492812215077363946e-01,-2.208727926814359754e-01,1.228235459920556105e-01,1.107358698086121862e+00
2.241482273966560079e+00,5.487547521440362397e-01,-2.206951788647223966e-01,1.224120101712598135e-01,1.108826159986408877e+00
2.243866818938864860e+00,5.482287064306332613e-01,-2.205174628333326503e-01,1.220017901990617520e-01,1.110291819688620896e+00
2.246251363911169641e+00,5.477030846094911309e-01,-2.203396460720954131e-01,1.215928824720973606e-01,1.111755675341941085e+00
2.248635908883474421e+00,5.471778869190410122e-01,-2.201617300593563531e-01,1.211852833918831002e-01,1.113217725119458157e+00
2.251020453855779202e+00,5.466531135941964381e-01,-2.199837162669945334e-01,1.207789893648514301e-01,1.114677967218068888e+00
2.253404998828084427e+00,5.461287648663687433e-01,-2.198056061604388711e-01,1.203739968023864321e-01,1.116136399858382644e+00
2.255789543800389207e+00,5.456048409634828289e-01,-2.196274011986848740e-01,1.199703021208592402e-01,1.117593021284627230e+00
2.258174088772693988e+00,5.450813421099919287e-01,-2.194491028343109607e-01,1.195679017416622913e-01,1.119047829764553192e+00
2.260558633744998769e+00,5.445582685268933743e-01,-2.192707125134952251e-01,1.191667920912439088e-01,1.120500823589339445e+00
2.262943178717303550e+00,5.440356204317434718e-01,-2.190922316760318955e-01,1.187669696011419973e-01,1.121952001073497129e+00
2.265327723689608330e+00,5.435133980386730457e-01,-2.189136617553480713e-01,1.183684307080175996e-01,1.123401360554775241e+00
2.267712268661913111e+00,5.429916015584022038e-01,-2.187350041785203758e-01,1.179711718536877035e-01,1.124848900394066264e+00
2.270096813634218336e+00,5.424702311982555480e-01,-2.185562603662914161e-01,1.175751894851578411e-01,1.126294618975310913e+00
2.272481358606523116e+00,5.419492871621778285e-01,-2.183774317330868797e-01,1.171804800546547703e-01,1.127738514705403983e+00
2.274865903578827897e+00,5.414287696507481540e-01,-2.181985196870317445e-01,1.167870400196576175e-01,1.129180586014099097e+00
2.277250448551132678e+00,5.409086788611958685e-01,-2.180195256299673479e-01,1.163948658429298649e-01,1.130620831353915445e+00
2.279634993523437458e+00,5.403890149874146509e-01,-2.178404509574679848e-01,1.160039539925497576e-01,1.132059249200042750e+00
2.282019538495742239e+00,5.398697782199779471e-01,-2.176612970588577833e-01,1.156143009419412226e-01,1.133495838050247340e+00
2.284404083468047464e+00,5.393509687461537361e-01,-2.174820653172273577e-01,1.152259031699039565e-01,1.134930596424778670e+00
2.286788628440352245e+00,5.388325867499194066e-01,-2.173027571094507393e-01,1.148387571606432622e-01,1.136363522866273845e+00
2.289173173412657025e+00,5.383146324119764126e-01,-2.171233738062019469e-01,1.144528594037993313e-01,1.137794615939665466e+00
2.291557718384961806e+00,5.377971059097652606e-01,-2.169439167719720285e-01,1.140682063944764152e-01,1.139223874232087041e+00
2.293942263357266587e+00,5.372800074174801654e-01,-2.167643873650857977e-01,1.136847946332714132e-01,1.140651296352780175e+00
2.296326808329571367e+00,5.367633371060833714e-01,-2.165847869377187374e-01,1.133026206263017949e-01,1.142076880932999527e+00
2.298711353301876592e+00,5.362470951433203625e-01,-2.164051168359137078e-01,1.129216808852339660e-01,1.143500626625921113e+00
2.301095898274181373e+00,5.357312816937345179e-01,-2.162253783995981282e-01,1.125419719273106911e-01,1.144922532106548596e+00
2.303480443246486153e+00,5.352158969186807669e-01,-2.160455729626004906e-01,1.121634902753776281e-01,1.146342596071619591e+00
2.305864988218790934e+00,5.347009409763410215e-01,-2.158657018526675131e-01,1.117862324579106253e-01,1.147760817239513953e+00
2.308249533191095715e+00,5.341864140217384982e-01,-2.156857663914809042e-01,1.114101950090420484e-01,1.149177194350159192e+00
2.310634078163400495e+00,5.336723162067517068e-01,-2.155057678946743493e-01,1.110353744685864119e-01,1.150591726164939432e+00
2.313018623135705276e+00,5.331586476801294383e-01,-2.153257076718504137e-01,1.106617673820664144e-01,1.152004411466602152e+00
2.315403168108010501e+00,5.326454085875045319e-01,-2.151455870265974735e-01,1.102893703007377935e-01,1.153415249059166037e+00
2.317787713080315282e+00,5.321325990714088627e-01,-2.149654072565067020e-01,1.099181797816147083e-01,1.154824237767827277e+00
2.320172258052620062e+00,5.316202192712872199e-01,-2.147851696531888899e-01,1.095481923874939700e-01,1.156231376438869418e+00
2.322556803024924843e+00,5.311082693235112950e-01,-2.146048755022914867e-01,1.091794046869791063e-01,1.157636663939570765e+00
2.324941347997229624e+00,5.305967493613945596e-01,-2.144245260835155875e-01,1.088118132545046052e-01,1.159040099158111570e+00
2.327325892969534404e+00,5.300856595152058093e-01,-2.142441226706328361e-01,1.084454146703590222e-01,1.160441681003482772e+00
2.329710437941839629e+00,5.295749999121834861e-01,-2.140636665315023834e-01,1.080802055207082252e-01,1.161841408405395848e+00
2.332094982914144410e+00,5.290647706765502223e-01,-2.138831589280880408e-01,1.077161823976185290e-01,1.163239280314188440e+00
2.334479527886449191e+00,5.285549719295259408e-01,-2.137026011164749606e-01,1.073533418990784832e-01,1.164635295700735762e+00
2.336864072858753971e+00,5.280456037893427323e-01,-2.135219943468868731e-01,1.069916806290215627e-01,1.166029453556358231e+00
2.339248617831058752e+00,5.275366663712580673e-01,-2.133413398637029335e-01,1.066311951973474420e-01,1.167421752892730424e+00
2.341633162803363533e+00,5.270281597875694501e-01,-2.131606389054748196e-01,1.062718822199439639e-01,1.168812192741790934e+00
2.344017707775668757e+00,5.265200841476277427e-01,-2.129798927049435520e-01,1.059137383187077619e-01,1.170200772155651103e+00
2.346402252747973538e+00,5.260124395578513745e-01,-2.127991024890567850e-01,1.055567601215653961e-01,1.171587490206503990e+00
2.348786797720278319e+00,5.255052261217397769e-01,-2.126182694789854610e-01,1.052009442624934343e-01,1.172972345986535547e+00
2.351171342692583099e+00,5.249984439398873715e-01,-2.124373948901410181e-01,1.048462873815387969e-01,1.174355338607832699e+00
2.353555887664887880e+00,5.244920931099971151e-01,-2.122564799321923490e-01,1.044927861248383522e-01,1.175736467202294966e+00
2.355940432637192661e+00,5.239861737268945996e-01,-2.120755258090827600e-01,1.041404371446387478e-01,1.177115730921543202e+00
2.358324977609497441e+00,5.234806858825409304e-01,-2.118945337190470124e-01,1.037892370993149793e-01,1.178493128936830114e+00
2.360709522581802666e+00,5.229756296660470483e-01,-2.117135048546281983e-01,1.034391826533896941e-01,1.179868660438951444e+00
2.363094067554107447e+00,5.224710051636871633e-01,-2.115324404026949490e-01,1.030902704775516904e-01,1.181242324638155594e+00
2.365478612526412228e+00,5.219668124589115221e-01,-2.113513415444582544e-01,1.027424972486735422e-01,1.182614120764054810e+00
2.367863157498717008e+00,5.214630516323610632e-01,-2.111702094554884501e-01,1.023958596498302787e-01,1.183984048065536809e+00
2.370247702471021789e+00,5.209597227618797399e-01,-2.109890453057322590e-01,1.020503543703162735e-01,1.185352105810674628e+00
2.372632247443326570e+00,5.204568259225286209e-01,-2.108078502595297499e-01,1.017059781056628975e-01,1.186718293286638470e+00
2.375016792415631794e+00,5.199543611865989901e-01,-2.106266254756312961e-01,1.013627275576554354e-01,1.188082609799607336e+00
2.377401337387936575e+00,5.194523286236258919e-01,-2.104453721072146732e-01,1.010205994343497671e-01,1.189445054674680202e+00
2.379785882360241356e+00,5.189507283004008986e-01,-2.102640913019017954e-01,1.006795904500885075e-01,1.190805627255788091e+00
2.382170427332546137e+00,5.184495602809857662e-01,-2.100827842017758962e-01,1.003396973255172853e-01,1.192164326905606364e+00
2.384554972304850917e+00,5.179488246267254237e-01,-2.099014519433983206e-01,1.000009167876004246e-01,1.193521153005466351e+00
2.386939517277155698e+00,5.174485213962614072e-01,-2.097200956578256503e-01,9.966324556963658543e-02,1.194876104955267415e+00
2.389324062249460923e+00,5.169486506455442942e-01,-2.095387164706264127e-01,9.932668041127350189e-02,1.196229182173391026e+00
2.391708607221765703e+00,5.164492124278476926e-01,-2.093573155018982890e-01,9.899121805852349743e-02,1.197580384096610606e+00
2.394093152194070484e+00,5.159502067937805636e-01,-2.091758938662848233e-01,9.865685526377764025e-02,1.198929710180007158e+00
2.396477697166375265e+00,5.154516337913005453e-01,-2.089944526729924090e-01,9.832358878582027339e-02,1.200277159896881107e+00
2.398862242138680045e+00,5.149534934657266083e-01,-2.088129930258072753e-01,9.799141538984287858e-02,1.201622732738665267e+00
2.401246787110984826e+00,5.144557858597521571e-01,-2.086315160231123067e-01,9.766033184745795404e-02,1.202966428214839123e+00
2.403631332083289607e+00,5.139585110134581303e-01,-2.084500227579039466e-01,9.733033493671269798e-02,1.204308245852841575e+00
2.406015877055594832e+00,5.134616689643253240e-01,-2.082685143178090725e-01,9.700142144210181783e-02,1.205648185197984779e+00
2.408400422027899612e+00,5.129652597472476039e-01,-2.080869917851020379e-01,9.667358815458079735e-02,1.206986245813368885e+00
2.410784967000204393e+00,5.124692833945442283e-01,-2.079054562367212700e-01,9.634683187157828954e-02,1.208322427279795219e+00
2.413169511972509174e+00,5.119737399359730601e-01,-2.077239087442862842e-01,9.602114939700882867e-02,1.209656729195681457e+00
2.415554056944813954e+00,5.114786293987428900e-01,-2.075423503741145037e-01,9.569653754128470968e-02,1.210989151176975920e+00
2.417938601917118735e+00,5.109839518075259823e-01,-2.073607821872381074e-01,9.537299312132785367e-02,1.212319692857071640e+00
2.420323146889423960e+00,5.104897071844707312e-01,-2.071792052394207384e-01,9.505051296058142363e-02,1.213648353886722653e+00
2.422707691861728740e+00,5.099958955492148727e-01,-2.069976205811745740e-01,9.472909388902160666e-02,1.214975133933957174e+00
2.425092236834033521e+00,5.095025169188966974e-01,-2.068160292577768122e-01,9.440873274316780028e-02,1.216300032683994559e+00
2.427476781806338302e+00,5.090095713081685957e-01,-2.066344323092866031e-01,9.408942636609425592e-02,1.217623049839159810e+00
2.429861326778643082e+00,5.085170587292089373e-01,-2.064528307705618682e-01,9.377117160744018187e-02,1.218944185118800982e+00
2.432245871750947863e+00,5.080249791917346158e-01,-2.062712256712759540e-01,9.345396532342020723e-02,1.220263438259202360e+00
2.434630416723253088e+00,5.075333327030134845e-01,-2.060896180359343965e-01,9.313780437683449875e-02,1.221580809013502522e+00
2.437014961695557869e+00,5.070421192678764566e-01,-2.059080088838917966e-01,9.282268563707843367e-02,1.222896297151609524e+00
2.439399506667862649e+00,5.065513388887301627e-01,-2.057263992293682786e-01,9.250860598015246683e-02,1.224209902460118959e+00
2.441784051640167430e+00,5.060609915655682745e-01,-2.055447900814663942e-01,9.219556228867077652e-02,1.225521624742229143e+00
2.444168596612472211e+00,5.055710772959849386e-01,-2.053631824441876919e-01,9.188355145187124262e-02,1.226831463817658285e+00
2.446553141584776991e+00,5.050815960751859901e-01,-2.051815773164494816e-01,9.157257036562363450e-02,1.228139419522561893e+00
2.448937686557081772e+00,5.045925478960012756e-01,-2.049999756921013772e-01,9.126261593243836789e-02,1.229445491709449945e+00
2.451322231529386997e+00,5.041039327488967547e-01,-2.048183785599419771e-01,9.095368506147487320e-02,1.230749680247104738e+00
2.453706776501691778e+00,5.036157506219870461e-01,-2.046367869037356568e-01,9.064577466855006094e-02,1.232051985020497176e+00
2.456091321473996558e+00,5.031280015010463069e-01,-2.044552017022288337e-01,9.033888167614551046e-02,1.233352405930706830e+00
2.458475866446301339e+00,5.026406853695211119e-01,-2.042736239291667866e-01,9.003300301341572720e-02,1.234650942894838677e+00
2.460860411418606120e+00,5.021538022085418884e-01,-2.040920545533102259e-01,8.972813561619523426e-02,1.235947595845941382e+00
2.463244956390910900e+00,5.016673519969352402e-01,-2.039104945384517253e-01,8.942427642700612189e-02,1.237242364732926481e+00
2.465629501363216125e+00,5.011813347112350492e-01,-2.037289448434322914e-01,8.912142239506454233e-02,1.238535249520485992e+00
2.468014046335520906e+00,5.006957503256951325e-01,-2.035474064221580170e-01,8.881957047628798174e-02,1.239826250189012935e+00
2.470398591307825686e+00,5.002105988123002334e-01,-2.033658802236163743e-01,8.851871763330133869e-02,1.241115366734518943e+00
2.472783136280130467e+00,4.997258801407781781e-01,-2.031843671918927563e-01,8.821886083544352997e-02,1.242402599168554334e+00
2.475167681252435248e+00,4.992415942786112559e-01,-2.030028682661869921e-01,8.791999705877333315e-02,1.243687947518127945e+00
2.477552226224740028e+00,4.987577411910480429e-01,-2.028213843808297501e-01,8.762212328607549283e-02,1.244971411825626317e+00
2.479936771197045253e+00,4.982743208411150038e-01,-2.026399164652989138e-01,8.732523650686625782e-02,1.246252992148733973e+00
2.482321316169350034e+00,4.977913331896280935e-01,-2.024584654442361242e-01,8.702933371739894619e-02,1.247532688560353265e+00
2.484705861141654815e+00,4.973087781952040265e-01,-2.022770322374629892e-01,8.673441192066898286e-02,1.248810501148525542e+00
2.487090406113959595e+00,4.968266558142718781e-01,-2.020956177599974868e-01,8.644046812641904831e-02,1.250086430016351002e+00
2.489474951086264376e+00,4.963449660010845754e-01,-2.019142229220703411e-01,8.614749935114386636e-02,1.251360475281910078e+00
2.491859496058569157e+00,4.958637087077303329e-01,-2.017328486291413425e-01,8.585550261809489492e-02,1.252632637078183508e+00
2.494244041030873937e+00,4.953828838841436988e-01,-2.015514957819155295e-01,8.556447495728448926e-02,1.253902915552975061e+00
2.496628586003179162e+00,4.949024914781173234e-01,-2.013701652763595917e-01,8.527441340549042625e-02,1.255171310868831824e+00
2.499013130975483943e+00,4.944225314353130063e-01,-2.011888580037181906e-01,8.498531500625976232e-02,1.256437823202966264e+00
2.501397675947788724e+00,4.939430036992727979e-01,-2.010075748505298632e-01,8.469717680991251108e-02,1.257702452747177846e+00
2.503782220920093504e+00,4.934639082114305464e-01,-2.008263166986435921e-01,8.440999587354548750e-02,1.258965199707776428e+00
2.506166765892398285e+00,4.929852449111226664e-01,-2.006450844252347099e-01,8.412376926103549979e-02,1.260226064305502325e+00
2.508551310864703066e+00,4.925070137355996303e-01,-2.004638789028213020e-01,8.383849404304270780e-02,1.261485046775451702e+00
2.510935855837008290e+00,4.920292146200366812e-01,-2.002827009992801111e-01,8.355416729701353740e-02,1.262742147366996415e+00
2.513320400809313071e+00,4.915518474975454355e-01,-2.001015515778628295e-01,8.327078610718376128e-02,1.263997366343708739e+00
2.515704945781617852e+00,4.910749122991842630e-01,-1.999204314972120866e-01,8.298834756458077500e-02,1.265250703983284097e+00
2.518089490753922632e+00,4.905984089539696114e-01,-1.997393416113775466e-01,8.270684876702630306e-02,1.266502160577465119e+00
2.520474035726227413e+00,4.901223373888868862e-01,-1.995582827698319517e-01,8.242628681913860555e-02,1.267751736431963927e+00
2.522858580698532194e+00,4.896466975289012757e-01,-1.993772558174870813e-01,8.214665883233454591e-02,1.268999431866387306e+00
2.525243125670837419e+00,4.891714892969686868e-01,-1.991962615947098225e-01,8.186796192483151990e-02,1.270245247214160100e+00
2.527627670643142199e+00,4.886967126140466244e-01,-1.990153009373382131e-01,8.159019322164923205e-02,1.271489182822449715e+00
2.530012215615446980e+00,4.882223673991048507e-01,-1.988343746766971509e-01,8.131334985461115272e-02,1.272731239052090180e+00
2.532396760587751761e+00,4.877484535691359868e-01,-1.986534836396144643e-01,8.103742896234586435e-02,1.273971416277507540e+00
2.534781305560056541e+00,4.872749710391666156e-01,-1.984726286484368163e-01,8.076242769028837976e-02,1.275209714886645029e+00
2.537165850532361322e+00,4.868019197222675509e-01,-1.982918105210455251e-01,8.048834319068100263e-02,1.276446135280886907e+00
2.539550395504666103e+00,4.863292995295647736e-01,-1.981110300708723848e-01,8.021517262257436831e-02,1.277680677874985404e+00
2.541934940476971327e+00,4.858571103702497562e-01,-1.979302881069154862e-01,7.994291315182787405e-02,1.278913343096985011e+00
2.544319485449276108e+00,4.853853521515902880e-01,-1.977495854337552039e-01,7.967156195111044226e-02,1.280144131388149642e+00
2.546704030421580889e+00,4.849140247789408553e-01,-1.975689228515695728e-01,7.940111619990071479e-02,1.281373043202887363e+00
2.549088575393885669e+00,4.844431281557529112e-01,-1.973883011561503031e-01,7.913157308448710847e-02,1.282600079008677785e+00
2.551473120366190450e+00,4.839726621835857001e-01,-1.972077211389184626e-01,7.886292979796805103e-02,1.283825239285998121e+00
2.553857665338495231e+00,4.835026267621164719e-01,-1.970271835869400467e-01,7.859518354025171738e-02,1.285048524528249470e+00
2.556242210310800456e+00,4.830330217891506961e-01,-1.968466892829417447e-01,7.832833151805562721e-02,1.286269935241685092e+00
2.558626755283105236e+00,4.825638471606328861e-01,-1.966662390053265097e-01,7.806237094490640904e-02,1.287489471945335362e+00
2.561011300255410017e+00,4.820951027706563141e-01,-1.964858335281891855e-01,7.779729904113888428e-02,1.288707135170938045e+00
2.563395845227714798e+00,4.816267885114734471e-01,-1.963054736213320217e-01,7.753311303389533171e-02,1.289922925462863246e+00
2.565780390200019578e+00,4.811589042735065491e-01,-1.961251600502802450e-01,7.726981015712475198e-02,1.291136843378043020e+00
2.568164935172324359e+00,4.806914499453571743e-01,-1.959448935762976296e-01,7.700738765158139654e-02,1.292348889485898544e+00
2.570549480144629584e+00,4.802244254138168800e-01,-1.957646749564019018e-01,7.674584276482383782e-02,1.293559064368268841e+00
2.572934025116934365e+00,4.797578305638772744e-01,-1.955845049433802552e-01,7.648517275121344272e-02,1.294767368619338832e+00
2.575318570089239145e+00,4.792916652787396758e-01,-1.954043842858046998e-01,7.622537487191267946e-02,1.295973802845568512e+00
2.577703115061543926e+00,4.788259294398253263e-01,-1.952243137280476049e-01,7.596644639488345230e-02,1.297178367665622112e+00
2.580087660033848707e+00,4.783606229267857168e-01,-1.950442940102969369e-01,7.570838459488540839e-02,1.298381063710297045e+00
2.582472205006153487e+00,4.778957456175120799e-01,-1.948643258685716362e-01,7.545118675347375903e-02,1.299581891622452412e+00
2.584856749978458268e+00,4.774312973881458255e-01,-1.946844100347369932e-01,7.519485015899728120e-02,1.300780852056940384e+00
2.587241294950763493e+00,4.769672781130877559e-01,-1.945045472365198314e-01,7.493937210659577797e-02,1.301977945680535376e+00
2.589625839923068273e+00,4.765036876650086684e-01,-1.943247381975239385e-01,7.468474989819796905e-02,1.303173173171862764e+00
2.592010384895373054e+00,4.760405259148586254e-01,-1.941449836372450000e-01,7.443098084251870139e-02,1.304366535221331613e+00
2.594394929867677835e+00,4.755777927318768361e-01,-1.939652842710860581e-01,7.417806225505618745e-02,1.305558032531063395e+00
2.596779474839982615e+00,4.751154879836015921e-01,-1.937856408103725836e-01,7.392599145808934069e-02,1.306747665814823822e+00
2.599164019812287396e+00,4.746536115358797048e-01,-1.936060539623675747e-01,7.367476578067463922e-02,1.307935435797952684e+00
2.601548564784592621e+00,4.741921632528763864e-01,-1.934265244302866837e-01,7.342438255864305874e-02,1.309121343217296562e+00
2.603933109756897402e+00,4.737311429970849641e-01,-1.932470529133133996e-01,7.317483913459690847e-02,1.310305388821138672e+00
2.606317654729202182e+00,4.732705506293360953e-01,-1.930676401066138970e-01,7.292613285790623678e-02,1.311487573369132242e+00
2.608702199701506963e+00,4.728103860088076482e-01,-1.928882867013521907e-01,7.267826108470543112e-02,1.312667897632231018e+00
2.611086744673811744e+00,4.723506489930341390e-01,-1.927089933847050407e-01,7.243122117788960979e-02,1.313846362392622202e+00
2.613471289646116524e+00,4.718913394379161685e-01,-1.925297608398769678e-01,7.218501050711072231e-02,1.315022968443658291e+00
2.615855834618421749e+00,4.714324571977299705e-01,-1.923505897461151026e-01,7.193962644877376078e-02,1.316197716589790012e+00
2.618240379590726530e+00,4.709740021251369591e-01,-1.921714807787242019e-01,7.169506638603277693e-02,1.317370607646498382e+00
2.620624924563031310e+00,4.705159740711926109e-01,-1.919924346090813028e-01,7.145132770878644124e-02,1.318541642440229200e+00
2.623009469535336091e+00,4.700583728853563459e-01,-1.918134519046507391e-01,7.120840781367406003e-02,1.319710821808325107e+00
2.625394014507640872e+00,4.696011984155005758e-01,-1.916345333289988240e-01,7.096630410407105127e-02,1.320878146598958969e+00
2.627778559479945653e+00,4.691444505079200300e-01,-1.914556795418086710e-01,7.072501399008446210e-02,1.322043617671068816e+00
2.630163104452250433e+00,4.686881290073411366e-01,-1.912768911988948772e-01,7.048453488854831972e-02,1.323207235894290346e+00
2.632547649424555658e+00,4.682322337569307935e-01,-1.910981689522182059e-01,7.024486422301876032e-02,1.324369002148891861e+00
2.634932194396860439e+00,4.677767645983063050e-01,-1.909195134499004631e-01,7.000599942376943552e-02,1.325528917325708322e+00
2.637316739369165219e+00,4.673217213715436524e-01,-1.907409253362387647e-01,6.976793792778618331e-02,1.326686982326076514e+00
2.639701284341470000e+00,4.668671039151872093e-01,-1.905624052517204126e-01,6.953067717876214304e-02,1.327843198061768648e+00
2.642085829313774781e+00,4.664129120662584560e-01,-1.903839538330374392e-01,6.929421462709244028e-02,1.328997565454929530e+00
2.644470374286079561e+00,4.659591456602653614e-01,-1.902055717131010126e-01,6.905854772986894097e-02,1.330150085438009500e+00
2.646854919258384786e+00,4.655058045312109871e-01,-1.900272595210560356e-01,6.882367395087470030e-02,1.331300758953701591e+00
2.649239464230689567e+00,4.650528885116028133e-01,-1.898490178822957453e-01,6.858959076057853654e-02,1.332449586954876253e+00
2.651624009202994348e+00,4.646003974324613983e-01,-1.896708474184758131e-01,6.835629563612925785e-02,1.333596570404517845e+00
2.654008554175299128e+00,4.641483311233294273e-01,-1.894927487475291106e-01,6.812378606134994463e-02,1.334741710275660909e+00
2.656393099147603909e+00,4.636966894122804272e-01,-1.893147224836798370e-01,6.789205952673205147e-02,1.335885007551326442e+00
2.658777644119908690e+00,4.632454721259278152e-01,-1.891367692374579523e-01,6.766111352942950907e-02,1.337026463224457951e+00
2.661162189092213914e+00,4.627946790894333917e-01,-1.889588896157135545e-01,6.743094557325246541e-02,1.338166078297860162e+00
2.663546734064518695e+00,4.623443101265166111e-01,-1.887810842216310347e-01,6.720155316866141537e-02,1.339303853784132192e+00
2.665931279036823476e+00,4.618943650594626860e-01,-1.886033536547433997e-01,6.697293383276056722e-02,1.340439790705610479e+00
2.668315824009128256e+00,4.614448437091316357e-01,-1.884256985109463711e-01,6.674508508929163919e-02,1.341573890094300836e+00
2.670700368981433037e+00,4.609957458949668352e-01,-1.882481193825127352e-01,6.651800446862730920e-02,1.342706152991820057e+00
2.673084913953737818e+00,4.605470714350037853e-01,-1.880706168581063042e-01,6.629168950776473390e-02,1.343836580449331963e+00
2.675469458926043043e+00,4.600988201458783844e-01,-1.878931915227960714e-01,6.606613775031866531e-02,1.344965173527485902e+00
2.677854003898347823e+00,4.596509918428358099e-01,-1.877158439580704774e-01,6.584134674651487273e-02,1.346091933296355458e+00
2.680238548870652604e+00,4.592035863397387341e-01,-1.875385747418511495e-01,6.561731405318309285e-02,1.347216860835377394e+00
2.682623093842957385e+00,4.587566034490762057e-01,-1.873613844485070845e-01,6.539403723375025734e-02,1.348339957233289477e+00
2.685007638815262165e+00,4.583100429819716992e-01,-1.871842736488685821e-01,6.517151385823324872e-02,1.349461223588070968e+00
2.687392183787566946e+00,4.578639047481918856e-01,-1.870072429102412337e-01,6.494974150323191975e-02,1.350580661006880900e+00
2.689776728759871727e+00,4.574181885561547922e-01,-1.868302927964197169e-01,6.472871775192168275e-02,1.351698270605997454e+00
2.692161273732176952e+00,4.569728942129380189e-01,-1.866534238677017010e-01,6.450844019404622376e-02,1.352814053510758896e+00
2.694545818704481732e+00,4.565280215242877859e-01,-1.864766366809018916e-01,6.428890642591028604e-02,1.353928010855502739e+00
2.696930363676786513e+00,4.560835702946262060e-01,-1.862999317893654361e-01,6.407011405037180141e-02,1.355040143783505346e+00
2.699314908649091294e+00,4.556395403270602218e-01,-1.861233097429819960e-01,6.385206067683452114e-02,1.356150453446923754e+00
2.701699453621396074e+00,4.551959314233896547e-01,-1.859467710881994307e-01,6.363474392124034151e-02,1.357258941006735720e+00
2.704083998593700855e+00,4.547527433841153655e-01,-1.857703163680374248e-01,6.341816140606143515e-02,1.358365607632680216e+00
2.706468543566006080e+00,4.543099760084474137e-01,-1.855939461221011166e-01,6.320231076029245165e-02,1.359470454503199255e+00
2.708853088538310860e+00,4.538676290943133296e-01,-1.854176608865949483e-01,6.298718961944266281e-02,1.360573482805377488e+00
2.711237633510615641e+00,4.534257024383659962e-01,-1.852414611943360156e-01,6.277279562552780245e-02,1.361674693734886921e+00
2.713622178482920422e+00,4.529841958359916432e-01,-1.850653475747676968e-01,6.255912642706197568e-02,1.362774088495924962e+00
2.716006723455225202e+00,4.525431090813183399e-01,-1.848893205539732520e-01,6.234617967904969305e-02,1.363871668301159357e+00
2.718391268427529983e+00,4.521024419672234340e-01,-1.847133806546892854e-01,6.213395304297735650e-02,1.364967434371669119e+00
2.720775813399835208e+00,4.516621942853417671e-01,-1.845375283963190949e-01,6.192244418680505763e-02,1.366061387936886362e+00
2.723160358372139989e+00,4.512223658260737791e-01,-1.843617642949463287e-01,6.171165078495821632e-02,1.367153530234539893e+00
2.725544903344444769e+00,4.507829563785931692e-01,-1.841860888633481408e-01,6.150157051831901811e-02,1.368243862510598374e+00
2.727929448316749550e+00,4.503439657308546673e-01,-1.840105026110085973e-01,6.129220107421778918e-02,1.369332386019212144e+00
2.730313993289054331e+00,4.499053936696021938e-01,-1.838350060441320544e-01,6.108354014642453089e-02,1.370419102022656821e+00
2.732698538261359111e+00,4.494672399803764651e-01,-1.836595996656564811e-01,6.087558543514011433e-02,1.371504011791278232e+00
2.735083083233663892e+00,4.490295044475227093e-01,-1.834842839752665322e-01,6.066833464698747486e-02,1.372587116603434021e+00
2.737467628205969117e+00,4.485921868541984936e-01,-1.833090594694068987e-01,6.046178549500279970e-02,1.373668417745439241e+00
2.739852173178273897e+00,4.481552869823817176e-01,-1.831339266412955746e-01,6.025593569862675025e-02,1.374747916511509960e+00
2.742236718150578678e+00,4.477188046128776078e-01,-1.829588859809366808e-01,6.005078298369513623e-02,1.375825614203706193e+00
2.744621263122883459e+00,4.472827395253270999e-01,-1.827839379751338700e-01,5.984632508243022814e-02,1.376901512131879501e+00
2.747005808095188240e+00,4.468470914982139441e-01,-1.826090831075033449e-01,5.964255973343137590e-02,1.377975611613615925e+00
2.749390353067493020e+00,4.464118603088724768e-01,-1.824343218584867643e-01,5.943948468166589116e-02,1.379047913974180251e+00
2.751774898039798245e+00,4.459770457334951144e-01,-1.822596547053643434e-01,5.923709767845979773e-02,1.380118420546463609e+00
2.754159443012103026e+00,4.455426475471402914e-01,-1.820850821222678717e-01,5.903539648148868613e-02,1.381187132670925966e+00
2.756543987984407806e+00,4.451086655237391776e-01,-1.819106045801935356e-01,5.883437885476794360e-02,1.382254051695544828e+00
2.758928532956712587e+00,4.446750994361037268e-01,-1.817362225470148251e-01,5.863404256864360869e-02,1.383319178975759067e+00
2.761313077929017368e+00,4.442419490559340045e-01,-1.815619364874954955e-01,5.843438539978280249e-02,1.384382515874415631e+00
2.763697622901322148e+00,4.438092141538254598e-01,-1.813877468633022516e-01,5.823540513116408357e-02,1.385444063761715805e+00
2.766082167873627373e+00,4.433768944992761973e-01,-1.812136541330176265e-01,5.803709955206778903e-02,1.386503824015162367e+00
2.768466712845932154e+00,4.429449898606949154e-01,-1.810396587521528322e-01,5.783946645806659764e-02,1.387561798019504966e+00
2.770851257818236935e+00,4.425135000054074563e-01,-1.808657611731602222e-01,5.764250365101543372e-02,1.388617987166688605e+00
2.773235802790541715e+00,4.420824246996645779e-01,-1.806919618454461696e-01,5.744620893904188452e-02,1.389672392855799243e+00
2.775620347762846496e+00,4.416517637086487258e-01,-1.805182612153836685e-01,5.725058013653611111e-02,1.390725016493012722e+00
2.778004892735151277e+00,4.412215167964816942e-01,-1.803446597263248796e-01,5.705561506414112694e-02,1.391775859491541256e+00
2.780389437707456057e+00,4.407916837262316756e-01,-1.801711578186138696e-01,5.686131154874275034e-02,1.392824923271581694e+00
2.782773982679761282e+00,4.403622642599204218e-01,-1.799977559295989904e-01,5.666766742345957092e-02,1.393872209260264228e+00
2.785158527652066063e+00,4.399332581585304602e-01,-1.798244544936454803e-01,5.647468052763290197e-02,1.394917718891597769e+00
2.787543072624370843e+00,4.395046651820119776e-01,-1.796512539421479260e-01,5.628234870681652485e-02,1.395961453606422875e+00
2.789927617596675624e+00,4.390764850892900362e-01,-1.794781547035425862e-01,5.609066981276657898e-02,1.397003414852356462e+00
2.792312162568980405e+00,4.386487176382715680e-01,-1.793051572033199370e-01,5.589964170343127842e-02,1.398043604083742286e+00
2.794696707541285186e+00,4.382213625858524808e-01,-1.791322618640370234e-01,5.570926224294066309e-02,1.399082022761600985e+00
2.797081252513590410e+00,4.377944196879244854e-01,-1.789594691053296438e-01,5.551952930159616273e-02,1.400118672353577232e+00
2.799465797485895191e+00,4.373678886993822013e-01,-1.787867793439248676e-01,5.533044075586029259e-02,1.401153554333890439e+00
2.801850342458199972e+00,4.369417693741299291e-01,-1.786141929936530814e-01,5.514199448834612022e-02,1.402186670183284134e+00
2.804234887430504752e+00,4.365160614650886450e-01,-1.784417104654603126e-01,5.495418838780681547e-02,1.403218021388976666e+00
2.806619432402809533e+00,4.360907647242027729e-01,-1.782693321674204689e-01,5.476702034912506872e-02,1.404247609444609690e+00
2.809003977375114314e+00,4.356658789024472345e-01,-1.780970585047473020e-01,5.458048827330259228e-02,1.405275435850200205e+00
2.811388522347419539e+00,4.352414037498338883e-01,-1.779248898798067857e-01,5.439459006744933045e-02,1.406301502112090374e+00
2.813773067319724319e+00,4.348173390154187468e-01,-1.777528266921289957e-01,5.420932364477295401e-02,1.407325809742896672e+00
2.816157612292029100e+00,4.343936844473083037e-01,-1.775808693384201831e-01,5.402468692456795230e-02,1.408348360261464149e+00
2.818542157264333881e+00,4.339704397926665846e-01,-1.774090182125749315e-01,5.384067783220503056e-02,1.409369155192814915e+00
2.820926702236638661e+00,4.335476047977215863e-01,-1.772372737056878700e-01,5.365729429912015347e-02,1.410388196068100175e+00
2.823311247208943442e+00,4.331251792077721596e-01,-1.770656362060658295e-01,5.347453426280381061e-02,1.411405484424552048e+00
2.825695792181248223e+00,4.327031627671943381e-01,-1.768941060992397507e-01,5.329239566678996287e-02,1.412421021805435606e+00
2.828080337153553447e+00,4.322815552194482769e-01,-1.767226837679762852e-01,5.311087646064527323e-02,1.413434809759999355e+00
2.830464882125858228e+00,4.318603563070848583e-01,-1.765513695922900639e-01,5.292997459995810866e-02,1.414446849843429055e+00
2.832849427098163009e+00,4.314395657717516874e-01,-1.763801639494550488e-01,5.274968804632731989e-02,1.415457143616799307e+00
2.835233972070467789e+00,4.310191833542003081e-01,-1.762090672140166070e-01,5.257001476735144452e-02,1.416465692647026708e+00
2.837618517042772570e+00,4.305992087942922542e-01,-1.760380797578030565e-01,5.239095273661744517e-02,1.417472498506821221e+00
2.840003062015077351e+00,4.301796418310055992e-01,-1.758672019499374350e-01,5.221249993368960729e-02,1.418477562774640655e+00
2.842387606987382576e+00,4.297604822024414517e-01,-1.756964341568491850e-01,5.203465434409838830e-02,1.419480887034643368e+00
2.844772151959687356e+00,4.293417296458305610e-01,-1.755257767422857551e-01,5.185741395932928072e-02,1.420482472876641422e+00
2.847156696931992137e+00,4.289233838975392010e-01,-1.753552300673240916e-01,5.168077677681137683e-02,1.421482321896053502e+00
2.849541241904296918e+00,4.285054446930760541e-01,-1.751847944903822674e-01,5.150474079990632892e-02,1.422480435693860734e+00
2.851925786876601698e+00,4.280879117670980394e-01,-1.750144703672310287e-01,5.132930403789676826e-02,1.423476815876558055e+00
2.854310331848906479e+00,4.276707848534170853e-01,-1.748442580510052302e-01,5.115446450597521677e-02,1.424471464056111136e+00
2.856694876821211704e+00,4.272540636850060136e-01,-1.746741578922151872e-01,5.098022022523251984e-02,1.425464381849907536e+00
2.859079421793516484e+00,4.268377479940052011e-01,-1.745041702387583882e-01,5.080656922264659148e-02,1.426455570880714729e+00
2.861463966765821265e+00,4.264218375117284077e-01,-1.743342954359304309e-01,5.063350953107083330e-02,1.427445032776631484e+00
2.863848511738126046e+00,4.260063319686691052e-01,-1.741645338264367349e-01,5.046103918922271309e-02,1.428432769171046557e+00
2.866233056710430827e+00,4.255912310945066390e-01,-1.739948857504035884e-01,5.028915624167223236e-02,1.429418781702588959e+00
2.868617601682735607e+00,4.251765346181125005e-01,-1.738253515453896392e-01,5.011785873883046333e-02,1.430403072015089094e+00
2.871002146655040388e+00,4.247622422675562670e-01,-1.736559315463969133e-01,4.994714473693791235e-02,1.431385641757529026e+00
2.873386691627345613e+00,4.243483537701115971e-01,-1.734866260858821396e-01,4.977701229805289729e-02,1.432366492584002504e+00
2.875771236599650393e+00,4.239348688522626141e-01,-1.733174354937679351e-01,4.960745949004001509e-02,1.433345626153667007e+00
2.878155781571955174e+00,4.235217872397094574e-01,-1.731483600974537407e-01,4.943848438655834565e-02,1.434323044130702440e+00
2.880540326544259955e+00,4.231091086573746662e-01,-1.729794002218272009e-01,4.927008506704989160e-02,1.435298748184267392e+00
2.882924871516564735e+00,4.226968328294091748e-01,-1.728105561892749331e-01,4.910225961672790018e-02,1.436272739988454283e+00
2.885309416488869516e+00,4.222849594791980299e-01,-1.726418283196938241e-01,4.893500612656501159e-02,1.437245021222247621e+00
2.887693961461174741e+00,4.218734883293663307e-01,-1.724732169305017160e-01,4.876832269328153224e-02,1.438215593569479589e+00
2.890078506433479522e+00,4.214624191017856125e-01,-1.723047223366487302e-01,4.860220741933383992e-02,1.439184458718787862e+00
2.892463051405784302e+00,4.210517515175788983e-01,-1.721363448506277871e-01,4.843665841290222679e-02,1.440151618363571862e+00
2.894847596378089083e+00,4.206414852971271934e-01,-1.719680847824857639e-01,4.827167378787936003e-02,1.441117074201953008e+00
2.897232141350393864e+00,4.202316201600749812e-01,-1.717999424398342634e-01,4.810725166385825674e-02,1.442080827936728760e+00
2.899616686322698644e+00,4.198221558253362740e-01,-1.716319181278603556e-01,4.794339016612055027e-02,1.443042881275332867e+00
2.902001231295003869e+00,4.194130920110999972e-01,-1.714640121493374303e-01,4.778008742562440958e-02,1.444003235929792517e+00
2.904385776267308650e+00,4.190044284348363179e-01,-1.712962248046360769e-01,4.761734157899284031e-02,1.444961893616687254e+00
2.906770321239613430e+00,4.185961648133016966e-01,-1.711285563917344377e-01,4.745515076850152086e-02,1.445918856057105906e+00
2.909154866211918211e+00,4.181883008625450482e-01,-1.709610072062292263e-01,4.729351314206695772e-02,1.446874124976607945e+00
2.911539411184222992e+00,4.177808362979131829e-01,-1.707935775413461643e-01,4.713242685323446729e-02,1.447827702105178638e+00
2.913923956156527773e+00,4.173737708340565233e-01,-1.706262676879506945e-01,4.697189006116618548e-02,1.448779589177191740e+00
2.916308501128832553e+00,4.169671041849347670e-01,-1.704590779345584728e-01,4.681190093062904956e-02,1.449729787931365532e+00
2.918693046101137778e+00,4.165608360638223817e-01,-1.702920085673459150e-01,4.665245763198271056e-02,1.450678300110723962e+00
2.921077591073442559e+00,4.161549661833143232e-01,-1.701250598701608552e-01,4.649355834116757069e-02,1.451625127462556231e+00
2.923462136045747339e+00,4.157494942553312534e-01,-1.699582321245327876e-01,4.633520123969253612e-02,1.452570271738375718e+00
2.925846681018052120e+00,4.153444199911254797e-01,-1.697915256096833303e-01,4.617738451462310295e-02,1.453513734693880011e+00
2.928231225990356901e+00,4.149397431012860626e-01,-1.696249406025368278e-01,4.602010635856910309e-02,1.454455518088912047e+00
2.930615770962661681e+00,4.145354632957445329e-01,-1.694584773777304820e-01,4.586336496967264448e-02,1.455395623687418372e+00
2.933000315934966906e+00,4.141315802837802207e-01,-1.692921362076247604e-01,4.570715855159596108e-02,1.456334053257412275e+00
2.935384860907271687e+00,4.137280937740258069e-01,-1.691259173623138046e-01,4.555148531350927676e-02,1.457270808570931830e+00
2.937769405879576468e+00,4.133250034744725410e-01,-1.689598211096355329e-01,4.539634347007855120e-02,1.458205891404002363e+00
2.940153950851881248e+00,4.129223090924755701e-01,-1.687938477151818828e-01,4.524173124145330904e-02,1.459139303536596932e+00
2.942538495824186029e+00,4.125200103347595459e-01,-1.686279974423091355e-01,4.508764685325451771e-02,1.460071046752597690e+00
2.944923040796490810e+00,4.121181069074236758e-01,-1.684622705521479358e-01,4.493408853656225693e-02,1.461001122839757249e+00
2.947307585768796034e+00,4.117165985159471631e-01,-1.682966673036134786e-01,4.478105452790355490e-02,1.461929533589660046e+00
2.949692130741100815e+00,4.113154848651945916e-01,-1.681311879534156395e-01,4.462854306924018966e-02,1.462856280797683706e+00
2.952076675713405596e+00,4.109147656594208109e-01,-1.679658327560689668e-01,4.447655240795628934e-02,1.463781366262962402e+00
2.954461220685710376e+00,4.105144406022764869e-01,-1.678006019639026736e-01,4.432508079684618907e-02,1.464704791788347338e+00
2.956845765658015157e+00,4.101145093968132094e-01,-1.676354958270707685e-01,4.417412649410212139e-02,1.465626559180369437e+00
2.959230310630319938e+00,4.097149717454885987e-01,-1.674705145935618811e-01,4.402368776330189276e-02,1.466546670249203155e+00
2.961614855602624719e+00,4.093158273501715794e-01,-1.673056585092092541e-01,4.387376287339662256e-02,1.467465126808627396e+00
2.963999400574929943e+00,4.089170759121472098e-01,-1.671409278177005131e-01,4.372435009869834327e-02,1.468381930675988212e+00
2.966383945547234724e+00,4.085187171321225108e-01,-1.669763227605878253e-01,4.357544771886792678e-02,1.469297083672163273e+00
2.968768490519539505e+00,4.081207507102306287e-01,-1.668118435772973085e-01,4.342705401890242789e-02,1.470210587621524123e+00
2.971153035491844285e+00,4.077231763460364422e-01,-1.666474905051391620e-01,4.327916728912294120e-02,1.471122444351899539e+00
2.973537580464149066e+00,4.073259937385416141e-01,-1.664832637793171866e-01,4.313178582516224990e-02,1.472032655694539116e+00
2.975922125436453847e+00,4.069292025861891426e-01,-1.663191636329386935e-01,4.298490792795232190e-02,1.472941223484077078e+00
2.978306670408759071e+00,4.065328025868686357e-01,-1.661551902970239691e-01,4.283853190371204878e-02,1.473848149558495857e+00
2.980691215381063852e+00,4.061367934379216948e-01,-1.659913440005162666e-01,4.269265606393501250e-02,1.474753435759089681e+00
2.983075760353368633e+00,4.057411748361460790e-01,-1.658276249702911043e-01,4.254727872537682198e-02,1.475657083930430380e+00
2.985460305325673414e+00,4.053459464778012000e-01,-1.656640334311659524e-01,4.240239821004298387e-02,1.476559095920330078e+00
2.987844850297978194e+00,4.049511080586128409e-01,-1.655005696059098919e-01,4.225801284517637785e-02,1.477459473579806781e+00
2.990229395270282975e+00,4.045566592737778744e-01,-1.653372337152530513e-01,4.211412096324486376e-02,1.478358218763048626e+00
2.992613940242588200e+00,4.041625998179693147e-01,-1.651740259778960718e-01,4.197072090192893040e-02,1.479255333327378796e+00
2.994998485214892980e+00,4.037689293853412575e-01,-1.650109466105196543e-01,4.182781100410932346e-02,1.480150819133219775e+00
2.997383030187197761e+00,4.033756476695332105e-01,-1.648479958277938862e-01,4.168538961785446528e-02,1.481044678044061147e+00
2.999767575159502542e+00,4.029827543636754217e-01,-1.646851738423877054e-01,4.154345509640824941e-02,1.481936911926421852e+00
3.002152120131807322e+00,4.025902491603933209e-01,-1.645224808649781989e-01,4.140200579817750193e-02,1.482827522649817764e+00
3.004536665104112103e+00,4.021981317518122379e-01,-1.643599171042600393e-01,4.126104008671953316e-02,1.483716512086726835e+00
3.006921210076416884e+00,4.018064018295623430e-01,-1.641974827669546166e-01,4.112055633072982802e-02,1.484603882112554674e+00
3.009305755048722109e+00,4.014150590847831435e-01,-1.640351780578193919e-01,4.098055290402951439e-02,1.485489634605601461e+00
3.011690300021026889e+00,4.010241032081283685e-01,-1.638730031796572506e-01,4.084102818555301190e-02,1.486373771447027092e+00
3.014074844993331670e+00,4.006335338897702991e-01,-1.637109583333253848e-01,4.070198055933551412e-02,1.487256294520817645e+00
3.016459389965636451e+00,4.002433508194045975e-01,-1.635490437177447298e-01,4.056340841450058882e-02,1.488137205713754074e+00
3.018843934937941231e+00,3.998535536862550255e-01,-1.633872595299090402e-01,4.042531014524779892e-02,1.489016506915375793e+00
3.021228479910246012e+00,3.994641421790777192e-01,-1.632256059648938828e-01,4.028768415084015009e-02,1.489894200017949810e+00
3.023613024882551237e+00,3.990751159861660180e-01,-1.630640832158657683e-01,4.015052883559176722e-02,1.490770286916436094e+00
3.025997569854856017e+00,3.986864747953549615e-01,-1.629026914740913101e-01,4.001384260885540445e-02,1.491644769508457147e+00
3.028382114827160798e+00,3.982982182940257299e-01,-1.627414309289459959e-01,3.987762388501000371e-02,1.492517649694262927e+00
3.030766659799465579e+00,3.979103461691100296e-01,-1.625803017679233187e-01,3.974187108344819780e-02,1.493388929376699537e+00
3.033151204771770360e+00,3.975228581070949230e-01,-1.624193041766436307e-01,3.960658262856402156e-02,1.494258610461177028e+00
3.035535749744075140e+00,3.971357537940269355e-01,-1.622584383388631646e-01,3.947175694974033866e-02,1.495126694855636984e+00
3.037920294716380365e+00,3.967490329155166084e-01,-1.620977044364827202e-01,3.933739248133642785e-02,1.495993184470520765e+00
3.040304839688685146e+00,3.963626951567431611e-01,-1.619371026495567689e-01,3.920348766267568036e-02,1.496858081218737313e+00
3.042689384660989926e+00,3.959767402024584326e-01,-1.617766331563020021e-01,3.907004093803296413e-02,1.497721387015631844e+00
3.045073929633294707e+00,3.955911677369914337e-01,-1.616162961331062964e-01,3.893705075662227261e-02,1.498583103778954317e+00
3.047458474605599488e+00,3.952059774442529538e-01,-1.614560917545373175e-01,3.880451557258440126e-02,1.499443233428828126e+00
3.049843019577904268e+00,3.948211690077395586e-01,-1.612960201933513749e-01,3.867243384497438125e-02,1.500301777887718124e+00
3.052227564550209049e+00,3.944367421105379745e-01,-1.611360816205020530e-01,3.854080403774910735e-02,1.501158739080401316e+00
3.054612109522514274e+00,3.940526964353294748e-01,-1.609762762051487883e-01,3.840962461975491737e-02,1.502014118933935105e+00
3.056996654494819055e+00,3.936690316643942089e-01,-1.608166041146656955e-01,3.827889406471523398e-02,1.502867919377624650e+00
3.059381199467123835e+00,3.932857474796151442e-01,-1.606570655146498661e-01,3.814861085121802609e-02,1.503720142342996224e+00
3.061765744439428616e+00,3.929028435624826177e-01,-1.604976605689302227e-01,3.801877346270352703e-02,1.504570789763764127e+00
3.064150289411733397e+00,3.925203195940983325e-01,-1.603383894395758180e-01,3.788938038745173070e-02,1.505419863575800266e+00
3.066534834384038177e+00,3.921381752551797439e-01,-1.601792522869044944e-01,3.776043011857009579e-02,1.506267365717106177e+00
3.068919379356343402e+00,3.917564102260640002e-01,-1.600202492694912382e-01,3.763192115398105581e-02,1.507113298127780832e+00
3.071303924328648183e+00,3.913750241867122726e-01,-1.598613805441767843e-01,3.750385199640968864e-02,1.507957662749992434e+00
3.073688469300952963e+00,3.909940168167138630e-01,-1.597026462660757484e-01,3.737622115337133066e-02,1.508800461527948000e+00
3.076073014273257744e+00,3.906133877952900346e-01,-1.595440465885852588e-01,3.724902713715912139e-02,1.509641696407863387e+00
3.078457559245562525e+00,3.902331368012982304e-01,-1.593855816633930889e-01,3.712226846483164533e-02,1.510481369337935531e+00
3.080842104217867305e+00,3.898532635132364588e-01,-1.592272516404861504e-01,3.699594365820071257e-02,1.511319482268311809e+00
3.083226649190172530e+00,3.894737676092469014e-01,-1.590690566681587093e-01,3.687005124381882021e-02,1.512156037151062282e+00
3.085611194162477311e+00,3.890946487671204101e-01,-1.589109968930206562e-01,3.674458975296696073e-02,1.512991035940149276e+00
3.087995739134782092e+00,3.887159066643000038e-01,-1.587530724600056398e-01,3.661955772164213196e-02,1.513824480591399846e+00
3.090380284107086872e+00,3.883375409778851983e-01,-1.585952835123793925e-01,3.649495369054508304e-02,1.514656373062477801e+00
3.092764829079391653e+00,3.879595513846357258e-01,-1.584376301917477525e-01,3.637077620506792147e-02,1.515486715312853505e+00
3.095149374051696434e+00,3.875819375609758088e-01,-1.582801126380649070e-01,3.624702381528187994e-02,1.516315509303776121e+00
3.097533919024001658e+00,3.872046991829976581e-01,-1.581227309896414412e-01,3.612369507592488177e-02,1.517142756998247410e+00
3.099918463996306439e+00,3.868278359264660238e-01,-1.579654853831524708e-01,3.600078854638942560e-02,1.517968460360990868e+00
3.102303008968611220e+00,3.864513474668213600e-01,-1.578083759536455799e-01,3.587830279071006073e-02,1.518792621358425521e+00
3.104687553940916001e+00,3.860752334791840990e-01,-1.576514028345488427e-01,3.575623637755121625e-02,1.519615241958638174e+00
3.107072098913220781e+00,3.856994936383584816e-01,-1.574945661576789557e-01,3.563458788019492618e-02,1.520436324131355654e+00
3.109456643885525562e+00,3.853241276188363318e-01,-1.573378660532489814e-01,3.551335587652854758e-02,1.521255869847917497e+00
3.111841188857830343e+00,3.849491350948008317e-01,-1.571813026498763977e-01,3.539253894903245795e-02,1.522073881081248636e+00
3.114225733830135567e+00,3.845745157401303516e-01,-1.570248760745909800e-01,3.527213568476782191e-02,1.522890359805832317e+00
3.116610278802440348e+00,3.842002692284023913e-01,-1.568685864528426566e-01,3.515214467536442733e-02,1.523705307997682556e+00
3.118994823774745129e+00,3.838263952328970774e-01,-1.567124339085093077e-01,3.503256451700834107e-02,1.524518727634319504e+00
3.121379368747049909e+00,3.834528934266009381e-01,-1.565564185639045092e-01,3.491339381042971035e-02,1.525330620694739014e+00
3.123763913719354690e+00,3.830797634822108444e-01,-1.564005405397855264e-01,3.479463116089059893e-02,1.526140989159390227e+00
3.126148458691659471e+00,3.827070050721373962e-01,-1.562447999553607803e-01,3.467627517817273297e-02,1.526949835010145806e+00
3.128533003663964696e+00,3.823346178685089192e-01,-1.560891969282977854e-01,3.455832447656535800e-02,1.527757160230278410e+00
3.130917548636269476e+00,3.819626015431750177e-01,-1.559337315747307551e-01,3.444077767485305419e-02,1.528562966804431600e+00
3.133302093608574257e+00,3.815909557677099606e-01,-1.557784040092682065e-01,3.432363339630348231e-02,1.529367256718597412e+00
3.135686638580879038e+00,3.812196802134167894e-01,-1.556232143450006489e-01,3.420689026865537247e-02,1.530170031960087718e+00
3.138071183553183818e+00,3.808487745513304823e-01,-1.554681626935081606e-01,3.409054692410622839e-02,1.530971294517509573e+00
3.140455728525488599e+00,3.804782384522218397e-01,-1.553132491648679669e-01,3.397460199930030927e-02,1.531771046380739243e+00
3.142840273497793824e+00,3.801080715866009263e-01,-1.551584738676619613e-01,3.385905413531645897e-02,1.532569289540898438e+00
3.145224818470098604e+00,3.797382736247207902e-01,-1.550038369089843382e-01,3.374390197765603228e-02,1.533366025990326120e+00
3.147609363442403385e+00,3.793688442365806268e-01,-1.548493383944488377e-01,3.362914417623071028e-02,1.534161257722556071e+00
3.149993908414708166e+00,3.789997830919297761e-01,-1.546949784281964335e-01,3.351477938535053769e-02,1.534954986732290916e+00
3.152378453387012947e+00,3.786310898602708863e-01,-1.545407571129025770e-01,3.340080626371175893e-02,1.535747215015376366e+00
3.154762998359317727e+00,3.782627642108634669e-01,-1.543866745497848025e-01,3.328722347438478613e-02,1.536537944568778125e+00
3.157147543331622508e+00,3.778948058127275522e-01,-1.542327308386098605e-01,3.317402968480220871e-02,1.537327177390556132e+00
3.159532088303927733e+00,3.775272143346468101e-01,-1.540789260777012115e-01,3.306122356674665724e-02,1.538114915479840361e+00
3.161916633276232513e+00,3.771599894451723722e-01,-1.539252603639463812e-01,3.294880379633890327e-02,1.538901160836807058e+00
3.164301178248537294e+00,3.767931308126259982e-01,-1.537717337928040662e-01,3.283676905402578561e-02,1.539685915462653210e+00
3.166685723220842075e+00,3.764266381051034616e-01,-1.536183464583115721e-01,3.272511802456821300e-02,1.540469181359574780e+00
3.169070268193146855e+00,3.760605109904779919e-01,-1.534650984530918638e-01,3.261384939702921537e-02,1.541250960530739844e+00
3.171454813165451636e+00,3.756947491364037162e-01,-1.533119898683609761e-01,3.250296186476198806e-02,1.542031254980267718e+00
3.173839358137756861e+00,3.753293522103188229e-01,-1.531590207939350079e-01,3.239245412539790842e-02,1.542810066713203421e+00
3.176223903110061642e+00,3.749643198794491150e-01,-1.530061913182373390e-01,3.228232488083465634e-02,1.543587397735493472e+00
3.178608448082366422e+00,3.745996518108109519e-01,-1.528535015283057907e-01,3.217257283722418232e-02,1.544363250053965464e+00
3.180992993054671203e+00,3.742353476712149685e-01,-1.527009515097995651e-01,3.206319670496094593e-02,1.545137625676301640e+00
3.183377538026975984e+00,3.738714071272691286e-01,-1.525485413470065166e-01,3.195419519866995323e-02,1.545910526611018021e+00
3.185762082999280764e+00,3.735078298453821111e-01,-1.523962711228500355e-01,3.184556703719492593e-02,1.546681954867439979e+00
3.188146627971585989e+00,3.731446154917662517e-01,-1.522441409188960981e-01,3.173731094358633875e-02,1.547451912455680700e+00
3.190531172943890770e+00,3.727817637324413735e-01,-1.520921508153602608e-01,3.162942564508976206e-02,1.548220401386615652e+00
3.192915717916195550e+00,3.724192742332373962e-01,-1.519403008911145991e-01,3.152190987313387149e-02,1.548987423671863928e+00
3.195300262888500331e+00,3.720571466597977217e-01,-1.517885912236946466e-01,3.141476236331867955e-02,1.549752981323763157e+00
3.197684807860805112e+00,3.716953806775825098e-01,-1.516370218893062782e-01,3.130798185540375339e-02,1.550517076355347523e+00
3.200069352833109892e+00,3.713339759518717864e-01,-1.514855929628325382e-01,3.120156709329646380e-02,1.551279710780325782e+00
3.202453897805414673e+00,3.709729321477686637e-01,-1.513343045178406066e-01,3.109551682504020642e-02,1.552040886613059056e+00
3.204838442777719898e+00,3.706122489302022260e-01,-1.511831566265884608e-01,3.098982980280259522e-02,1.552800605868538630e+00
3.207222987750024679e+00,3.702519259639309723e-01,-1.510321493600318421e-01,3.088450478286383638e-02,1.553558870562365080e+00
3.209607532722329459e+00,3.698919629135457021e-01,-1.508812827878308893e-01,3.077954052560494258e-02,1.554315682710725177e+00
3.211992077694634240e+00,3.695323594434725689e-01,-1.507305569783568555e-01,3.067493579549603056e-02,1.555071044330371022e+00
3.214376622666939021e+00,3.691731152179762998e-01,-1.505799719986989360e-01,3.057068936108470539e-02,1.555824957438598277e+00
3.216761167639243801e+00,3.688142299011631930e-01,-1.504295279146708741e-01,3.046679999498434419e-02,1.556577424053225522e+00
3.219145712611549026e+00,3.684557031569839491e-01,-1.502792247908176226e-01,3.036326647386243874e-02,1.557328446192571603e+00
3.221530257583853807e+00,3.680975346492371125e-01,-1.501290626904220327e-01,3.026008757842904920e-02,1.558078025875435868e+00
3.223914802556158588e+00,3.677397240415717361e-01,-1.499790416755113487e-01,3.015726209342512246e-02,1.558826165121075746e+00
3.226299347528463368e+00,3.673822709974903788e-01,-1.498291618068638975e-01,3.005478880761089377e-02,1.559572865949188314e+00
3.228683892500768149e+00,3.670251751803522144e-01,-1.496794231440155554e-01,2.995266651375435088e-02,1.560318130379886314e+00
3.231068437473072930e+00,3.666684362533759178e-01,-1.495298257452663537e-01,2.985089400861965989e-02,1.561061960433680396e+00
3.233452982445378154e+00,3.663120538796424408e-01,-1.493803696676868908e-01,2.974947009295557387e-02,1.561804358131456238e+00
3.235837527417682935e+00,3.659560277220985092e-01,-1.492310549671249098e-01,2.964839357148407739e-02,1.562545325494455462e+00
3.238222072389987716e+00,3.656003574435588432e-01,-1.490818816982117101e-01,2.954766325288869094e-02,1.563284864544256525e+00
3.240606617362292496e+00,3.652450427067092664e-01,-1.489328499143684204e-01,2.944727794980304264e-02,1.564022977302750528e+00
3.242991162334597277e+00,3.648900831741098139e-01,-1.487839596678126874e-01,2.934723647879946412e-02,1.564759665792126997e+00
3.245375707306902058e+00,3.645354785081973970e-01,-1.486352110095647550e-01,2.924753766037749975e-02,1.565494932034847686e+00
3.247760252279206838e+00,3.641812283712886344e-01,-1.484866039894540413e-01,2.914818031895245048e-02,1.566228778053631698e+00
3.250144797251512063e+00,3.638273324255827390e-01,-1.483381386561252457e-01,2.904916328284399760e-02,1.566961205871433505e+00
3.252529342223816844e+00,3.634737903331645148e-01,-1.481898150570449268e-01,2.895048538426485060e-02,1.567692217511423181e+00
3.254913887196121625e+00,3.631206017560066890e-01,-1.480416332385074418e-01,2.885214545930924607e-02,1.568421814996968200e+00
3.257298432168426405e+00,3.627677663559732424e-01,-1.478935932456414137e-01,2.875414234794174476e-02,1.569150000351613228e+00
3.259682977140731186e+00,3.624152837948217964e-01,-1.477456951224158932e-01,2.865647489398578246e-02,1.569876775599060803e+00
3.262067522113035967e+00,3.620631537342064443e-01,-1.475979389116465479e-01,2.855914194511238735e-02,1.570602142763153131e+00
3.264452067085341191e+00,3.617113758356807485e-01,-1.474503246550017965e-01,2.846214235282893898e-02,1.571326103867852098e+00
3.266836612057645972e+00,3.613599497607001831e-01,-1.473028523930090539e-01,2.836547497246781971e-02,1.572048660937219733e+00
3.269221157029950753e+00,3.610088751706249655e-01,-1.471555221650607259e-01,2.826913866317519453e-02,1.572769815995401999e+00
3.271605702002255534e+00,3.606581517267227199e-01,-1.470083340094203994e-01,2.817313228789974922e-02,1.573489571066607473e+00
3.273990246974560314e+00,3.603077790901711430e-01,-1.468612879632288371e-01,2.807745471338147017e-02,1.574207928175090032e+00
3.276374791946865095e+00,3.599577569220606676e-01,-1.467143840625100559e-01,2.798210481014045889e-02,1.574924889345130863e+00
3.278759336919170320e+00,3.596080848833970722e-01,-1.465676223421772950e-01,2.788708145246571873e-02,1.575640456601017370e+00
3.281143881891475100e+00,3.592587626351044228e-01,-1.464210028360392324e-01,2.779238351840408738e-02,1.576354631967029407e+00
3.283528426863779881e+00,3.589097898380273488e-01,-1.462745255768056196e-01,2.769800988974901318e-02,1.577067417467417521e+00
3.285912971836084662e+00,3.585611661529337080e-01,-1.461281905960934713e-01,2.760395945202942167e-02,1.577778815126386291e+00
3.288297516808389442e+00,3.582128912405173615e-01,-1.459819979244328936e-01,2.751023109449869317e-02,1.578488826968076575e+00
3.290682061780694223e+00,3.578649647614007279e-01,-1.458359475912729963e-01,2.741682371012356401e-02,1.579197455016547291e+00
3.293066606752999004e+00,3.575173863761371695e-01,-1.456900396249878049e-01,2.732373619557301042e-02,1.579904701295758107e+00
3.295451151725304229e+00,3.571701557452135467e-01,-1.455442740528819778e-01,2.723096745120722265e-02,1.580610567829551227e+00
3.297835696697609009e+00,3.568232725290533258e-01,-1.453986509011968853e-01,2.713851638106674208e-02,1.581315056641634742e+00
3.300220241669913790e+00,3.564767363880181894e-01,-1.452531701951161602e-01,2.704638189286119945e-02,1.582018169755564863e+00
3.302604786642218571e+00,3.561305469824112002e-01,-1.451078319587715826e-01,2.695456289795853180e-02,1.582719909194729047e+00
3.304989331614523351e+00,3.557847039724792437e-01,-1.449626362152488246e-01,2.686305831137399472e-02,1.583420276982327346e+00
3.307373876586828132e+00,3.554392070184151375e-01,-1.448175829865931685e-01,2.677186705175914339e-02,1.584119275141357530e+00
3.309758421559133357e+00,3.550940557803605735e-01,-1.446726722938152521e-01,2.668098804139103566e-02,1.584816905694597322e+00
3.312142966531438137e+00,3.547492499184084491e-01,-1.445279041568967582e-01,2.659042020616129640e-02,1.585513170664586191e+00
3.314527511503742918e+00,3.544047890926049771e-01,-1.443832785947959663e-01,2.650016247556517476e-02,1.586208072073610476e+00
3.316912056476047699e+00,3.540606729629525162e-01,-1.442387956254535253e-01,2.641021378269077513e-02,1.586901611943686952e+00
3.319296601448352479e+00,3.537169011894118476e-01,-1.440944552657979494e-01,2.632057306420821849e-02,1.587593792296543738e+00
3.321681146420657260e+00,3.533734734319045612e-01,-1.439502575317513078e-01,2.623123926035880391e-02,1.588284615153606971e+00
3.324065691392962485e+00,3.530303893503154988e-01,-1.438062024382346926e-01,2.614221131494423936e-02,1.588974082535981935e+00
3.326450236365267266e+00,3.526876486044951964e-01,-1.436622899991739366e-01,2.605348817531590727e-02,1.589662196464439292e+00
3.328834781337572046e+00,3.523452508542619377e-01,-1.435185202275048866e-01,2.596506879236401555e-02,1.590348958959396652e+00
3.331219326309876827e+00,3.520031957594045857e-01,-1.433748931351790656e-01,2.587695212050701923e-02,1.591034372040903699e+00
3.333603871282181608e+00,3.516614829796845254e-01,-1.432314087331691410e-01,2.578913711768080277e-02,1.591718437728626867e+00
3.335988416254486388e+00,3.513201121748380507e-01,-1.430880670314742809e-01,2.570162274532802188e-02,1.592401158041831799e+00
3.338372961226791169e+00,3.509790830045790289e-01,-1.429448680391257331e-01,2.561440796838753212e-02,1.593082534999369582e+00
3.340757506199096394e+00,3.506383951286006218e-01,-1.428018117641920159e-01,2.552749175528360587e-02,1.593762570619659424e+00
3.343142051171401175e+00,3.502980482065782830e-01,-1.426588982137846073e-01,2.544087307791548930e-02,1.594441266920674671e+00
3.345526596143705955e+00,3.499580418981712571e-01,-1.425161273940629414e-01,2.535455091164663319e-02,1.595118625919925703e+00
3.347911141116010736e+00,3.496183758630254101e-01,-1.423734993102400981e-01,2.526852423529423949e-02,1.595794649634446838e+00
3.350295686088315517e+00,3.492790497607753397e-01,-1.422310139665878270e-01,2.518279203111869341e-02,1.596469340080778343e+00
3.352680231060620297e+00,3.489400632510464284e-01,-1.420886713664420153e-01,2.509735328481298156e-02,1.597142699274953781e+00
3.355064776032925522e+00,3.486014159934573420e-01,-1.419464715122079057e-01,2.501220698549226629e-02,1.597814729232483799e+00
3.357449321005230303e+00,3.482631076476221943e-01,-1.418044144053653977e-01,2.492735212568336634e-02,1.598485431968341253e+00
3.359833865977535083e+00,3.479251378731523792e-01,-1.416625000464741824e-01,2.484278770131423744e-02,1.599154809496946772e+00
3.362218410949839864e+00,3.475875063296593459e-01,-1.415207284351789885e-01,2.475851271170364382e-02,1.599822863832153219e+00
3.364602955922144645e+00,3.472502126767563757e-01,-1.413790995702148279e-01,2.467452615955066653e-02,1.600489596987232810e+00
3.366987500894449425e+00,3.469132565740608021e-01,-1.412376134494120472e-01,2.459082705092432292e-02,1.601155010974860238e+00
3.369372045866754650e+00,3.465766376811961758e-01,-1.410962700697015182e-01,2.450741439525317214e-02,1.601819107807099796e+00
3.371756590839059431e+00,3.462403556577947072e-01,-1.409550694271198001e-01,2.442428720531507336e-02,1.602481889495389833e+00
3.374141135811364212e+00,3.459044101634988766e-01,-1.408140115168142192e-01,2.434144449722670453e-02,1.603143358050530765e+00
3.376525680783668992e+00,3.455688008579637094e-01,-1.406730963330477813e-01,2.425888529043330674e-02,1.603803515482667530e+00
3.378910225755973773e+00,3.452335274008591082e-01,-1.405323238692044729e-01,2.417660860769846667e-02,1.604462363801278713e+00
3.381294770728278554e+00,3.448985894518716844e-01,-1.403916941177941191e-01,2.409461347509377072e-02,1.605119905015159887e+00
3.383679315700583334e+00,3.445639866707070897e-01,-1.402512070704574898e-01,2.401289892198864642e-02,1.605776141132412294e+00
3.386063860672888559e+00,3.442297187170917927e-01,-1.401108627179712407e-01,2.393146398104006867e-02,1.606431074160426853e+00
3.388448405645193340e+00,3.438957852507754098e-01,-1.399706610502529369e-01,2.385030768818243579e-02,1.607084706105871952e+00
3.390832950617498120e+00,3.435621859315325932e-01,-1.398306020563658547e-01,2.376942908261735557e-02,1.607737038974678567e+00
3.393217495589802901e+00,3.432289204191649734e-01,-1.396906857245240885e-01,2.368882720680349011e-02,1.608388074772028276e+00
3.395602040562107682e+00,3.428959883735034908e-01,-1.395509120420973248e-01,2.360850110644649100e-02,1.609037815502337265e+00
3.397986585534412463e+00,3.425633894544099500e-01,-1.394112809956157828e-01,2.352844983048878527e-02,1.609686263169246345e+00
3.400371130506717687e+00,3.422311233217794624e-01,-1.392717925707750715e-01,2.344867243109962154e-02,1.610333419775605623e+00
3.402755675479022468e+00,3.418991896355422777e-01,-1.391324467524410191e-01,2.336916796366496352e-02,1.610979287323460740e+00
3.405140220451327249e+00,3.415675880556655053e-01,-1.389932435246545583e-01,2.328993548677738695e-02,1.611623867814041988e+00
3.407524765423632029e+00,3.412363182421555563e-01,-1.388541828706363335e-01,2.321097406222619869e-02,1.612267163247748325e+00
3.409909310395936810e+00,3.409053798550595316e-01,-1.387152647727917243e-01,2.313228275498730932e-02,1.612909175624138269e+00
3.412293855368241591e+00,3.405747725544677196e-01,-1.385764892127154535e-01,2.305386063321339038e-02,1.613549906941913914e+00
3.414678400340546816e+00,3.402444960005150953e-01,-1.384378561711963329e-01,2.297570676822384070e-02,1.614189359198908491e+00
3.417062945312851596e+00,3.399145498533834853e-01,-1.382993656282221206e-01,2.289782023449491929e-02,1.614827534392076158e+00
3.419447490285156377e+00,3.395849337733033435e-01,-1.381610175629839898e-01,2.282020010964982276e-02,1.615464434517476233e+00
3.421832035257461158e+00,3.392556474205557504e-01,-1.380228119538813580e-01,2.274284547444882162e-02,1.616100061570263202e+00
3.424216580229765938e+00,3.389266904554740778e-01,-1.378847487785265225e-01,2.266575541277937936e-02,1.616734417544672731e+00
3.426601125202070719e+00,3.385980625384462650e-01,-1.377468280137493228e-01,2.258892901164639977e-02,1.617367504434011005e+00
3.428985670174375500e+00,3.382697633299161510e-01,-1.376090496356016102e-01,2.251236536116230785e-02,1.617999324230639857e+00
3.431370215146680724e+00,3.379417924903856951e-01,-1.374714136193620484e-01,2.243606355453734227e-02,1.618629878925968102e+00
3.433754760118985505e+00,3.376141496804169750e-01,-1.373339199395406107e-01,2.236002268806985480e-02,1.619259170510436219e+00
3.436139305091290286e+00,3.372868345606334084e-01,-1.371965685698830484e-01,2.228424186113640154e-02,1.619887200973506136e+00
3.438523850063595066e+00,3.369598467917220841e-01,-1.370593594833754980e-01,2.220872017618218466e-02,1.620513972303649242e+00
3.440908395035899847e+00,3.366331860344353721e-01,-1.369222926522490613e-01,2.213345673871127892e-02,1.621139486488334391e+00
3.443292940008204628e+00,3.363068519495928110e-01,-1.367853680479841905e-01,2.205845065727702128e-02,1.621763745514015698e+00
3.445677484980509853e+00,3.359808441980827176e-01,-1.366485856413152400e-01,2.198370104347229653e-02,1.622386751366121871e+00
3.448062029952814633e+00,3.356551624408641854e-01,-1.365119454022349077e-01,2.190920701191998582e-02,1.623008506029043119e+00
3.450446574925119414e+00,3.353298063389687500e-01,-1.363754472999986755e-01,2.183496768026333551e-02,1.623629011486122042e+00
3.452831119897424195e+00,3.350047755535020544e-01,-1.362390913031291673e-01,2.176098216915637804e-02,1.624248269719639426e+00
3.455215664869728975e+00,3.346800697456457363e-01,-1.361028773794206170e-01,2.168724960225438744e-02,1.624866282710804688e+00
3.457600209842033756e+00,3.343556885766589826e-01,-1.359668054959433103e-01,2.161376910620433148e-02,1.625483052439745224e+00
3.459984754814338981e+00,3.340316317078804720e-01,-1.358308756190477751e-01,2.154053981063541040e-02,1.626098580885493750e+00
3.462369299786643762e+00,3.337078988007300406e-01,-1.356950877143692780e-01,2.146756084814956111e-02,1.626712870025976754e+00
3.464753844758948542e+00,3.333844895167101807e-01,-1.355594417468320989e-01,2.139483135431195435e-02,1.627325921838005840e+00
3.467138389731253323e+00,3.330614035174079834e-01,-1.354239376806538053e-01,2.132235046764161673e-02,1.627937738297265069e+00
3.469522934703558104e+00,3.327386404644965823e-01,-1.352885754793495265e-01,2.125011732960195923e-02,1.628548321378300301e+00
3.471907479675862884e+00,3.324162000197370959e-01,-1.351533551057363114e-01,2.117813108459145124e-02,1.629157673054508759e+00
3.474292024648168109e+00,3.320940818449799603e-01,-1.350182765219372916e-01,2.110639087993418719e-02,1.629765795298128817e+00
3.476676569620472890e+00,3.317722856021669275e-01,-1.348833396893859560e-01,2.103489586587061269e-02,1.630372690080227338e+00
3.479061114592777670e+00,3.314508109533323976e-01,-1.347485445688302585e-01,2.096364519554813968e-02,1.630978359370691466e+00
3.481445659565082451e+00,3.311296575606051396e-01,-1.346138911203370037e-01,2.089263802501186221e-02,1.631582805138217074e+00
3.483830204537387232e+00,3.308088250862100677e-01,-1.344793793032958429e-01,2.082187351319533114e-02,1.632186029350298995e+00
3.486214749509692012e+00,3.304883131924697404e-01,-1.343450090764234939e-01,2.075135082191126648e-02,1.632788033973219255e+00
3.488599294481996793e+00,3.301681215418058590e-01,-1.342107803977679314e-01,2.068106911584231822e-02,1.633388820972039079e+00
3.490983839454302018e+00,3.298482497967409888e-01,-1.340766932247124121e-01,2.061102756253187923e-02,1.633988392310587567e+00
3.493368384426606799e+00,3.295286976199002238e-01,-1.339427475139796375e-01,2.054122533237492942e-02,1.634586749951449924e+00
3.495752929398911579e+00,3.292094646740124642e-01,-1.338089432216357788e-01,2.047166159860881740e-02,1.635183895855960134e+00
3.498137474371216360e+00,3.288905506219123032e-01,-1.336752803030946124e-01,2.040233553730418786e-02,1.635779831984190524e+00
3.500522019343521141e+00,3.285719551265413041e-01,-1.335417587131215444e-01,2.033324632735581533e-02,1.636374560294941105e+00
3.502906564315825921e+00,3.282536778509497211e-01,-1.334083784058375521e-01,2.026439315047355930e-02,1.636968082745728692e+00
3.505291109288131146e+00,3.279357184582978868e-01,-1.332751393347233193e-01,2.019577519117325692e-02,1.637560401292780687e+00
3.507675654260435927e+00,3.276180766118580445e-01,-1.331420414526231777e-01,2.012739163676775800e-02,1.638151517891021092e+00
3.510060199232740707e+00,3.273007519750154581e-01,-1.330090847117490760e-01,2.005924167735781763e-02,1.638741434494064952e+00
3.512444744205045488e+00,3.269837442112700776e-01,-1.328762690636844657e-01,1.999132450582312426e-02,1.639330153054205708e+00
3.514829289177350269e+00,3.266670529842380932e-01,-1.327435944593884087e-01,1.992363931781336236e-02,1.639917675522407636e+00
3.517213834149655050e+00,3.263506779576534345e-01,-1.326110608491993526e-01,1.985618531173924395e-02,1.640504003848296088e+00
3.519598379121960274e+00,3.260346187953690467e-01,-1.324786681828390433e-01,1.978896168876355041e-02,1.641089139980147715e+00
3.521982924094265055e+00,3.257188751613587785e-01,-1.323464164094165507e-01,1.972196765279232017e-02,1.641673085864881809e+00
3.524367469066569836e+00,3.254034467197182146e-01,-1.322143054774319315e-01,1.965520241046583502e-02,1.642255843448050090e+00
3.526752014038874616e+00,3.250883331346666738e-01,-1.320823353347802542e-01,1.958866517114987715e-02,1.642837414673829821e+00
3.529136559011179397e+00,3.247735340705483198e-01,-1.319505059287552906e-01,1.952235514692682652e-02,1.643417801485012042e+00
3.531521103983484178e+00,3.244590491918338815e-01,-1.318188172060534846e-01,1.945627155258692134e-02,1.643997005822995350e+00
3.533905648955788958e+00,3.241448781631216525e-01,-1.316872691127776163e-01,1.939041360561936239e-02,1.644575029627774576e+00
3.536290193928094183e+00,3.238310206491393783e-01,-1.315558615944406318e-01,1.932478052620367412e-02,1.645151874837933903e+00
3.538674738900398964e+00,3.235174763147453114e-01,-1.314245945959694739e-01,1.925937153720086795e-02,1.645727543390636427e+00
3.541059283872703745e+00,3.232042448249297650e-01,-1.312934680617087180e-01,1.919418586414476519e-02,1.646302037221617054e+00
3.543443828845008525e+00,3.228913258448164458e-01,-1.311624819354243465e-01,1.912922273523330260e-02,1.646875358265173173e+00
3.545828373817313306e+00,3.225787190396638415e-01,-1.310316361603075519e-01,1.906448138131984493e-02,1.647447508454156218e+00
3.548212918789618087e+00,3.222664240748664977e-01,-1.309009306789782612e-01,1.899996103590452512e-02,1.648018489719962787e+00
3.550597463761923311e+00,3.219544406159565719e-01,-1.307703654334889110e-01,1.893566093512566439e-02,1.648588303992526871e+00
3.552982008734228092e+00,3.216427683286051109e-01,-1.306399403653282498e-01,1.887158031775114722e-02,1.649156953200311415e+00
3.555366553706532873e+00,3.213314068786232158e-01,-1.305096554154246691e-01,1.880771842516979972e-02,1.649724439270299436e+00
3.557751098678837653e+00,3.210203559319635969e-01,-1.303795105241501440e-01,1.874407450138289299e-02,1.650290764127986920e+00
3.560135643651142434e+00,3.207096151547217389e-01,-1.302495056313236477e-01,1.868064779299557013e-02,1.650855929697373714e+00
3.562520188623447215e+00,3.203991842131374557e-01,-1.301196406762148428e-01,1.861743754920837726e-02,1.651419937900955981e+00
3.564904733595752440e+00,3.200890627735957783e-01,-1.299899155975476062e-01,1.855444302180869406e-02,1.651982790659717759e+00
3.567289278568057220e+00,3.197792505026287868e-01,-1.298603303335037207e-01,1.849166346516238971e-02,1.652544489893123414e+00
3.569673823540362001e+00,3.194697470669164430e-01,-1.297308848217262334e-01,1.842909813620526027e-02,1.653105037519109644e+00
3.572058368512666782e+00,3.191605521332880890e-01,-1.296015789993231193e-01,1.836674629443468126e-02,1.653664435454077486e+00
3.574442913484971562e+00,3.188516653687236690e-01,-1.294724128028708066e-01,1.830460720190118726e-02,1.654222685612885879e+00
3.576827458457276343e+00,3.185430864403549500e-01,-1.293433861684175346e-01,1.824268012320008278e-02,1.654779789908840337e+00
3.579212003429581124e+00,3.182348150154667432e-01,-1.292144990314870179e-01,1.818096432546309829e-02,1.655335750253689620e+00
3.581596548401886349e+00,3.179268507614982919e-01,-1.290857513270817769e-01,1.811945907835008779e-02,1.655890568557616183e+00
3.583981093374191129e+00,3.176191933460446593e-01,-1.289571429896867183e-01,1.805816365404073684e-02,1.656444246729227743e+00
3.586365638346495910e+00,3.173118424368574497e-01,-1.288286739532724934e-01,1.799707732722619774e-02,1.656996786675553057e+00
3.588750183318800691e+00,3.170047977018464747e-01,-1.287003441512988844e-01,1.793619937510090856e-02,1.657548190302030156e+00
3.591134728291105471e+00,3.166980588090807514e-01,-1.285721535167182739e-01,1.787552907735431157e-02,1.658098459512502565e+00
3.593519273263410252e+00,3.163916254267897799e-01,-1.284441019819790308e-01,1.781506571616265494e-02,1.658647596209210207e+00
3.595903818235715477e+00,3.160854972233648197e-01,-1.283161894790288415e-01,1.775480857618081873e-02,1.659195602292782956e+00
3.598288363208020257e+00,3.157796738673600001e-01,-1.281884159393181788e-01,1.769475694453412351e-02,1.659742479662234205e+00
3.600672908180325038e+00,3.154741550274933193e-01,-1.280607812938034384e-01,1.763491011081014595e-02,1.660288230214950422e+00
3.603057453152629819e+00,3.151689403726482541e-01,-1.279332854729504920e-01,1.757526736705069398e-02,1.660832855846689604e+00
3.605441998124934599e+00,3.148640295718744819e-01,-1.278059284067378232e-01,1.751582800774360155e-02,1.661376358451569057e+00
3.607826543097239380e+00,3.145594222943892682e-01,-1.276787100246599971e-01,1.745659132981469686e-02,1.661918739922062072e+00
3.610211088069544605e+00,3.142551182095785767e-01,-1.275516302557307413e-01,1.739755663261974977e-02,1.662460002148989480e+00
3.612595633041849386e+00,3.139511169869983465e-01,-1.274246890284864153e-01,1.733872321793645047e-02,1.663000147021512332e+00
3.614980178014154166e+00,3.136474182963753243e-01,-1.272978862709891190e-01,1.728009038995634641e-02,1.663539176427127453e+00
3.617364722986458947e+00,3.133440218076083417e-01,-1.271712219108299402e-01,1.722165745527687655e-02,1.664077092251657897e+00
3.619749267958763728e+00,3.130409271907696467e-01,-1.270446958751322852e-01,1.716342372289344706e-02,1.664613896379248947e+00
3.622133812931068508e+00,3.127381341161055706e-01,-1.269183080905549599e-01,1.710538850419140305e-02,1.665149590692359682e+00
3.624518357903373289e+00,3.124356422540380818e-01,-1.267920584832954167e-01,1.704755111293819458e-02,1.665684177071757199e+00
3.626902902875678514e+00,3.121334512751655077e-01,-1.266659469790929471e-01,1.698991086527539690e-02,1.666217657396510621e+00
3.629287447847983294e+00,3.118315608502640335e-01,-1.265399735032318451e-01,1.693246707971091808e-02,1.666750033543983989e+00
3.631671992820288075e+00,3.115299706502883126e-01,-1.264141379805444609e-01,1.687521907711105398e-02,1.667281307389829825e+00
3.634056537792592856e+00,3.112286803463728546e-01,-1.262884403354145035e-01,1.681816618069270630e-02,1.667811480807984248e+00
3.636441082764897637e+00,3.109276896098330800e-01,-1.261628804917799829e-01,1.676130771601558669e-02,1.668340555670658532e+00
3.638825627737202417e+00,3.106269981121662083e-01,-1.260374583731364295e-01,1.670464301097437237e-02,1.668868533848335112e+00
3.641210172709507642e+00,3.103266055250524236e-01,-1.259121739025398923e-01,1.664817139579098312e-02,1.669395417209759813e+00
3.643594717681812423e+00,3.100265115203559851e-01,-1.257870270026101855e-01,1.659189220300683401e-02,1.669921207621937409e+00
3.645979262654117203e+00,3.097267157701261708e-01,-1.256620175955337482e-01,1.653580476747510200e-02,1.670445906950124071e+00
3.648363807626421984e+00,3.094272179465981654e-01,-1.255371456030667798e-01,1.647990842635300643e-02,1.670969517057822484e+00
3.650748352598726765e+00,3.091280177221945036e-01,-1.254124109465382664e-01,1.642420251909418663e-02,1.671492039806774965e+00
3.653132897571031545e+00,3.088291147695255145e-01,-1.252878135468529774e-01,1.636868638744096854e-02,1.672013477056958797e+00
3.655517442543336770e+00,3.085305087613908759e-01,-1.251633533244945196e-01,1.631335937541681172e-02,1.672533830666580235e+00
3.657901987515641551e+00,3.082321993707803909e-01,-1.250390301995283615e-01,1.625822082931865920e-02,1.673053102492067845e+00
3.660286532487946332e+00,3.079341862708747657e-01,-1.249148440916045960e-01,1.620327009770931512e-02,1.673571294388067177e+00
3.662671077460251112e+00,3.076364691350469416e-01,-1.247907949199611594e-01,1.614850653140993339e-02,1.674088408207436762e+00
3.665055622432555893e+00,3.073390476368628721e-01,-1.246668826034266209e-01,1.609392948349242999e-02,1.674604445801239239e+00
3.667440167404860674e+00,3.070419214500826888e-01,-1.245431070604231805e-01,1.603953830927200286e-02,1.675119409018739791e+00
3.669824712377165454e+00,3.067450902486613118e-01,-1.244194682089695692e-01,1.598533236629956153e-02,1.675633299707397272e+00
3.672209257349470679e+00,3.064485537067497822e-01,-1.242959659666839217e-01,1.593131101435431296e-02,1.676146119712861093e+00
3.674593802321775460e+00,3.061523114986961502e-01,-1.241726002507867882e-01,1.587747361543628138e-02,1.676657870878964340e+00
3.676978347294080240e+00,3.058563632990460301e-01,-1.240493709781038401e-01,1.582381953375882125e-02,1.677168555047719334e+00
3.679362892266385021e+00,3.055607087825440438e-01,-1.239262780650688262e-01,1.577034813574126892e-02,1.677678174059311855e+00
3.681747437238689802e+00,3.052653476241344865e-01,-1.238033214277264454e-01,1.571705879000152156e-02,1.678186729752096262e+00
3.684131982210994583e+00,3.049702794989623267e-01,-1.236805009817351503e-01,1.566395086734866104e-02,1.678694223962591048e+00
3.686516527183299807e+00,3.046755040823740379e-01,-1.235578166423699498e-01,1.561102374077559356e-02,1.679200658525471956e+00
3.688901072155604588e+00,3.043810210499187652e-01,-1.234352683245253379e-01,1.555827678545177069e-02,1.679706035273568432e+00
3.691285617127909369e+00,3.040868300773488242e-01,-1.233128559427178889e-01,1.550570937871580124e-02,1.680210356037857400e+00
3.693670162100214149e+00,3.037929308406209783e-01,-1.231905794110892266e-01,1.545332090006823478e-02,1.680713622647460381e+00
3.696054707072518930e+00,3.034993230158970490e-01,-1.230684386434086758e-01,1.540111073116424978e-02,1.681215836929635943e+00
3.698439252044823711e+00,3.032060062795449706e-01,-1.229464335530760927e-01,1.534907825580643544e-02,1.681717000709776366e+00
3.700823797017128935e+00,3.029129803081395678e-01,-1.228245640531245575e-01,1.529722285993754920e-02,1.682217115811403430e+00
3.703208341989433716e+00,3.026202447784637206e-01,-1.227028300562231916e-01,1.524554393163337664e-02,1.682716184056161524e+00
3.705592886961738497e+00,3.023277993675085873e-01,-1.225812314746797388e-01,1.519404086109543174e-02,1.683214207263814322e+00
3.707977431934043278e+00,3.020356437524752136e-01,-1.224597682204433963e-01,1.514271304064392608e-02,1.683711187252241226e+00
3.710361976906348058e+00,3.017437776107748104e-01,-1.223384402051074238e-01,1.509155986471054367e-02,1.684207125837429819e+00
3.712746521878652839e+00,3.014522006200298643e-01,-1.222172473399118775e-01,1.504058072983135812e-02,1.684702024833474310e+00
3.715131066850957620e+00,3.011609124580750252e-01,-1.220961895357462468e-01,1.498977503463974972e-02,1.685195886052568648e+00
3.717515611823262844e+00,3.008699128029577730e-01,-1.219752667031520910e-01,1.493914217985931048e-02,1.685688711305003862e+00
3.719900156795567625e+00,3.005792013329393053e-01,-1.218544787523257733e-01,1.488868156829678720e-02,1.686180502399161396e+00
3.722284701767872406e+00,3.002887777264954816e-01,-1.217338255931209728e-01,1.483839260483508365e-02,1.686671261141512002e+00
3.724669246740177186e+00,2.999986416623173224e-01,-1.216133071350513351e-01,1.478827469642618811e-02,1.687160989336608186e+00
3.727053791712481967e+00,2.997087928193122308e-01,-1.214929232872931225e-01,1.473832725208426044e-02,1.687649688787081326e+00
3.729438336684786748e+00,2.994192308766043809e-01,-1.213726739586877545e-01,1.468854968287858567e-02,1.688137361293637673e+00
3.731822881657091973e+00,2.991299555135358834e-01,-1.212525590577443607e-01,1.463894140192669238e-02,1.688624008655053466e+00
3.734207426629396753e+00,2.988409664096673413e-01,-1.211325784926425009e-01,1.458950182438738599e-02,1.689109632668171601e+00
3.736591971601701534e+00,2.985522632447786817e-01,-1.210127321712345105e-01,1.454023036745385154e-02,1.689594235127896305e+00
3.738976516574006315e+00,2.982638456988700448e-01,-1.208930200010481376e-01,1.449112645034678244e-02,1.690077817827189799e+00
3.741361061546311095e+00,2.979757134521622275e-01,-1.207734418892890960e-01,1.444218949430746586e-02,1.690560382557068531e+00
3.743745606518615876e+00,2.976878661850979602e-01,-1.206539977428435634e-01,1.439341892259101904e-02,1.691041931106598728e+00
3.746130151490921101e+00,2.974003035783421844e-01,-1.205346874682806380e-01,1.434481416045949032e-02,1.691522465262892627e+00
3.748514696463225881e+00,2.971130253127831078e-01,-1.204155109718549471e-01,1.429637463517510233e-02,1.692001986811104253e+00
3.750899241435530662e+00,2.968260310695328141e-01,-1.202964681595089513e-01,1.424809977599344850e-02,1.692480497534426087e+00
3.753283786407835443e+00,2.965393205299280410e-01,-1.201775589368755809e-01,1.419998901415673795e-02,1.692957999214084630e+00
3.755668331380140224e+00,2.962528933755309568e-01,-1.200587832092805951e-01,1.415204178288705962e-02,1.693434493629337734e+00
3.758052876352445004e+00,2.959667492881297712e-01,-1.199401408817450665e-01,1.410425751737964112e-02,1.693909982557469274e+00
3.760437421324749785e+00,2.956808879497396236e-01,-1.198216318589877816e-01,1.405663565479617697e-02,1.694384467773786707e+00
3.762821966297055010e+00,2.953953090426030825e-01,-1.197032560454276556e-01,1.400917563425811176e-02,1.694857951051616851e+00
3.765206511269359790e+00,2.951100122491912559e-01,-1.195850133451862585e-01,1.396187689684004647e-02,1.695330434162303002e+00
3.767591056241664571e+00,2.948249972522039020e-01,-1.194669036620900487e-01,1.391473888556300255e-02,1.695801918875200487e+00
3.769975601213969352e+00,2.945402637345707619e-01,-1.193489268996728164e-01,1.386776104538789932e-02,1.696272406957672896e+00
3.772360146186274132e+00,2.942558113794517261e-01,-1.192310829611780976e-01,1.382094282320887879e-02,1.696741900175090301e+00
3.774744691158578913e+00,2.939716398702378886e-01,-1.191133717495615196e-01,1.377428366784677616e-02,1.697210400290824373e+00
3.777129236130884138e+00,2.936877488905519362e-01,-1.189957931674930358e-01,1.372778303004252264e-02,1.697677909066244384e+00
3.779513781103188919e+00,2.934041381242490920e-01,-1.188783471173595063e-01,1.368144036245064372e-02,1.698144428260715433e+00
3.781898326075493699e+00,2.931208072554177257e-01,-1.187610335012667939e-01,1.363525511963273144e-02,1.698609959631594668e+00
3.784282871047798480e+00,2.928377559683797982e-01,-1.186438522210421787e-01,1.358922675805091483e-02,1.699074504934227292e+00
3.786667416020103261e+00,2.925549839476919156e-01,-1.185268031782366893e-01,1.354335473606143453e-02,1.699538065921944785e+00
3.789051960992408041e+00,2.922724908781455522e-01,-1.184098862741273100e-01,1.349763851390812716e-02,1.700000644346059353e+00
3.791436505964713266e+00,2.919902764447679933e-01,-1.182931014097193395e-01,1.345207755371602074e-02,1.700462241955863485e+00
3.793821050937018047e+00,2.917083403328231128e-01,-1.181764484857486669e-01,1.340667131948495086e-02,1.700922860498624400e+00
3.796205595909322827e+00,2.914266822278114288e-01,-1.180599274026839368e-01,1.336141927708305380e-02,1.701382501719582940e+00
3.798590140881627608e+00,2.911453018154713801e-01,-1.179435380607288947e-01,1.331632089424050411e-02,1.701841167361949347e+00
3.800974685853932389e+00,2.908641987817796593e-01,-1.178272803598245794e-01,1.327137564054309271e-02,1.702298859166900380e+00
3.803359230826237170e+00,2.905833728129517124e-01,-1.177111541996515576e-01,1.322658298742588300e-02,1.702755578873577091e+00
3.805743775798541950e+00,2.903028235954426828e-01,-1.175951594796321442e-01,1.318194240816693112e-02,1.703211328219081055e+00
3.808128320770847175e+00,2.900225508159476884e-01,-1.174792960989325674e-01,1.313745337788093520e-02,1.703666108938471480e+00
3.810512865743151956e+00,2.897425541614028766e-01,-1.173635639564652722e-01,1.309311537351302845e-02,1.704119922764762762e+00
3.812897410715456736e+00,2.894628333189853686e-01,-1.172479629508909466e-01,1.304892787383240757e-02,1.704572771428921829e+00
3.815281955687761517e+00,2.891833879761145365e-01,-1.171324929806208254e-01,1.300489035942620740e-02,1.705024656659865467e+00
3.817666500660066298e+00,2.889042178204521694e-01,-1.170171539438187580e-01,1.296100231269320044e-02,1.705475580184456108e+00
3.820051045632371078e+00,2.886253225399031397e-01,-1.169019457384034288e-01,1.291726321783761081e-02,1.705925543727501159e+00
3.822435590604676303e+00,2.883467018226160139e-01,-1.167868682620504250e-01,1.287367256086293862e-02,1.706374549011749009e+00
3.824820135576981084e+00,2.880683553569838296e-01,-1.166719214121944570e-01,1.283022982956582084e-02,1.706822597757886362e+00
3.827204680549285865e+00,2.877902828316443173e-01,-1.165571050860314123e-01,1.278693451352983651e-02,1.707269691684537571e+00
3.829589225521590645e+00,2.875124839354806228e-01,-1.164424191805204234e-01,1.274378610411940234e-02,1.707715832508258202e+00
3.831973770493895426e+00,2.872349583576219723e-01,-1.163278635923860882e-01,1.270078409447367856e-02,1.708161021943537472e+00
3.834358315466200207e+00,2.869577057874440618e-01,-1.162134382181204267e-01,1.265792797950046275e-02,1.708605261702790923e+00
3.836742860438505431e+00,2.866807259145696674e-01,-1.160991429539850323e-01,1.261521725587012865e-02,1.709048553496361755e+00
3.839127405410810212e+00,2.864040184288693114e-01,-1.159849776960131668e-01,1.257265142200958766e-02,1.709490899032516165e+00
3.841511950383114993e+00,2.861275830204615955e-01,-1.158709423400116900e-01,1.253022997809623632e-02,1.709932300017441564e+00
3.843896495355419773e+00,2.858514193797138669e-01,-1.157570367815632245e-01,1.248795242605195768e-02,1.710372758155244810e+00
3.846281040327724554e+00,2.855755271972427733e-01,-1.156432609160281400e-01,1.244581826953713652e-02,1.710812275147948869e+00
3.848665585300029335e+00,2.852999061639146516e-01,-1.155296146385465933e-01,1.240382701394466061e-02,1.711250852695491487e+00
3.851050130272334115e+00,2.850245559708461940e-01,-1.154160978440405272e-01,1.236197816639399323e-02,1.711688492495722524e+00
3.853434675244639340e+00,2.847494763094049475e-01,-1.153027104272156544e-01,1.232027123572522476e-02,1.712125196244401515e+00
3.855819220216944121e+00,2.844746668712097581e-01,-1.151894522825635675e-01,1.227870573249315901e-02,1.712560965635195664e+00
3.858203765189248902e+00,2.842001273481313262e-01,-1.150763233043635564e-01,1.223728116896140826e-02,1.712995802359678299e+00
3.860588310161553682e+00,2.839258574322927053e-01,-1.149633233866846627e-01,1.219599705909652290e-02,1.713429708107325755e+00
3.862972855133858463e+00,2.836518568160696918e-01,-1.148504524233876778e-01,1.215485291856210383e-02,1.713862684565515826e+00
3.865357400106163244e+00,2.833781251920916566e-01,-1.147377103081270444e-01,1.211384826471302231e-02,1.714294733419525985e+00
3.867741945078468468e+00,2.831046622532415458e-01,-1.146250969343527992e-01,1.207298261658951155e-02,1.714725856352530942e+00
3.870126490050773249e+00,2.828314676926568239e-01,-1.145126121953125853e-01,1.203225549491143687e-02,1.715156055045600203e+00
3.872511035023078030e+00,2.825585412037296962e-01,-1.144002559840534561e-01,1.199166642207246704e-02,1.715585331177698070e+00
3.874895579995382811e+00,2.822858824801075528e-01,-1.142880281934238740e-01,1.195121492213430288e-02,1.716013686425678975e+00
3.877280124967687591e+00,2.820134912156935791e-01,-1.141759287160755837e-01,1.191090052082094224e-02,1.716441122464287483e+00
3.879664669939992372e+00,2.817413671046470891e-01,-1.140639574444655135e-01,1.187072274551293459e-02,1.716867640966156072e+00
3.882049214912297597e+00,2.814695098413842467e-01,-1.139521142708576351e-01,1.183068112524170677e-02,1.717293243601802910e+00
3.884433759884602377e+00,2.811979191205782325e-01,-1.138403990873249477e-01,1.179077519068381236e-02,1.717717932039630302e+00
3.886818304856907158e+00,2.809265946371597433e-01,-1.137288117857511854e-01,1.175100447415527820e-02,1.718141707945923358e+00
3.889202849829211939e+00,2.806555360863177140e-01,-1.136173522578328154e-01,1.171136850960597352e-02,1.718564572984847993e+00
3.891587394801516719e+00,2.803847431634993170e-01,-1.135060203950807589e-01,1.167186683261390440e-02,1.718986528818448489e+00
3.893971939773821500e+00,2.801142155644107956e-01,-1.133948160888223339e-01,1.163249898037965573e-02,1.719407577106646823e+00
3.896356484746126725e+00,2.798439529850176855e-01,-1.132837392302030177e-01,1.159326449172074815e-02,1.719827719507240449e+00
3.898741029718431506e+00,2.795739551215453700e-01,-1.131727897101883484e-01,1.155416290706606959e-02,1.720246957675901633e+00
3.901125574690736286e+00,2.793042216704793024e-01,-1.130619674195656177e-01,1.151519376845028080e-02,1.720665293266174123e+00
3.903510119663041067e+00,2.790347523285657827e-01,-1.129512722489457721e-01,1.147635661950831103e-02,1.721082727929473810e+00
3.905894664635345848e+00,2.787655467928119579e-01,-1.128407040887651341e-01,1.143765100546976707e-02,1.721499263315085404e+00
3.908279209607650628e+00,2.784966047604865436e-01,-1.127302628292872200e-01,1.139907647315346016e-02,1.721914901070161319e+00
3.910663754579955409e+00,2.782279259291201012e-01,-1.126199483606045437e-01,1.136063257096189133e-02,1.722329642839721231e+00
3.913048299552260634e+00,2.779595099965054827e-01,-1.125097605726402827e-01,1.132231884887577311e-02,1.722743490266649635e+00
3.915432844524565414e+00,2.776913566606982742e-01,-1.123996993551501650e-01,1.128413485844857907e-02,1.723156444991694292e+00
3.917817389496870195e+00,2.774234656200170734e-01,-1.122897645977241343e-01,1.124608015280107419e-02,1.723568508653466447e+00
3.920201934469174976e+00,2.771558365730439899e-01,-1.121799561897880299e-01,1.120815428661591298e-02,1.723979682888437504e+00
3.922586479441479757e+00,2.768884692186249774e-01,-1.120702740206054732e-01,1.117035681613220977e-02,1.724389969330938799e+00
3.924971024413784537e+00,2.766213632558701674e-01,-1.119607179792794227e-01,1.113268729914015064e-02,1.724799369613160271e+00
3.927355569386089762e+00,2.763545183841544239e-01,-1.118512879547540056e-01,1.109514529497563837e-02,1.725207885365148686e+00
3.929740114358394543e+00,2.760879343031176769e-01,-1.117419838358161693e-01,1.105773036451492344e-02,1.725615518214807187e+00
3.932124659330699323e+00,2.758216107126650329e-01,-1.116328055110973744e-01,1.102044207016923856e-02,1.726022269787893970e+00
3.934509204303004104e+00,2.755555473129674970e-01,-1.115237528690752461e-01,1.098327997587951813e-02,1.726428141708019615e+00
3.936893749275308885e+00,2.752897438044621392e-01,-1.114148257980753093e-01,1.094624364711106572e-02,1.726833135596648416e+00
3.939278294247613665e+00,2.750241998878525385e-01,-1.113060241862726535e-01,1.090933265084828054e-02,1.727237253073095946e+00
3.941662839219918890e+00,2.747589152641089494e-01,-1.111973479216934874e-01,1.087254655558935607e-02,1.727640495754527272e+00
3.944047384192223671e+00,2.744938896344690793e-01,-1.110887968922169983e-01,1.083588493134108807e-02,1.728042865255957405e+00
3.946431929164528452e+00,2.742291227004379217e-01,-1.109803709855767262e-01,1.079934734961356807e-02,1.728444363190249078e+00
3.948816474136833232e+00,2.739646141637884780e-01,-1.108720700893623956e-01,1.076293338341501211e-02,1.728844991168112744e+00
3.951201019109138013e+00,2.737003637265619238e-01,-1.107638940910214836e-01,1.072664260724653235e-02,1.729244750798104580e+00
3.953585564081442794e+00,2.734363710910679424e-01,-1.106558428778607744e-01,1.069047459709696057e-02,1.729643643686626486e+00
3.955970109053747574e+00,2.731726359598852238e-01,-1.105479163370480800e-01,1.065442893043768748e-02,1.730041671437924089e+00
3.958354654026052799e+00,2.729091580358615210e-01,-1.104401143556136833e-01,1.061850518621748965e-02,1.730438835654087404e+00
3.960739198998357580e+00,2.726459370221143708e-01,-1.103324368204521566e-01,1.058270294485743473e-02,1.730835137935048174e+00
3.963123743970662360e+00,2.723829726220308722e-01,-1.102248836183236658e-01,1.054702178824569805e-02,1.731230579878579867e+00
3.965508288942967141e+00,2.721202645392685193e-01,-1.101174546358557743e-01,1.051146129973252498e-02,1.731625163080297902e+00
3.967892833915271922e+00,2.718578124777553118e-01,-1.100101497595448730e-01,1.047602106412512217e-02,1.732018889133656758e+00
3.970277378887576702e+00,2.715956161416899217e-01,-1.099029688757577894e-01,1.044070066768257310e-02,1.732411759629950865e+00
3.972661923859881927e+00,2.713336752355421932e-01,-1.097959118707333148e-01,1.040549969811080042e-02,1.732803776158313047e+00
3.975046468832186708e+00,2.710719894640535865e-01,-1.096889786305838138e-01,1.037041774455756647e-02,1.733194940305714304e+00
3.977431013804491489e+00,2.708105585322369002e-01,-1.095821690412966259e-01,1.033545439760736456e-02,1.733585253656962255e+00
3.979815558776796269e+00,2.705493821453772152e-01,-1.094754829887356756e-01,1.030060924927650792e-02,1.733974717794700915e+00
3.982200103749101050e+00,2.702884600090318945e-01,-1.093689203586429987e-01,1.026588189300810770e-02,1.734363334299411585e+00
3.984584648721405831e+00,2.700277918290308055e-01,-1.092624810366402133e-01,1.023127192366708911e-02,1.734751104749409523e+00
3.986969193693711055e+00,2.697673773114767082e-01,-1.091561649082300189e-01,1.019677893753526132e-02,1.735138030720844826e+00
3.989353738666015836e+00,2.695072161627456442e-01,-1.090499718587977368e-01,1.016240253230638393e-02,1.735524113787701772e+00
3.991738283638320617e+00,2.692473080894870474e-01,-1.089439017736127530e-01,1.012814230708123514e-02,1.735909355521799036e+00
3.994122828610625398e+00,2.689876527986239108e-01,-1.088379545378299618e-01,1.009399786236268512e-02,1.736293757492787471e+00
3.996507373582930178e+00,2.687282499973535077e-01,-1.087321300364913063e-01,1.005996880005087697e-02,1.736677321268150331e+00
3.998891918555234959e+00,2.684690993931471148e-01,-1.086264281545272076e-01,1.002605472343827409e-02,1.737060048413203273e+00
4.001276463527539740e+00,2.682102006937506222e-01,-1.085208487767579943e-01,9.992255237204851481e-03,1.737441940491093906e+00
4.003661008499844520e+00,2.679515536071847559e-01,-1.084153917878953877e-01,9.958569947413261139e-03,1.737822999062800466e+00
4.006045553472149301e+00,2.676931578417451330e-01,-1.083100570725439166e-01,9.924998461503964364e-03,1.738203225687132480e+00
4.008430098444454082e+00,2.674350131060028724e-01,-1.082048445152023614e-01,9.891540388290492522e-03,1.738582621920729432e+00
4.010814643416758862e+00,2.671771191088044284e-01,-1.080997540002651275e-01,9.858195337954579404e-03,1.738961189318060985e+00
4.013199188389063643e+00,2.669194755592721457e-01,-1.079947854120237305e-01,9.824962922041442781e-03,1.739338929431426095e+00
4.015583733361368424e+00,2.666620821668044816e-01,-1.078899386346681699e-01,9.791842753455012177e-03,1.739715843810954343e+00
4.017968278333673204e+00,2.664049386410759501e-01,-1.077852135522883309e-01,9.758834446453147973e-03,1.740091934004603269e+00
4.020352823305977985e+00,2.661480446920377885e-01,-1.076806100488753443e-01,9.725937616642971531e-03,1.740467201558159482e+00
4.022737368278282766e+00,2.658914000299178459e-01,-1.075761280083230298e-01,9.693151880976103377e-03,1.740841648015237997e+00
4.025121913250588435e+00,2.656350043652209725e-01,-1.074717673144292007e-01,9.660476857743991591e-03,1.741215274917283340e+00
4.027506458222893215e+00,2.653788574087293517e-01,-1.073675278508971903e-01,9.627912166573240199e-03,1.741588083803567111e+00
4.029891003195197996e+00,2.651229588715024454e-01,-1.072634095013369759e-01,9.595457428420909804e-03,1.741960076211188424e+00
4.032275548167502777e+00,2.648673084648773823e-01,-1.071594121492666918e-01,9.563112265569884141e-03,1.742331253675075464e+00
4.034660093139807557e+00,2.646119059004691798e-01,-1.070555356781139750e-01,9.530876301624243568e-03,1.742701617727983265e+00
4.037044638112112338e+00,2.643567508901709107e-01,-1.069517799712172285e-01,9.498749161504635094e-03,1.743071169900494599e+00
4.039429183084417119e+00,2.641018431461539806e-01,-1.068481449118270227e-01,9.466730471443673620e-03,1.743439911721019531e+00
4.041813728056721899e+00,2.638471823808681838e-01,-1.067446303831074000e-01,9.434819858981341456e-03,1.743807844715796307e+00
4.044198273029026680e+00,2.635927683070422578e-01,-1.066412362681371795e-01,9.403016952960453756e-03,1.744174970408889802e+00
4.046582818001331461e+00,2.633386006376835509e-01,-1.065379624499112887e-01,9.371321383522032006e-03,1.744541290322191962e+00
4.048967362973636241e+00,2.630846790860786877e-01,-1.064348088113420410e-01,9.339732782100828440e-03,1.744906805975422026e+00
4.051351907945941022e+00,2.628310033657935141e-01,-1.063317752352604811e-01,9.308250781420756778e-03,1.745271518886128082e+00
4.053736452918245803e+00,2.625775731906734856e-01,-1.062288616044175932e-01,9.276875015490407966e-03,1.745635430569682622e+00
4.056120997890551472e+00,2.623243882748435007e-01,-1.061260678014856601e-01,9.245605119598510405e-03,1.745998542539288989e+00
4.058505542862856252e+00,2.620714483327086786e-01,-1.060233937090595685e-01,9.214440730309522015e-03,1.746360856305974707e+00
4.060890087835161033e+00,2.618187530789538586e-01,-1.059208392096579465e-01,9.183381485459071389e-03,1.746722373378596593e+00
4.063274632807465814e+00,2.615663022285443229e-01,-1.058184041857245378e-01,9.152427024149579343e-03,1.747083095263839425e+00
4.065659177779770594e+00,2.613140954967256291e-01,-1.057160885196294087e-01,9.121576986745774662e-03,1.747443023466214163e+00
4.068043722752075375e+00,2.610621325990239994e-01,-1.056138920936702252e-01,9.090831014870303511e-03,1.747802159488061946e+00
4.070428267724380156e+00,2.608104132512463202e-01,-1.055118147900734743e-01,9.060188751399292015e-03,1.748160504829549211e+00
4.072812812696684936e+00,2.605589371694805312e-01,-1.054098564909956987e-01,9.029649840457988630e-03,1.748518060988673239e+00
4.075197357668989717e+00,2.603077040700955136e-01,-1.053080170785247183e-01,8.999213927416347542e-03,1.748874829461258384e+00
4.077581902641294498e+00,2.600567136697414794e-01,-1.052062964346808932e-01,8.968880658884697057e-03,1.749230811740957625e+00
4.079966447613599279e+00,2.598059656853500266e-01,-1.051046944414182754e-01,8.938649682709368105e-03,1.749586009319253233e+00
4.082350992585904059e+00,2.595554598341343611e-01,-1.050032109806258718e-01,8.908520647968381709e-03,1.749940423685457214e+00
4.084735537558209728e+00,2.593051958335891305e-01,-1.049018459341287679e-01,8.878493204967084426e-03,1.750294056326709757e+00
4.087120082530514509e+00,2.590551734014913676e-01,-1.048005991836895023e-01,8.848567005233931235e-03,1.750646908727981677e+00
4.089504627502819289e+00,2.588053922558997688e-01,-1.046994706110090101e-01,8.818741701516105355e-03,1.750998982372073742e+00
4.091889172475124070e+00,2.585558521151551381e-01,-1.045984600977279688e-01,8.789016947775268179e-03,1.751350278739617794e+00
4.094273717447428851e+00,2.583065526978808313e-01,-1.044975675254279091e-01,8.759392399183335218e-03,1.751700799309074741e+00
4.096658262419733632e+00,2.580574937229824783e-01,-1.043967927756324354e-01,8.729867712118179190e-03,1.752050545556738781e+00
4.099042807392038412e+00,2.578086749096482611e-01,-1.042961357298083092e-01,8.700442544159416383e-03,1.752399518956733848e+00
4.101427352364343193e+00,2.575600959773492460e-01,-1.041955962693666832e-01,8.671116554084210351e-03,1.752747720981016943e+00
4.103811897336647974e+00,2.573117566458391625e-01,-1.040951742756642123e-01,8.641889401863023581e-03,1.753095153099377246e+00
4.106196442308952754e+00,2.570636566351549024e-01,-1.039948696300041775e-01,8.612760748655474974e-03,1.753441816779436113e+00
4.108580987281257535e+00,2.568157956656162422e-01,-1.038946822136376791e-01,8.583730256806108849e-03,1.753787713486648858e+00
4.110965532253562316e+00,2.565681734578262874e-01,-1.037946119077647056e-01,8.554797589840283656e-03,1.754132844684304970e+00
4.113350077225867096e+00,2.563207897326715834e-01,-1.036946585935352855e-01,8.525962412460010367e-03,1.754477211833526784e+00
4.115734622198172765e+00,2.560736442113219491e-01,-1.035948221520505835e-01,8.497224390539792616e-03,1.754820816393273253e+00
4.118119167170477546e+00,2.558267366152309763e-01,-1.034951024643641221e-01,8.468583191122550091e-03,1.755163659820336397e+00
4.120503712142782327e+00,2.555800666661358078e-01,-1.033954994114826970e-01,8.440038482415474289e-03,1.755505743569346411e+00
4.122888257115087107e+00,2.553336340860574150e-01,-1.032960128743675987e-01,8.411589933785951906e-03,1.755847069092768109e+00
4.125272802087391888e+00,2.550874385973007086e-01,-1.031966427339356951e-01,8.383237215757496918e-03,1.756187637840904259e+00
4.127657347059696669e+00,2.548414799224545391e-01,-1.030973888710604858e-01,8.354980000005665305e-03,1.756527451261895134e+00
4.130041892032001449e+00,2.545957577843919184e-01,-1.029982511665732126e-01,8.326817959354020082e-03,1.756866510801719183e+00
4.132426437004306230e+00,2.543502719062701312e-01,-1.028992295012639141e-01,8.298750767770103273e-03,1.757204817904193250e+00
4.134810981976611011e+00,2.541050220115306790e-01,-1.028003237558824806e-01,8.270778100361383597e-03,1.757542374010973907e+00
4.137195526948915791e+00,2.538600078238994473e-01,-1.027015338111397780e-01,8.242899633371270074e-03,1.757879180561558119e+00
4.139580071921220572e+00,2.536152290673869270e-01,-1.026028595477086192e-01,8.215115044175113485e-03,1.758215238993283469e+00
4.141964616893525353e+00,2.533706854662881591e-01,-1.025043008462248606e-01,8.187424011276228653e-03,1.758550550741328822e+00
4.144349161865830133e+00,2.531263767451827351e-01,-1.024058575872884569e-01,8.159826214301897640e-03,1.758885117238715434e+00
4.146733706838135802e+00,2.528823026289350739e-01,-1.023075296514644600e-01,8.132321333999447538e-03,1.759218939916308733e+00
4.149118251810440583e+00,2.526384628426946444e-01,-1.022093169192841294e-01,8.104909052232323052e-03,1.759552020202814981e+00
4.151502796782745364e+00,2.523948571118955209e-01,-1.021112192712458483e-01,8.077589051976100110e-03,1.759884359524787500e+00
4.153887341755050144e+00,2.521514851622569386e-01,-1.020132365878161917e-01,8.050361017314617423e-03,1.760215959306623779e+00
4.156271886727354925e+00,2.519083467197831272e-01,-1.019153687494309957e-01,8.023224633436059489e-03,1.760546820970567250e+00
4.158656431699659706e+00,2.516654415107635323e-01,-1.018176156364962864e-01,7.996179586629082944e-03,1.760876945936709070e+00
4.161040976671964486e+00,2.514227692617727050e-01,-1.017199771293893079e-01,7.969225564278911711e-03,1.761206335622985897e+00
4.163425521644269267e+00,2.511803296996706347e-01,-1.016224531084595623e-01,7.942362254863520599e-03,1.761534991445185883e+00
4.165810066616574048e+00,2.509381225516025271e-01,-1.015250434540297397e-01,7.915589347949742588e-03,1.761862914816943793e+00
4.168194611588878828e+00,2.506961475449990262e-01,-1.014277480463967318e-01,7.888906534189457642e-03,1.762190107149745444e+00
4.170579156561183609e+00,2.504544044075762699e-01,-1.013305667658326165e-01,7.862313505315771112e-03,1.762516569852928594e+00
4.172963701533488390e+00,2.502128928673358899e-01,-1.012334994925856435e-01,7.835809954139193872e-03,1.762842304333682275e+00
4.175348246505794059e+00,2.499716126525650950e-01,-1.011365461068811367e-01,7.809395574543854558e-03,1.763167311997047904e+00
4.177732791478098839e+00,2.497305634918368378e-01,-1.010397064889225899e-01,7.783070061483725668e-03,1.763491594245921057e+00
4.180117336450403620e+00,2.494897451140095923e-01,-1.009429805188924723e-01,7.756833110978824525e-03,1.763815152481051918e+00
4.182501881422708401e+00,2.492491572482276596e-01,-1.008463680769532689e-01,7.730684420111487085e-03,1.764137988101045718e+00
4.184886426395013181e+00,2.490087996239210566e-01,-1.007498690432484106e-01,7.704623687022602724e-03,1.764460102502366068e+00
4.187270971367317962e+00,2.487686719708057104e-01,-1.006534832979032179e-01,7.678650610907902796e-03,1.764781497079332073e+00
4.189655516339622743e+00,2.485287740188833472e-01,-1.005572107210258442e-01,7.652764892014221436e-03,1.765102173224122328e+00
4.192040061311927523e+00,2.482891054984416312e-01,-1.004610511927081645e-01,7.626966231635805803e-03,1.765422132326775806e+00
4.194424606284232304e+00,2.480496661400541647e-01,-1.003650045930267742e-01,7.601254332110617649e-03,1.765741375775190081e+00
4.196809151256537085e+00,2.478104556745805431e-01,-1.002690708020438221e-01,7.575628896816650505e-03,1.766059904955125992e+00
4.199193696228841866e+00,2.475714738331663278e-01,-1.001732496998079952e-01,7.550089630168262470e-03,1.766377721250206312e+00
4.201578241201146646e+00,2.473327203472432123e-01,-1.000775411663554076e-01,7.524636237612531559e-03,1.766694826041918409e+00
4.203962786173451427e+00,2.470941949485288558e-01,-9.998194508171047434e-02,7.499268425625592836e-03,1.767011220709612251e+00
4.206347331145757096e+00,2.468558973690270497e-01,-9.988646132588681337e-02,7.473985901709025853e-03,1.767326906630506400e+00
4.208731876118061876e+00,2.466178273410278565e-01,-9.979108977888827281e-02,7.448788374386244686e-03,1.767641885179684902e+00
4.211116421090366657e+00,2.463799845971073044e-01,-9.969583032070955531e-02,7.423675553198864560e-03,1.767956157730099287e+00
4.213500966062671438e+00,2.461423688701276091e-01,-9.960068283133735600e-02,7.398647148703123982e-03,1.768269725652571678e+00
4.215885511034976219e+00,2.459049798932372854e-01,-9.950564719075105646e-02,7.373702872466320751e-03,1.768582590315793679e+00
4.218270056007280999e+00,2.456678173998709247e-01,-9.941072327892373772e-02,7.348842437063211538e-03,1.768894753086328153e+00
4.220654600979585780e+00,2.454308811237493892e-01,-9.931591097582295746e-02,7.324065556072485196e-03,1.769206215328611664e+00
4.223039145951890561e+00,2.451941707988797847e-01,-9.922121016141163818e-02,7.299371944073204839e-03,1.769516978404953367e+00
4.225423690924195341e+00,2.449576861595554322e-01,-9.912662071564892763e-02,7.274761316641281152e-03,1.769827043675538336e+00
4.227808235896500122e+00,2.447214269403558962e-01,-9.903214251849104532e-02,7.250233390345950032e-03,1.770136412498426681e+00
4.230192780868804903e+00,2.444853928761470119e-01,-9.893777544989214301e-02,7.225787882746271054e-03,1.770445086229557319e+00
4.232577325841109683e+00,2.442495837020808580e-01,-9.884351938980510954e-02,7.201424512387629394e-03,1.770753066222746419e+00
4.234961870813414464e+00,2.440139991535958119e-01,-9.874937421818248684e-02,7.177142998798257713e-03,1.771060353829691181e+00
4.237346415785720133e+00,2.437786389664163278e-01,-9.865533981497713600e-02,7.152943062485744158e-03,1.771366950399968720e+00
4.239730960758024914e+00,2.435435028765534360e-01,-9.856141606014336143e-02,7.128824424933621895e-03,1.771672857281039182e+00
4.242115505730329694e+00,2.433085906203042159e-01,-9.846760283363738264e-02,7.104786808597875376e-03,1.771978075818246401e+00
4.244500050702634475e+00,2.430739019342519625e-01,-9.837390001541838902e-02,7.080829936903515996e-03,1.772282607354818795e+00
4.246884595674939256e+00,2.428394365552662693e-01,-9.828030748544924755e-02,7.056953534241174227e-03,1.772586453231870474e+00
4.249269140647244036e+00,2.426051942205029732e-01,-9.818682512369739102e-02,7.033157325963681344e-03,1.772889614788404122e+00
4.251653685619548817e+00,2.423711746674041267e-01,-9.809345281013551188e-02,7.009441038382669374e-03,1.773192093361310562e+00
4.254038230591853598e+00,2.421373776336979422e-01,-9.800019042474247821e-02,6.985804398765179703e-03,1.773493890285370744e+00
4.256422775564158378e+00,2.419038028573988475e-01,-9.790703784750402761e-02,6.962247135330292512e-03,1.773795006893257087e+00
4.258807320536463159e+00,2.416704500768074304e-01,-9.781399495841361369e-02,6.938768977245764885e-03,1.774095444515534803e+00
4.261191865508767940e+00,2.414373190305104944e-01,-9.772106163747315555e-02,6.915369654624676718e-03,1.774395204480663013e+00
4.263576410481072720e+00,2.412044094573808639e-01,-9.762823776469387038e-02,6.892048898522082703e-03,1.774694288114997409e+00
4.265960955453378389e+00,2.409717210965774681e-01,-9.753552322009692577e-02,6.868806440931687733e-03,1.774992696742788700e+00
4.268345500425683170e+00,2.407392536875455347e-01,-9.744291788371443885e-02,6.845642014782550924e-03,1.775290431686187942e+00
4.270730045397987951e+00,2.405070069700161184e-01,-9.735042163558997597e-02,6.822555353935740204e-03,1.775587494265244759e+00
4.273114590370292731e+00,2.402749806840064062e-01,-9.725803435577946854e-02,6.799546193181065824e-03,1.775883885797909789e+00
4.275499135342597512e+00,2.400431745698195229e-01,-9.716575592435192088e-02,6.776614268233783524e-03,1.776179607600036681e+00
4.277883680314902293e+00,2.398115883680445592e-01,-9.707358622139017346e-02,6.753759315731329774e-03,1.776474660985382314e+00
4.280268225287207073e+00,2.395802218195565714e-01,-9.698152512699166616e-02,6.730981073230061368e-03,1.776769047265610135e+00
4.282652770259511854e+00,2.393490746655164703e-01,-9.688957252126911834e-02,6.708279279202001948e-03,1.777062767750288819e+00
4.285037315231816635e+00,2.391181466473711048e-01,-9.679772828435136145e-02,6.685653673031616284e-03,1.777355823746897157e+00
4.287421860204121415e+00,2.388874375068530398e-01,-9.670599229638399130e-02,6.663103995012564611e-03,1.777648216560822281e+00
4.289806405176426196e+00,2.386569469859806669e-01,-9.661436443753010361e-02,6.640629986344501190e-03,1.777939947495363215e+00
4.292190950148730977e+00,2.384266748270581493e-01,-9.652284458797108502e-02,6.618231389129872015e-03,1.778231017851732210e+00
4.294575495121035758e+00,2.381966207726752827e-01,-9.643143262790723758e-02,6.595907946370710775e-03,1.778521428929054515e+00
4.296960040093341426e+00,2.379667845657074399e-01,-9.634012843755854205e-02,6.573659401965457373e-03,1.778811182024372384e+00
4.299344585065646207e+00,2.377371659493158484e-01,-9.624893189716544895e-02,6.551485500705817207e-03,1.779100278432644400e+00
4.301729130037950988e+00,2.375077646669470355e-01,-9.615784288698940585e-02,6.529385988273553668e-03,1.779388719446749256e+00
4.304113675010255768e+00,2.372785804623331052e-01,-9.606686128731367624e-02,6.507360611237370841e-03,1.779676506357483978e+00
4.306498219982560549e+00,2.370496130794915723e-01,-9.597598697844403337e-02,6.485409117049767587e-03,1.779963640453569917e+00
4.308882764954865330e+00,2.368208622627254178e-01,-9.588521984070944026e-02,6.463531254043915035e-03,1.780250123021650532e+00
4.311267309927170110e+00,2.365923277566228666e-01,-9.579455975446270199e-02,6.441726771430532350e-03,1.780535955346293830e+00
4.313651854899474891e+00,2.363640093060574709e-01,-9.570400660008121507e-02,6.419995419294790250e-03,1.780821138709995477e+00
4.316036399871779672e+00,2.361359066561879994e-01,-9.561356025796759195e-02,6.398336948593214522e-03,1.781105674393179905e+00
4.318420944844084453e+00,2.359080195524583534e-01,-9.552322060855038266e-02,6.376751111150597354e-03,1.781389563674199206e+00
4.320805489816389233e+00,2.356803477405975400e-01,-9.543298753228468545e-02,6.355237659656933803e-03,1.781672807829339344e+00
4.323190034788694014e+00,2.354528909666195879e-01,-9.534286090965288230e-02,6.333796347664351345e-03,1.781955408132817054e+00
4.325574579760998795e+00,2.352256489768234926e-01,-9.525284062116524952e-02,6.312426929584067162e-03,1.782237365856785827e+00
4.327959124733304463e+00,2.349986215177930493e-01,-9.516292654736062395e-02,6.291129160683330696e-03,1.782518682271333921e+00
4.330343669705609244e+00,2.347718083363971586e-01,-9.507311856880716616e-02,6.269902797082433851e-03,1.782799358644488130e+00
4.332728214677914025e+00,2.345452091797891880e-01,-9.498341656610281847e-02,6.248747595751639669e-03,1.783079396242215120e+00
4.335112759650218806e+00,2.343188237954072772e-01,-9.489382041987605432e-02,6.227663314508202937e-03,1.783358796328422091e+00
4.337497304622523586e+00,2.340926519309742271e-01,-9.480433001078655830e-02,6.206649712013374322e-03,1.783637560164959668e+00
4.339881849594828367e+00,2.338666933344972776e-01,-9.471494521952579515e-02,6.185706547769398433e-03,1.783915689011622785e+00
4.342266394567133148e+00,2.336409477542682467e-01,-9.462566592681768973e-02,6.164833582116551781e-03,1.784193184126152687e+00
4.344650939539437928e+00,2.334154149388631971e-01,-9.453649201341923769e-02,6.144030576230157317e-03,1.784470046764239148e+00
4.347035484511742709e+00,2.331900946371426031e-01,-9.444742336012110218e-02,6.123297292117651017e-03,1.784746278179520695e+00
4.349420029484047490e+00,2.329649865982511281e-01,-9.435845984774830775e-02,6.102633492615618105e-03,1.785021879623587271e+00
4.351804574456352270e+00,2.327400905716175139e-01,-9.426960135716079547e-02,6.082038941386858771e-03,1.785296852345982899e+00
4.354189119428657051e+00,2.325154063069546362e-01,-9.418084776925408907e-02,6.061513402917476437e-03,1.785571197594205684e+00
4.356573664400962720e+00,2.322909335542592268e-01,-9.409219896495979452e-02,6.041056642513939132e-03,1.785844916613710254e+00
4.358958209373267501e+00,2.320666720638120961e-01,-9.400365482524643268e-02,6.020668426300210263e-03,1.786118010647909315e+00
4.361342754345572281e+00,2.318426215861776885e-01,-9.391521523111978631e-02,6.000348521214815198e-03,1.786390480938176317e+00
4.363727299317877062e+00,2.316187818722041381e-01,-9.382688006362363553e-02,5.980096695007974632e-03,1.786662328723845672e+00
4.366111844290181843e+00,2.313951526730232966e-01,-9.373864920384032684e-02,5.959912716238735357e-03,1.786933555242215865e+00
4.368496389262486623e+00,2.311717337400504557e-01,-9.365052253289141149e-02,5.939796354272095825e-03,1.787204161728551455e+00
4.370880934234791404e+00,2.309485248249843470e-01,-9.356249993193810344e-02,5.919747379276155130e-03,1.787474149416081959e+00
4.373265479207096185e+00,2.307255256798070586e-01,-9.347458128218204265e-02,5.899765562219271529e-03,1.787743519536007630e+00
4.375650024179400965e+00,2.305027360567838413e-01,-9.338676646486569755e-02,5.879850674867220101e-03,1.788012273317498790e+00
4.378034569151705746e+00,2.302801557084631634e-01,-9.329905536127305887e-02,5.860002489780379020e-03,1.788280411987698271e+00
4.380419114124010527e+00,2.300577843876764894e-01,-9.321144785273018096e-02,5.840220780310908903e-03,1.788547936771722968e+00
4.382803659096315307e+00,2.298356218475381685e-01,-9.312394382060573683e-02,5.820505320599943418e-03,1.788814848892666287e+00
4.385188204068620088e+00,2.296136678414454346e-01,-9.303654314631157329e-02,5.800855885574805054e-03,1.789081149571598583e+00
4.387572749040925757e+00,2.293919221230781846e-01,-9.294924571130329383e-02,5.781272250946210486e-03,1.789346840027571828e+00
4.389957294013230538e+00,2.291703844463991446e-01,-9.286205139708086920e-02,5.761754193205517564e-03,1.789611921477617607e+00
4.392341838985535318e+00,2.289490545656533427e-01,-9.277496008518906767e-02,5.742301489621923737e-03,1.789876395136751563e+00
4.394726383957840099e+00,2.287279322353682198e-01,-9.268797165721807951e-02,5.722913918239729524e-03,1.790140262217974731e+00
4.397110928930144880e+00,2.285070172103536024e-01,-9.260108599480409985e-02,5.703591257875601124e-03,1.790403523932276419e+00
4.399495473902449660e+00,2.282863092457014798e-01,-9.251430297962975891e-02,5.684333288115821746e-03,1.790666181488632658e+00
4.401880018874754441e+00,2.280658080967858936e-01,-9.242762249342477421e-02,5.665139789313567223e-03,1.790928236094011528e+00
4.404264563847059222e+00,2.278455135192629100e-01,-9.234104441796645024e-02,5.646010542586195509e-03,1.791189688953374493e+00
4.406649108819364002e+00,2.276254252690703417e-01,-9.225456863508017802e-02,5.626945329812523162e-03,1.791450541269676622e+00
4.409033653791668783e+00,2.274055431024278318e-01,-9.216819502663997632e-02,5.607943933630149536e-03,1.791710794243869476e+00
4.411418198763973564e+00,2.271858667758366312e-01,-9.208192347456907456e-02,5.589006137432752340e-03,1.791970449074903327e+00
4.413802743736278344e+00,2.269663960460794327e-01,-9.199575386084034301e-02,5.570131725367410101e-03,1.792229506959729379e+00
4.416187288708583125e+00,2.267471306702203704e-01,-9.190968606747687564e-02,5.551320482331941093e-03,1.792487969093299993e+00
4.418571833680888794e+00,2.265280704056046868e-01,-9.182371997655244811e-02,5.532572193972224925e-03,1.792745836668571791e+00
4.420956378653193575e+00,2.263092150098591215e-01,-9.173785547019217002e-02,5.513886646679594383e-03,1.793003110876508321e+00
4.423340923625498355e+00,2.260905642408910787e-01,-9.165209243057277633e-02,5.495263627588134470e-03,1.793259792906079841e+00
4.425725468597803136e+00,2.258721178568889876e-01,-9.156643073992329351e-02,5.476702924572090722e-03,1.793515883944267530e+00
4.428110013570107917e+00,2.256538756163220527e-01,-9.148087028052548364e-02,5.458204326243238508e-03,1.793771385176063937e+00
4.430494558542412697e+00,2.254358372779400599e-01,-9.139541093471435784e-02,5.439767621948260121e-03,1.794026297784476087e+00
4.432879103514717478e+00,2.252180026007733760e-01,-9.131005258487862042e-02,5.421392601766153105e-03,1.794280622950525039e+00
4.435263648487022259e+00,2.250003713441327269e-01,-9.122479511346126557e-02,5.403079056505627302e-03,1.794534361853251436e+00
4.437648193459327040e+00,2.247829432676090866e-01,-9.113963840295996599e-02,5.384826777702519246e-03,1.794787515669714395e+00
4.440032738431631820e+00,2.245657181310735662e-01,-9.105458233592757245e-02,5.366635557617219568e-03,1.795040085574995503e+00
4.442417283403936601e+00,2.243486956946772470e-01,-9.096962679497265503e-02,5.348505189232099534e-03,1.795292072742198819e+00
4.444801828376241382e+00,2.241318757188510979e-01,-9.088477166275990560e-02,5.330435466248956665e-03,1.795543478342455090e+00
4.447186373348547050e+00,2.239152579643056973e-01,-9.080001682201062352e-02,5.312426183086456019e-03,1.795794303544921755e+00
4.449570918320851831e+00,2.236988421920315107e-01,-9.071536215550332627e-02,5.294477134877621782e-03,1.796044549516786493e+00
4.451955463293156612e+00,2.234826281632981138e-01,-9.063080754607397149e-02,5.276588117467251662e-03,1.796294217423267892e+00
4.454340008265461393e+00,2.232666156396545809e-01,-9.054635287661660925e-02,5.258758927409439704e-03,1.796543308427618779e+00
4.456724553237766173e+00,2.230508043829290965e-01,-9.046199803008375673e-02,5.240989361965040991e-03,1.796791823691126666e+00
4.459109098210070954e+00,2.228351941552289273e-01,-9.037774288948689783e-02,5.223279219099176245e-03,1.797039764373117077e+00
4.461493643182375735e+00,2.226197847189401724e-01,-9.029358733789694114e-02,5.205628297478726886e-03,1.797287131630955770e+00
4.463878188154680515e+00,2.224045758367277359e-01,-9.020953125844463627e-02,5.188036396469855246e-03,1.797533926620048739e+00
4.466262733126985296e+00,2.221895672715351322e-01,-9.012557453432103183e-02,5.170503316135527383e-03,1.797780150493846651e+00
4.468647278099290077e+00,2.219747587865842919e-01,-9.004171704877796112e-02,5.153028857233031557e-03,1.798025804403845740e+00
4.471031823071594857e+00,2.217601501453755064e-01,-8.995795868512843074e-02,5.135612821211532272e-03,1.798270889499588909e+00
4.473416368043899638e+00,2.215457411116872333e-01,-8.987429932674707855e-02,5.118255010209607839e-03,1.798515406928669957e+00
4.475800913016204419e+00,2.213315314495759578e-01,-8.979073885707063163e-02,5.100955227052813949e-03,1.798759357836734463e+00
4.478185457988510088e+00,2.211175209233759154e-01,-8.970727715959828097e-02,5.083713275251232518e-03,1.799002743367480672e+00
4.480570002960814868e+00,2.209037092976993688e-01,-8.962391411789223661e-02,5.066528958997082097e-03,1.799245564662663499e+00
4.482954547933119649e+00,2.206900963374358593e-01,-8.954064961557800517e-02,5.049402083162253703e-03,1.799487822862095854e+00
4.485339092905424430e+00,2.204766818077524837e-01,-8.945748353634488947e-02,5.032332453295935114e-03,1.799729519103650865e+00
4.487723637877729210e+00,2.202634654740935893e-01,-8.937441576394639098e-02,5.015319875622196132e-03,1.799970654523262770e+00
4.490108182850033991e+00,2.200504471021806074e-01,-8.929144618220068164e-02,4.998364157037599002e-03,1.800211230254931127e+00
4.492492727822338772e+00,2.198376264580120254e-01,-8.920857467499090920e-02,4.981465105108822712e-03,1.800451247430720603e+00
4.494877272794643552e+00,2.196250033078630259e-01,-8.912580112626571072e-02,4.964622528070269936e-03,1.800690707180765404e+00
4.497261817766948333e+00,2.194125774182855426e-01,-8.904312542003960107e-02,4.947836234821723425e-03,1.800929610633268840e+00
4.499646362739253114e+00,2.192003485561078990e-01,-8.896054744039333384e-02,4.931106034925964235e-03,1.801167958914507539e+00
4.502030907711557894e+00,2.189883164884348643e-01,-8.887806707147433150e-02,4.914431738606444590e-03,1.801405753148832556e+00
4.504415452683862675e+00,2.187764809826473200e-01,-8.879568419749711561e-02,4.897813156744926927e-03,1.801642994458671376e+00
4.506799997656168344e+00,2.185648418064020659e-01,-8.871339870274362605e-02,4.881250100879153293e-03,1.801879683964531020e+00
4.509184542628473125e+00,2.183533987276320421e-01,-8.863121047156376220e-02,4.864742383200548574e-03,1.802115822784998489e+00
4.511569087600777905e+00,2.181421515145456347e-01,-8.854911938837557728e-02,4.848289816551861267e-03,1.802351412036743650e+00
4.513953632573082686e+00,2.179310999356267875e-01,-8.846712533766583342e-02,4.831892214424876250e-03,1.802586452834522790e+00
4.516338177545387467e+00,2.177202437596348905e-01,-8.838522820399029312e-02,4.815549390958119742e-03,1.802820946291178617e+00
4.518722722517692247e+00,2.175095827556044747e-01,-8.830342787197412169e-02,4.799261160934557326e-03,1.803054893517642920e+00
4.521107267489997028e+00,2.172991166928451290e-01,-8.822172422631231747e-02,4.783027339779311916e-03,1.803288295622939463e+00
4.523491812462301809e+00,2.170888453409412500e-01,-8.814011715177001716e-02,4.766847743557386941e-03,1.803521153714185754e+00
4.525876357434606589e+00,2.168787684697520424e-01,-8.805860653318291209e-02,4.750722188971407724e-03,1.803753468896594381e+00
4.528260902406911370e+00,2.166688858494111580e-01,-8.797719225545762300e-02,4.734650493359349004e-03,1.803985242273476564e+00
4.530645447379216151e+00,2.164591972503266404e-01,-8.789587420357206082e-02,4.718632474692289330e-03,1.804216474946243265e+00
4.533029992351520931e+00,2.162497024431806747e-01,-8.781465226257577361e-02,4.702667951572165467e-03,1.804447168014408076e+00
4.535414537323825712e+00,2.160404011989295603e-01,-8.773352631759033515e-02,4.686756743229543269e-03,1.804677322575588327e+00
4.537799082296131381e+00,2.158312932888032665e-01,-8.765249625380966414e-02,4.670898669521372087e-03,1.804906939725507753e+00
4.540183627268436162e+00,2.156223784843057101e-01,-8.757156195650052377e-02,4.655093550928797279e-03,1.805136020557999599e+00
4.542568172240740942e+00,2.154136565572141171e-01,-8.749072331100266053e-02,4.639341208554915476e-03,1.805364566165006845e+00
4.544952717213045723e+00,2.152051272795790227e-01,-8.740998020272930380e-02,4.623641464122579293e-03,1.805592577636586649e+00
4.547337262185350504e+00,2.149967904237241878e-01,-8.732933251716749889e-02,4.607994139972214180e-03,1.805820056060910561e+00
4.549721807157655284e+00,2.147886457622463496e-01,-8.724878013987842629e-02,4.592399059059617920e-03,1.806047002524268086e+00
4.552106352129960065e+00,2.145806930680149716e-01,-8.716832295649772078e-02,4.576856044953779221e-03,1.806273418111067119e+00
4.554490897102264846e+00,2.143729321141721600e-01,-8.708796085273590171e-02,4.561364921834711039e-03,1.806499303903838172e+00
4.556875442074569627e+00,2.141653626741325256e-01,-8.700769371437863664e-02,4.545925514491285652e-03,1.806724660983235919e+00
4.559259987046874407e+00,2.139579845215828779e-01,-8.692752142728710218e-02,4.530537648319070583e-03,1.806949490428039873e+00
4.561644532019179188e+00,2.137507974304821146e-01,-8.684744387739833094e-02,4.515201149318183622e-03,1.807173793315159260e+00
4.564029076991483969e+00,2.135438011750609988e-01,-8.676746095072551679e-02,4.499915844091146970e-03,1.807397570719632141e+00
4.566413621963788749e+00,2.133369955298221043e-01,-8.668757253335837576e-02,4.484681559840761333e-03,1.807620823714630953e+00
4.568798166936094418e+00,2.131303802695393712e-01,-8.660777851146342354e-02,4.469498124367962677e-03,1.807843553371461409e+00
4.571182711908399199e+00,2.129239551692583277e-01,-8.652807877128441960e-02,4.454365366069729278e-03,1.808065760759567597e+00
4.573567256880703980e+00,2.127177200042955074e-01,-8.644847319914251982e-02,4.439283113936941944e-03,1.808287446946531762e+00
4.575951801853008760e+00,2.125116745502384497e-01,-8.636896168143669283e-02,4.424251197552294540e-03,1.808508612998078524e+00
4.578336346825313541e+00,2.123058185829454214e-01,-8.628954410464405311e-02,4.409269447088188035e-03,1.808729259978074877e+00
4.580720891797618322e+00,2.121001518785454454e-01,-8.621022035532011074e-02,4.394337693304660106e-03,1.808949388948534853e+00
4.583105436769923102e+00,2.118946742134378003e-01,-8.613099032009916001e-02,4.379455767547276585e-03,1.809169000969620633e+00
4.585489981742227883e+00,2.116893853642921319e-01,-8.605185388569450144e-02,4.364623501745082748e-03,1.809388097099643211e+00
4.587874526714532664e+00,2.114842851080480646e-01,-8.597281093889884429e-02,4.349840728408518181e-03,1.809606678395068169e+00
4.590259071686837444e+00,2.112793732219150622e-01,-8.589386136658454241e-02,4.335107280627364598e-03,1.809824745910514343e+00
4.592643616659142225e+00,2.110746494833723175e-01,-8.581500505570389958e-02,4.320422992068696268e-03,1.810042300698758044e+00
4.595028161631447006e+00,2.108701136701683909e-01,-8.573624189328951650e-02,4.305787696974821763e-03,1.810259343810735055e+00
4.597412706603752675e+00,2.106657655603211554e-01,-8.565757176645449888e-02,4.291201230161260406e-03,1.810475876295541520e+00
4.599797251576057455e+00,2.104616049321177407e-01,-8.557899456239294322e-02,4.276663427014717848e-03,1.810691899200438826e+00
4.602181796548362236e+00,2.102576315641139504e-01,-8.550051016837996454e-02,4.262174123491037359e-03,1.810907413570852942e+00
4.604566341520667017e+00,2.100538452351343455e-01,-8.542211847177218209e-02,4.247733156113200556e-03,1.811122420450378412e+00
4.606950886492971797e+00,2.098502457242720498e-01,-8.534381936000794144e-02,4.233340361969322070e-03,1.811336920880780355e+00
4.609335431465276578e+00,2.096468328108884449e-01,-8.526561272060759200e-02,4.218995578710638995e-03,1.811550915901996683e+00
4.611719976437581359e+00,2.094436062746130589e-01,-8.518749844117380621e-02,4.204698644549521164e-03,1.811764406552139217e+00
4.614104521409886139e+00,2.092405658953433167e-01,-8.510947640939181547e-02,4.190449398257479682e-03,1.811977393867498121e+00
4.616489066382190920e+00,2.090377114532443459e-01,-8.503154651302974321e-02,4.176247679163189348e-03,1.812189878882542349e+00
4.618873611354495701e+00,2.088350427287488653e-01,-8.495370863993881305e-02,4.162093327150521473e-03,1.812401862629922311e+00
4.621258156326800481e+00,2.086325595025568524e-01,-8.487596267805368189e-02,4.147986182656563693e-03,1.812613346140472093e+00
4.623642701299105262e+00,2.084302615556354599e-01,-8.479830851539268965e-02,4.133926086669676217e-03,1.812824330443212784e+00
4.626027246271410043e+00,2.082281486692186823e-01,-8.472074604005812304e-02,4.119912880727522042e-03,1.813034816565353147e+00
4.628411791243715712e+00,2.080262206248072732e-01,-8.464327514023647914e-02,4.105946406915138812e-03,1.813244805532292947e+00
4.630796336216020492e+00,2.078244772041686617e-01,-8.456589570419882629e-02,4.092026507863000262e-03,1.813454298367624951e+00
4.633180881188325273e+00,2.076229181893363973e-01,-8.448860762030085958e-02,4.078153026745066391e-03,1.813663296093136035e+00
4.635565426160630054e+00,2.074215433626102334e-01,-8.441141077698334494e-02,4.064325807276876999e-03,1.813871799728811629e+00
4.637949971132934834e+00,2.072203525065557939e-01,-8.433430506277232730e-02,4.050544693713623544e-03,1.814079810292836825e+00
4.640334516105239615e+00,2.070193454040044623e-01,-8.425729036627936652e-02,4.036809530848247882e-03,1.814287328801599042e+00
4.642719061077544396e+00,2.068185218380531321e-01,-8.418036657620178720e-02,4.023120164009533206e-03,1.814494356269688025e+00
4.645103606049849176e+00,2.066178815920639567e-01,-8.410353358132297008e-02,4.009476439060203658e-03,1.814700893709902507e+00
4.647488151022153957e+00,2.064174244496642663e-01,-8.402679127051256025e-02,3.995878202395043884e-03,1.814906942133248435e+00
4.649872695994458738e+00,2.062171501947461794e-01,-8.395013953272675855e-02,3.982325300939000383e-03,1.815112502548943407e+00
4.652257240966763518e+00,2.060170586114665470e-01,-8.387357825700851588e-02,3.968817582145320148e-03,1.815317575964418229e+00
4.654641785939068299e+00,2.058171494842467586e-01,-8.379710733248781074e-02,3.955354893993674563e-03,1.815522163385319576e+00
4.657026330911373080e+00,2.056174225977723813e-01,-8.372072664838189904e-02,3.941937084988292837e-03,1.815726265815511775e+00
4.659410875883678749e+00,2.054178777369930209e-01,-8.364443609399548063e-02,3.928564004156103254e-03,1.815929884257079241e+00
4.661795420855983529e+00,2.052185146871223498e-01,-8.356823555872112952e-02,3.915235501044904767e-03,1.816133019710329810e+00
4.664179965828288310e+00,2.050193332336374408e-01,-8.349212493203923835e-02,3.901951425721487433e-03,1.816335673173794296e+00
4.666564510800593091e+00,2.048203331622789336e-01,-8.341610410351850413e-02,3.888711628769825693e-03,1.816537845644232929e+00
4.668949055772897871e+00,2.046215142590506186e-01,-8.334017296281602538e-02,3.875515961289231759e-03,1.816739538116633135e+00
4.671333600745202652e+00,2.044228763102193258e-01,-8.326433139967756580e-02,3.862364274892538061e-03,1.816940751584215530e+00
4.673718145717507433e+00,2.042244191023147304e-01,-8.318857930393781797e-02,3.849256421704283157e-03,1.817141487038434144e+00
4.676102690689812214e+00,2.040261424221290476e-01,-8.311291656552056983e-02,3.836192254358892443e-03,1.817341745468979086e+00
4.678487235662116994e+00,2.038280460567168384e-01,-8.303734307443892682e-02,3.823171625998877075e-03,1.817541527863778539e+00
4.680871780634421775e+00,2.036301297933948984e-01,-8.296185872079561707e-02,3.810194390273042436e-03,1.817740835209002981e+00
4.683256325606726556e+00,2.034323934197419248e-01,-8.288646339478310254e-02,3.797260401334687490e-03,1.817939668489064298e+00
4.685640870579031336e+00,2.032348367235983500e-01,-8.281115698668387037e-02,3.784369513839825391e-03,1.818138028686621110e+00
4.688025415551337005e+00,2.030374594930660637e-01,-8.273593938687061333e-02,3.771521582945398451e-03,1.818335916782579442e+00
4.690409960523641786e+00,2.028402615165084688e-01,-8.266081048580649349e-02,3.758716464307525641e-03,1.818533333756095161e+00
4.692794505495946566e+00,2.026432425825498707e-01,-8.258577017404526710e-02,3.745954014079708443e-03,1.818730280584576198e+00
4.695179050468251347e+00,2.024464024800754491e-01,-8.251081834223154832e-02,3.733234088911086598e-03,1.818926758243685882e+00
4.697563595440556128e+00,2.022497409982311478e-01,-8.243595488110101732e-02,3.720556545944689927e-03,1.819122767707343824e+00
4.699948140412860909e+00,2.020532579264232020e-01,-8.236117968148061463e-02,3.707921242815674992e-03,1.819318309947729473e+00
4.702332685385165689e+00,2.018569530543181945e-01,-8.228649263428874927e-02,3.695328037649601646e-03,1.819513385935282779e+00
4.704717230357470470e+00,2.016608261718426387e-01,-8.221189363053549304e-02,3.682776789060687467e-03,1.819707996638709302e+00
4.707101775329775251e+00,2.014648770691828683e-01,-8.213738256132281645e-02,3.670267356150084745e-03,1.819902143024979324e+00
4.709486320302080031e+00,2.012691055367847592e-01,-8.206295931784471365e-02,3.657799598504154863e-03,1.820095826059332733e+00
4.711870865274384812e+00,2.010735113653535078e-01,-8.198862379138745216e-02,3.645373376192753961e-03,1.820289046705278135e+00
4.714255410246689593e+00,2.008780943458534640e-01,-8.191437587332978110e-02,3.632988549767523362e-03,1.820481805924600405e+00
4.716639955218994373e+00,2.006828542695079098e-01,-8.184021545514306994e-02,3.620644980260189546e-03,1.820674104677356908e+00
4.719024500191300042e+00,2.004877909277986703e-01,-8.176614242839153057e-02,3.608342529180851976e-03,1.820865943921885055e+00
4.721409045163604823e+00,2.002929041124662524e-01,-8.169215668473245318e-02,3.596081058516319064e-03,1.821057324614800521e+00
4.723793590135909604e+00,2.000981936155092622e-01,-8.161825811591627566e-02,3.583860430728396003e-03,1.821248247711002355e+00
4.726178135108214384e+00,1.999036592291842940e-01,-8.154444661378687509e-02,3.571680508752213355e-03,1.821438714163674533e+00
4.728562680080519165e+00,1.997093007460057912e-01,-8.147072207028170643e-02,3.559541155994561720e-03,1.821628724924286846e+00
4.730947225052823946e+00,1.995151179587457413e-01,-8.139708437743196912e-02,3.547442236332214692e-03,1.821818280942600010e+00
4.733331770025128726e+00,1.993211106604335092e-01,-8.132353342736282908e-02,3.535383614110275234e-03,1.822007383166664773e+00
4.735716314997433507e+00,1.991272786443555320e-01,-8.125006911229358531e-02,3.523365154140512944e-03,1.822196032542827027e+00
4.738100859969738288e+00,1.989336217040551524e-01,-8.117669132453779468e-02,3.511386721699717370e-03,1.822384230015728468e+00
4.740485404942043068e+00,1.987401396333324521e-01,-8.110339995650354961e-02,3.499448182528061731e-03,1.822571976528309490e+00
4.742869949914347849e+00,1.985468322262438634e-01,-8.103019490069354736e-02,3.487549402827450594e-03,1.822759273021812287e+00
4.745254494886652630e+00,1.983536992771020580e-01,-8.095707604970528437e-02,3.475690249259898341e-03,1.822946120435779527e+00
4.747639039858957410e+00,1.981607405804757804e-01,-8.088404329623130606e-02,3.463870588945905903e-03,1.823132519708063226e+00
4.750023584831263079e+00,1.979679559311893489e-01,-8.081109653305922069e-02,3.452090289462823609e-03,1.823318471774820759e+00
4.752408129803567860e+00,1.977753451243229321e-01,-8.073823565307208794e-02,3.440349218843267391e-03,1.823503977570520185e+00
4.754792674775872641e+00,1.975829079552117451e-01,-8.066546054924834952e-02,3.428647245573476429e-03,1.823689038027942688e+00
4.757177219748177421e+00,1.973906442194461597e-01,-8.059277111466210675e-02,3.416984238591729787e-03,1.823873654078183693e+00
4.759561764720482202e+00,1.971985537128714272e-01,-8.052016724248330093e-02,3.405360067286746124e-03,1.824057826650656411e+00
4.761946309692786983e+00,1.970066362315874564e-01,-8.044764882597781053e-02,3.393774601496094261e-03,1.824241556673093401e+00
4.764330854665091763e+00,1.968148915719484249e-01,-8.037521575850767319e-02,3.382227711504597230e-03,1.824424845071548784e+00
4.766715399637396544e+00,1.966233195305628345e-01,-8.030286793353116903e-02,3.370719268042767554e-03,1.824607692770400913e+00
4.769099944609701325e+00,1.964319199042930397e-01,-8.023060524460302878e-02,3.359249142285223016e-03,1.824790100692354589e+00
4.771484489582006105e+00,1.962406924902551364e-01,-8.015842758537457258e-02,3.347817205849119761e-03,1.824972069758443949e+00
4.773869034554310886e+00,1.960496370858186566e-01,-8.008633484959386262e-02,3.336423330792589754e-03,1.825153600888033800e+00
4.776253579526615667e+00,1.958587534886064296e-01,-8.001432693110584193e-02,3.325067389613185591e-03,1.825334694998822949e+00
4.778638124498921336e+00,1.956680414964941661e-01,-7.994240372385247317e-02,3.313749255246318821e-03,1.825515353006845309e+00
4.781022669471226116e+00,1.954775009076106518e-01,-7.987056512187293289e-02,3.302468801063739023e-03,1.825695575826472794e+00
4.783407214443530897e+00,1.952871315203369429e-01,-7.979881101930370868e-02,3.291225900871959549e-03,1.825875364370418641e+00
4.785791759415835678e+00,1.950969331333065326e-01,-7.972714131037875185e-02,3.280020428910745273e-03,1.826054719549738747e+00
4.788176304388140458e+00,1.949069055454049904e-01,-7.965555588942961618e-02,3.268852259851576063e-03,1.826233642273833002e+00
4.790560849360445239e+00,1.947170485557697395e-01,-7.958405465088562447e-02,3.257721268796122827e-03,1.826412133450450836e+00
4.792945394332750020e+00,1.945273619637898077e-01,-7.951263748927396569e-02,3.246627331274727461e-03,1.826590193985688559e+00
4.795329939305054801e+00,1.943378455691056050e-01,-7.944130429921986147e-02,3.235570323244891470e-03,1.826767824783997352e+00
4.797714484277359581e+00,1.941484991716087571e-01,-7.937005497544670496e-02,3.224550121089771529e-03,1.826945026748181267e+00
4.800099029249664362e+00,1.939593225714417168e-01,-7.929888941277615788e-02,3.213566601616667674e-03,1.827121800779401006e+00
4.802483574221969143e+00,1.937703155689977363e-01,-7.922780750612834488e-02,3.202619642055538809e-03,1.827298147777177473e+00
4.804868119194273923e+00,1.935814779649203954e-01,-7.915680915052190902e-02,3.191709120057496969e-03,1.827474068639392435e+00
4.807252664166578704e+00,1.933928095601035457e-01,-7.908589424107419219e-02,3.180834913693331937e-03,1.827649564262290749e+00
4.809637209138884373e+00,1.932043101556910059e-01,-7.901506267300133224e-02,3.169996901452026752e-03,1.827824635540484355e+00
4.812021754111189153e+00,1.930159795530764222e-01,-7.894431434161845729e-02,3.159194962239285798e-03,1.827999283366952499e+00
4.814406299083493934e+00,1.928278175539028805e-01,-7.887364914233971347e-02,3.148428975376057690e-03,1.828173508633046396e+00
4.816790844055798715e+00,1.926398239600626838e-01,-7.880306697067843147e-02,3.137698820597070292e-03,1.828347312228489230e+00
4.819175389028103496e+00,1.924519985736972139e-01,-7.873256772224726530e-02,3.127004378049375727e-03,1.828520695041379707e+00
4.821559934000408276e+00,1.922643411971967087e-01,-7.866215129275830331e-02,3.116345528290898406e-03,1.828693657958195162e+00
4.823944478972713057e+00,1.920768516331999021e-01,-7.859181757802315149e-02,3.105722152288977866e-03,1.828866201863791785e+00
4.826329023945017838e+00,1.918895296845938292e-01,-7.852156647395309996e-02,3.095134131418925474e-03,1.829038327641408612e+00
4.828713568917322618e+00,1.917023751545136878e-01,-7.845139787655922015e-02,3.084581347462594589e-03,1.829210036172669307e+00
4.831098113889627399e+00,1.915153878463424497e-01,-7.838131168195247578e-02,3.074063682606935095e-03,1.829381328337584600e+00
4.833482658861932180e+00,1.913285675637107774e-01,-7.831130778634382006e-02,3.063581019442574837e-03,1.829552205014554289e+00
4.835867203834236960e+00,1.911419141104966080e-01,-7.824138608604436218e-02,3.053133240962386738e-03,1.829722667080370346e+00
4.838251748806541741e+00,1.909554272908250416e-01,-7.817154647746540896e-02,3.042720230560075866e-03,1.829892715410218251e+00
4.840636293778847410e+00,1.907691069090680647e-01,-7.810178885711857588e-02,3.032341872028766067e-03,1.830062350877679433e+00
4.843020838751152191e+00,1.905829527698444659e-01,-7.803211312161603685e-02,3.021998049559599178e-03,1.830231574354735047e+00
4.845405383723456971e+00,1.903969646780192260e-01,-7.796251916767038548e-02,3.011688647740310820e-03,1.830400386711766192e+00
4.847789928695761752e+00,1.902111424387036009e-01,-7.789300689209495421e-02,3.001413551553851287e-03,1.830568788817557468e+00
4.850174473668066533e+00,1.900254858572547612e-01,-7.782357619180378661e-02,2.991172646376986065e-03,1.830736781539298974e+00
4.852559018640371313e+00,1.898399947392755971e-01,-7.775422696381181775e-02,2.980965817978908049e-03,1.830904365742589412e+00
4.854943563612676094e+00,1.896546688906144418e-01,-7.768495910523492975e-02,2.970792952519855836e-03,1.831071542291436982e+00
4.857328108584980875e+00,1.894695081173647933e-01,-7.761577251329006277e-02,2.960653936549729852e-03,1.831238312048261818e+00
4.859712653557285655e+00,1.892845122258651758e-01,-7.754666708529532604e-02,2.950548657006727554e-03,1.831404675873900656e+00
4.862097198529590436e+00,1.890996810226988067e-01,-7.747764271867009500e-02,2.940477001215969534e-03,1.831570634627606387e+00
4.864481743501895217e+00,1.889150143146934580e-01,-7.740869931093505296e-02,2.930438856888140358e-03,1.831736189167050943e+00
4.866866288474199997e+00,1.887305119089210392e-01,-7.733983675971238536e-02,2.920434112118122476e-03,1.831901340348329299e+00
4.869250833446505666e+00,1.885461736126975152e-01,-7.727105496272572427e-02,2.910462655383650506e-03,1.832066089025959021e+00
4.871635378418810447e+00,1.883619992335827109e-01,-7.720235381780046757e-02,2.900524375543964226e-03,1.832230436052885825e+00
4.874019923391115228e+00,1.881779885793798124e-01,-7.713373322286362632e-02,2.890619161838452883e-03,1.832394382280483125e+00
4.876404468363420008e+00,1.879941414581353665e-01,-7.706519307594403290e-02,2.880746903885327698e-03,1.832557928558555371e+00
4.878789013335724789e+00,1.878104576781389479e-01,-7.699673327517242427e-02,2.870907491680282225e-03,1.832721075735340932e+00
4.881173558308029570e+00,1.876269370479228538e-01,-7.692835371878152528e-02,2.861100815595161388e-03,1.832883824657513649e+00
4.883558103280334350e+00,1.874435793762620206e-01,-7.686005430510611802e-02,2.851326766376644384e-03,1.833046176170185060e+00
4.885942648252639131e+00,1.872603844721736632e-01,-7.679183493258315285e-02,2.841585235144918498e-03,1.833208131116907946e+00
4.888327193224943912e+00,1.870773521449169974e-01,-7.672369549975176228e-02,2.831876113392362438e-03,1.833369690339676339e+00
4.890711738197248692e+00,1.868944822039931286e-01,-7.665563590525345528e-02,2.822199292982241828e-03,1.833530854678931066e+00
4.893096283169553473e+00,1.867117744591447193e-01,-7.658765604783208947e-02,2.812554666147401225e-03,1.833691624973558421e+00
4.895480828141858254e+00,1.865292287203557386e-01,-7.651975582633400996e-02,2.802942125488960476e-03,1.833852002060895714e+00
4.897865373114163035e+00,1.863468447978512132e-01,-7.645193513970809096e-02,2.793361563975018443e-03,1.834011986776730829e+00
4.900249918086468703e+00,1.861646225020970047e-01,-7.638419388700584678e-02,2.783812874939363673e-03,1.834171579955306886e+00
4.902634463058773484e+00,1.859825616437997542e-01,-7.631653196738152900e-02,2.774295952080195905e-03,1.834330782429323348e+00
4.905019008031078265e+00,1.858006620339062165e-01,-7.624894928009211259e-02,2.764810689458822857e-03,1.834489595029937803e+00
4.907403553003383045e+00,1.856189234836033153e-01,-7.618144572449743468e-02,2.755356981498396050e-03,1.834648018586769957e+00
4.909788097975687826e+00,1.854373458043178935e-01,-7.611402120006023619e-02,2.745934722982640557e-03,1.834806053927901859e+00
4.912172642947992607e+00,1.852559288077163524e-01,-7.604667560634625900e-02,2.736543809054576941e-03,1.834963701879882336e+00
4.914557187920297388e+00,1.850746723057044851e-01,-7.597940884302431530e-02,2.727184135215263584e-03,1.835120963267727223e+00
4.916941732892602168e+00,1.848935761104271713e-01,-7.591222080986632925e-02,2.717855597322532506e-03,1.835277838914923798e+00
4.919326277864906949e+00,1.847126400342682107e-01,-7.584511140674742025e-02,2.708558091589739498e-03,1.835434329643431450e+00
4.921710822837211730e+00,1.845318638898500174e-01,-7.577808053364595842e-02,2.699291514584510783e-03,1.835590436273683901e+00
4.924095367809516510e+00,1.843512474900333431e-01,-7.571112809064364790e-02,2.690055763227494016e-03,1.835746159624592755e+00
4.926479912781821291e+00,1.841707906479171930e-01,-7.564425397792555461e-02,2.680850734791125761e-03,1.835901500513548834e+00
4.928864457754126960e+00,1.839904931768382434e-01,-7.557745809578021723e-02,2.671676326898377290e-03,1.836056459756425729e+00
4.931249002726431740e+00,1.838103548903711193e-01,-7.551074034459970274e-02,2.662532437521548945e-03,1.836211038167579801e+00
4.933633547698736521e+00,1.836303756023276168e-01,-7.544410062487959256e-02,2.653418964981014202e-03,1.836365236559853953e+00
4.936018092671041302e+00,1.834505551267567314e-01,-7.537753883721913517e-02,2.644335807944010568e-03,1.836519055744580964e+00
4.938402637643346083e+00,1.832708932779443800e-01,-7.531105488232126000e-02,2.635282865423417900e-03,1.836672496531583709e+00
4.940787182615650863e+00,1.830913898704131515e-01,-7.524464866099261906e-02,2.626260036776543669e-03,1.836825559729178270e+00
4.943171727587955644e+00,1.829120447189219456e-01,-7.517832007414367024e-02,2.617267221703906480e-03,1.836978246144176374e+00
4.945556272560260425e+00,1.827328576384659731e-01,-7.511206902278874664e-02,2.608304320248042152e-03,1.837130556581888507e+00
4.947940817532565205e+00,1.825538284442762005e-01,-7.504589540804604275e-02,2.599371232792286376e-03,1.837282491846123689e+00
4.950325362504869986e+00,1.823749569518194058e-01,-7.497979913113775319e-02,2.590467860059591631e-03,1.837434052739194801e+00
4.952709907477174767e+00,1.821962429767976510e-01,-7.491378009339005883e-02,2.581594103111321120e-03,1.837585240061919034e+00
4.955094452449479547e+00,1.820176863351482544e-01,-7.484783819623321011e-02,2.572749863346069591e-03,1.837736054613619885e+00
4.957478997421784328e+00,1.818392868430434295e-01,-7.478197334120155471e-02,2.563935042498472882e-03,1.837886497192131374e+00
4.959863542394089997e+00,1.816610443168899802e-01,-7.471618542993356538e-02,2.555149542638026142e-03,1.838036568593797604e+00
4.962248087366394778e+00,1.814829585733293560e-01,-7.465047436417200644e-02,2.546393266167920263e-03,1.838186269613477863e+00
4.964632632338699558e+00,1.813050294292369580e-01,-7.458484004576382276e-02,2.537666115823848396e-03,1.838335601044546852e+00
4.967017177311004339e+00,1.811272567017221946e-01,-7.451928237666027854e-02,2.528967994672854519e-03,1.838484563678898231e+00
4.969401722283309120e+00,1.809496402081281763e-01,-7.445380125891692957e-02,2.520298806112165977e-03,1.838633158306945292e+00
4.971786267255613900e+00,1.807721797660313823e-01,-7.438839659469378973e-02,2.511658453868029477e-03,1.838781385717626060e+00
4.974170812227918681e+00,1.805948751932415219e-01,-7.432306828625521999e-02,2.503046841994560970e-03,1.838929246698401743e+00
4.976555357200223462e+00,1.804177263078012017e-01,-7.425781623597009495e-02,2.494463874872591622e-03,1.839076742035262502e+00
4.978939902172528242e+00,1.802407329279857584e-01,-7.419264034631177507e-02,2.485909457208524201e-03,1.839223872512727898e+00
4.981324447144833023e+00,1.800638948723028709e-01,-7.412754051985814829e-02,2.477383494033182955e-03,1.839370638913848444e+00
4.983708992117137804e+00,1.798872119594925045e-01,-7.406251665929171335e-02,2.468885890700683438e-03,1.839517042020211601e+00
4.986093537089442584e+00,1.797106840085264945e-01,-7.399756866739953809e-02,2.460416552887292798e-03,1.839663082611938005e+00
4.988478082061747365e+00,1.795343108386083519e-01,-7.393269644707339827e-02,2.451975386590298303e-03,1.839808761467690346e+00
4.990862627034053034e+00,1.793580922691730140e-01,-7.386789990130969430e-02,2.443562298126882373e-03,1.839954079364669814e+00
4.993247172006357815e+00,1.791820281198867604e-01,-7.380317893320963163e-02,2.435177194133007587e-03,1.840099037078622990e+00
4.995631716978662595e+00,1.790061182106465754e-01,-7.373853344597908199e-02,2.426819981562280439e-03,1.840243635383840282e+00
4.998016261950967376e+00,1.788303623615802862e-01,-7.367396334292876381e-02,2.418490567684854122e-03,1.840387875053162148e+00
5.000400806923272157e+00,1.786547603930460637e-01,-7.360946852747417279e-02,2.410188860086306603e-03,1.840531756857977097e+00
5.002785351895576937e+00,1.784793121256323389e-01,-7.354504890313567911e-02,2.401914766666542970e-03,1.840675281568227017e+00
5.005169896867881718e+00,1.783040173801573869e-01,-7.348070437353849960e-02,2.393668195638683910e-03,1.840818449952408509e+00
5.007554441840186499e+00,1.781288759776692432e-01,-7.341643484241276718e-02,2.385449055527974569e-03,1.840961262777574659e+00
5.009938986812491279e+00,1.779538877394453711e-01,-7.335224021359357249e-02,2.377257255170687773e-03,1.841103720809338817e+00
5.012323531784796060e+00,1.777790524869923838e-01,-7.328812039102092224e-02,2.369092703713030282e-03,1.841245824811873932e+00
5.014708076757100841e+00,1.776043700420458782e-01,-7.322407527873983635e-02,2.360955310610062061e-03,1.841387575547918320e+00
5.017092621729405622e+00,1.774298402265700736e-01,-7.316010478090030633e-02,2.352844985624605138e-03,1.841528973778774780e+00
5.019477166701711290e+00,1.772554628627575624e-01,-7.309620880175737856e-02,2.344761638826167640e-03,1.841670020264315921e+00
5.021861711674016071e+00,1.770812377730294207e-01,-7.303238724567118201e-02,2.336705180589883878e-03,1.841810715762983275e+00
5.024246256646320852e+00,1.769071647800343206e-01,-7.296864001710687275e-02,2.328675521595413665e-03,1.841951061031791959e+00
5.026630801618625632e+00,1.767332437066487516e-01,-7.290496702063471723e-02,2.320672572825898013e-03,1.842091056826331119e+00
5.029015346590930413e+00,1.765594743759766327e-01,-7.284136816093010613e-02,2.312696245566887073e-03,1.842230703900768374e+00
5.031399891563235194e+00,1.763858566113490622e-01,-7.277784334277354050e-02,2.304746451405282823e-03,1.842370003007848922e+00
5.033784436535539974e+00,1.762123902363240402e-01,-7.271439247105070114e-02,2.296823102228279147e-03,1.842508954898901097e+00
5.036168981507844755e+00,1.760390750746863020e-01,-7.265101545075243472e-02,2.288926110222316672e-03,1.842647560323836586e+00
5.038553526480149536e+00,1.758659109504469575e-01,-7.258771218697476768e-02,2.281055387872026746e-03,1.842785820031152877e+00
5.040938071452454317e+00,1.756928976878432969e-01,-7.252448258491892008e-02,2.273210847959190612e-03,1.842923734767935917e+00
5.043322616424759097e+00,1.755200351113385959e-01,-7.246132654989134725e-02,2.265392403561701171e-03,1.843061305279862339e+00
5.045707161397063878e+00,1.753473230456217002e-01,-7.239824398730372590e-02,2.257599968052518245e-03,1.843198532311201232e+00
5.048091706369368659e+00,1.751747613156069971e-01,-7.233523480267298189e-02,2.249833455098645095e-03,1.843335416604817256e+00
5.050476251341674327e+00,1.750023497464339162e-01,-7.227229890162124859e-02,2.242092778660087580e-03,1.843471958902171526e+00
5.052860796313979108e+00,1.748300881634670123e-01,-7.220943618987603341e-02,2.234377852988842818e-03,1.843608159943325386e+00
5.055245341286283889e+00,1.746579763922953277e-01,-7.214664657327003738e-02,2.226688592627861386e-03,1.843744020466941080e+00
5.057629886258588670e+00,1.744860142587323637e-01,-7.208392995774126621e-02,2.219024912410035542e-03,1.843879541210285300e+00
5.060014431230893450e+00,1.743142015888158036e-01,-7.202128624933301637e-02,2.211386727457185716e-03,1.844014722909230297e+00
5.062398976203198231e+00,1.741425382088072904e-01,-7.195871535419390286e-02,2.203773953179049595e-03,1.844149566298257659e+00
5.064783521175503012e+00,1.739710239451920937e-01,-7.189621717857784533e-02,2.196186505272270349e-03,1.844284072110457862e+00
5.067168066147807792e+00,1.737996586246789155e-01,-7.183379162884409586e-02,2.188624299719396128e-03,1.844418241077536269e+00
5.069552611120112573e+00,1.736284420741995849e-01,-7.177143861145719728e-02,2.181087252787875658e-03,1.844552073929811353e+00
5.071937156092417354e+00,1.734573741209088915e-01,-7.170915803298703872e-02,2.173575281029066844e-03,1.844685571396219359e+00
5.074321701064722134e+00,1.732864545921842803e-01,-7.164694980010886949e-02,2.166088301277239742e-03,1.844818734204316524e+00
5.076706246037026915e+00,1.731156833156255737e-01,-7.158481381960321577e-02,2.158626230648586029e-03,1.844951563080279078e+00
5.079090791009331696e+00,1.729450601190547776e-01,-7.152274999835597780e-02,2.151188986540236280e-03,1.845084058748909017e+00
5.081475335981637365e+00,1.727745848305157761e-01,-7.146075824335837434e-02,2.143776486629272917e-03,1.845216221933632772e+00
5.083859880953942145e+00,1.726042572782742479e-01,-7.139883846170703985e-02,2.136388648871760058e-03,1.845348053356506313e+00
5.086244425926246926e+00,1.724340772908171393e-01,-7.133699056060384402e-02,2.129025391501756462e-03,1.845479553738214484e+00
5.088628970898551707e+00,1.722640446968525252e-01,-7.127521444735604450e-02,2.121686633030345822e-03,1.845610723798075448e+00
5.091013515870856487e+00,1.720941593253094981e-01,-7.121351002937623131e-02,2.114372292244677022e-03,1.845741564254042677e+00
5.093398060843161268e+00,1.719244210053377242e-01,-7.115187721418235467e-02,2.107082288206987928e-03,1.845872075822705849e+00
5.095782605815466049e+00,1.717548295663073044e-01,-7.109031590939765555e-02,2.099816540253651720e-03,1.846002259219294173e+00
5.098167150787770829e+00,1.715853848378085245e-01,-7.102882602275073509e-02,2.092574967994215423e-03,1.846132115157677722e+00
5.100551695760075610e+00,1.714160866496514668e-01,-7.096740746207549910e-02,2.085357491310441472e-03,1.846261644350370545e+00
5.102936240732380391e+00,1.712469348318659546e-01,-7.090606013531119967e-02,2.078164030355365323e-03,1.846390847508532662e+00
5.105320785704685171e+00,1.710779292147012187e-01,-7.084478395050236577e-02,2.070994505552340055e-03,1.846519725341971174e+00
5.107705330676989952e+00,1.709090696286255373e-01,-7.078357881579887267e-02,2.063848837594093114e-03,1.846648278559144263e+00
5.110089875649295621e+00,1.707403559043260965e-01,-7.072244463945584481e-02,2.056726947441783922e-03,1.846776507867161410e+00
5.112474420621600402e+00,1.705717878727089354e-01,-7.066138132983379450e-02,2.049628756324078840e-03,1.846904413971787395e+00
5.114858965593905182e+00,1.704033653648982516e-01,-7.060038879539839995e-02,2.042554185736195765e-03,1.847031997577442519e+00
5.117243510566209963e+00,1.702350882122364018e-01,-7.053946694472069956e-02,2.035503157438984731e-03,1.847159259387207486e+00
5.119628055538514744e+00,1.700669562462837625e-01,-7.047861568647693919e-02,2.028475593458004163e-03,1.847286200102822740e+00
5.122012600510819524e+00,1.698989692988182587e-01,-7.041783492944864165e-02,2.021471416082587600e-03,1.847412820424691349e+00
5.124397145483124305e+00,1.697311272018352246e-01,-7.035712458252257884e-02,2.014490547864927327e-03,1.847539121051883670e+00
5.126781690455429086e+00,1.695634297875470986e-01,-7.029648455469074408e-02,2.007532911619154103e-03,1.847665102682135796e+00
5.129166235427733866e+00,1.693958768883832844e-01,-7.023591475505032433e-02,2.000598430420428165e-03,1.847790766011853769e+00
5.131550780400038647e+00,1.692284683369897624e-01,-7.017541509280374179e-02,1.993687027604021129e-03,1.847916111736116029e+00
5.133935325372343428e+00,1.690612039662288957e-01,-7.011498547725859842e-02,1.986798626764411328e-03,1.848041140548674521e+00
5.136319870344648209e+00,1.688940836091792352e-01,-7.005462581782764819e-02,1.979933151754380456e-03,1.848165853141957360e+00
5.138704415316952989e+00,1.687271070991351318e-01,-6.999433602402882482e-02,1.973090526684108045e-03,1.848290250207071050e+00
5.141088960289258658e+00,1.685602742696066247e-01,-6.993411600548517237e-02,1.966270675920277211e-03,1.848414332433802487e+00
5.143473505261563439e+00,1.683935849543191920e-01,-6.987396567192491470e-02,1.959473524085182140e-03,1.848538100510620952e+00
5.145858050233868219e+00,1.682270389872133343e-01,-6.981388493318133048e-02,1.952698996055826468e-03,1.848661555124680111e+00
5.148242595206173000e+00,1.680606362024444911e-01,-6.975387369919278102e-02,1.945947016963044205e-03,1.848784696961821350e+00
5.150627140178477781e+00,1.678943764343827083e-01,-6.969393188000275186e-02,1.939217512190608960e-03,1.848907526706575100e+00
5.153011685150782561e+00,1.677282595176124436e-01,-6.963405938575971399e-02,1.932510407374356167e-03,1.849030045042161730e+00
5.155396230123087342e+00,1.675622852869322610e-01,-6.957425612671719328e-02,1.925825628401299896e-03,1.849152252650495765e+00
5.157780775095392123e+00,1.673964535773546092e-01,-6.951452201323374269e-02,1.919163101408758983e-03,1.849274150212187884e+00
5.160165320067696904e+00,1.672307642241055436e-01,-6.945485695577285901e-02,1.912522752783483385e-03,1.849395738406544698e+00
5.162549865040001684e+00,1.670652170626245603e-01,-6.939526086490305223e-02,1.905904509160787465e-03,1.849517017911574079e+00
5.164934410012306465e+00,1.668998119285642068e-01,-6.933573365129770683e-02,1.899308297423678510e-03,1.849637989403984273e+00
5.167318954984611246e+00,1.667345486577899438e-01,-6.927627522573520658e-02,1.892734044701996528e-03,1.849758653559189447e+00
5.169703499956916026e+00,1.665694270863799231e-01,-6.921688549909875421e-02,1.886181678371557291e-03,1.849879011051307254e+00
5.172088044929221695e+00,1.664044470506244600e-01,-6.915756438237645465e-02,1.879651126053281506e-03,1.849999062553166373e+00
5.174472589901526476e+00,1.662396083870263663e-01,-6.909831178666127338e-02,1.873142315612366052e-03,1.850118808736303633e+00
5.176857134873831257e+00,1.660749109322999795e-01,-6.903912762315096707e-02,1.866655175157402955e-03,1.850238250270969553e+00
5.179241679846136037e+00,1.659103545233714672e-01,-6.898001180314809744e-02,1.860189633039553876e-03,1.850357387826129241e+00
5.181626224818440818e+00,1.657459389973782449e-01,-6.892096423805996186e-02,1.853745617851691426e-03,1.850476222069463494e+00
5.184010769790745599e+00,1.655816641916689480e-01,-6.886198483939862114e-02,1.847323058427567362e-03,1.850594753667372805e+00
5.186395314763050379e+00,1.654175299438030988e-01,-6.880307351878084399e-02,1.840921883840968215e-03,1.850712983284978685e+00
5.188779859735355160e+00,1.652535360915507734e-01,-6.874423018792806539e-02,1.834542023404878283e-03,1.850830911586125671e+00
5.191164404707659941e+00,1.650896824728924628e-01,-6.868545475866638661e-02,1.828183406670648914e-03,1.850948539233383094e+00
5.193548949679964721e+00,1.649259689260188233e-01,-6.862674714292649192e-02,1.821845963427170829e-03,1.851065866888047307e+00
5.195933494652269502e+00,1.647623952893303156e-01,-6.856810725274370411e-02,1.815529623700040803e-03,1.851182895210145229e+00
5.198318039624574283e+00,1.645989614014371216e-01,-6.850953500025787346e-02,1.809234317750745263e-03,1.851299624858433912e+00
5.200702584596879952e+00,1.644356671011587001e-01,-6.845103029771335001e-02,1.802959976075830867e-03,1.851416056490405193e+00
5.203087129569184732e+00,1.642725122275237870e-01,-6.839259305745905293e-02,1.796706529406096996e-03,1.851532190762285257e+00
5.205471674541489513e+00,1.641094966197698957e-01,-6.833422319194830397e-02,1.790473908705770244e-03,1.851648028329039519e+00
5.207856219513794294e+00,1.639466201173431781e-01,-6.827592061373885524e-02,1.784262045171696029e-03,1.851763569844371737e+00
5.210240764486099074e+00,1.637838825598981751e-01,-6.821768523549286145e-02,1.778070870232530219e-03,1.851878815960728897e+00
5.212625309458403855e+00,1.636212837872976222e-01,-6.815951696997685216e-02,1.771900315547934217e-03,1.851993767329302099e+00
5.215009854430708636e+00,1.634588236396120331e-01,-6.810141573006166238e-02,1.765750313007764631e-03,1.852108424600027670e+00
5.217394399403013416e+00,1.632965019571196719e-01,-6.804338142872240480e-02,1.759620794731281369e-03,1.852222788421590716e+00
5.219778944375318197e+00,1.631343185803061646e-01,-6.798541397903845596e-02,1.753511693066344898e-03,1.852336859441426231e+00
5.222163489347622978e+00,1.629722733498642218e-01,-6.792751329419341455e-02,1.747422940588619356e-03,1.852450638305721986e+00
5.224548034319927758e+00,1.628103661066934993e-01,-6.786967928747504597e-02,1.741354470100785201e-03,1.852564125659420302e+00
5.226932579292232539e+00,1.626485966919002935e-01,-6.781191187227526840e-02,1.735306214631747099e-03,1.852677322146220051e+00
5.229317124264537320e+00,1.624869649467972910e-01,-6.775421096209008343e-02,1.729278107435848521e-03,1.852790228408578654e+00
5.231701669236842989e+00,1.623254707129032637e-01,-6.769657647051953442e-02,1.723270081992084616e-03,1.852902845087713635e+00
5.234086214209147769e+00,1.621641138319430409e-01,-6.763900831126778979e-02,1.717282072003330478e-03,1.853015172823606616e+00
5.236470759181452550e+00,1.620028941458470095e-01,-6.758150639814287930e-02,1.711314011395553792e-03,1.853127212255002210e+00
5.238855304153757331e+00,1.618418114967509203e-01,-6.752407064505683287e-02,1.705365834317040721e-03,1.853238964019413570e+00
5.241239849126062111e+00,1.616808657269957206e-01,-6.746670096602558342e-02,1.699437475137627199e-03,1.853350428753122392e+00
5.243624394098366892e+00,1.615200566791272774e-01,-6.740939727516891133e-02,1.693528868447928071e-03,1.853461607091180685e+00
5.246008939070671673e+00,1.613593841958961272e-01,-6.735215948671043062e-02,1.687639949058569473e-03,1.853572499667414553e+00
5.248393484042976453e+00,1.611988481202571710e-01,-6.729498751497751952e-02,1.681770651999423168e-03,1.853683107114424633e+00
5.250778029015281234e+00,1.610384482953695073e-01,-6.723788127440129270e-02,1.675920912518847825e-03,1.853793430063588987e+00
5.253162573987586015e+00,1.608781845645962105e-01,-6.718084067951654581e-02,1.670090666082930508e-03,1.853903469145064431e+00
5.255547118959890796e+00,1.607180567715038866e-01,-6.712386564496174157e-02,1.664279848374724483e-03,1.854013224987789421e+00
5.257931663932195576e+00,1.605580647598627286e-01,-6.706695608547894039e-02,1.658488395293506107e-03,1.854122698219486498e+00
5.260316208904500357e+00,1.603982083736459896e-01,-6.701011191591374483e-02,1.652716242954014583e-03,1.854231889466662064e+00
5.262700753876806026e+00,1.602384874570298712e-01,-6.695333305121525802e-02,1.646963327685708415e-03,1.854340799354611047e+00
5.265085298849110806e+00,1.600789018543933573e-01,-6.689661940643611138e-02,1.641229586032023164e-03,1.854449428507417563e+00
5.267469843821415587e+00,1.599194514103177422e-01,-6.683997089673229808e-02,1.635514954749620964e-03,1.854557777547957365e+00
5.269854388793720368e+00,1.597601359695866030e-01,-6.678338743736320082e-02,1.629819370807658032e-03,1.854665847097899167e+00
5.272238933766025148e+00,1.596009553771853828e-01,-6.672686894369153632e-02,1.624142771387041776e-03,1.854773637777708428e+00
5.274623478738329929e+00,1.594419094783012802e-01,-6.667041533118328589e-02,1.618485093879700474e-03,1.854881150206646900e+00
5.277008023710634710e+00,1.592829981183229160e-01,-6.661402651540765385e-02,1.612846275887847751e-03,1.854988385002776408e+00
5.279392568682939491e+00,1.591242211428401387e-01,-6.655770241203706750e-02,1.607226255223256602e-03,1.855095342782961287e+00
5.281777113655244271e+00,1.589655783976437475e-01,-6.650144293684703833e-02,1.601624969906529066e-03,1.855202024162867946e+00
5.284161658627549052e+00,1.588070697287252697e-01,-6.644524800571618983e-02,1.596042358166375455e-03,1.855308429756969746e+00
5.286546203599853833e+00,1.586486949822766557e-01,-6.638911753462617416e-02,1.590478358438887933e-03,1.855414560178547445e+00
5.288930748572158613e+00,1.584904540046901122e-01,-6.633305143966161666e-02,1.584932909366826900e-03,1.855520416039691423e+00
5.291315293544464282e+00,1.583323466425577974e-01,-6.627704963701007423e-02,1.579405949798899774e-03,1.855625997951304340e+00
5.293699838516769063e+00,1.581743727426717094e-01,-6.622111204296202147e-02,1.573897418789054316e-03,1.855731306523101587e+00
5.296084383489073844e+00,1.580165321520232147e-01,-6.616523857391071184e-02,1.568407255595757194e-03,1.855836342363614611e+00
5.298468928461378624e+00,1.578588247178029091e-01,-6.610942914635220546e-02,1.562935399681290123e-03,1.855941106080193581e+00
5.300853473433683405e+00,1.577012502874004796e-01,-6.605368367688527198e-02,1.557481790711046869e-03,1.856045598279007391e+00
5.303238018405988186e+00,1.575438087084042871e-01,-6.599800208221137665e-02,1.552046368552823527e-03,1.856149819565047654e+00
5.305622563378292966e+00,1.573864998286012284e-01,-6.594238427913456935e-02,1.546629073276120951e-03,1.856253770542128700e+00
5.308007108350597747e+00,1.572293234959764863e-01,-6.588683018456148455e-02,1.541229845151445652e-03,1.856357451812891579e+00
5.310391653322902528e+00,1.570722795587132237e-01,-6.583133971550127195e-02,1.535848624649611797e-03,1.856460863978804277e+00
5.312776198295207308e+00,1.569153678651923622e-01,-6.577591278906552708e-02,1.530485352441047966e-03,1.856564007640165048e+00
5.315160743267512089e+00,1.567585882639924155e-01,-6.572054932246823578e-02,1.525139969395108682e-03,1.856666883396103973e+00
5.317545288239816870e+00,1.566019406038891559e-01,-6.566524923302576033e-02,1.519812416579382260e-03,1.856769491844584952e+00
5.319929833212121650e+00,1.564454247338553372e-01,-6.561001243815674233e-02,1.514502635259003206e-03,1.856871833582407483e+00
5.322314378184427319e+00,1.562890405030605556e-01,-6.555483885538200550e-02,1.509210566895972635e-03,1.856973909205208662e+00
5.324698923156732100e+00,1.561327877608710279e-01,-6.549972840232463900e-02,1.503936153148476744e-03,1.857075719307464512e+00
5.327083468129036881e+00,1.559766663568492029e-01,-6.544468099670978922e-02,1.498679335870203334e-03,1.857177264482494650e+00
5.329468013101341661e+00,1.558206761407536223e-01,-6.538969655636470146e-02,1.493440057109668298e-03,1.857278545322461172e+00
5.331852558073646442e+00,1.556648169625385880e-01,-6.533477499921858112e-02,1.488218259109539083e-03,1.857379562418371322e+00
5.334237103045951223e+00,1.555090886723540511e-01,-6.527991624330260756e-02,1.483013884305966383e-03,1.857480316360081041e+00
5.336621648018256003e+00,1.553534911205453339e-01,-6.522512020674985089e-02,1.477826875327914544e-03,1.857580807736294970e+00
5.339006192990560784e+00,1.551980241576527142e-01,-6.517038680779520254e-02,1.472657174996488049e-03,1.857681037134569779e+00
5.341390737962865565e+00,1.550426876344114802e-01,-6.511571596477533364e-02,1.467504726324277316e-03,1.857781005141315500e+00
5.343775282935170345e+00,1.548874814017514034e-01,-6.506110759612859784e-02,1.462369472514686922e-03,1.857880712341797524e+00
5.346159827907475126e+00,1.547324053107967112e-01,-6.500656162039503139e-02,1.457251356961282484e-03,1.857980159320138602e+00
5.348544372879779907e+00,1.545774592128657254e-01,-6.495207795621624203e-02,1.452150323247129726e-03,1.858079346659321507e+00
5.350928917852085576e+00,1.544226429594705297e-01,-6.489765652233535353e-02,1.447066315144135504e-03,1.858178274941189700e+00
5.353313462824390356e+00,1.542679564023171357e-01,-6.484329723759699182e-02,1.441999276612409642e-03,1.858276944746449333e+00
5.355698007796695137e+00,1.541133993933046786e-01,-6.478900002094717392e-02,1.436949151799594678e-03,1.858375356654673682e+00
5.358082552768999918e+00,1.539589717845255556e-01,-6.473476479143322471e-02,1.431915885040230957e-03,1.858473511244300713e+00
5.360467097741304698e+00,1.538046734282650929e-01,-6.468059146820380467e-02,1.426899420855107193e-03,1.858571409092639737e+00
5.362851642713609479e+00,1.536505041770012125e-01,-6.462647997050877113e-02,1.421899703950614720e-03,1.858669050775870080e+00
5.365236187685914260e+00,1.534964638834044048e-01,-6.457243021769910885e-02,1.416916679218112145e-03,1.858766436869043748e+00
5.367620732658219040e+00,1.533425524003372009e-01,-6.451844212922695776e-02,1.411950291733277867e-03,1.858863567946088979e+00
5.370005277630523821e+00,1.531887695808541727e-01,-6.446451562464540486e-02,1.407000486755480371e-03,1.858960444579808913e+00
5.372389822602828602e+00,1.530351152782015722e-01,-6.441065062360859517e-02,1.402067209727140933e-03,1.859057067341887803e+00
5.374774367575133383e+00,1.528815893458171371e-01,-6.435684704587148197e-02,1.397150406273102398e-03,1.859153436802888359e+00
5.377158912547438163e+00,1.527281916373298409e-01,-6.430310481128993783e-02,1.392250022199998391e-03,1.859249553532257737e+00
5.379543457519742944e+00,1.525749220065595602e-01,-6.424942383982053251e-02,1.387366003495623832e-03,1.859345418098326874e+00
5.381928002492048613e+00,1.524217803075169908e-01,-6.419580405152056080e-02,1.382498296328313466e-03,1.859441031068312933e+00
5.384312547464353393e+00,1.522687663944033987e-01,-6.414224536654802855e-02,1.377646847046319319e-03,1.859536393008322408e+00
5.386697092436658174e+00,1.521158801216102308e-01,-6.408874770516143071e-02,1.372811602177183808e-03,1.859631504483351794e+00
5.389081637408962955e+00,1.519631213437189210e-01,-6.403531098771977903e-02,1.367992508427123268e-03,1.859726366057288471e+00
5.391466182381267735e+00,1.518104899155007792e-01,-6.398193513468256044e-02,1.363189512680415593e-03,1.859820978292916482e+00
5.393850727353572516e+00,1.516579856919166025e-01,-6.392862006660961216e-02,1.358402561998780286e-03,1.859915341751914308e+00
5.396235272325877297e+00,1.515056085281165643e-01,-6.387536570416108006e-02,1.353631603620770877e-03,1.860009456994858423e+00
5.398619817298182078e+00,1.513533582794398535e-01,-6.382217196809736315e-02,1.348876584961161479e-03,1.860103324581225959e+00
5.401004362270486858e+00,1.512012348014145080e-01,-6.376903877927901643e-02,1.344137453610340068e-03,1.860196945069395369e+00
5.403388907242791639e+00,1.510492379497571369e-01,-6.371596605866668150e-02,1.339414157333703066e-03,1.860290319016648208e+00
5.405773452215096420e+00,1.508973675803727266e-01,-6.366295372732107272e-02,1.334706644071051874e-03,1.860383446979172906e+00
5.408157997187401200e+00,1.507456235493543906e-01,-6.361000170640285223e-02,1.330014861935992221e-03,1.860476329512064986e+00
5.410542542159705981e+00,1.505940057129830645e-01,-6.355710991717256064e-02,1.325338759215331785e-03,1.860568967169328403e+00
5.412927087132011650e+00,1.504425139277273393e-01,-6.350427828099057537e-02,1.320678284368486700e-03,1.860661360503879980e+00
5.415311632104316431e+00,1.502911480502433228e-01,-6.345150671931705511e-02,1.316033386026888496e-03,1.860753510067547856e+00
5.417696177076621211e+00,1.501399079373741396e-01,-6.339879515371182883e-02,1.311404012993383451e-03,1.860845416411076814e+00
5.420080722048925992e+00,1.499887934461499039e-01,-6.334614350583431253e-02,1.306790114241648858e-03,1.860937080084127171e+00
5.422465267021230773e+00,1.498378044337873582e-01,-6.329355169744352305e-02,1.302191638915600400e-03,1.861028501635280330e+00
5.424849811993535553e+00,1.496869407576897903e-01,-6.324101965039789774e-02,1.297608536328809497e-03,1.861119681612035004e+00
5.427234356965840334e+00,1.495362022754466169e-01,-6.318854728665529441e-02,1.293040755963914589e-03,1.861210620560815210e+00
5.429618901938145115e+00,1.493855888448333002e-01,-6.313613452827293582e-02,1.288488247472043035e-03,1.861301319026968715e+00
5.432003446910449895e+00,1.492351003238109597e-01,-6.308378129740727092e-02,1.283950960672225862e-03,1.861391777554769034e+00
5.434387991882754676e+00,1.490847365705263161e-01,-6.303148751631391933e-02,1.279428845550825526e-03,1.861481996687417650e+00
5.436772536855059457e+00,1.489344974433113034e-01,-6.297925310734767135e-02,1.274921852260954992e-03,1.861571976967047570e+00
5.439157081827364237e+00,1.487843828006828739e-01,-6.292707799296232141e-02,1.270429931121904409e-03,1.861661718934722209e+00
5.441541626799669906e+00,1.486343925013427214e-01,-6.287496209571062644e-02,1.265953032618568870e-03,1.861751223130439392e+00
5.443926171771974687e+00,1.484845264041772805e-01,-6.282290533824427814e-02,1.261491107400884628e-03,1.861840490093132239e+00
5.446310716744279468e+00,1.483347843682571721e-01,-6.277090764331376416e-02,1.257044106283251210e-03,1.861929520360671608e+00
5.448695261716584248e+00,1.481851662528371194e-01,-6.271896893376832649e-02,1.252611980243971326e-03,1.862018314469867653e+00
5.451079806688889029e+00,1.480356719173556990e-01,-6.266708913255587821e-02,1.248194680424684908e-03,1.862106872956471371e+00
5.453464351661193810e+00,1.478863012214350903e-01,-6.261526816272296181e-02,1.243792158129808150e-03,1.862195196355177718e+00
5.455848896633498590e+00,1.477370540248808817e-01,-6.256350594741458271e-02,1.239404364825973407e-03,1.862283285199624716e+00
5.458233441605803371e+00,1.475879301876818206e-01,-6.251180240987427861e-02,1.235031252141472130e-03,1.862371140022399230e+00
5.460617986578108152e+00,1.474389295700095359e-01,-6.246015747344391134e-02,1.230672771865696071e-03,1.862458761355034964e+00
5.463002531550412932e+00,1.472900520322183437e-01,-6.240857106156365991e-02,1.226328875948586071e-03,1.862546149728017131e+00
5.465387076522717713e+00,1.471412974348450253e-01,-6.235704309777193727e-02,1.221999516500079340e-03,1.862633305670782446e+00
5.467771621495022494e+00,1.469926656386085217e-01,-6.230557350570528619e-02,1.217684645789557157e-03,1.862720229711721798e+00
5.470156166467327274e+00,1.468441565044097952e-01,-6.225416220909834458e-02,1.213384216245300606e-03,1.862806922378182461e+00
5.472540711439632943e+00,1.466957698933314402e-01,-6.220280913178372062e-02,1.209098180453938931e-03,1.862893384196468771e+00
5.474925256411937724e+00,1.465475056666378229e-01,-6.215151419769201352e-02,1.204826491159916328e-03,1.862979615691845225e+00
5.477309801384242505e+00,1.463993636857743308e-01,-6.210027733085158458e-02,1.200569101264934661e-03,1.863065617388536710e+00
5.479694346356547285e+00,1.462513438123674570e-01,-6.204909845538861268e-02,1.196325963827422423e-03,1.863151389809732716e+00
5.482078891328852066e+00,1.461034459082245218e-01,-6.199797749552694165e-02,1.192097032061995455e-03,1.863236933477586232e+00
5.484463436301156847e+00,1.459556698353334514e-01,-6.194691437558804553e-02,1.187882259338919394e-03,1.863322248913217960e+00
5.486847981273461627e+00,1.458080154558624442e-01,-6.189590901999092454e-02,1.183681599183573430e-03,1.863407336636716760e+00
5.489232526245766408e+00,1.456604826321598323e-01,-6.184496135325204952e-02,1.179495005275919698e-03,1.863492197167142539e+00
5.491617071218071189e+00,1.455130712267539150e-01,-6.179407129998525788e-02,1.175322431449974184e-03,1.863576831022527136e+00
5.494001616190375969e+00,1.453657811023524871e-01,-6.174323878490169115e-02,1.171163831693271349e-03,1.863661238719875657e+00
5.496386161162680750e+00,1.452186121218428383e-01,-6.169246373280971862e-02,1.167019160146343278e-03,1.863745420775170247e+00
5.498770706134985531e+00,1.450715641482914764e-01,-6.164174606861485411e-02,1.162888371102193839e-03,1.863829377703370094e+00
5.501155251107290312e+00,1.449246370449437660e-01,-6.159108571731965881e-02,1.158771419005770464e-03,1.863913110018413644e+00
5.503539796079595980e+00,1.447778306752238453e-01,-6.154048260402368575e-02,1.154668258453448067e-03,1.863996618233221270e+00
5.505924341051900761e+00,1.446311449027343765e-01,-6.148993665392343821e-02,1.150578844192508190e-03,1.864079902859695714e+00
5.508308886024205542e+00,1.444845795912562403e-01,-6.143944779231218928e-02,1.146503131120619459e-03,1.864162964408724532e+00
5.510693430996510322e+00,1.443381346047483138e-01,-6.138901594457998184e-02,1.142441074285321500e-03,1.864245803390182754e+00
5.513077975968815103e+00,1.441918098073473042e-01,-6.133864103621351066e-02,1.138392628883512980e-03,1.864328420312932222e+00
5.515462520941119884e+00,1.440456050633674989e-01,-6.128832299279607376e-02,1.134357750260938779e-03,1.864410815684826472e+00
5.517847065913424665e+00,1.438995202373004600e-01,-6.123806174000746838e-02,1.130336393911676946e-03,1.864492990012710516e+00
5.520231610885729445e+00,1.437535551938149136e-01,-6.118785720362392155e-02,1.126328515477634327e-03,1.864574943802422613e+00
5.522616155858034226e+00,1.436077097977564443e-01,-6.113770930951799298e-02,1.122334070748036341e-03,1.864656677558796938e+00
5.525000700830339007e+00,1.434619839141472453e-01,-6.108761798365851259e-02,1.118353015658922391e-03,1.864738191785664911e+00
5.527385245802643787e+00,1.433163774081860076e-01,-6.103758315211048335e-02,1.114385306292645181e-03,1.864819486985856978e+00
5.529769790774948568e+00,1.431708901452475313e-01,-6.098760474103502582e-02,1.110430898877365260e-03,1.864900563661204158e+00
5.532154335747254237e+00,1.430255219908825592e-01,-6.093768267668923933e-02,1.106489749786552937e-03,1.864981422312540715e+00
5.534538880719559018e+00,1.428802728108177211e-01,-6.088781688542622972e-02,1.102561815538495192e-03,1.865062063439704154e+00
5.536923425691863798e+00,1.427351424709549510e-01,-6.083800729369488736e-02,1.098647052795789347e-03,1.865142487541538996e+00
5.539307970664168579e+00,1.425901308373715703e-01,-6.078825382803990790e-02,1.094745418364857781e-03,1.865222695115897666e+00
5.541692515636473360e+00,1.424452377763198718e-01,-6.073855641510166742e-02,1.090856869195449847e-03,1.865302686659641385e+00
5.544077060608778140e+00,1.423004631542270360e-01,-6.068891498161615300e-02,1.086981362380154848e-03,1.865382462668643493e+00
5.546461605581082921e+00,1.421558068376947703e-01,-6.063932945441485867e-02,1.083118855153909375e-03,1.865462023637789679e+00
5.548846150553387702e+00,1.420112686934991708e-01,-6.058979976042474375e-02,1.079269304893512235e-03,1.865541370060981308e+00
5.551230695525692482e+00,1.418668485885904995e-01,-6.054032582666810797e-02,1.075432669117139164e-03,1.865620502431135863e+00
5.553615240497997263e+00,1.417225463900928240e-01,-6.049090758026252901e-02,1.071608905483854499e-03,1.865699421240189393e+00
5.555999785470302044e+00,1.415783619653040171e-01,-6.044154494842077230e-02,1.067797971793135866e-03,1.865778126979097618e+00
5.558384330442606824e+00,1.414342951816952854e-01,-6.039223785845071468e-02,1.063999825984386725e-03,1.865856620137838817e+00
5.560768875414911605e+00,1.412903459069111411e-01,-6.034298623775524728e-02,1.060214426136462350e-03,1.865934901205413610e+00
5.563153420387217274e+00,1.411465140087690140e-01,-6.029379001383219222e-02,1.056441730467189317e-03,1.866012970669849391e+00
5.565537965359522055e+00,1.410027993552592507e-01,-6.024464911427426794e-02,1.052681697332895176e-03,1.866090829018199448e+00
5.567922510331826835e+00,1.408592018145445879e-01,-6.019556346676891573e-02,1.048934285227926845e-03,1.866168476736546067e+00
5.570307055304131616e+00,1.407157212549601799e-01,-6.014653299909827888e-02,1.045199452784185707e-03,1.866245914310002307e+00
5.572691600276436397e+00,1.405723575450131824e-01,-6.009755763913909865e-02,1.041477158770651645e-03,1.866323142222713338e+00
5.575076145248741177e+00,1.404291105533827522e-01,-6.004863731486263095e-02,1.037767362092920304e-03,1.866400160957857990e+00
5.577460690221045958e+00,1.402859801489195479e-01,-5.999977195433455618e-02,1.034070021792729078e-03,1.866476970997650753e+00
5.579845235193350739e+00,1.401429662006457300e-01,-5.995096148571490979e-02,1.030385097047496756e-03,1.866553572823343332e+00
5.582229780165655519e+00,1.400000685777546272e-01,-5.990220583725797132e-02,1.026712547169857754e-03,1.866629966915226646e+00
5.584614325137960300e+00,1.398572871496105707e-01,-5.985350493731221577e-02,1.023052331607201323e-03,1.866706153752632824e+00
5.586998870110265081e+00,1.397146217857485606e-01,-5.980485871432018180e-02,1.019404409941207512e-03,1.866782133813935651e+00
5.589383415082569861e+00,1.395720723558742105e-01,-5.975626709681842313e-02,1.015768741887393325e-03,1.866857907576553233e+00
5.591767960054874642e+00,1.394296387298633866e-01,-5.970773001343740449e-02,1.012145287294651495e-03,1.866933475516949992e+00
5.594152505027180311e+00,1.392873207777619304e-01,-5.965924739290140444e-02,1.008534006144794042e-03,1.867008838110637781e+00
5.596537049999485092e+00,1.391451183697857419e-01,-5.961081916402849457e-02,1.004934858552105357e-03,1.867083995832177212e+00
5.598921594971789872e+00,1.390030313763201963e-01,-5.956244525573034521e-02,1.001347804762880989e-03,1.867158949155180103e+00
5.601306139944094653e+00,1.388610596679200893e-01,-5.951412559701223237e-02,9.977728051549805167e-04,1.867233698552311916e+00
5.603690684916399434e+00,1.387192031153094141e-01,-5.946586011697289204e-02,9.942098202373793412e-04,1.867308244495290426e+00
5.606075229888704214e+00,1.385774615893811401e-01,-5.941764874480446462e-02,9.906588106497200407e-04,1.867382587454891052e+00
5.608459774861008995e+00,1.384358349611969075e-01,-5.936949140979240480e-02,9.871197371618652475e-04,1.867456727900946634e+00
5.610844319833313776e+00,1.382943231019868879e-01,-5.932138804131537740e-02,9.835925606734537748e-04,1.867530666302349207e+00
5.613228864805618556e+00,1.381529258831496187e-01,-5.927333856884518803e-02,9.800772422134604311e-04,1.867604403127051116e+00
5.615613409777923337e+00,1.380116431762516138e-01,-5.922534292194668593e-02,9.765737429397499791e-04,1.867677938842068786e+00
5.617997954750228118e+00,1.378704748530272806e-01,-5.917740103027768761e-02,9.730820241386407441e-04,1.867751273913482501e+00
5.620382499722532899e+00,1.377294207853785868e-01,-5.912951282358885896e-02,9.696020472244632361e-04,1.867824408806438186e+00
5.622767044694838567e+00,1.375884808453749220e-01,-5.908167823172365968e-02,9.661337737391264679e-04,1.867897343985150282e+00
5.625151589667143348e+00,1.374476549052529861e-01,-5.903389718461826696e-02,9.626771653516847087e-04,1.867970079912901760e+00
5.627536134639448129e+00,1.373069428374162904e-01,-5.898616961230143674e-02,9.592321838578970810e-04,1.868042617052047882e+00
5.629920679611752909e+00,1.371663445144351290e-01,-5.893849544489444814e-02,9.557987911798003847e-04,1.868114955864015547e+00
5.632305224584057690e+00,1.370258598090463020e-01,-5.889087461261100637e-02,9.523769493652772594e-04,1.868187096809306391e+00
5.634689769556362471e+00,1.368854885941529487e-01,-5.884330704575716636e-02,9.489666205876282502e-04,1.868259040347498345e+00
5.637074314528667252e+00,1.367452307428242142e-01,-5.879579267473122872e-02,9.455677671451412705e-04,1.868330786937246746e+00
5.639458859500972032e+00,1.366050861282951667e-01,-5.874833143002366337e-02,9.421803514606696310e-04,1.868402337036286553e+00
5.641843404473276813e+00,1.364650546239665196e-01,-5.870092324221701241e-02,9.388043360812054058e-04,1.868473691101433909e+00
5.644227949445581594e+00,1.363251361034043263e-01,-5.865356804198579993e-02,9.354396836774546420e-04,1.868544849588587020e+00
5.646612494417886374e+00,1.361853304403399523e-01,-5.860626576009644872e-02,9.320863570434204841e-04,1.868615812952728605e+00
5.648997039390191155e+00,1.360456375086696590e-01,-5.855901632740719009e-02,9.287443190959783837e-04,1.868686581647927891e+00
5.651381584362495936e+00,1.359060571824544927e-01,-5.851181967486796670e-02,9.254135328744600908e-04,1.868757156127340835e+00
5.653766129334801605e+00,1.357665893359199794e-01,-5.846467573352033542e-02,9.220939615402342845e-04,1.868827536843213233e+00
5.656150674307106385e+00,1.356272338434561797e-01,-5.841758443449744653e-02,9.187855683762980461e-04,1.868897724246881387e+00
5.658535219279411166e+00,1.354879905796170514e-01,-5.837054570902383555e-02,9.154883167868520678e-04,1.868967718788774102e+00
5.660919764251715947e+00,1.353488594191205041e-01,-5.832355948841543014e-02,9.122021702968950534e-04,1.869037520918415130e+00
5.663304309224020727e+00,1.352098402368481223e-01,-5.827662570407941139e-02,9.089270925518106370e-04,1.869107131084422280e+00
5.665688854196325508e+00,1.350709329078449705e-01,-5.822974428751414439e-02,9.056630473169586387e-04,1.869176549734512749e+00
5.668073399168630289e+00,1.349321373073192887e-01,-5.818291517030908105e-02,9.024099984772640439e-04,1.869245777315500678e+00
5.670457944140935069e+00,1.347934533106424082e-01,-5.813613828414467000e-02,8.991679100368136796e-04,1.869314814273302483e+00
5.672842489113239850e+00,1.346548807933484193e-01,-5.808941356079227319e-02,8.959367461184481211e-04,1.869383661052935741e+00
5.675227034085544631e+00,1.345164196311340044e-01,-5.804274093211406194e-02,8.927164709633584770e-04,1.869452318098522525e+00
5.677611579057849411e+00,1.343780696998582158e-01,-5.799612033006294048e-02,8.895070489306839334e-04,1.869520785853289846e+00
5.679996124030154192e+00,1.342398308755422820e-01,-5.794955168668244200e-02,8.863084444971111413e-04,1.869589064759572761e+00
5.682380669002458973e+00,1.341017030343693295e-01,-5.790303493410663832e-02,8.831206222564727364e-04,1.869657155258813264e+00
5.684765213974764642e+00,1.339636860526841611e-01,-5.785657000456004978e-02,8.799435469193491116e-04,1.869725057791565392e+00
5.687149758947069422e+00,1.338257798069932836e-01,-5.781015683035761049e-02,8.767771833126769120e-04,1.869792772797493452e+00
5.689534303919374203e+00,1.336879841739642971e-01,-5.776379534390446019e-02,8.736214963793445185e-04,1.869860300715376900e+00
5.691918848891678984e+00,1.335502990304259230e-01,-5.771748547769595117e-02,8.704764511778033615e-04,1.869927641983108790e+00
5.694303393863983764e+00,1.334127242533677815e-01,-5.767122716431752338e-02,8.673420128816750063e-04,1.869994797037699996e+00
5.696687938836288545e+00,1.332752597199401146e-01,-5.762502033644460037e-02,8.642181467793583465e-04,1.870061766315278762e+00
5.699072483808593326e+00,1.331379053074535912e-01,-5.757886492684251983e-02,8.611048182736402668e-04,1.870128550251093369e+00
5.701457028780898106e+00,1.330006608933791135e-01,-5.753276086836643655e-02,8.580019928813069569e-04,1.870195149279513691e+00
5.703841573753202887e+00,1.328635263553475943e-01,-5.748670809396123210e-02,8.549096362327568508e-04,1.870261563834032748e+00
5.706226118725507668e+00,1.327265015711496798e-01,-5.744070653666139697e-02,8.518277140716134588e-04,1.870327794347268036e+00
5.708610663697812448e+00,1.325895864187356665e-01,-5.739475612959098888e-02,8.487561922543431859e-04,1.870393841250963307e+00
5.710995208670117229e+00,1.324527807762151399e-01,-5.734885680596349400e-02,8.456950367498694641e-04,1.870459704975990123e+00
5.713379753642422898e+00,1.323160845218568638e-01,-5.730300849908173677e-02,8.426442136391925231e-04,1.870525385952348296e+00
5.715764298614727679e+00,1.321794975340886136e-01,-5.725721114233786602e-02,8.396036891150105699e-04,1.870590884609170113e+00
5.718148843587032459e+00,1.320430196914967880e-01,-5.721146466921314677e-02,8.365734294813363062e-04,1.870656201374719885e+00
5.720533388559337240e+00,1.319066508728263254e-01,-5.716576901327792559e-02,8.335534011531223371e-04,1.870721336676395286e+00
5.722917933531642021e+00,1.317703909569804821e-01,-5.712012410819155422e-02,8.305435706558839766e-04,1.870786290940729568e+00
5.725302478503946801e+00,1.316342398230205268e-01,-5.707452988770227165e-02,8.275439046253223793e-04,1.870851064593394675e+00
5.727687023476251582e+00,1.314981973501657408e-01,-5.702898628564711386e-02,8.245543698069553694e-04,1.870915658059200126e+00
5.730071568448556363e+00,1.313622634177929183e-01,-5.698349323595182370e-02,8.215749330557382954e-04,1.870980071762094799e+00
5.732456113420861143e+00,1.312264379054364216e-01,-5.693805067263077446e-02,8.186055613356989788e-04,1.871044306125171364e+00
5.734840658393165924e+00,1.310907206927877933e-01,-5.689265852978684507e-02,8.156462217195635566e-04,1.871108361570664513e+00
5.737225203365470705e+00,1.309551116596955889e-01,-5.684731674161135062e-02,8.126968813883893696e-04,1.871172238519954734e+00
5.739609748337775486e+00,1.308196106861652386e-01,-5.680202524238395917e-02,8.097575076311986112e-04,1.871235937393568527e+00
5.741994293310080266e+00,1.306842176523587695e-01,-5.675678396647255292e-02,8.068280678446113248e-04,1.871299458611179745e+00
5.744378838282385935e+00,1.305489324385945005e-01,-5.671159284833317271e-02,8.039085295324781841e-04,1.871362802591612695e+00
5.746763383254690716e+00,1.304137549253471529e-01,-5.666645182250996254e-02,8.009988603055243333e-04,1.871425969752843477e+00
5.749147928226995496e+00,1.302786849932472402e-01,-5.662136082363497525e-02,7.980990278809783726e-04,1.871488960511999311e+00
5.751532473199300277e+00,1.301437225230810957e-01,-5.657631978642817250e-02,7.952090000822164152e-04,1.871551775285362540e+00
5.753917018171605058e+00,1.300088673957906227e-01,-5.653132864569726523e-02,7.923287448384021313e-04,1.871614414488370626e+00
5.756301563143909839e+00,1.298741194924731002e-01,-5.648638733633766507e-02,7.894582301841279867e-04,1.871676878535619259e+00
5.758686108116214619e+00,1.297394786943808775e-01,-5.644149579333239408e-02,7.865974242590563709e-04,1.871739167840861917e+00
5.761070653088519400e+00,1.296049448829212913e-01,-5.639665395175193913e-02,7.837462953075666899e-04,1.871801282817012746e+00
5.763455198060824181e+00,1.294705179396564154e-01,-5.635186174675421017e-02,7.809048116783993141e-04,1.871863223876147897e+00
5.765839743033128961e+00,1.293361977463027557e-01,-5.630711911358444316e-02,7.780729418243006101e-04,1.871924991429507079e+00
5.768224288005433742e+00,1.292019841847311945e-01,-5.626242598757506125e-02,7.752506543016737198e-04,1.871986585887493559e+00
5.770608832977738523e+00,1.290678771369667133e-01,-5.621778230414563315e-02,7.724379177702265196e-04,1.872048007659678603e+00
5.772993377950044191e+00,1.289338764851881147e-01,-5.617318799880274133e-02,7.696347009926200137e-04,1.872109257154800588e+00
5.775377922922348972e+00,1.287999821117280230e-01,-5.612864300713994725e-02,7.668409728341248587e-04,1.872170334780767442e+00
5.777762467894653753e+00,1.286661938990724119e-01,-5.608414726483761104e-02,7.640567022622681307e-04,1.872231240944657982e+00
5.780147012866958534e+00,1.285325117298605491e-01,-5.603970070766286365e-02,7.612818583464906093e-04,1.872291976052723905e+00
5.782531557839263314e+00,1.283989354868848298e-01,-5.599530327146947511e-02,7.585164102578028679e-04,1.872352540510389796e+00
5.784916102811568095e+00,1.282654650530904161e-01,-5.595095489219779894e-02,7.557603272684386550e-04,1.872412934722256450e+00
5.787300647783872876e+00,1.281321003115751811e-01,-5.590665550587463339e-02,7.530135787515154300e-04,1.872473159092101103e+00
5.789685192756177656e+00,1.279988411455894315e-01,-5.586240504861317291e-02,7.502761341806917558e-04,1.872533214022880754e+00
5.792069737728482437e+00,1.278656874385356856e-01,-5.581820345661287625e-02,7.475479631298270755e-04,1.872593099916730397e+00
5.794454282700787218e+00,1.277326390739685069e-01,-5.577405066615939017e-02,7.448290352726435505e-04,1.872652817174967677e+00
5.796838827673091998e+00,1.275996959355943094e-01,-5.572994661362445229e-02,7.421193203823891983e-04,1.872712366198092448e+00
5.799223372645396779e+00,1.274668579072710806e-01,-5.568589123546580089e-02,7.394187883314994048e-04,1.872771747385790109e+00
5.801607917617701560e+00,1.273341248730082975e-01,-5.564188446822708467e-02,7.367274090912643994e-04,1.872830961136930705e+00
5.803992462590007229e+00,1.272014967169665667e-01,-5.559792624853771709e-02,7.340451527314921770e-04,1.872890007849572269e+00
5.806377007562312009e+00,1.270689733234575680e-01,-5.555401651311290406e-02,7.313719894201784659e-04,1.872948887920960814e+00
5.808761552534616790e+00,1.269365545769438053e-01,-5.551015519875340115e-02,7.287078894231743126e-04,1.873007601747534334e+00
5.811146097506921571e+00,1.268042403620382452e-01,-5.546634224234552046e-02,7.260528231038520380e-04,1.873066149724921248e+00
5.813530642479226351e+00,1.266720305635044286e-01,-5.542257758086099190e-02,7.234067609227824713e-04,1.873124532247943952e+00
5.815915187451531132e+00,1.265399250662559150e-01,-5.537886115135689374e-02,7.207696734373993889e-04,1.873182749710618378e+00
5.818299732423835913e+00,1.264079237553563939e-01,-5.533519289097553473e-02,7.181415313016791327e-04,1.873240802506158653e+00
5.820684277396140693e+00,1.262760265160192963e-01,-5.529157273694437075e-02,7.155223052658103624e-04,1.873298691026974439e+00
5.823068822368445474e+00,1.261442332336075722e-01,-5.524800062657592159e-02,7.129119661758696620e-04,1.873356415664676700e+00
5.825453367340750255e+00,1.260125437936336357e-01,-5.520447649726765299e-02,7.103104849734998569e-04,1.873413976810075265e+00
5.827837912313055035e+00,1.258809580817590590e-01,-5.516100028650190029e-02,7.077178326955864884e-04,1.873471374853182603e+00
5.830222457285359816e+00,1.257494759837943232e-01,-5.511757193184575743e-02,7.051339804739343957e-04,1.873528610183214482e+00
5.832607002257664597e+00,1.256180973856987904e-01,-5.507419137095100059e-02,7.025588995349518881e-04,1.873585683188592421e+00
5.834991547229970266e+00,1.254868221735802869e-01,-5.503085854155397028e-02,6.999925611993264600e-04,1.873642594256943461e+00
5.837376092202275046e+00,1.253556502336951040e-01,-5.498757338147552964e-02,6.974349368817115650e-04,1.873699343775103054e+00
5.839760637174579827e+00,1.252245814524476919e-01,-5.494433582862089105e-02,6.948859980904068846e-04,1.873755932129115731e+00
5.842145182146884608e+00,1.250936157163903550e-01,-5.490114582097957441e-02,6.923457164270408739e-04,1.873812359704237096e+00
5.844529727119189388e+00,1.249627529122232933e-01,-5.485800329662528924e-02,6.898140635862610049e-04,1.873868626884933830e+00
5.846914272091494169e+00,1.248319929267942135e-01,-5.481490819371587220e-02,6.872910113554159869e-04,1.873924734054887908e+00
5.849298817063798950e+00,1.247013356470981910e-01,-5.477186045049314139e-02,6.847765316142447089e-04,1.873980681596995268e+00
5.851683362036103730e+00,1.245707809602774607e-01,-5.472886000528284778e-02,6.822705963345646399e-04,1.874036469893368473e+00
5.854067907008408511e+00,1.244403287536212516e-01,-5.468590679649455721e-02,6.797731775799621809e-04,1.874092099325339156e+00
5.856452451980713292e+00,1.243099789145655498e-01,-5.464300076262156025e-02,6.772842475054826911e-04,1.874147570273456243e+00
5.858836996953018073e+00,1.241797313306928635e-01,-5.460014184224077499e-02,6.748037783573217077e-04,1.874202883117491503e+00
5.861221541925322853e+00,1.240495858897321391e-01,-5.455732997401264994e-02,6.723317424725197425e-04,1.874258038236437551e+00
5.863606086897628522e+00,1.239195424795583728e-01,-5.451456509668106687e-02,6.698681122786531760e-04,1.874313036008511180e+00
5.865990631869933303e+00,1.237896009881927217e-01,-5.447184714907329223e-02,6.674128602935346924e-04,1.874367876811154687e+00
5.868375176842238083e+00,1.236597613038019627e-01,-5.442917607009978981e-02,6.649659591249034146e-04,1.874422561021036104e+00
5.870759721814542864e+00,1.235300233146984644e-01,-5.438655179875420687e-02,6.625273814701247970e-04,1.874477089014051856e+00
5.873144266786847645e+00,1.234003869093399930e-01,-5.434397427411324227e-02,6.600971001158892175e-04,1.874531461165327428e+00
5.875528811759152426e+00,1.232708519763294902e-01,-5.430144343533654938e-02,6.576750879379110026e-04,1.874585677849219367e+00
5.877913356731457206e+00,1.231414184044148652e-01,-5.425895922166665969e-02,6.552613179006281036e-04,1.874639739439315944e+00
5.880297901703761987e+00,1.230120860824888002e-01,-5.421652157242887876e-02,6.528557630569039412e-04,1.874693646308439376e+00
5.882682446676066768e+00,1.228828548995885839e-01,-5.417413042703118214e-02,6.504583965477302252e-04,1.874747398828646494e+00
5.885066991648371548e+00,1.227537247448958757e-01,-5.413178572496413904e-02,6.480691916019297753e-04,1.874800997371230515e+00
5.887451536620676329e+00,1.226246955077365391e-01,-5.408948740580080128e-02,6.456881215358615091e-04,1.874854442306723046e+00
5.889836081592981110e+00,1.224957670775803920e-01,-5.404723540919661312e-02,6.433151597531252142e-04,1.874907734004894744e+00
5.892220626565285890e+00,1.223669393440410813e-01,-5.400502967488930717e-02,6.409502797442690305e-04,1.874960872834755099e+00
5.894605171537591559e+00,1.222382121968758062e-01,-5.396287014269881416e-02,6.385934550864961730e-04,1.875013859164558427e+00
5.896989716509896340e+00,1.221095855259853175e-01,-5.392075675252722133e-02,6.362446594433762096e-04,1.875066693361799874e+00
5.899374261482201121e+00,1.219810592214133904e-01,-5.387868944435856428e-02,6.339038665645497237e-04,1.875119375793220300e+00
5.901758806454505901e+00,1.218526331733469220e-01,-5.383666815825881996e-02,6.315710502854434945e-04,1.875171906824807389e+00
5.904143351426810682e+00,1.217243072721155700e-01,-5.379469283437579574e-02,6.292461845269792806e-04,1.875224286821795427e+00
5.906527896399115463e+00,1.215960814081916558e-01,-5.375276341293900445e-02,6.269292432952885659e-04,1.875276516148667527e+00
5.908912441371420243e+00,1.214679554721899146e-01,-5.371087983425960194e-02,6.246202006814248128e-04,1.875328595169157619e+00
5.911296986343725024e+00,1.213399293548673014e-01,-5.366904203873027607e-02,6.223190308610784252e-04,1.875380524246250902e+00
5.913681531316029805e+00,1.212120029471228377e-01,-5.362724996682515649e-02,6.200257080942931211e-04,1.875432303742185614e+00
5.916066076288334585e+00,1.210841761399973626e-01,-5.358550355909971058e-02,6.177402067251814384e-04,1.875483934018454146e+00
5.918450621260639366e+00,1.209564488246733793e-01,-5.354380275619067403e-02,6.154625011816431670e-04,1.875535415435806152e+00
5.920835166232944147e+00,1.208288208924748613e-01,-5.350214749881590515e-02,6.131925659750838906e-04,1.875586748354245881e+00
5.923219711205248927e+00,1.207012922348670303e-01,-5.346053772777434321e-02,6.109303757001342860e-04,1.875637933133037727e+00
5.925604256177554596e+00,1.205738627434561200e-01,-5.341897338394587663e-02,6.086759050343696405e-04,1.875688970130706457e+00
5.927988801149859377e+00,1.204465323099894181e-01,-5.337745440829129440e-02,6.064291287380357658e-04,1.875739859705036316e+00
5.930373346122164158e+00,1.203193008263547387e-01,-5.333598074185212645e-02,6.041900216537655867e-04,1.875790602213075697e+00
5.932757891094468938e+00,1.201921681845804224e-01,-5.329455232575057433e-02,6.019585587063060314e-04,1.875841198011135358e+00
5.935142436066773719e+00,1.200651342768351143e-01,-5.325316910118944869e-02,5.997347149022416680e-04,1.875891647454793532e+00
5.937526981039078500e+00,1.199381989954275973e-01,-5.321183100945203054e-02,5.975184653297210520e-04,1.875941950898893040e+00
5.939911526011383280e+00,1.198113622328065425e-01,-5.317053799190198798e-02,5.953097851581816641e-04,1.875992108697545291e+00
5.942296070983688061e+00,1.196846238815603425e-01,-5.312928998998329988e-02,5.931086496380777754e-04,1.876042121204132052e+00
5.944680615955992842e+00,1.195579838344169449e-01,-5.308808694522014482e-02,5.909150341006093972e-04,1.876091988771304120e+00
5.947065160928297622e+00,1.194314419842436303e-01,-5.304692879921679011e-02,5.887289139574504709e-04,1.876141711750985541e+00
5.949449705900602403e+00,1.193049982240468321e-01,-5.300581549365753625e-02,5.865502647004796613e-04,1.876191290494373609e+00
5.951834250872907184e+00,1.191786524469719416e-01,-5.296474697030657819e-02,5.843790619015110403e-04,1.876240725351939309e+00
5.954218795845212853e+00,1.190524045463030728e-01,-5.292372317100793588e-02,5.822152812120257471e-04,1.876290016673431538e+00
5.956603340817517633e+00,1.189262544154630619e-01,-5.288274403768537801e-02,5.800588983629076595e-04,1.876339164807874216e+00
5.958987885789822414e+00,1.188002019480130095e-01,-5.284180951234228318e-02,5.779098891641732110e-04,1.876388170103572062e+00
5.961372430762127195e+00,1.186742470376522390e-01,-5.280091953706156360e-02,5.757682295047083631e-04,1.876437032908109259e+00
5.963756975734431975e+00,1.185483895782181024e-01,-5.276007405400556100e-02,5.736338953520046021e-04,1.876485753568350123e+00
5.966141520706736756e+00,1.184226294636857579e-01,-5.271927300541598416e-02,5.715068627518947193e-04,1.876534332430443097e+00
5.968526065679041537e+00,1.182969665881680316e-01,-5.267851633361378405e-02,5.693871078282913009e-04,1.876582769839820974e+00
5.970910610651346317e+00,1.181714008459151394e-01,-5.263780398099904972e-02,5.672746067829240266e-04,1.876631066141200010e+00
5.973295155623651098e+00,1.180459321313146043e-01,-5.259713589005094586e-02,5.651693358950803277e-04,1.876679221678584586e+00
5.975679700595955879e+00,1.179205603388909784e-01,-5.255651200332760176e-02,5.630712715213447451e-04,1.876727236795266540e+00
5.978064245568260660e+00,1.177952853633057184e-01,-5.251593226346600030e-02,5.609803900953405642e-04,1.876775111833827614e+00
5.980448790540565440e+00,1.176701070993569631e-01,-5.247539661318191551e-02,5.588966681274720998e-04,1.876822847136139671e+00
5.982833335512870221e+00,1.175450254419793394e-01,-5.243490499526978765e-02,5.568200822046668729e-04,1.876870443043365810e+00
5.985217880485175890e+00,1.174200402862437681e-01,-5.239445735260263304e-02,5.547506089901196305e-04,1.876917899895963915e+00
5.987602425457480670e+00,1.172951515273574219e-01,-5.235405362813199542e-02,5.526882252230399433e-04,1.876965218033685101e+00
5.989986970429785451e+00,1.171703590606632817e-01,-5.231369376488776562e-02,5.506329077183930816e-04,1.877012397795576826e+00
5.992371515402090232e+00,1.170456627816401224e-01,-5.227337770597815375e-02,5.485846333666494559e-04,1.877059439519983108e+00
5.994756060374395013e+00,1.169210625859022773e-01,-5.223310539458957819e-02,5.465433791335315645e-04,1.877106343544547862e+00
5.997140605346699793e+00,1.167965583691994991e-01,-5.219287677398654762e-02,5.445091220597630000e-04,1.877153110206212894e+00
5.999525150319004574e+00,1.166721500274167100e-01,-5.215269178751160556e-02,5.424818392608164817e-04,1.877199739841222348e+00
6.001909695291309355e+00,1.165478374565738218e-01,-5.211255037858519151e-02,5.404615079266637291e-04,1.877246232785121594e+00
6.004294240263614135e+00,1.164236205528256102e-01,-5.207245249070559939e-02,5.384481053215279395e-04,1.877292589372761444e+00
6.006678785235918916e+00,1.162994992124614657e-01,-5.203239806744881790e-02,5.364416087836342039e-04,1.877338809938295050e+00
6.009063330208223697e+00,1.161754733319052268e-01,-5.199238705246849584e-02,5.344419957249625262e-04,1.877384894815183891e+00
6.011447875180528477e+00,1.160515428077150135e-01,-5.195241938949581029e-02,5.324492436310013840e-04,1.877430844336196003e+00
6.013832420152833258e+00,1.159277075365830328e-01,-5.191249502233937635e-02,5.304633300605024818e-04,1.877476658833407752e+00
6.016216965125138927e+00,1.158039674153353293e-01,-5.187261389488516394e-02,5.284842326452342037e-04,1.877522338638206501e+00
6.018601510097443708e+00,1.156803223409318127e-01,-5.183277595109642144e-02,5.265119290897416794e-04,1.877567884081290384e+00
6.020986055069748488e+00,1.155567722104657857e-01,-5.179298113501352996e-02,5.245463971710989355e-04,1.877613295492669865e+00
6.023370600042053269e+00,1.154333169211639032e-01,-5.175322939075393397e-02,5.225876147386686365e-04,1.877658573201669734e+00
6.025755145014358050e+00,1.153099563703860603e-01,-5.171352066251206497e-02,5.206355597138619335e-04,1.877703717536930217e+00
6.028139689986662830e+00,1.151866904556250459e-01,-5.167385489455921660e-02,5.186902100898958205e-04,1.877748728826406088e+00
6.030524234958967611e+00,1.150635190745065289e-01,-5.163423203124348215e-02,5.167515439315550430e-04,1.877793607397372444e+00
6.032908779931272392e+00,1.149404421247887109e-01,-5.159465201698962972e-02,5.148195393749518392e-04,1.877838353576421371e+00
6.035293324903577172e+00,1.148174595043622848e-01,-5.155511479629901195e-02,5.128941746272888246e-04,1.877882967689465277e+00
6.037677869875881953e+00,1.146945711112501431e-01,-5.151562031374950362e-02,5.109754279666210101e-04,1.877927450061739556e+00
6.040062414848186734e+00,1.145717768436073092e-01,-5.147616851399535592e-02,5.090632777416207464e-04,1.877971801017800146e+00
6.042446959820491514e+00,1.144490765997206172e-01,-5.143675934176715481e-02,5.071577023713398505e-04,1.878016020881528414e+00
6.044831504792797183e+00,1.143264702780085879e-01,-5.139739274187166834e-02,5.052586803449757432e-04,1.878060109976130265e+00
6.047216049765101964e+00,1.142039577770214143e-01,-5.135806865919183978e-02,5.033661902216402971e-04,1.878104068624138812e+00
6.049600594737406745e+00,1.140815389954404901e-01,-5.131878703868657937e-02,5.014802106301220709e-04,1.878147897147413481e+00
6.051985139709711525e+00,1.139592138320783682e-01,-5.127954782539076439e-02,4.996007202686559168e-04,1.878191595867144015e+00
6.054369684682016306e+00,1.138369821858786213e-01,-5.124035096441509340e-02,4.977276979046920454e-04,1.878235165103849802e+00
6.056754229654321087e+00,1.137148439559156066e-01,-5.120119640094601687e-02,4.958611223746648734e-04,1.878278605177381655e+00
6.059138774626625867e+00,1.135927990413942990e-01,-5.116208408024564003e-02,4.940009725837627395e-04,1.878321916406923364e+00
6.061523319598930648e+00,1.134708473416500968e-01,-5.112301394765159795e-02,4.921472275056985955e-04,1.878365099110991698e+00
6.063907864571235429e+00,1.133489887561486553e-01,-5.108398594857700703e-02,4.902998661824823235e-04,1.878408153607439512e+00
6.066292409543540209e+00,1.132272231844857341e-01,-5.104500002851035390e-02,4.884588677241929458e-04,1.878451080213456192e+00
6.068676954515844990e+00,1.131055505263869332e-01,-5.100605613301539137e-02,4.866242113087508874e-04,1.878493879245568099e+00
6.071061499488149771e+00,1.129839706817076239e-01,-5.096715420773104133e-02,4.847958761816935466e-04,1.878536551019640788e+00
6.073446044460454551e+00,1.128624835504326851e-01,-5.092829419837131832e-02,4.829738416559488596e-04,1.878579095850879455e+00
6.075830589432760220e+00,1.127410890326762949e-01,-5.088947605072521863e-02,4.811580871116101651e-04,1.878621514053830932e+00
6.078215134405065001e+00,1.126197870286819863e-01,-5.085069971065667160e-02,4.793485919957164373e-04,1.878663805942385245e+00
6.080599679377369782e+00,1.124985774388221338e-01,-5.081196512410436628e-02,4.775453358220240071e-04,1.878705971829774501e+00
6.082984224349674562e+00,1.123774601635979670e-01,-5.077327223708171661e-02,4.757482981707873899e-04,1.878748012028577552e+00
6.085368769321979343e+00,1.122564351036393904e-01,-5.073462099567675049e-02,4.739574586885380550e-04,1.878789926850718661e+00
6.087753314294284124e+00,1.121355021597047613e-01,-5.069601134605201953e-02,4.721727970878630311e-04,1.878831716607468616e+00
6.090137859266588904e+00,1.120146612326807095e-01,-5.065744323444449498e-02,4.703942931471848674e-04,1.878873381609448279e+00
6.092522404238893685e+00,1.118939122235819983e-01,-5.061891660716549834e-02,4.686219267105435466e-04,1.878914922166627921e+00
6.094906949211198466e+00,1.117732550335513164e-01,-5.058043141060056952e-02,4.668556776873772590e-04,1.878956338588327890e+00
6.097291494183503247e+00,1.116526895638591116e-01,-5.054198759120941825e-02,4.650955260523051828e-04,1.878997631183222605e+00
6.099676039155808027e+00,1.115322157159034100e-01,-5.050358509552578534e-02,4.633414518449107517e-04,1.879038800259337894e+00
6.102060584128112808e+00,1.114118333912096637e-01,-5.046522387015739408e-02,4.615934351695256824e-04,1.879079846124055653e+00
6.104445129100417589e+00,1.112915424914305146e-01,-5.042690386178581841e-02,4.598514561950138384e-04,1.879120769084113185e+00
6.106829674072723257e+00,1.111713429183456420e-01,-5.038862501716638576e-02,4.581154951545571546e-04,1.879161569445604751e+00
6.109214219045028038e+00,1.110512345738617207e-01,-5.035038728312816320e-02,4.563855323454435128e-04,1.879202247513982682e+00
6.111598764017332819e+00,1.109312173600120049e-01,-5.031219060657374231e-02,4.546615481288504980e-04,1.879242803594058708e+00
6.113983308989637599e+00,1.108112911789563143e-01,-5.027403493447924615e-02,4.529435229296348460e-04,1.879283237990006405e+00
6.116367853961942380e+00,1.106914559329807979e-01,-5.023592021389416962e-02,4.512314372361203737e-04,1.879323551005359194e+00
6.118752398934247161e+00,1.105717115244978094e-01,-5.019784639194133785e-02,4.495252715998877520e-04,1.879363742943015669e+00
6.121136943906551942e+00,1.104520578560456989e-01,-5.015981341581677438e-02,4.478250066355636289e-04,1.879403814105236492e+00
6.123521488878856722e+00,1.103324948302886188e-01,-5.012182123278961787e-02,4.461306230206109444e-04,1.879443764793648830e+00
6.125906033851161503e+00,1.102130223500164125e-01,-5.008386979020205271e-02,4.444421014951214144e-04,1.879483595309246358e+00
6.128290578823466284e+00,1.100936403181443646e-01,-5.004595903546919106e-02,4.427594228616060085e-04,1.879523305952390588e+00
6.130675123795771064e+00,1.099743486377130763e-01,-5.000808891607896878e-02,4.410825679847886808e-04,1.879562897022811097e+00
6.133059668768075845e+00,1.098551472118882988e-01,-4.997025937959209685e-02,4.394115177913996665e-04,1.879602368819609071e+00
6.135444213740381514e+00,1.097360359439606692e-01,-4.993247037364190871e-02,4.377462532699685077e-04,1.879641721641255758e+00
6.137828758712686295e+00,1.096170147373457388e-01,-4.989472184593434639e-02,4.360867554706216874e-04,1.879680955785594687e+00
6.140213303684991075e+00,1.094980834955835841e-01,-4.985701374424778010e-02,4.344330055048751128e-04,1.879720071549843885e+00
6.142597848657295856e+00,1.093792421223386963e-01,-4.981934601643298044e-02,4.327849845454312069e-04,1.879759069230595880e+00
6.144982393629600637e+00,1.092604905213998695e-01,-4.978171861041299356e-02,4.311426738259768136e-04,1.879797949123818812e+00
6.147366938601905417e+00,1.091418285966800211e-01,-4.974413147418304398e-02,4.295060546409807225e-04,1.879836711524857762e+00
6.149751483574210198e+00,1.090232562522159138e-01,-4.970658455581048601e-02,4.278751083454905980e-04,1.879875356728437419e+00
6.152136028546514979e+00,1.089047733921681416e-01,-4.966907780343465806e-02,4.262498163549339743e-04,1.879913885028660081e+00
6.154520573518819759e+00,1.087863799208208249e-01,-4.963161116526681321e-02,4.246301601449164846e-04,1.879952296719009652e+00
6.156905118491124540e+00,1.086680757425814992e-01,-4.959418458959003601e-02,4.230161212510230194e-04,1.879990592092351198e+00
6.159289663463429321e+00,1.085498607619809486e-01,-4.955679802475913137e-02,4.214076812686186660e-04,1.880028771440933388e+00
6.161674208435734101e+00,1.084317348836730116e-01,-4.951945141920056220e-02,4.198048218526506258e-04,1.880066835056388941e+00
6.164058753408038882e+00,1.083136980124344284e-01,-4.948214472141229670e-02,4.182075247174505631e-04,1.880104783229735066e+00
6.166443298380344551e+00,1.081957500531646188e-01,-4.944487787996378753e-02,4.166157716365372814e-04,1.880142616251375687e+00
6.168827843352649332e+00,1.080778909108856822e-01,-4.940765084349585390e-02,4.150295444424227588e-04,1.880180334411102105e+00
6.171212388324954112e+00,1.079601204907419676e-01,-4.937046356072055664e-02,4.134488250264131974e-04,1.880217937998094113e+00
6.173596933297258893e+00,1.078424386980001010e-01,-4.933331598042115657e-02,4.118735953384169567e-04,1.880255427300922655e+00
6.175981478269563674e+00,1.077248454380487080e-01,-4.929620805145197571e-02,4.103038373867488008e-04,1.880292802607546943e+00
6.178366023241868454e+00,1.076073406163983448e-01,-4.925913972273834179e-02,4.087395332379378863e-04,1.880330064205320451e+00
6.180750568214173235e+00,1.074899241386812199e-01,-4.922211094327649111e-02,4.071806650165334736e-04,1.880367212380988917e+00
6.183135113186478016e+00,1.073725959106511391e-01,-4.918512166213345749e-02,4.056272149049143234e-04,1.880404247420692787e+00
6.185519658158782796e+00,1.072553558381832001e-01,-4.914817182844698901e-02,4.040791651430953300e-04,1.880441169609967655e+00
6.187904203131087577e+00,1.071382038272737786e-01,-4.911126139142547170e-02,4.025364980285387070e-04,1.880477979233745600e+00
6.190288748103392358e+00,1.070211397840402090e-01,-4.907439030034781852e-02,4.009991959159620294e-04,1.880514676576356736e+00
6.192673293075697138e+00,1.069041636147207430e-01,-4.903755850456337911e-02,3.994672412171501792e-04,1.880551261921529882e+00
6.195057838048002807e+00,1.067872752256742580e-01,-4.900076595349185660e-02,3.979406164007649586e-04,1.880587735552394113e+00
6.197442383020307588e+00,1.066704745233802848e-01,-4.896401259662323119e-02,3.964193039921593670e-04,1.880624097751478541e+00
6.199826927992612369e+00,1.065537614144386191e-01,-4.892729838351763533e-02,3.949032865731871606e-04,1.880660348800715864e+00
6.202211472964917149e+00,1.064371358055692246e-01,-4.889062326380527040e-02,3.933925467820169656e-04,1.880696488981441039e+00
6.204596017937221930e+00,1.063205976036121769e-01,-4.885398718718633043e-02,3.918870673129472596e-04,1.880732518574393719e+00
6.206980562909526711e+00,1.062041467155273311e-01,-4.881739010343091184e-02,3.903868309162186420e-04,1.880768437859719366e+00
6.209365107881831491e+00,1.060877830483942796e-01,-4.878083196237890939e-02,3.888918203978304405e-04,1.880804247116970362e+00
6.211749652854136272e+00,1.059715065094121306e-01,-4.874431271393991905e-02,3.874020186193556387e-04,1.880839946625105785e+00
6.214134197826441053e+00,1.058553170058993548e-01,-4.870783230809316855e-02,3.859174084977574286e-04,1.880875536662494518e+00
6.216518742798745834e+00,1.057392144452936056e-01,-4.867139069488741338e-02,3.844379730052055466e-04,1.880911017506915250e+00
6.218903287771050614e+00,1.056231987351515939e-01,-4.863498782444083957e-02,3.829636951688948328e-04,1.880946389435557142e+00
6.221287832743355395e+00,1.055072697831488382e-01,-4.859862364694100129e-02,3.814945580708617293e-04,1.880981652725022713e+00
6.223672377715660176e+00,1.053914274970796094e-01,-4.856229811264469592e-02,3.800305448478050619e-04,1.881016807651326728e+00
6.226056922687965844e+00,1.052756717848566531e-01,-4.852601117187786695e-02,3.785716386909034601e-04,1.881051854489898867e+00
6.228441467660270625e+00,1.051600025545111894e-01,-4.848976277503558308e-02,3.771178228456377110e-04,1.881086793515583944e+00
6.230826012632575406e+00,1.050444197141925246e-01,-4.845355287258186483e-02,3.756690806116086672e-04,1.881121625002643460e+00
6.233210557604880186e+00,1.049289231721680649e-01,-4.841738141504962900e-02,3.742253953423604678e-04,1.881156349224756719e+00
6.235595102577184967e+00,1.048135128368230667e-01,-4.838124835304059845e-02,3.727867504452015367e-04,1.881190966455021929e+00
6.237979647549489748e+00,1.046981886166605119e-01,-4.834515363722521192e-02,3.713531293810273695e-04,1.881225476965956434e+00
6.240364192521794529e+00,1.045829504203009269e-01,-4.830909721834253379e-02,3.699245156641435919e-04,1.881259881029499814e+00
6.242748737494099309e+00,1.044677981564822028e-01,-4.827307904720015697e-02,3.685008928620891805e-04,1.881294178917011672e+00
6.245133282466404090e+00,1.043527317340594840e-01,-4.823709907467412655e-02,3.670822445954617435e-04,1.881328370899277180e+00
6.247517827438708871e+00,1.042377510620049325e-01,-4.820115725170882187e-02,3.656685545377411214e-04,1.881362457246503750e+00
6.249902372411013651e+00,1.041228560494076305e-01,-4.816525352931690790e-02,3.642598064151159683e-04,1.881396438228324586e+00
6.252286917383318432e+00,1.040080466054734004e-01,-4.812938785857920343e-02,3.628559840063095752e-04,1.881430314113799573e+00
6.254671462355623213e+00,1.038933226395246101e-01,-4.809356019064461862e-02,3.614570711424059638e-04,1.881464085171415501e+00
6.257056007327928882e+00,1.037786840609999928e-01,-4.805777047673003705e-02,3.600630517066772274e-04,1.881497751669088059e+00
6.259440552300233662e+00,1.036641307794546746e-01,-4.802201866812029485e-02,3.586739096344135282e-04,1.881531313874162281e+00
6.261825097272538443e+00,1.035496627045597029e-01,-4.798630471616800036e-02,3.572896289127477812e-04,1.881564772053414547e+00
6.264209642244843224e+00,1.034352797461021434e-01,-4.795062857229348552e-02,3.559101935804879287e-04,1.881598126473051469e+00
6.266594187217148004e+00,1.033209818139847469e-01,-4.791499018798472953e-02,3.545355877279443894e-04,1.881631377398713889e+00
6.268978732189452785e+00,1.032067688182259357e-01,-4.787938951479724786e-02,3.531657954967622236e-04,1.881664525095475327e+00
6.271363277161757566e+00,1.030926406689595121e-01,-4.784382650435401590e-02,3.518008010797501008e-04,1.881697569827844863e+00
6.273747822134062346e+00,1.029785972764346025e-01,-4.780830110834537183e-02,3.504405887207131154e-04,1.881730511859766919e+00
6.276132367106367127e+00,1.028646385510154221e-01,-4.777281327852893333e-02,3.490851427142838137e-04,1.881763351454624145e+00
6.278516912078671908e+00,1.027507644031811357e-01,-4.773736296672949353e-02,3.477344474057549018e-04,1.881796088875235862e+00
6.280901457050976688e+00,1.026369747435257190e-01,-4.770195012483895852e-02,3.463884871909126578e-04,1.881828724383861395e+00
6.283286002023281469e+00,1.025232694827577923e-01,-4.766657470481623637e-02,3.450472465158704524e-04,1.881861258242200075e+00
6.285670546995587138e+00,1.024096485317003841e-01,-4.763123665868712608e-02,3.437107098769022159e-04,1.881893690711391676e+00
6.288055091967891919e+00,1.022961118012909870e-01,-4.759593593854433147e-02,3.423788618202796446e-04,1.881926022052019754e+00
6.290439636940196699e+00,1.021826592025811276e-01,-4.756067249654721829e-02,3.410516869421043669e-04,1.881958252524109421e+00
6.292824181912501480e+00,1.020692906467363381e-01,-4.752544628492184203e-02,3.397291698881455837e-04,1.881990382387131566e+00
6.295208726884806261e+00,1.019560060450360461e-01,-4.749025725596081604e-02,3.384112953536768417e-04,1.882022411900001524e+00
6.297593271857111041e+00,1.018428053088733104e-01,-4.745510536202322827e-02,3.370980480833122108e-04,1.882054341321082180e+00
6.299977816829415822e+00,1.017296883497547377e-01,-4.741999055553455800e-02,3.357894128708444124e-04,1.882086170908182865e+00
6.302362361801720603e+00,1.016166550793002887e-01,-4.738491278898656484e-02,3.344853745590827855e-04,1.882117900918561570e+00
6.304746906774025383e+00,1.015037054092431529e-01,-4.734987201493723319e-02,3.331859180396923368e-04,1.882149531608925841e+00
6.307131451746330164e+00,1.013908392514295403e-01,-4.731486818601066818e-02,3.318910282530323033e-04,1.882181063235435214e+00
6.309515996718634945e+00,1.012780565178185571e-01,-4.727990125489699852e-02,3.306006901879965571e-04,1.882212496053698336e+00
6.311900541690939725e+00,1.011653571204820662e-01,-4.724497117435230015e-02,3.293148888818540117e-04,1.882243830318778510e+00
6.314285086663244506e+00,1.010527409716044794e-01,-4.721007789719850606e-02,3.280336094200889184e-04,1.882275066285191922e+00
6.316669631635550175e+00,1.009402079834826049e-01,-4.717522137632330914e-02,3.267568369362425728e-04,1.882306204206909861e+00
6.319054176607854956e+00,1.008277580685256192e-01,-4.714040156468009973e-02,3.254845566117565395e-04,1.882337244337358273e+00
6.321438721580159736e+00,1.007153911392546924e-01,-4.710561841528784072e-02,3.242167536758127321e-04,1.882368186929421539e+00
6.323823266552464517e+00,1.006031071083030165e-01,-4.707087188123100507e-02,3.229534134051787516e-04,1.882399032235440473e+00
6.326207811524769298e+00,1.004909058884155132e-01,-4.703616191565948568e-02,3.216945211240498101e-04,1.882429780507215877e+00
6.328592356497074078e+00,1.003787873924488067e-01,-4.700148847178849815e-02,3.204400622038942317e-04,1.882460431996006767e+00
6.330976901469378859e+00,1.002667515333709458e-01,-4.696685150289849064e-02,3.191900220632968937e-04,1.882490986952534140e+00
6.333361446441683640e+00,1.001547982242613627e-01,-4.693225096233507448e-02,3.179443861678057036e-04,1.882521445626981205e+00
6.335745991413988421e+00,1.000429273783106227e-01,-4.689768680350892005e-02,3.167031400297761791e-04,1.882551808268992266e+00
6.338130536386293201e+00,9.993113890882032724e-02,-4.686315897989568047e-02,3.154662692082183038e-04,1.882582075127677612e+00
6.340515081358597982e+00,9.981943272920290600e-02,-4.682866744503589446e-02,3.142337593086428965e-04,1.882612246451610849e+00
6.342899626330902763e+00,9.970780875298156098e-02,-4.679421215253490307e-02,3.130055959829097681e-04,1.882642322488832898e+00
6.345284171303207543e+00,9.959626689378997533e-02,-4.675979305606275949e-02,3.117817649290741447e-04,1.882672303486849330e+00
6.347668716275513212e+00,9.948480706537224383e-02,-4.672541010935413880e-02,3.105622518912360720e-04,1.882702189692636585e+00
6.350053261247817993e+00,9.937342918158280358e-02,-4.669106326620828945e-02,3.093470426593899277e-04,1.882731981352637307e+00
6.352437806220122773e+00,9.926213315638605927e-02,-4.665675248048887364e-02,3.081361230692714948e-04,1.882761678712765230e+00
6.354822351192427554e+00,9.915091890385639706e-02,-4.662247770612393954e-02,3.069294790022096433e-04,1.882791282018405399e+00
6.357206896164732335e+00,9.903978633817800414e-02,-4.658823889710581034e-02,3.057270963849766012e-04,1.882820791514414172e+00
6.359591441137037116e+00,9.892873537364466063e-02,-4.655403600749100090e-02,3.045289611896379554e-04,1.882850207445120549e+00
6.361975986109341896e+00,9.881776592465967013e-02,-4.651986899140014148e-02,3.033350594334051462e-04,1.882879530054327732e+00
6.364360531081646677e+00,9.870687790573563769e-02,-4.648573780301786668e-02,3.021453771784866058e-04,1.882908759585314007e+00
6.366745076053951458e+00,9.859607123149431718e-02,-4.645164239659274608e-02,3.009599005319402534e-04,1.882937896280832968e+00
6.369129621026256238e+00,9.848534581666652798e-02,-4.641758272643721484e-02,2.997786156455269102e-04,1.882966940383115961e+00
6.371514165998561019e+00,9.837470157609193300e-02,-4.638355874692744185e-02,2.986015087155632279e-04,1.882995892133870308e+00
6.373898710970865800e+00,9.826413842471891369e-02,-4.634957041250328813e-02,2.974285659827758093e-04,1.883024751774284855e+00
6.376283255943171469e+00,9.815365627760437583e-02,-4.631561767766818188e-02,2.962597737321551118e-04,1.883053519545026200e+00
6.378667800915476249e+00,9.804325504991376339e-02,-4.628170049698908384e-02,2.950951182928122246e-04,1.883082195686242022e+00
6.381052345887781030e+00,9.793293465692065602e-02,-4.624781882509633457e-02,2.939345860378314709e-04,1.883110780437561971e+00
6.383436890860085811e+00,9.782269501400679690e-02,-4.621397261668363371e-02,2.927781633841283239e-04,1.883139274038098998e+00
6.385821435832390591e+00,9.771253603666184284e-02,-4.618016182650789420e-02,2.916258367923047195e-04,1.883167676726448692e+00
6.388205980804695372e+00,9.760245764048333661e-02,-4.614638640938920761e-02,2.904775927665070802e-04,1.883195988740692384e+00
6.390590525777000153e+00,9.749245974117641544e-02,-4.611264632021072618e-02,2.893334178542824957e-04,1.883224210318396041e+00
6.392975070749304933e+00,9.738254225455374169e-02,-4.607894151391859344e-02,2.881932986464371261e-04,1.883252341696612930e+00
6.395359615721609714e+00,9.727270509653535013e-02,-4.604527194552183317e-02,2.870572217768946051e-04,1.883280383111883616e+00
6.397744160693914495e+00,9.716294818314846760e-02,-4.601163757009231470e-02,2.859251739225546055e-04,1.883308334800237294e+00
6.400128705666219275e+00,9.705327143052740191e-02,-4.597803834276461415e-02,2.847971418031524358e-04,1.883336196997193124e+00
6.402513250638524056e+00,9.694367475491333375e-02,-4.594447421873594506e-02,2.836731121811182556e-04,1.883363969937759341e+00
6.404897795610828837e+00,9.683415807265421948e-02,-4.591094515326610281e-02,2.825530718614377565e-04,1.883391653856437697e+00
6.407282340583134506e+00,9.672472130020459691e-02,-4.587745110167731205e-02,2.814370076915126244e-04,1.883419248987220129e+00
6.409666885555439286e+00,9.661536435412559909e-02,-4.584399201935425439e-02,2.803249065610231177e-04,1.883446755563593866e+00
6.412051430527744067e+00,9.650608715108449642e-02,-4.581056786174383944e-02,2.792167554017867953e-04,1.883474173818539210e+00
6.414435975500048848e+00,9.639688960785480765e-02,-4.577717858435523951e-02,2.781125411876232624e-04,1.883501503984532199e+00
6.416820520472353628e+00,9.628777164131607780e-02,-4.574382414275973696e-02,2.770122509342158265e-04,1.883528746293545053e+00
6.419205065444658409e+00,9.617873316845368392e-02,-4.571050449259066173e-02,2.759158716989743997e-04,1.883555900977046837e+00
6.421589610416963190e+00,9.606977410635875181e-02,-4.567721958954332889e-02,2.748233905808993775e-04,1.883582968266005464e+00
6.423974155389267970e+00,9.596089437222794782e-02,-4.564396938937489295e-02,2.737347947204453544e-04,1.883609948390887023e+00
6.426358700361572751e+00,9.585209388336340952e-02,-4.561075384790433396e-02,2.726500712993859782e-04,1.883636841581658450e+00
6.428743245333877532e+00,9.574337255717250972e-02,-4.557757292101232566e-02,2.715692075406783701e-04,1.883663648067787078e+00
6.431127790306182312e+00,9.563473031116777323e-02,-4.554442656464116612e-02,2.704921907083287385e-04,1.883690368078242416e+00
6.433512335278487093e+00,9.552616706296672422e-02,-4.551131473479468753e-02,2.694190081072584796e-04,1.883717001841496375e+00
6.435896880250791874e+00,9.541768273029167802e-02,-4.547823738753819373e-02,2.683496470831697907e-04,1.883743549585525257e+00
6.438281425223097543e+00,9.530927723096964399e-02,-4.544519447899832143e-02,2.672840950224126925e-04,1.883770011537809319e+00
6.440665970195402323e+00,9.520095048293228390e-02,-4.541218596536305413e-02,2.662223393518534618e-04,1.883796387925335658e+00
6.443050515167707104e+00,9.509270240421553722e-02,-4.537921180288152084e-02,2.651643675387399188e-04,1.883822678974596432e+00
6.445435060140011885e+00,9.498453291295963496e-02,-4.534627194786400306e-02,2.641101670905711060e-04,1.883848884911592636e+00
6.447819605112316665e+00,9.487644192740889160e-02,-4.531336635668179597e-02,2.630597255549653414e-04,1.883875005961833216e+00
6.450204150084621446e+00,9.476842936591164945e-02,-4.528049498576715293e-02,2.620130305195298424e-04,1.883901042350336175e+00
6.452588695056926227e+00,9.466049514691998734e-02,-4.524765779161319529e-02,2.609700696117288332e-04,1.883926994301629909e+00
6.454973240029231007e+00,9.455263918898972053e-02,-4.521485473077382911e-02,2.599308304987549040e-04,1.883952862039754983e+00
6.457357785001535788e+00,9.444486141078015096e-02,-4.518208575986365494e-02,2.588953008873980935e-04,1.883978645788262352e+00
6.459742329973840569e+00,9.433716173105398395e-02,-4.514935083555788459e-02,2.578634685239175736e-04,1.884004345770217581e+00
6.462126874946145350e+00,9.422954006867714782e-02,-4.511664991459227864e-02,2.568353211939120874e-04,1.884029962208200182e+00
6.464511419918450130e+00,9.412199634261866898e-02,-4.508398295376302850e-02,2.558108467221920676e-04,1.884055495324302942e+00
6.466895964890755799e+00,9.401453047195050539e-02,-4.505134990992669397e-02,2.547900329726512122e-04,1.884080945340136592e+00
6.469280509863060580e+00,9.390714237584749102e-02,-4.501875074000013383e-02,2.537728678481401216e-04,1.884106312476826917e+00
6.471665054835365360e+00,9.379983197358705838e-02,-4.498618540096039481e-02,2.527593392903377113e-04,1.884131596955018528e+00
6.474049599807670141e+00,9.369259918454915514e-02,-4.495365384984464224e-02,2.517494352796251201e-04,1.884156798994874205e+00
6.476434144779974922e+00,9.358544392821613322e-02,-4.492115604375005594e-02,2.507431438349599418e-04,1.884181918816075774e+00
6.478818689752279703e+00,9.347836612417255442e-02,-4.488869193983380246e-02,2.497404530137499164e-04,1.884206956637826336e+00
6.481203234724584483e+00,9.337136569210509329e-02,-4.485626149531288243e-02,2.487413509117279210e-04,1.884231912678849152e+00
6.483587779696889264e+00,9.326444255180232901e-02,-4.482386466746409587e-02,2.477458256628263652e-04,1.884256787157390534e+00
6.485972324669194045e+00,9.315759662315470369e-02,-4.479150141362395199e-02,2.467538654390538091e-04,1.884281580291219838e+00
6.488356869641498825e+00,9.305082782615427262e-02,-4.475917169118856509e-02,2.457654584503696834e-04,1.884306292297629692e+00
6.490741414613803606e+00,9.294413608089463485e-02,-4.472687545761360600e-02,2.447805929445612868e-04,1.884330923393439550e+00
6.493125959586108387e+00,9.283752130757076670e-02,-4.469461267041417024e-02,2.437992572071204310e-04,1.884355473794991687e+00
6.495510504558413167e+00,9.273098342647886905e-02,-4.466238328716476413e-02,2.428214395611202751e-04,1.884379943718157868e+00
6.497895049530718836e+00,9.262452235801621470e-02,-4.463018726549913828e-02,2.418471283670930549e-04,1.884404333378335572e+00
6.500279594503023617e+00,9.251813802268113451e-02,-4.459802456311031532e-02,2.408763120229090047e-04,1.884428642990452207e+00
6.502664139475328398e+00,9.241183034107265659e-02,-4.456589513775038869e-02,2.399089789636528393e-04,1.884452872768963339e+00
6.505048684447633178e+00,9.230559923389050625e-02,-4.453379894723050875e-02,2.389451176615038413e-04,1.884477022927855572e+00
6.507433229419937959e+00,9.219944462193498114e-02,-4.450173594942080646e-02,2.379847166256152439e-04,1.884501093680645889e+00
6.509817774392242740e+00,9.209336642610672918e-02,-4.446970610225027543e-02,2.370277644019929623e-04,1.884525085240384534e+00
6.512202319364547520e+00,9.198736456740666534e-02,-4.443770936370672331e-02,2.360742495733763864e-04,1.884548997819654126e+00
6.514586864336852301e+00,9.188143896693580503e-02,-4.440574569183665388e-02,2.351241607591183049e-04,1.884572831630570544e+00
6.516971409309157082e+00,9.177558954589515317e-02,-4.437381504474523231e-02,2.341774866150662666e-04,1.884596586884785152e+00
6.519355954281461862e+00,9.166981622558550979e-02,-4.434191738059615334e-02,2.332342158334431014e-04,1.884620263793484130e+00
6.521740499253766643e+00,9.156411892740741465e-02,-4.431005265761161355e-02,2.322943371427294468e-04,1.884643862567391137e+00
6.524125044226071424e+00,9.145849757286091120e-02,-4.427822083407217252e-02,2.313578393075448113e-04,1.884667383416766429e+00
6.526509589198377093e+00,9.135295208354543561e-02,-4.424642186831670432e-02,2.304247111285304529e-04,1.884690826551408405e+00
6.528894134170681873e+00,9.124748238115984456e-02,-4.421465571874235584e-02,2.294949414422334244e-04,1.884714192180655612e+00
6.531278679142986654e+00,9.114208838750194330e-02,-4.418292234380435946e-02,2.285685191209871478e-04,1.884737480513385188e+00
6.533663224115291435e+00,9.103677002446865230e-02,-4.415122170201605384e-02,2.276454330727974379e-04,1.884760691758015305e+00
6.536047769087596215e+00,9.093152721405567407e-02,-4.411955375194875906e-02,2.267256722412250021e-04,1.884783826122507389e+00
6.538432314059900996e+00,9.082635987835749325e-02,-4.408791845223169331e-02,2.258092256052710294e-04,1.884806883814363898e+00
6.540816859032205777e+00,9.072126793956714064e-02,-4.405631576155190354e-02,2.248960821792610188e-04,1.884829865040630770e+00
6.543201404004510557e+00,9.061625131997608218e-02,-4.402474563865417523e-02,2.239862310127303411e-04,1.884852770007898748e+00
6.545585948976815338e+00,9.051130994197413571e-02,-4.399320804234097687e-02,2.230796611903101815e-04,1.884875598922304052e+00
6.547970493949120119e+00,9.040644372804923501e-02,-4.396170293147234898e-02,2.221763618316126407e-04,1.884898351989528820e+00
6.550355038921424899e+00,9.030165260078738820e-02,-4.393023026496582079e-02,2.212763220911180052e-04,1.884921029414800442e+00
6.552739583893729680e+00,9.019693648287246956e-02,-4.389879000179637558e-02,2.203795311580606894e-04,1.884943631402896669e+00
6.555124128866034461e+00,9.009229529708612239e-02,-4.386738210099631885e-02,2.194859782563168035e-04,1.884966158158142502e+00
6.557508673838340130e+00,8.998772896630756468e-02,-4.383600652165520889e-02,2.185956526442911529e-04,1.884988609884412636e+00
6.559893218810644910e+00,8.988323741351363083e-02,-4.380466322291982212e-02,2.177085436148065679e-04,1.885010986785131015e+00
6.562277763782949691e+00,8.977882056177836911e-02,-4.377335216399402124e-02,2.168246404949898188e-04,1.885033289063275275e+00
6.564662308755254472e+00,8.967447833427309722e-02,-4.374207330413867889e-02,2.159439326461619758e-04,1.885055516921372964e+00
6.567046853727559252e+00,8.957021065426619411e-02,-4.371082660267161524e-02,2.150664094637267905e-04,1.885077670561504215e+00
6.569431398699864033e+00,8.946601744512297505e-02,-4.367961201896753548e-02,2.141920603770599988e-04,1.885099750185305068e+00
6.571815943672168814e+00,8.936189863030558067e-02,-4.364842951245791192e-02,2.133208748493994639e-04,1.885121755993964587e+00
6.574200488644473594e+00,8.925785413337281038e-02,-4.361727904263091454e-02,2.124528423777348593e-04,1.885143688188227307e+00
6.576585033616778375e+00,8.915388387797999747e-02,-4.358616056903135555e-02,2.115879524926983534e-04,1.885165546968394334e+00
6.578969578589083156e+00,8.904998778787887037e-02,-4.355507405126057829e-02,2.107261947584552954e-04,1.885187332534323357e+00
6.581354123561387937e+00,8.894616578691744158e-02,-4.352401944897641567e-02,2.098675587725957678e-04,1.885209045085431523e+00
6.583738668533692717e+00,8.884241779903981340e-02,-4.349299672189306520e-02,2.090120341660255696e-04,1.885230684820693003e+00
6.586123213505997498e+00,8.873874374828615019e-02,-4.346200582978104743e-02,2.081596106028590432e-04,1.885252251938642321e+00
6.588507758478303167e+00,8.863514355879237305e-02,-4.343104673246708791e-02,2.073102777803100850e-04,1.885273746637374792e+00
6.590892303450607947e+00,8.853161715479028471e-02,-4.340011938983411033e-02,2.064640254285867880e-04,1.885295169114546754e+00
6.593276848422912728e+00,8.842816446060715319e-02,-4.336922376182106992e-02,2.056208433107822083e-04,1.885316519567375781e+00
6.595661393395217509e+00,8.832478540066573958e-02,-4.333835980842292573e-02,2.047807212227691705e-04,1.885337798192644021e+00
6.598045938367522290e+00,8.822147989948417313e-02,-4.330752748969056432e-02,2.039436489930938803e-04,1.885359005186696635e+00
6.600430483339827070e+00,8.811824788167571532e-02,-4.327672676573068866e-02,2.031096164828694289e-04,1.885380140745443134e+00
6.602815028312131851e+00,8.801508927194871823e-02,-4.324595759670577660e-02,2.022786135856708420e-04,1.885401205064359154e+00
6.605199573284436632e+00,8.791200399510648578e-02,-4.321521994283396978e-02,2.014506302274298583e-04,1.885422198338485344e+00
6.607584118256741412e+00,8.780899197604707940e-02,-4.318451376438903200e-02,2.006256563663296529e-04,1.885443120762430924e+00
6.609968663229046193e+00,8.770605313976323480e-02,-4.315383902170022434e-02,1.998036819927007004e-04,1.885463972530372345e+00
6.612353208201350974e+00,8.760318741134222320e-02,-4.312319567515227742e-02,1.989846971289166639e-04,1.885484753836054850e+00
6.614737753173655754e+00,8.750039471596571250e-02,-4.309258368518528032e-02,1.981686918292904743e-04,1.885505464872793358e+00
6.617122298145961423e+00,8.739767497890960080e-02,-4.306200301229458349e-02,1.973556561799706807e-04,1.885526105833472466e+00
6.619506843118266204e+00,8.729502812554401636e-02,-4.303145361703081262e-02,1.965455802988393726e-04,1.885546676910549335e+00
6.621891388090570985e+00,8.719245408133302622e-02,-4.300093545999967432e-02,1.957384543354082594e-04,1.885567178296052138e+00
6.624275933062875765e+00,8.708995277183455286e-02,-4.297044850186193532e-02,1.949342684707164840e-04,1.885587610181581608e+00
6.626660478035180546e+00,8.698752412270027712e-02,-4.293999270333336005e-02,1.941330129172290603e-04,1.885607972758313267e+00
6.629045023007485327e+00,8.688516805967548551e-02,-4.290956802518460650e-02,1.933346779187347956e-04,1.885628266216996307e+00
6.631429567979790107e+00,8.678288450859898695e-02,-4.287917442824114994e-02,1.925392537502454871e-04,1.885648490747954709e+00
6.633814112952094888e+00,8.668067339540286298e-02,-4.284881187338321351e-02,1.917467307178937353e-04,1.885668646541089233e+00
6.636198657924399669e+00,8.657853464611246774e-02,-4.281848032154569883e-02,1.909570991588334691e-04,1.885688733785878091e+00
6.638583202896704449e+00,8.647646818684621983e-02,-4.278817973371808192e-02,1.901703494411389247e-04,1.885708752671375388e+00
6.640967747869009230e+00,8.637447394381551902e-02,-4.275791007094437851e-02,1.893864719637049535e-04,1.885728703386215566e+00
6.643352292841314011e+00,8.627255184332455196e-02,-4.272767129432302607e-02,1.886054571561468420e-04,1.885748586118611625e+00
6.645736837813618791e+00,8.617070181177025057e-02,-4.269746336500681444e-02,1.878272954787017844e-04,1.885768401056356014e+00
6.648121382785924460e+00,8.606892377564202834e-02,-4.266728624420282334e-02,1.870519774221286215e-04,1.885788148386822627e+00
6.650505927758229241e+00,8.596721766152190525e-02,-4.263713989317235997e-02,1.862794935076112651e-04,1.885807828296966582e+00
6.652890472730534022e+00,8.586558339608403589e-02,-4.260702427323084795e-02,1.855098342866576776e-04,1.885827440973326885e+00
6.655275017702838802e+00,8.576402090609484830e-02,-4.257693934574776490e-02,1.847429903410038930e-04,1.885846986602024655e+00
6.657659562675143583e+00,8.566253011841279408e-02,-4.254688507214655219e-02,1.839789522825154087e-04,1.885866465368764233e+00
6.660044107647448364e+00,8.556111095998825133e-02,-4.251686141390458029e-02,1.832177107530900408e-04,1.885885877458836735e+00
6.662428652619753144e+00,8.545976335786339972e-02,-4.248686833255302386e-02,1.824592564245609426e-04,1.885905223057117830e+00
6.664813197592057925e+00,8.535848723917206782e-02,-4.245690578967681317e-02,1.817035799985996765e-04,1.885924502348069298e+00
6.667197742564362706e+00,8.525728253113964983e-02,-4.242697374691455775e-02,1.809506722066201812e-04,1.885943715515741026e+00
6.669582287536667486e+00,8.515614916108292520e-02,-4.239707216595846317e-02,1.802005238096822501e-04,1.885962862743770785e+00
6.671966832508972267e+00,8.505508705640997535e-02,-4.236720100855424082e-02,1.794531255983962306e-04,1.885981944215384010e+00
6.674351377481277048e+00,8.495409614462003101e-02,-4.233736023650107316e-02,1.787084683928272884e-04,1.886000960113397129e+00
6.676735922453581829e+00,8.485317635330334729e-02,-4.230754981165148199e-02,1.779665430424004046e-04,1.886019910620216011e+00
6.679120467425887497e+00,8.475232761014103722e-02,-4.227776969591130751e-02,1.772273404258052642e-04,1.886038795917838184e+00
6.681505012398192278e+00,8.465154984290511331e-02,-4.224801985123960435e-02,1.764908514509029602e-04,1.886057616187852393e+00
6.683889557370497059e+00,8.455084297945811289e-02,-4.221830023964856515e-02,1.757570670546301230e-04,1.886076371611440816e+00
6.686274102342801839e+00,8.445020694775313974e-02,-4.218861082320345124e-02,1.750259782029062758e-04,1.886095062369379072e+00
6.688658647315106620e+00,8.434964167583368366e-02,-4.215895156402251626e-02,1.742975758905399150e-04,1.886113688642036657e+00
6.691043192287411401e+00,8.424914709183349559e-02,-4.212932242427692986e-02,1.735718511411351878e-04,1.886132250609377614e+00
6.693427737259716181e+00,8.414872312397649046e-02,-4.209972336619070832e-02,1.728487950069993828e-04,1.886150748450962977e+00
6.695812282232020962e+00,8.404836970057658063e-02,-4.207015435204063125e-02,1.721283985690499863e-04,1.886169182345949435e+00
6.698196827204325743e+00,8.394808675003757881e-02,-4.204061534415616530e-02,1.714106529367224714e-04,1.886187552473091111e+00
6.700581372176630524e+00,8.384787420085304532e-02,-4.201110630491940862e-02,1.706955492478783032e-04,1.886205859010740449e+00
6.702965917148935304e+00,8.374773198160619103e-02,-4.198162719676499371e-02,1.699830786687134049e-04,1.886224102136849101e+00
6.705350462121240085e+00,8.364766002096975239e-02,-4.195217798218001115e-02,1.692732323936667056e-04,1.886242282028967043e+00
6.707735007093545754e+00,8.354765824770579719e-02,-4.192275862370395401e-02,1.685660016453287963e-04,1.886260398864245680e+00
6.710119552065850534e+00,8.344772659066576614e-02,-4.189336908392865544e-02,1.678613776743521034e-04,1.886278452819438067e+00
6.712504097038155315e+00,8.334786497879016764e-02,-4.186400932549815684e-02,1.671593517593593825e-04,1.886296444070897360e+00
6.714888642010460096e+00,8.324807334110849444e-02,-4.183467931110868704e-02,1.664599152068537292e-04,1.886314372794581251e+00
6.717273186982764877e+00,8.314835160673919590e-02,-4.180537900350857206e-02,1.657630593511294579e-04,1.886332239166050195e+00
6.719657731955069657e+00,8.304869970488945596e-02,-4.177610836549815881e-02,1.650687755541818420e-04,1.886350043360468076e+00
6.722042276927374438e+00,8.294911756485508214e-02,-4.174686735992973186e-02,1.643770552056179380e-04,1.886367785552604426e+00
6.724426821899679219e+00,8.284960511602044997e-02,-4.171765594970746477e-02,1.636878897225682236e-04,1.886385465916834647e+00
6.726811366871983999e+00,8.275016228785829486e-02,-4.168847409778732305e-02,1.630012705495972045e-04,1.886403084627140236e+00
6.729195911844288780e+00,8.265078900992961497e-02,-4.165932176717699470e-02,1.623171891586152693e-04,1.886420641857109892e+00
6.731580456816593561e+00,8.255148521188358790e-02,-4.163019892093582780e-02,1.616356370487910315e-04,1.886438137779940183e+00
6.733965001788898341e+00,8.245225082345740419e-02,-4.160110552217474028e-02,1.609566057464630485e-04,1.886455572568436212e+00
6.736349546761203122e+00,8.235308577447614242e-02,-4.157204153405617136e-02,1.602800868050525702e-04,1.886472946395013395e+00
6.738734091733508791e+00,8.225398999485264429e-02,-4.154300691979397053e-02,1.596060718049760441e-04,1.886490259431697014e+00
6.741118636705813572e+00,8.215496341458751461e-02,-4.151400164265336978e-02,1.589345523535593550e-04,1.886507511850121777e+00
6.743503181678118352e+00,8.205600596376876055e-02,-4.148502566595086566e-02,1.582655200849493807e-04,1.886524703821536031e+00
6.745887726650423133e+00,8.195711757257187480e-02,-4.145607895305417762e-02,1.575989666600291538e-04,1.886541835516799326e+00
6.748272271622727914e+00,8.185829817125959973e-02,-4.142716146738216476e-02,1.569348837663310709e-04,1.886558907106385519e+00
6.750656816595032694e+00,8.175954769018188573e-02,-4.139827317240474258e-02,1.562732631179516746e-04,1.886575918760380777e+00
6.753041361567337475e+00,8.166086605977571078e-02,-4.136941403164282743e-02,1.556140964554657573e-04,1.886592870648487352e+00
6.755425906539642256e+00,8.156225321056496946e-02,-4.134058400866825328e-02,1.549573755458412785e-04,1.886609762940021806e+00
6.757810451511947036e+00,8.146370907316037580e-02,-4.131178306710370229e-02,1.543030921823547159e-04,1.886626595803916784e+00
6.760194996484251817e+00,8.136523357825932445e-02,-4.128301117062264242e-02,1.536512381845061995e-04,1.886643369408723681e+00
6.762579541456556598e+00,8.126682665664575200e-02,-4.125426828294922327e-02,1.530018053979352143e-04,1.886660083922608200e+00
6.764964086428861378e+00,8.116848823919006750e-02,-4.122555436785823452e-02,1.523547856943367382e-04,1.886676739513357015e+00
6.767348631401166159e+00,8.107021825684898597e-02,-4.119686938917503649e-02,1.517101709713773239e-04,1.886693336348375105e+00
6.769733176373471828e+00,8.097201664066538962e-02,-4.116821331077543528e-02,1.510679531526113990e-04,1.886709874594685976e+00
6.772117721345776609e+00,8.087388332176832784e-02,-4.113958609658571047e-02,1.504281241873988394e-04,1.886726354418935658e+00
6.774502266318081389e+00,8.077581823137272576e-02,-4.111098771058242785e-02,1.497906760508209705e-04,1.886742775987389376e+00
6.776886811290386170e+00,8.067782130077938429e-02,-4.108241811679245320e-02,1.491556007435986832e-04,1.886759139465935764e+00
6.779271356262690951e+00,8.057989246137479966e-02,-4.105387727929283442e-02,1.485228902920096008e-04,1.886775445020085096e+00
6.781655901234995731e+00,8.048203164463109405e-02,-4.102536516221075985e-02,1.478925367478063841e-04,1.886791692814972166e+00
6.784040446207300512e+00,8.038423878210586293e-02,-4.099688172972344724e-02,1.472645321881345761e-04,1.886807883015354514e+00
6.786424991179605293e+00,8.028651380544206406e-02,-4.096842694605811602e-02,1.466388687154511787e-04,1.886824015785615094e+00
6.788809536151910073e+00,8.018885664636787869e-02,-4.094000077549189709e-02,1.460155384574432556e-04,1.886840091289762933e+00
6.791194081124214854e+00,8.009126723669664216e-02,-4.091160318235174259e-02,1.453945335669470517e-04,1.886856109691432026e+00
6.793578626096519635e+00,7.999374550832666353e-02,-4.088323413101439124e-02,1.447758462218671105e-04,1.886872071153884445e+00
6.795963171068824415e+00,7.989629139324117002e-02,-4.085489358590627118e-02,1.441594686250959360e-04,1.886887975840009668e+00
6.798347716041130084e+00,7.979890482350809888e-02,-4.082658151150340975e-02,1.435453930044334081e-04,1.886903823912324807e+00
6.800732261013434865e+00,7.970158573128015289e-02,-4.079829787233144045e-02,1.429336116125077996e-04,1.886919615532977046e+00
6.803116805985739646e+00,7.960433404879443953e-02,-4.077004263296544334e-02,1.423241167266945956e-04,1.886935350863742755e+00
6.805501350958044426e+00,7.950714970837255424e-02,-4.074181575802991034e-02,1.417169006490383775e-04,1.886951030066029045e+00
6.807885895930349207e+00,7.941003264242035842e-02,-4.071361721219868973e-02,1.411119557061729711e-04,1.886966653300874208e+00
6.810270440902653988e+00,7.931298278342788222e-02,-4.068544696019488899e-02,1.405092742492426792e-04,1.886982220728948612e+00
6.812654985874958768e+00,7.921600006396924132e-02,-4.065730496679081235e-02,1.399088486538239214e-04,1.886997732510554915e+00
6.815039530847263549e+00,7.911908441670249814e-02,-4.062919119680790531e-02,1.393106713198466017e-04,1.887013188805629182e+00
6.817424075819568330e+00,7.902223577436950919e-02,-4.060110561511665050e-02,1.387147346715159383e-04,1.887028589773741327e+00
6.819808620791873111e+00,7.892545406979588341e-02,-4.057304818663654694e-02,1.381210311572349421e-04,1.887043935574096887e+00
6.822193165764177891e+00,7.882873923589078791e-02,-4.054501887633599200e-02,1.375295532495264094e-04,1.887059226365535247e+00
6.824577710736482672e+00,7.873209120564686470e-02,-4.051701764923223287e-02,1.369402934449558075e-04,1.887074462306533862e+00
6.826962255708787453e+00,7.863550991214014740e-02,-4.048904447039129023e-02,1.363532442640543233e-04,1.887089643555204921e+00
6.829346800681093121e+00,7.853899528852985312e-02,-4.046109930492789580e-02,1.357683982512415601e-04,1.887104770269299792e+00
6.831731345653397902e+00,7.844254726805843791e-02,-4.043318211800542988e-02,1.351857479747499684e-04,1.887119842606207243e+00
6.834115890625702683e+00,7.834616578405126375e-02,-4.040529287483583115e-02,1.346052860265472173e-04,1.887134860722954999e+00
6.836500435598007464e+00,7.824985076991661237e-02,-4.037743154067952034e-02,1.340270050222608963e-04,1.887149824776210849e+00
6.838884980570312244e+00,7.815360215914558817e-02,-4.034959808084536553e-02,1.334508976011028654e-04,1.887164734922281761e+00
6.841269525542617025e+00,7.805741988531189612e-02,-4.032179246069057810e-02,1.328769564257930625e-04,1.887179591317116989e+00
6.843654070514921806e+00,7.796130388207184181e-02,-4.029401464562068491e-02,1.323051741824847482e-04,1.887194394116307183e+00
6.846038615487226586e+00,7.786525408316415098e-02,-4.026626460108938960e-02,1.317355435806892615e-04,1.887209143475083950e+00
6.848423160459531367e+00,7.776927042240985855e-02,-4.023854229259857945e-02,1.311680573532010476e-04,1.887223839548323623e+00
6.850807705431836148e+00,7.767335283371221144e-02,-4.021084768569821444e-02,1.306027082560233901e-04,1.887238482490545932e+00
6.853192250404140928e+00,7.757750125105654371e-02,-4.018318074598625084e-02,1.300394890682937904e-04,1.887253072455914005e+00
6.855576795376445709e+00,7.748171560851017936e-02,-4.015554143910860657e-02,1.294783925922102154e-04,1.887267609598237028e+00
6.857961340348750490e+00,7.738599584022229361e-02,-4.012792973075905711e-02,1.289194116529570461e-04,1.887282094070969585e+00
6.860345885321056159e+00,7.729034188042376019e-02,-4.010034558667917998e-02,1.283625390986312435e-04,1.887296526027212540e+00
6.862730430293360939e+00,7.719475366342723466e-02,-4.007278897265831308e-02,1.278077678001702220e-04,1.887310905619714374e+00
6.865114975265665720e+00,7.709923112362673803e-02,-4.004525985453344372e-02,1.272550906512769043e-04,1.887325233000870739e+00
6.867499520237970501e+00,7.700377419549775393e-02,-4.001775819818914615e-02,1.267045005683482177e-04,1.887339508322726234e+00
6.869884065210275281e+00,7.690838281359706208e-02,-3.999028396955753989e-02,1.261559904904020735e-04,1.887353731736974405e+00
6.872268610182580062e+00,7.681305691256262724e-02,-3.996283713461819265e-02,1.256095533790050776e-04,1.887367903394958413e+00
6.874653155154884843e+00,7.671779642711346048e-02,-3.993541765939807864e-02,1.250651822182001602e-04,1.887382023447672363e+00
6.877037700127189623e+00,7.662260129204954973e-02,-3.990802550997148840e-02,1.245228700144350724e-04,1.887396092045761309e+00
6.879422245099494404e+00,7.652747144225170717e-02,-3.988066065245995939e-02,1.239826097964903142e-04,1.887410109339521691e+00
6.881806790071799185e+00,7.643240681268147207e-02,-3.985332305303222744e-02,1.234443946154080375e-04,1.887424075478902896e+00
6.884191335044103965e+00,7.633740733838102754e-02,-3.982601267790415039e-02,1.229082175444208417e-04,1.887437990613507255e+00
6.886575880016408746e+00,7.624247295447302009e-02,-3.979872949333862486e-02,1.223740716788804326e-04,1.887451854892591152e+00
6.888960424988714415e+00,7.614760359616047636e-02,-3.977147346564553765e-02,1.218419501361872853e-04,1.887465668465065693e+00
6.891344969961019196e+00,7.605279919872681704e-02,-3.974424456118170329e-02,1.213118460557206313e-04,1.887479431479496261e+00
6.893729514933323976e+00,7.595805969753549602e-02,-3.971704274635076692e-02,1.207837525987669425e-04,1.887493144084104735e+00
6.896114059905628757e+00,7.586338502803008366e-02,-3.968986798760315571e-02,1.202576629484510023e-04,1.887506806426769046e+00
6.898498604877933538e+00,7.576877512573408635e-02,-3.966272025143602331e-02,1.197335703096656905e-04,1.887520418655024956e+00
6.900883149850238318e+00,7.567422992625084943e-02,-3.963559950439315277e-02,1.192114679090025401e-04,1.887533980916065168e+00
6.903267694822543099e+00,7.557974936526341836e-02,-3.960850571306491485e-02,1.186913489946822802e-04,1.887547493356741546e+00
6.905652239794847880e+00,7.548533337853446934e-02,-3.958143884408817786e-02,1.181732068364859355e-04,1.887560956123563782e+00
6.908036784767152660e+00,7.539098190190619830e-02,-3.955439886414627987e-02,1.176570347256859924e-04,1.887574369362703619e+00
6.910421329739457441e+00,7.529669487130014049e-02,-3.952738573996891075e-02,1.171428259749773360e-04,1.887587733219990849e+00
6.912805874711762222e+00,7.520247222271715659e-02,-3.950039943833207751e-02,1.166305739184094056e-04,1.887601047840917534e+00
6.915190419684067002e+00,7.510831389223725230e-02,-3.947343992605802793e-02,1.161202719113176327e-04,1.887614313370636898e+00
6.917574964656371783e+00,7.501421981601949507e-02,-3.944650717001519508e-02,1.156119133302555972e-04,1.887627529953965322e+00
6.919959509628677452e+00,7.492018993030188923e-02,-3.941960113711810015e-02,1.151054915729272238e-04,1.887640697735381679e+00
6.922344054600982233e+00,7.482622417140133431e-02,-3.939272179432733861e-02,1.146010000581196292e-04,1.887653816859027778e+00
6.924728599573287013e+00,7.473232247571340303e-02,-3.936586910864946220e-02,1.140984322256352379e-04,1.887666887468711474e+00
6.927113144545591794e+00,7.463848477971228579e-02,-3.933904304713691652e-02,1.135977815362250085e-04,1.887679909707903780e+00
6.929497689517896575e+00,7.454471101995070736e-02,-3.931224357688802018e-02,1.130990414715217284e-04,1.887692883719742420e+00
6.931882234490201355e+00,7.445100113305980205e-02,-3.928547066504685381e-02,1.126022055339732811e-04,1.887705809647030941e+00
6.934266779462506136e+00,7.435735505574896098e-02,-3.925872427880319759e-02,1.121072672467759946e-04,1.887718687632239822e+00
6.936651324434810917e+00,7.426377272480577663e-02,-3.923200438539248963e-02,1.116142201538088309e-04,1.887731517817506699e+00
6.939035869407115698e+00,7.417025407709593177e-02,-3.920531095209575656e-02,1.111230578195672762e-04,1.887744300344638360e+00
6.941420414379420478e+00,7.407679904956303296e-02,-3.917864394623950253e-02,1.106337738290973674e-04,1.887757035355109192e+00
6.943804959351725259e+00,7.398340757922859667e-02,-3.915200333519571613e-02,1.101463617879306403e-04,1.887769722990063404e+00
6.946189504324030040e+00,7.389007960319185497e-02,-3.912538908638173857e-02,1.096608153220183179e-04,1.887782363390315910e+00
6.948574049296335708e+00,7.379681505862965840e-02,-3.909880116726023591e-02,1.091771280776663130e-04,1.887794956696351667e+00
6.950958594268640489e+00,7.370361388279646209e-02,-3.907223954533912968e-02,1.086952937214708128e-04,1.887807503048326785e+00
6.953343139240945270e+00,7.361047601302410370e-02,-3.904570418817151362e-02,1.082153059402529965e-04,1.887820002586069856e+00
6.955727684213250051e+00,7.351740138672172020e-02,-3.901919506335561200e-02,1.077371584409947148e-04,1.887832455449081959e+00
6.958112229185554831e+00,7.342438994137566455e-02,-3.899271213853468254e-02,1.072608449507743325e-04,1.887844861776536654e+00
6.960496774157859612e+00,7.333144161454943633e-02,-3.896625538139698169e-02,1.067863592167029365e-04,1.887857221707282651e+00
6.962881319130164393e+00,7.323855634388347358e-02,-3.893982475967569523e-02,1.063136950058599615e-04,1.887869535379842478e+00
6.965265864102469173e+00,7.314573406709512504e-02,-3.891342024114885501e-02,1.058428461052299269e-04,1.887881802932413366e+00
6.967650409074773954e+00,7.305297472197853914e-02,-3.888704179363928343e-02,1.053738063216391187e-04,1.887894024502868584e+00
6.970034954047078735e+00,7.296027824640449744e-02,-3.886068938501453796e-02,1.049065694816919616e-04,1.887906200228757880e+00
6.972419499019383515e+00,7.286764457832040076e-02,-3.883436298318683477e-02,1.044411294317085947e-04,1.887918330247308596e+00
6.974804043991688296e+00,7.277507365575007492e-02,-3.880806255611298633e-02,1.039774800376615959e-04,1.887930414695423886e+00
6.977188588963993077e+00,7.268256541679371519e-02,-3.878178807179434584e-02,1.035156151851136395e-04,1.887942453709687385e+00
6.979573133936298746e+00,7.259011979962771977e-02,-3.875553949827670319e-02,1.030555287791548705e-04,1.887954447426358984e+00
6.981957678908603526e+00,7.249773674250474531e-02,-3.872931680365030577e-02,1.025972147443414976e-04,1.887966395981380607e+00
6.984342223880908307e+00,7.240541618375337385e-02,-3.870311995604969191e-02,1.021406670246327066e-04,1.887978299510372437e+00
6.986726768853213088e+00,7.231315806177815442e-02,-3.867694892365370479e-02,1.016858795833296874e-04,1.887990158148636466e+00
6.989111313825517868e+00,7.222096231505947816e-02,-3.865080367468538142e-02,1.012328464030138887e-04,1.888001972031155162e+00
6.991495858797822649e+00,7.212882888215343957e-02,-3.862468417741190402e-02,1.007815614854855438e-04,1.888013741292593251e+00
6.993880403770127430e+00,7.203675770169176706e-02,-3.859859040014454457e-02,1.003320188517027248e-04,1.888025466067297931e+00
6.996264948742432210e+00,7.194474871238165647e-02,-3.857252231123860231e-02,9.988421254172001737e-05,1.888037146489299545e+00
6.998649493714736991e+00,7.185280185300577105e-02,-3.854647987909330664e-02,9.943813661462837488e-05,1.888048782692312688e+00
7.001034038687041772e+00,7.176091706242203327e-02,-3.852046307215179627e-02,9.899378514849394202e-05,1.888060374809735320e+00
7.003418583659346552e+00,7.166909427956356937e-02,-3.849447185890103595e-02,9.855115224029804431e-05,1.888071922974651429e+00
7.005803128631651333e+00,7.157733344343861215e-02,-3.846850620787174713e-02,9.811023200587701493e-05,1.888083427319829699e+00
7.008187673603956114e+00,7.148563449313034834e-02,-3.844256608763834543e-02,9.767101857986202143e-05,1.888094887977724845e+00
7.010572218576261783e+00,7.139399736779686312e-02,-3.841665146681888521e-02,9.723350611561954306e-05,1.888106305080479608e+00
7.012956763548566563e+00,7.130242200667108454e-02,-3.839076231407501094e-02,9.679768878519201070e-05,1.888117678759922979e+00
7.015341308520871344e+00,7.121090834906053380e-02,-3.836489859811186703e-02,9.636356077923775561e-05,1.888129009147572868e+00
7.017725853493176125e+00,7.111945633434732517e-02,-3.833906028767802843e-02,9.593111630697234054e-05,1.888140296374634541e+00
7.020110398465480905e+00,7.102806590198805503e-02,-3.831324735156547284e-02,9.550034959610952492e-05,1.888151540572003517e+00
7.022494943437785686e+00,7.093673699151367695e-02,-3.828745975860947670e-02,9.507125489280240623e-05,1.888162741870264449e+00
7.024879488410090467e+00,7.084546954252940454e-02,-3.826169747768860124e-02,9.464382646158477823e-05,1.888173900399692906e+00
7.027264033382395247e+00,7.075426349471461429e-02,-3.823596047772457457e-02,9.421805858531286863e-05,1.888185016290255369e+00
7.029648578354700028e+00,7.066311878782273459e-02,-3.821024872768227776e-02,9.379394556510700903e-05,1.888196089671609457e+00
7.032033123327004809e+00,7.057203536168116242e-02,-3.818456219656964079e-02,9.337148172029372493e-05,1.888207120673105033e+00
7.034417668299309589e+00,7.048101315619113849e-02,-3.815890085343761479e-02,9.295066138834782586e-05,1.888218109423785318e+00
7.036802213271614370e+00,7.039005211132762230e-02,-3.813326466738008874e-02,9.253147892483460377e-05,1.888229056052386667e+00
7.039186758243920039e+00,7.029915216713923665e-02,-3.810765360753382014e-02,9.211392870335266851e-05,1.888239960687338570e+00
7.041571303216224820e+00,7.020831326374821213e-02,-3.808206764307841413e-02,9.169800511547687813e-05,1.888250823456766314e+00
7.043955848188529600e+00,7.011753534135012345e-02,-3.805650674323620558e-02,9.128370257070048317e-05,1.888261644488489432e+00
7.046340393160834381e+00,7.002681834021394491e-02,-3.803097087727223130e-02,9.087101549637900558e-05,1.888272423910023479e+00
7.048724938133139162e+00,6.993616220068184230e-02,-3.800546001449416761e-02,9.045993833767303357e-05,1.888283161848580693e+00
7.051109483105443942e+00,6.984556686316917284e-02,-3.797997412425224012e-02,9.005046555749218187e-05,1.888293858431069339e+00
7.053494028077748723e+00,6.975503226816429092e-02,-3.795451317593920293e-02,8.964259163643827956e-05,1.888304513784096139e+00
7.055878573050053504e+00,6.966455835622850645e-02,-3.792907713899024147e-02,8.923631107274960139e-05,1.888315128033964507e+00
7.058263118022358285e+00,6.957414506799591836e-02,-3.790366598288294475e-02,8.883161838224451642e-05,1.888325701306679205e+00
7.060647662994663065e+00,6.948379234417342842e-02,-3.787827967713719435e-02,8.842850809826623430e-05,1.888336233727940350e+00
7.063032207966967846e+00,6.939350012554050540e-02,-3.785291819131516439e-02,8.802697477162669789e-05,1.888346725423151629e+00
7.065416752939272627e+00,6.930326835294918497e-02,-3.782758149502119666e-02,8.762701297055146504e-05,1.888357176517414082e+00
7.067801297911577407e+00,6.921309696732391714e-02,-3.780226955790179366e-02,8.722861728062438727e-05,1.888367587135531656e+00
7.070185842883883076e+00,6.912298590966144129e-02,-3.777698234964552149e-02,8.683178230473236959e-05,1.888377957402009644e+00
7.072570387856187857e+00,6.903293512103085561e-02,-3.775171983998297509e-02,8.643650266301125529e-05,1.888388287441054469e+00
7.074954932828492637e+00,6.894294454257325622e-02,-3.772648199868669505e-02,8.604277299278998955e-05,1.888398577376576348e+00
7.077339477800797418e+00,6.885301411550180661e-02,-3.770126879557110511e-02,8.565058794853688362e-05,1.888408827332187956e+00
7.079724022773102199e+00,6.876314378110162662e-02,-3.767608020049247053e-02,8.525994220180516082e-05,1.888419037431206204e+00
7.082108567745406980e+00,6.867333348072961197e-02,-3.765091618334882179e-02,8.487083044117851600e-05,1.888429207796652243e+00
7.084493112717711760e+00,6.858358315581443432e-02,-3.762577671407991292e-02,8.448324737221752886e-05,1.888439338551252789e+00
7.086877657690016541e+00,6.849389274785638859e-02,-3.760066176266713134e-02,8.409718771740564358e-05,1.888449429817439462e+00
7.089262202662321322e+00,6.840426219842728195e-02,-3.757557129913344923e-02,8.371264621609544659e-05,1.888459481717349453e+00
7.091646747634626102e+00,6.831469144917037828e-02,-3.755050529354338890e-02,8.332961762445548648e-05,1.888469494372828850e+00
7.094031292606930883e+00,6.822518044180024555e-02,-3.752546371600291170e-02,8.294809671541668729e-05,1.888479467905428866e+00
7.096415837579235664e+00,6.813572911810271415e-02,-3.750044653665940420e-02,8.256807827861950718e-05,1.888489402436408726e+00
7.098800382551540444e+00,6.804633741993472429e-02,-3.747545372570159489e-02,8.218955712036081257e-05,1.888499298086737443e+00
7.101184927523846113e+00,6.795700528922424266e-02,-3.745048525335949174e-02,8.181252806354113170e-05,1.888509154977092042e+00
7.103569472496150894e+00,6.786773266797027637e-02,-3.742554108990434059e-02,8.143698594761258577e-05,1.888518973227858666e+00
7.105954017468455675e+00,6.777851949824252598e-02,-3.740062120564853487e-02,8.106292562852541073e-05,1.888528752959133916e+00
7.108338562440760455e+00,6.768936572218153813e-02,-3.737572557094559489e-02,8.069034197867675580e-05,1.888538494290725955e+00
7.110723107413065236e+00,6.760027128199846969e-02,-3.735085415619007060e-02,8.031922988685805901e-05,1.888548197342153179e+00
7.113107652385370017e+00,6.751123611997499052e-02,-3.732600693181750001e-02,7.994958425820312747e-05,1.888557862232645546e+00
7.115492197357674797e+00,6.742226017846328356e-02,-3.730118386830434674e-02,7.958140001413680040e-05,1.888567489081145911e+00
7.117876742329979578e+00,6.733334339988585049e-02,-3.727638493616793752e-02,7.921467209232301585e-05,1.888577078006309584e+00
7.120261287302284359e+00,6.724448572673542845e-02,-3.725161010596642064e-02,7.884939544661346016e-05,1.888586629126505878e+00
7.122645832274589139e+00,6.715568710157494847e-02,-3.722685934829867566e-02,7.848556504699655625e-05,1.888596142559818114e+00
7.125030377246893920e+00,6.706694746703739662e-02,-3.720213263380427182e-02,7.812317587954626221e-05,1.888605618424043175e+00
7.127414922219198701e+00,6.697826676582567529e-02,-3.717742993316340561e-02,7.776222294637093755e-05,1.888615056836693951e+00
7.129799467191504370e+00,6.688964494071258926e-02,-3.715275121709684519e-02,7.740270126556303627e-05,1.888624457914999111e+00
7.132184012163809150e+00,6.680108193454074861e-02,-3.712809645636587497e-02,7.704460587114850170e-05,1.888633821775902222e+00
7.134568557136113931e+00,6.671257769022238826e-02,-3.710346562177221225e-02,7.668793181303601230e-05,1.888643148536065297e+00
7.136953102108418712e+00,6.662413215073931250e-02,-3.707885868415798647e-02,7.633267415696697283e-05,1.888652438311867021e+00
7.139337647080723492e+00,6.653574525914283944e-02,-3.705427561440563511e-02,7.597882798446550551e-05,1.888661691219402972e+00
7.141722192053028273e+00,6.644741695855364838e-02,-3.702971638343788285e-02,7.562638839278842766e-05,1.888670907374488284e+00
7.144106737025333054e+00,6.635914719216171043e-02,-3.700518096221767222e-02,7.527535049487555458e-05,1.888680086892656984e+00
7.146491281997637834e+00,6.627093590322619132e-02,-3.698066932174809418e-02,7.492570941930009731e-05,1.888689229889162435e+00
7.148875826969942615e+00,6.618278303507535432e-02,-3.695618143307233261e-02,7.457746031021929073e-05,1.888698336478977335e+00
7.151260371942247396e+00,6.609468853110646303e-02,-3.693171726727362270e-02,7.423059832732507596e-05,1.888707406776795494e+00
7.153644916914552176e+00,6.600665233478569816e-02,-3.690727679547516765e-02,7.388511864579508088e-05,1.888716440897032278e+00
7.156029461886856957e+00,6.591867438964803261e-02,-3.688285998884009709e-02,7.354101645624355993e-05,1.888725438953823943e+00
7.158414006859161738e+00,6.583075463929716209e-02,-3.685846681857139762e-02,7.319828696467268634e-05,1.888734401061028967e+00
7.160798551831467407e+00,6.574289302740535246e-02,-3.683409725591187123e-02,7.285692539242374954e-05,1.888743327332229827e+00
7.163183096803772187e+00,6.565508949771353686e-02,-3.680975127214406589e-02,7.251692697612942306e-05,1.888752217880730555e+00
7.165567641776076968e+00,6.556734399403095492e-02,-3.678542883859020618e-02,7.217828696766437921e-05,1.888761072819559628e+00
7.167952186748381749e+00,6.547965646023519437e-02,-3.676112992661215856e-02,7.184100063409776032e-05,1.888769892261470629e+00
7.170336731720686529e+00,6.539202684027210777e-02,-3.673685450761135507e-02,7.150506325764517570e-05,1.888778676318941141e+00
7.172721276692991310e+00,6.530445507815570150e-02,-3.671260255302874476e-02,7.117047013562076635e-05,1.888787425104173856e+00
7.175105821665296091e+00,6.521694111796802473e-02,-3.668837403434473121e-02,7.083721658038956784e-05,1.888796138729098351e+00
7.177490366637600872e+00,6.512948490385908618e-02,-3.666416892307913095e-02,7.050529791931990024e-05,1.888804817305370864e+00
7.179874911609905652e+00,6.504208638004675691e-02,-3.663998719079107624e-02,7.017470949473608342e-05,1.888813460944372746e+00
7.182259456582210433e+00,6.495474549081670101e-02,-3.661582880907900822e-02,6.984544666387127419e-05,1.888822069757215560e+00
7.184644001554515214e+00,6.486746218052222290e-02,-3.659169374958058663e-02,6.951750479882019514e-05,1.888830643854736868e+00
7.187028546526819994e+00,6.478023639358423957e-02,-3.656758198397262738e-02,6.919087928649243259e-05,1.888839183347503559e+00
7.189413091499124775e+00,6.469306807449114183e-02,-3.654349348397108177e-02,6.886556552856555840e-05,1.888847688345812070e+00
7.191797636471430444e+00,6.460595716779871100e-02,-3.651942822133092542e-02,6.854155894143857709e-05,1.888856158959687281e+00
7.194182181443735224e+00,6.451890361813011898e-02,-3.649538616784616524e-02,6.821885495618572521e-05,1.888864595298885174e+00
7.196566726416040005e+00,6.443190737017562286e-02,-3.647136729534973532e-02,6.789744901850949831e-05,1.888872997472893278e+00
7.198951271388344786e+00,6.434496836869268988e-02,-3.644737157571344838e-02,6.757733658869520934e-05,1.888881365590928230e+00
7.201335816360649567e+00,6.425808655850576145e-02,-3.642339898084793332e-02,6.725851314156454407e-05,1.888889699761939545e+00
7.203720361332954347e+00,6.417126188450623936e-02,-3.639944948270262132e-02,6.694097416642990272e-05,1.888898000094609841e+00
7.206104906305259128e+00,6.408449429165236078e-02,-3.637552305326562790e-02,6.662471516704866010e-05,1.888906266697353287e+00
7.208489451277563909e+00,6.399778372496910117e-02,-3.635161966456373211e-02,6.630973166157756141e-05,1.888914499678317149e+00
7.210873996249868689e+00,6.391113012954813266e-02,-3.632773928866232099e-02,6.599601918252747030e-05,1.888922699145383799e+00
7.213258541222173470e+00,6.382453345054764360e-02,-3.630388189766531326e-02,6.568357327671787310e-05,1.888930865206168930e+00
7.215643086194478251e+00,6.373799363319231082e-02,-3.628004746371513156e-02,6.537238950523187081e-05,1.888938997968023559e+00
7.218027631166783031e+00,6.365151062277321636e-02,-3.625623595899260532e-02,6.506246344337137451e-05,1.888947097538033804e+00
7.220412176139088700e+00,6.356508436464768097e-02,-3.623244735571695685e-02,6.475379068061193474e-05,1.888955164023022437e+00
7.222796721111393481e+00,6.347871480423931956e-02,-3.620868162614572505e-02,6.444636682055860093e-05,1.888963197529546667e+00
7.225181266083698262e+00,6.339240188703776369e-02,-3.618493874257470988e-02,6.414018748090076440e-05,1.888971198163903464e+00
7.227565811056003042e+00,6.330614555859867543e-02,-3.616121867733790990e-02,6.383524829336809905e-05,1.888979166032124901e+00
7.229950356028307823e+00,6.321994576454367798e-02,-3.613752140280748065e-02,6.353154490368644795e-05,1.888987101239981925e+00
7.232334901000612604e+00,6.313380245056021689e-02,-3.611384689139366527e-02,6.322907297153350652e-05,1.888995003892983915e+00
7.234719445972917384e+00,6.304771556240144903e-02,-3.609019511554475979e-02,6.292782817049485814e-05,1.889002874096379347e+00
7.237103990945222165e+00,6.296168504588621484e-02,-3.606656604774702984e-02,6.262780618802028083e-05,1.889010711955155797e+00
7.239488535917526946e+00,6.287571084689891343e-02,-3.604295966052466910e-02,6.232900272538008097e-05,1.889018517574040601e+00
7.241873080889831726e+00,6.278979291138943319e-02,-3.601937592643975061e-02,6.203141349762154909e-05,1.889026291057502416e+00
7.244257625862136507e+00,6.270393118537299915e-02,-3.599581481809215056e-02,6.173503423352538842e-05,1.889034032509749883e+00
7.246642170834441288e+00,6.261812561493015905e-02,-3.597227630811952737e-02,6.143986067556273987e-05,1.889041742034734295e+00
7.249026715806746068e+00,6.253237614620665852e-02,-3.594876036919722462e-02,6.114588857985192236e-05,1.889049419736148039e+00
7.251411260779051737e+00,6.244668272541333692e-02,-3.592526697403823632e-02,6.085311371611545775e-05,1.889057065717426376e+00
7.253795805751356518e+00,6.236104529882611353e-02,-3.590179609539317918e-02,6.056153186763747526e-05,1.889064680081747660e+00
7.256180350723661299e+00,6.227546381278578624e-02,-3.587834770605017459e-02,6.027113883122064828e-05,1.889072262932032675e+00
7.258564895695966079e+00,6.218993821369800390e-02,-3.585492177883484871e-02,5.998193041714385633e-05,1.889079814370948185e+00
7.260949440668270860e+00,6.210446844803316907e-02,-3.583151828661025606e-02,5.969390244911975204e-05,1.889087334500903825e+00
7.263333985640575641e+00,6.201905446232636177e-02,-3.580813720227681712e-02,5.940705076425250442e-05,1.889094823424054548e+00
7.265718530612880421e+00,6.193369620317722840e-02,-3.578477849877228362e-02,5.912137121299562335e-05,1.889102281242301284e+00
7.268103075585185202e+00,6.184839361724990547e-02,-3.576144214907166913e-02,5.883685965910997388e-05,1.889109708057290948e+00
7.270487620557489983e+00,6.176314665127292242e-02,-3.573812812618719359e-02,5.855351197962187183e-05,1.889117103970416212e+00
7.272872165529794763e+00,6.167795525203912527e-02,-3.571483640316824859e-02,5.827132406478143005e-05,1.889124469082817726e+00
7.275256710502099544e+00,6.159281936640557953e-02,-3.569156695310130717e-02,5.799029181802091833e-05,1.889131803495382567e+00
7.277641255474404325e+00,6.150773894129347996e-02,-3.566831974910990299e-02,5.771041115591327229e-05,1.889139107308746235e+00
7.280025800446709106e+00,6.142271392368806038e-02,-3.564509476435456792e-02,5.743167800813080566e-05,1.889146380623293320e+00
7.282410345419014774e+00,6.133774426063848956e-02,-3.562189197203275565e-02,5.715408831740392245e-05,1.889153623539157056e+00
7.284794890391319555e+00,6.125282989925789900e-02,-3.559871134537882786e-02,5.687763803948045266e-05,1.889160836156218881e+00
7.287179435363624336e+00,6.116797078672309151e-02,-3.557555285766395708e-02,5.660232314308408658e-05,1.889168018574111541e+00
7.289563980335929116e+00,6.108316687027460362e-02,-3.555241648219611278e-02,5.632813960987401549e-05,1.889175170892218425e+00
7.291948525308233897e+00,6.099841809721658070e-02,-3.552930219231995729e-02,5.605508343440418587e-05,1.889182293209672237e+00
7.294333070280538678e+00,6.091372441491667983e-02,-3.550620996141685970e-02,5.578315062408275031e-05,1.889189385625359208e+00
7.296717615252843459e+00,6.082908577080598650e-02,-3.548313976290477789e-02,5.551233719913161997e-05,1.889196448237915327e+00
7.299102160225148239e+00,6.074450211237892444e-02,-3.546009157023824465e-02,5.524263919254625424e-05,1.889203481145730557e+00
7.301486705197453020e+00,6.065997338719318621e-02,-3.543706535690828441e-02,5.497405265005553845e-05,1.889210484446946392e+00
7.303871250169757801e+00,6.057549954286962912e-02,-3.541406109644240630e-02,5.470657363008172268e-05,1.889217458239459191e+00
7.306255795142062581e+00,6.049108052709217115e-02,-3.539107876240448619e-02,5.444019820370050268e-05,1.889224402620917287e+00
7.308640340114367362e+00,6.040671628760775624e-02,-3.536811832839478059e-02,5.417492245460141947e-05,1.889231317688725431e+00
7.311024885086673031e+00,6.032240677222618780e-02,-3.534517976804980866e-02,5.391074247904798102e-05,1.889238203540041461e+00
7.313409430058977811e+00,6.023815192882018416e-02,-3.532226305504235914e-02,5.364765438583863092e-05,1.889245060271778520e+00
7.315793975031282592e+00,6.015395170532510799e-02,-3.529936816308140018e-02,5.338565429626678205e-05,1.889251887980606837e+00
7.318178520003587373e+00,6.006980604973900795e-02,-3.527649506591203077e-02,5.312473834408198850e-05,1.889258686762952166e+00
7.320563064975892154e+00,5.998571491012248680e-02,-3.525364373731542517e-02,5.286490267545069079e-05,1.889265456714995572e+00
7.322947609948196934e+00,5.990167823459863206e-02,-3.523081415110880521e-02,5.260614344891726579e-05,1.889272197932677866e+00
7.325332154920501715e+00,5.981769597135290495e-02,-3.520800628114535702e-02,5.234845683536511071e-05,1.889278910511695164e+00
7.327716699892806496e+00,5.973376806863310573e-02,-3.518522010131419631e-02,5.209183901797803873e-05,1.889285594547503555e+00
7.330101244865111276e+00,5.964989447474921408e-02,-3.516245558554029899e-02,5.183628619220145774e-05,1.889292250135316209e+00
7.332485789837416057e+00,5.956607513807338217e-02,-3.513971270778447342e-02,5.158179456570410480e-05,1.889298877370106045e+00
7.334870334809720838e+00,5.948231000703978200e-02,-3.511699144204328410e-02,5.132836035833950955e-05,1.889305476346605284e+00
7.337254879782025618e+00,5.939859903014456377e-02,-3.509429176234900999e-02,5.107597980210785738e-05,1.889312047159306784e+00
7.339639424754330399e+00,5.931494215594574487e-02,-3.507161364276960291e-02,5.082464914111781194e-05,1.889318589902463152e+00
7.342023969726636068e+00,5.923133933306312660e-02,-3.504895705740860429e-02,5.057436463154852747e-05,1.889325104670088518e+00
7.344408514698940849e+00,5.914779051017829414e-02,-3.502632198040513123e-02,5.032512254161202689e-05,1.889331591555957868e+00
7.346793059671245629e+00,5.906429563603436683e-02,-3.500370838593379330e-02,5.007691915151495668e-05,1.889338050653608159e+00
7.349177604643550410e+00,5.898085465943603972e-02,-3.498111624820465088e-02,4.982975075342134443e-05,1.889344482056338759e+00
7.351562149615855191e+00,5.889746752924945178e-02,-3.495854554146317350e-02,4.958361365141497032e-05,1.889350885857212559e+00
7.353946694588159971e+00,5.881413419440213036e-02,-3.493599623999017051e-02,4.933850416146202310e-05,1.889357262149054417e+00
7.356331239560464752e+00,5.873085460388287327e-02,-3.491346831810175633e-02,4.909441861137378322e-05,1.889363611024454048e+00
7.358715784532769533e+00,5.864762870674168627e-02,-3.489096175014927415e-02,4.885135334076950921e-05,1.889369932575764688e+00
7.361100329505074313e+00,5.856445645208969292e-02,-3.486847651051928204e-02,4.860930470103943255e-05,1.889376226895104427e+00
7.363484874477379094e+00,5.848133778909906516e-02,-3.484601257363346277e-02,4.836826905530785408e-05,1.889382494074356877e+00
7.365869419449683875e+00,5.839827266700289843e-02,-3.482356991394859602e-02,4.812824277839626764e-05,1.889388734205170506e+00
7.368253964421988655e+00,5.831526103509517001e-02,-3.480114850595649595e-02,4.788922225678679529e-05,1.889394947378960632e+00
7.370638509394294324e+00,5.823230284273062107e-02,-3.477874832418395568e-02,4.765120388858556163e-05,1.889401133686907874e+00
7.373023054366599105e+00,5.814939803932476364e-02,-3.475636934319274035e-02,4.741418408348650179e-05,1.889407293219961925e+00
7.375407599338903886e+00,5.806654657435365158e-02,-3.473401153757945531e-02,4.717815926273463407e-05,1.889413426068837554e+00
7.377792144311208666e+00,5.798374839735389447e-02,-3.471167488197555301e-02,4.694312585909015252e-05,1.889419532324018602e+00
7.380176689283513447e+00,5.790100345792255354e-02,-3.468935935104727752e-02,4.670908031679226878e-05,1.889425612075757321e+00
7.382561234255818228e+00,5.781831170571705841e-02,-3.466706491949559515e-02,4.647601909152325727e-05,1.889431665414074368e+00
7.384945779228123008e+00,5.773567309045513768e-02,-3.464479156205615973e-02,4.624393865037264257e-05,1.889437692428760140e+00
7.387330324200427789e+00,5.765308756191469403e-02,-3.462253925349923628e-02,4.601283547180133273e-05,1.889443693209373887e+00
7.389714869172732570e+00,5.757055506993378341e-02,-3.460030796862968716e-02,4.578270604560622003e-05,1.889449667845245706e+00
7.392099414145037350e+00,5.748807556441046934e-02,-3.457809768228689573e-02,4.555354687288442939e-05,1.889455616425476103e+00
7.394483959117342131e+00,5.740564899530278820e-02,-3.455590836934472471e-02,4.532535446599812251e-05,1.889461539038937321e+00
7.396868504089646912e+00,5.732327531262865206e-02,-3.453374000471145372e-02,4.509812534853915286e-05,1.889467435774271120e+00
7.399253049061951693e+00,5.724095446646575158e-02,-3.451159256332973768e-02,4.487185605529385619e-05,1.889473306719892998e+00
7.401637594034257361e+00,5.715868640695145886e-02,-3.448946602017657209e-02,4.464654313220798340e-05,1.889479151963991299e+00
7.404022139006562142e+00,5.707647108428288291e-02,-3.446736035026322365e-02,4.442218313635212123e-05,1.889484971594524998e+00
7.406406683978866923e+00,5.699430844871656437e-02,-3.444527552863516778e-02,4.419877263588625245e-05,1.889490765699228358e+00
7.408791228951171703e+00,5.691219845056854493e-02,-3.442321153037206788e-02,4.397630821002547469e-05,1.889496534365608715e+00
7.411175773923476484e+00,5.683014104021426316e-02,-3.440116833058770585e-02,4.375478644900532635e-05,1.889502277680947140e+00
7.413560318895781265e+00,5.674813616808843664e-02,-3.437914590442994051e-02,4.353420395404719373e-05,1.889507995732299994e+00
7.415944863868086045e+00,5.666618378468502720e-02,-3.435714422708065208e-02,4.331455733732407059e-05,1.889513688606498487e+00
7.418329408840390826e+00,5.658428384055711607e-02,-3.433516327375570054e-02,4.309584322192615508e-05,1.889519356390149563e+00
7.420713953812695607e+00,5.650243628631684834e-02,-3.431320301970486319e-02,4.287805824182677186e-05,1.889524999169635677e+00
7.423098498785000388e+00,5.642064107263535661e-02,-3.429126344021178607e-02,4.266119904184833498e-05,1.889530617031115467e+00
7.425483043757305168e+00,5.633889815024265696e-02,-3.426934451059396314e-02,4.244526227762834456e-05,1.889536210060525745e+00
7.427867588729609949e+00,5.625720746992759341e-02,-3.424744620620263219e-02,4.223024461558562068e-05,1.889541778343579059e+00
7.430252133701914730e+00,5.617556898253774078e-02,-3.422556850242278181e-02,4.201614273288654402e-05,1.889547321965766358e+00
7.432636678674220398e+00,5.609398263897929365e-02,-3.420371137467305422e-02,4.180295331741135751e-05,1.889552841012356987e+00
7.435021223646525179e+00,5.601244839021712191e-02,-3.418187479840574527e-02,4.159067306772100333e-05,1.889558335568398473e+00
7.437405768618829960e+00,5.593096618727448621e-02,-3.416005874910670731e-02,4.137929869302322796e-05,1.889563805718717404e+00
7.439790313591134741e+00,5.584953598123311436e-02,-3.413826320229532835e-02,4.116882691313965639e-05,1.889569251547920326e+00
7.442174858563439521e+00,5.576815772323304859e-02,-3.411648813352446963e-02,4.095925445847244610e-05,1.889574673140392846e+00
7.444559403535744302e+00,5.568683136447260401e-02,-3.409473351838043093e-02,4.075057806997130699e-05,1.889580070580302085e+00
7.446943948508049083e+00,5.560555685620824362e-02,-3.407299933248287421e-02,4.054279449910039930e-05,1.889585443951594446e+00
7.449328493480353863e+00,5.552433414975457143e-02,-3.405128555148480979e-02,4.033590050780565852e-05,1.889590793337998287e+00
7.451713038452658644e+00,5.544316319648415897e-02,-3.402959215107252688e-02,4.012989286848182206e-05,1.889596118823024140e+00
7.454097583424963425e+00,5.536204394782755223e-02,-3.400791910696554510e-02,3.992476836393994385e-05,1.889601420489963823e+00
7.456482128397268205e+00,5.528097635527313286e-02,-3.398626639491657275e-02,3.972052378737473273e-05,1.889606698421892217e+00
7.458866673369572986e+00,5.519996037036707659e-02,-3.396463399071144446e-02,3.951715594233218905e-05,1.889611952701666153e+00
7.461251218341878655e+00,5.511899594471322134e-02,-3.394302187016908640e-02,3.931466164267712602e-05,1.889617183411927082e+00
7.463635763314183436e+00,5.503808302997311580e-02,-3.392143000914148165e-02,3.911303771256126029e-05,1.889622390635099736e+00
7.466020308286488216e+00,5.495722157786576967e-02,-3.389985838351357306e-02,3.891228098639063843e-05,1.889627574453392134e+00
7.468404853258792997e+00,5.487641154016768136e-02,-3.387830696920327012e-02,3.871238830879387662e-05,1.889632734948798465e+00
7.470789398231097778e+00,5.479565286871273394e-02,-3.385677574216136576e-02,3.851335653459016310e-05,1.889637872203097313e+00
7.473173943203402558e+00,5.471494551539211187e-02,-3.383526467837148777e-02,3.831518252875743008e-05,1.889642986297852323e+00
7.475558488175707339e+00,5.463428943215424549e-02,-3.381377375385007100e-02,3.811786316640067469e-05,1.889648077314413310e+00
7.477943033148012120e+00,5.455368457100469998e-02,-3.379230294464630885e-02,3.792139533272024610e-05,1.889653145333916928e+00
7.480327578120316900e+00,5.447313088400611986e-02,-3.377085222684208382e-02,3.772577592298040361e-05,1.889658190437286223e+00
7.482712123092621681e+00,5.439262832327814573e-02,-3.374942157655192593e-02,3.753100184247786804e-05,1.889663212705231299e+00
7.485096668064926462e+00,5.431217684099732407e-02,-3.372801096992297798e-02,3.733707000651047476e-05,1.889668212218249321e+00
7.487481213037231242e+00,5.423177638939706557e-02,-3.370662038313494702e-02,3.714397734034601635e-05,1.889673189056627178e+00
7.489865758009536023e+00,5.415142692076752029e-02,-3.368524979240002798e-02,3.695172077919106510e-05,1.889678143300438373e+00
7.492250302981841692e+00,5.407112838745549432e-02,-3.366389917396288983e-02,3.676029726815986990e-05,1.889683075029546133e+00
7.494634847954146473e+00,5.399088074186449843e-02,-3.364256850410062699e-02,3.656970376224378855e-05,1.889687984323602965e+00
7.497019392926451253e+00,5.391068393645449125e-02,-3.362125775912267606e-02,3.637993722628002206e-05,1.889692871262050655e+00
7.499403937898756034e+00,5.383053792374188629e-02,-3.359996691537080887e-02,3.619099463492107403e-05,1.889697735924121602e+00
7.501788482871060815e+00,5.375044265629950330e-02,-3.357869594921907008e-02,3.600287297260420328e-05,1.889702578388839038e+00
7.504173027843365595e+00,5.367039808675644341e-02,-3.355744483707370773e-02,3.581556923352080865e-05,1.889707398735015920e+00
7.506557572815670376e+00,5.359040416779802668e-02,-3.353621355537315940e-02,3.562908042158599006e-05,1.889712197041256703e+00
7.508942117787975157e+00,5.351046085216573656e-02,-3.351500208058800362e-02,3.544340355040828569e-05,1.889716973385959342e+00
7.511326662760279937e+00,5.343056809265711582e-02,-3.349381038922088355e-02,3.525853564325937532e-05,1.889721727847312183e+00
7.513711207732584718e+00,5.335072584212568331e-02,-3.347263845780647923e-02,3.507447373304393951e-05,1.889726460503296845e+00
7.516095752704889499e+00,5.327093405348089922e-02,-3.345148626291146593e-02,3.489121486226966109e-05,1.889731171431687562e+00
7.518480297677194280e+00,5.319119267968804715e-02,-3.343035378113445172e-02,3.470875608301725372e-05,1.889735860710052728e+00
7.520864842649499060e+00,5.311150167376818554e-02,-3.340924098910594969e-02,3.452709445691061924e-05,1.889740528415754239e+00
7.523249387621804729e+00,5.303186098879802274e-02,-3.338814786348829472e-02,3.434622705508699823e-05,1.889745174625947044e+00
7.525633932594109510e+00,5.295227057790996561e-02,-3.336707438097567119e-02,3.416615095816761524e-05,1.889749799417583143e+00
7.528018477566414290e+00,5.287273039429188359e-02,-3.334602051829396036e-02,3.398686325622770059e-05,1.889754402867407146e+00
7.530403022538719071e+00,5.279324039118710871e-02,-3.332498625220079586e-02,3.380836104876725081e-05,1.889758985051961160e+00
7.532787567511023852e+00,5.271380052189439391e-02,-3.330397155948543186e-02,3.363064144468167383e-05,1.889763546047580789e+00
7.535172112483328632e+00,5.263441073976776047e-02,-3.328297641696877779e-02,3.345370156223237326e-05,1.889768085930400909e+00
7.537556657455633413e+00,5.255507099821650485e-02,-3.326200080150327337e-02,3.327753852901771885e-05,1.889772604776350340e+00
7.539941202427938194e+00,5.247578125070504612e-02,-3.324104468997290257e-02,3.310214948194378662e-05,1.889777102661156727e+00
7.542325747400242975e+00,5.239654145075291897e-02,-3.322010805929312416e-02,3.292753156719549869e-05,1.889781579660344546e+00
7.544710292372547755e+00,5.231735155193463493e-02,-3.319919088641080929e-02,3.275368194020760062e-05,1.889786035849235546e+00
7.547094837344852536e+00,5.223821150787966161e-02,-3.317829314830422760e-02,3.258059776563592319e-05,1.889790471302950747e+00
7.549479382317157317e+00,5.215912127227232548e-02,-3.315741482198297785e-02,3.240827621732862403e-05,1.889794886096409776e+00
7.551863927289462985e+00,5.208008079885169395e-02,-3.313655588448793932e-02,3.223671447829746974e-05,1.889799280304330642e+00
7.554248472261767766e+00,5.200109004141163782e-02,-3.311571631289127182e-02,3.206590974068957215e-05,1.889803654001231514e+00
7.556633017234072547e+00,5.192214895380058842e-02,-3.309489608429629776e-02,3.189585920575858236e-05,1.889808007261429834e+00
7.559017562206377328e+00,5.184325748992154453e-02,-3.307409517583750208e-02,3.172656008383650155e-05,1.889812340159044313e+00
7.561402107178682108e+00,5.176441560373201689e-02,-3.305331356468048376e-02,3.155800959430544425e-05,1.889816652767993155e+00
7.563786652150986889e+00,5.168562324924390328e-02,-3.303255122802189331e-02,3.139020496556937457e-05,1.889820945161996057e+00
7.566171197123291670e+00,5.160688038052345383e-02,-3.301180814308941197e-02,3.122314343502605920e-05,1.889825217414575320e+00
7.568555742095596450e+00,5.152818695169118779e-02,-3.299108428714166846e-02,3.105682224903907472e-05,1.889829469599052958e+00
7.570940287067901231e+00,5.144954291692181020e-02,-3.297037963746823896e-02,3.089123866290987582e-05,1.889833701788554698e+00
7.573324832040206012e+00,5.137094823044413561e-02,-3.294969417138957080e-02,3.072638994084995161e-05,1.889837914056008872e+00
7.575709377012510792e+00,5.129240284654102561e-02,-3.292902786625694772e-02,3.056227335595312428e-05,1.889842106474147077e+00
7.578093921984815573e+00,5.121390671954933332e-02,-3.290838069945242750e-02,3.039888619016794261e-05,1.889846279115502625e+00
7.580478466957120354e+00,5.113545980385977158e-02,-3.288775264838883494e-02,3.023622573426999752e-05,1.889850432052414764e+00
7.582863011929426023e+00,5.105706205391687819e-02,-3.286714369050967866e-02,3.007428928783453581e-05,1.889854565357026894e+00
7.585247556901730803e+00,5.097871342421901597e-02,-3.284655380328912327e-02,2.991307415920922976e-05,1.889858679101284356e+00
7.587632101874035584e+00,5.090041386931813683e-02,-3.282598296423194784e-02,2.975257766548654011e-05,1.889862773356940640e+00
7.590016646846340365e+00,5.082216334381983031e-02,-3.280543115087349026e-02,2.959279713247676350e-05,1.889866848195553395e+00
7.592401191818645145e+00,5.074396180238321258e-02,-3.278489834077961268e-02,2.943372989468083932e-05,1.889870903688486203e+00
7.594785736790949926e+00,5.066580919972086400e-02,-3.276438451154663201e-02,2.927537329526331915e-05,1.889874939906907914e+00
7.597170281763254707e+00,5.058770549059875277e-02,-3.274388964080131303e-02,2.911772468602542781e-05,1.889878956921794861e+00
7.599554826735559487e+00,5.050965062983615167e-02,-3.272341370620081291e-02,2.896078142737815812e-05,1.889882954803931092e+00
7.601939371707864268e+00,5.043164457230558950e-02,-3.270295668543259787e-02,2.880454088831557247e-05,1.889886933623905474e+00
7.604323916680169049e+00,5.035368727293274005e-02,-3.268251855621446406e-02,2.864900044638799930e-05,1.889890893452117471e+00
7.606708461652473829e+00,5.027577868669640127e-02,-3.266209929629444036e-02,2.849415748767555485e-05,1.889894834358773368e+00
7.609093006624778610e+00,5.019791876862837732e-02,-3.264169888345075377e-02,2.834000940676150904e-05,1.889898756413886494e+00
7.611477551597083391e+00,5.012010747381343695e-02,-3.262131729549182235e-02,2.818655360670592583e-05,1.889902659687282327e+00
7.613862096569389060e+00,5.004234475738918858e-02,-3.260095451025613739e-02,2.803378749901919173e-05,1.889906544248591835e+00
7.616246641541693840e+00,4.996463057454614970e-02,-3.258061050561232574e-02,2.788170850363603221e-05,1.889910410167259247e+00
7.618631186513998621e+00,4.988696488052748318e-02,-3.256028525945899033e-02,2.773031404888893863e-05,1.889914257512535833e+00
7.621015731486303402e+00,4.980934763062903892e-02,-3.253997874972474474e-02,2.757960157148229638e-05,1.889918086353485016e+00
7.623400276458608182e+00,4.973177878019927056e-02,-3.251969095436813006e-02,2.742956851646633702e-05,1.889921896758979925e+00
7.625784821430912963e+00,4.965425828463915225e-02,-3.249942185137760092e-02,2.728021233721118172e-05,1.889925688797705616e+00
7.628169366403217744e+00,4.957678609940211617e-02,-3.247917141877146308e-02,2.713153049538100003e-05,1.889929462538159077e+00
7.630553911375522524e+00,4.949936217999396926e-02,-3.245893963459781789e-02,2.698352046090820585e-05,1.889933218048647667e+00
7.632938456347827305e+00,4.942198648197281691e-02,-3.243872647693454847e-02,2.683617971196778216e-05,1.889936955397292673e+00
7.635323001320132086e+00,4.934465896094902826e-02,-3.241853192388925026e-02,2.668950573495171421e-05,1.889940674652026420e+00
7.637707546292436867e+00,4.926737957258512518e-02,-3.239835595359920328e-02,2.654349602444339891e-05,1.889944375880594940e+00
7.640092091264741647e+00,4.919014827259571981e-02,-3.237819854423133054e-02,2.639814808319220678e-05,1.889948059150559301e+00
7.642476636237047316e+00,4.911296501674744519e-02,-3.235805967398211469e-02,2.625345942208813532e-05,1.889951724529290944e+00
7.644861181209352097e+00,4.903582976085894829e-02,-3.233793932107764668e-02,2.610942756013662501e-05,1.889955372083979235e+00
7.647245726181656877e+00,4.895874246080070269e-02,-3.231783746377346611e-02,2.596605002443314159e-05,1.889959001881625245e+00
7.649630271153961658e+00,4.888170307249500163e-02,-3.229775408035459594e-02,2.582332435013817498e-05,1.889962613989045970e+00
7.652014816126266439e+00,4.880471155191590943e-02,-3.227768914913548004e-02,2.568124808045223491e-05,1.889966208472873888e+00
7.654399361098571219e+00,4.872776785508914354e-02,-3.225764264845994156e-02,2.553981876659078889e-05,1.889969785399556956e+00
7.656783906070876000e+00,4.865087193809203292e-02,-3.223761455670111353e-02,2.539903396775943737e-05,1.889973344835358615e+00
7.659168451043180781e+00,4.857402375705344860e-02,-3.221760485226145276e-02,2.525889125112910585e-05,1.889976886846360005e+00
7.661552996015485562e+00,4.849722326815372048e-02,-3.219761351357263574e-02,2.511938819181128778e-05,1.889980411498457080e+00
7.663937540987790342e+00,4.842047042762457482e-02,-3.217764051909555167e-02,2.498052237283341964e-05,1.889983918857364831e+00
7.666322085960095123e+00,4.834376519174907183e-02,-3.215768584732024704e-02,2.484229138511430681e-05,1.889987408988614614e+00
7.668706630932399904e+00,4.826710751686151546e-02,-3.213774947676589777e-02,2.470469282743961381e-05,1.889990881957555935e+00
7.671091175904704684e+00,4.819049735934740480e-02,-3.211783138598073989e-02,2.456772430643746640e-05,1.889994337829356219e+00
7.673475720877010353e+00,4.811393467564332310e-02,-3.209793155354204869e-02,2.443138343655404683e-05,1.889997776669002594e+00
7.675860265849315134e+00,4.803741942223700018e-02,-3.207804995805609710e-02,2.429566784002958217e-05,1.890001198541299443e+00
7.678244810821619915e+00,4.796095155566704876e-02,-3.205818657815810019e-02,2.416057514687378714e-05,1.890004603510871961e+00
7.680629355793924695e+00,4.788453103252302001e-02,-3.203834139251216656e-02,2.402610299484200145e-05,1.890007991642163709e+00
7.683013900766229476e+00,4.780815780944531329e-02,-3.201851437981127757e-02,2.389224902941111041e-05,1.890011362999439282e+00
7.685398445738534257e+00,4.773183184312510680e-02,-3.199870551877724567e-02,2.375901090375559757e-05,1.890014717646783637e+00
7.687782990710839037e+00,4.765555309030426040e-02,-3.197891478816064503e-02,2.362638627872360421e-05,1.890018055648102324e+00
7.690167535683143818e+00,4.757932150777530178e-02,-3.195914216674079072e-02,2.349437282281324288e-05,1.890021377067121700e+00
7.692552080655448599e+00,4.750313705238129458e-02,-3.193938763332569014e-02,2.336296821214873482e-05,1.890024681967389597e+00
7.694936625627753379e+00,4.742699968101582453e-02,-3.191965116675200831e-02,2.323217013045688275e-05,1.890027970412276215e+00
7.697321170600058160e+00,4.735090935062289536e-02,-3.189993274588501238e-02,2.310197626904339800e-05,1.890031242464973449e+00
7.699705715572362941e+00,4.727486601819688022e-02,-3.188023234961855079e-02,2.297238432676946819e-05,1.890034498188496892e+00
7.702090260544667721e+00,4.719886964078244540e-02,-3.186054995687497698e-02,2.284339201002829104e-05,1.890037737645682947e+00
7.704474805516973390e+00,4.712292017547445311e-02,-3.184088554660513548e-02,2.271499703272167591e-05,1.890040960899193045e+00
7.706859350489278171e+00,4.704701757941801010e-02,-3.182123909778834109e-02,2.258719711623697742e-05,1.890044168011512093e+00
7.709243895461582952e+00,4.697116180980823175e-02,-3.180161058943226787e-02,2.245998998942358519e-05,1.890047359044948250e+00
7.711628440433887732e+00,4.689535282389027671e-02,-3.178200000057296998e-02,2.233337338856997603e-05,1.890050534061634258e+00
7.714012985406192513e+00,4.681959057895927756e-02,-3.176240731027481917e-02,2.220734505738065771e-05,1.890053693123528111e+00
7.716397530378497294e+00,4.674387503236023672e-02,-3.174283249763045628e-02,2.208190274695310591e-05,1.890056836292412168e+00
7.718782075350802074e+00,4.666820614148797786e-02,-3.172327554176076342e-02,2.195704421575490117e-05,1.890059963629894701e+00
7.721166620323106855e+00,4.659258386378709038e-02,-3.170373642181480850e-02,2.183276722960089959e-05,1.890063075197409459e+00
7.723551165295411636e+00,4.651700815675184619e-02,-3.168421511696981746e-02,2.170906956163044094e-05,1.890066171056216326e+00
7.725935710267716416e+00,4.644147897792613028e-02,-3.166471160643112570e-02,2.158594899228464132e-05,1.890069251267401773e+00
7.728320255240021197e+00,4.636599628490338521e-02,-3.164522586943213645e-02,2.146340330928380455e-05,1.890072315891879073e+00
7.730704800212325978e+00,4.629056003532654173e-02,-3.162575788523427911e-02,2.134143030760485719e-05,1.890075364990388529e+00
7.733089345184631647e+00,4.621517018688791473e-02,-3.160630763312697461e-02,2.122002778945880389e-05,1.890078398623498579e+00
7.735473890156936427e+00,4.613982669732925174e-02,-3.158687509242759373e-02,2.109919356426851145e-05,1.890081416851604246e+00
7.737858435129241208e+00,4.606452952444151094e-02,-3.156746024248139465e-02,2.097892544864611672e-05,1.890084419734929799e+00
7.740242980101545989e+00,4.598927862606489586e-02,-3.154806306266152993e-02,2.085922126637092247e-05,1.890087407333528535e+00
7.742627525073850769e+00,4.591407396008876513e-02,-3.152868353236894239e-02,2.074007884836716103e-05,1.890090379707280777e+00
7.745012070046155550e+00,4.583891548445155617e-02,-3.150932163103237899e-02,2.062149603268185628e-05,1.890093336915898314e+00
7.747396615018460331e+00,4.576380315714072278e-02,-3.148997733810832145e-02,2.050347066446276350e-05,1.890096279018921077e+00
7.749781159990765111e+00,4.568873693619268650e-02,-3.147065063308095850e-02,2.038600059593642444e-05,1.890099206075719351e+00
7.752165704963069892e+00,4.561371677969274646e-02,-3.145134149546213037e-02,2.026908368638619191e-05,1.890102118145493781e+00
7.754550249935374673e+00,4.553874264577503078e-02,-3.143204990479130101e-02,2.015271780213043055e-05,1.890105015287275592e+00
7.756934794907679454e+00,4.546381449262242025e-02,-3.141277584063552342e-02,2.003690081650070400e-05,1.890107897559927475e+00
7.759319339879984234e+00,4.538893227846647893e-02,-3.139351928258937718e-02,1.992163060982006718e-05,1.890110765022142703e+00
7.761703884852289015e+00,4.531409596158741254e-02,-3.137428021027494768e-02,1.980690506938146352e-05,1.890113617732446238e+00
7.764088429824594684e+00,4.523930550031393660e-02,-3.135505860334176359e-02,1.969272208942604775e-05,1.890116455749195623e+00
7.766472974796899464e+00,4.516456085302336665e-02,-3.133585444146681082e-02,1.957907957112191852e-05,1.890119279130580754e+00
7.768857519769204245e+00,4.508986197814134761e-02,-3.131666770435441449e-02,1.946597542254236329e-05,1.890122087934623440e+00
7.771242064741509026e+00,4.501520883414191626e-02,-3.129749837173625288e-02,1.935340755864469939e-05,1.890124882219179181e+00
7.773626609713813806e+00,4.494060137954741796e-02,-3.127834642337130877e-02,1.924137390124892202e-05,1.890127662041937162e+00
7.776011154686118587e+00,4.486603957292842337e-02,-3.125921183904581402e-02,1.912987237901647085e-05,1.890130427460419371e+00
7.778395699658423368e+00,4.479152337290367297e-02,-3.124009459857322174e-02,1.901890092742905078e-05,1.890133178531982594e+00
7.780780244630728149e+00,4.471705273814000764e-02,-3.122099468179415777e-02,1.890845748876753747e-05,1.890135915313817305e+00
7.783164789603032929e+00,4.464262762735231316e-02,-3.120191206857639982e-02,1.879854001209096072e-05,1.890138637862949444e+00
7.785549334575337710e+00,4.456824799930344388e-02,-3.118284673881481506e-02,1.868914645321551502e-05,1.890141346236239750e+00
7.787933879547642491e+00,4.449391381280416724e-02,-3.116379867243133234e-02,1.858027477469366829e-05,1.890144040490384425e+00
7.790318424519947271e+00,4.441962502671308738e-02,-3.114476784937489709e-02,1.847192294579331817e-05,1.890146720681914694e+00
7.792702969492252940e+00,4.434538159993656886e-02,-3.112575424962143664e-02,1.836408894247700235e-05,1.890149386867198800e+00
7.795087514464557721e+00,4.427118349142878523e-02,-3.110675785317383243e-02,1.825677074738136317e-05,1.890152039102441339e+00
7.797472059436862502e+00,4.419703066019144838e-02,-3.108777864006184721e-02,1.814996634979619539e-05,1.890154677443683040e+00
7.799856604409167282e+00,4.412292306527392655e-02,-3.106881659034211804e-02,1.804367374564416144e-05,1.890157301946802093e+00
7.802241149381472063e+00,4.404886066577307080e-02,-3.104987168409809387e-02,1.793789093746009673e-05,1.890159912667513931e+00
7.804625694353776844e+00,4.397484342083322201e-02,-3.103094390144001818e-02,1.783261593437070116e-05,1.890162509661372114e+00
7.807010239326081624e+00,4.390087128964610674e-02,-3.101203322250487351e-02,1.772784675207406805e-05,1.890165092983767448e+00
7.809394784298386405e+00,4.382694423145077484e-02,-3.099313962745634324e-02,1.762358141281940616e-05,1.890167662689930195e+00
7.811779329270691186e+00,4.375306220553357162e-02,-3.097426309648478732e-02,1.751981794538681256e-05,1.890170218834928306e+00
7.814163874242995966e+00,4.367922517122801301e-02,-3.095540360980718331e-02,1.741655438506701836e-05,1.890172761473669860e+00
7.816548419215300747e+00,4.360543308791478556e-02,-3.093656114766710208e-02,1.731378877364134113e-05,1.890175290660901286e+00
7.818932964187605528e+00,4.353168591502163537e-02,-3.091773569033465924e-02,1.721151915936156959e-05,1.890177806451209586e+00
7.821317509159910308e+00,4.345798361202332649e-02,-3.089892721810648044e-02,1.710974359693000069e-05,1.890180308899020778e+00
7.823702054132215977e+00,4.338432613844157154e-02,-3.088013571130566667e-02,1.700846014747948697e-05,1.890182798058602787e+00
7.826086599104520758e+00,4.331071345384501087e-02,-3.086136115028175614e-02,1.690766687855362946e-05,1.890185273984062775e+00
7.828471144076825539e+00,4.323714551784907378e-02,-3.084260351541067216e-02,1.680736186408687588e-05,1.890187736729349588e+00
7.830855689049130319e+00,4.316362229011594387e-02,-3.082386278709469199e-02,1.670754318438479825e-05,1.890190186348253532e+00
7.833240234021435100e+00,4.309014373035452428e-02,-3.080513894576241904e-02,1.660820892610446548e-05,1.890192622894406149e+00
7.835624778993739881e+00,4.301670979832035446e-02,-3.078643197186873084e-02,1.650935718223478204e-05,1.890195046421281555e+00
7.838009323966044661e+00,4.294332045381553387e-02,-3.076774184589473743e-02,1.641098605207692149e-05,1.890197456982195101e+00
7.840393868938349442e+00,4.286997565668870802e-02,-3.074906854834776743e-02,1.631309364122488878e-05,1.890199854630306708e+00
7.842778413910654223e+00,4.279667536683492979e-02,-3.073041205976129175e-02,1.621567806154598088e-05,1.890202239418617314e+00
7.845162958882959003e+00,4.272341954419566629e-02,-3.071177236069492708e-02,1.611873743116151847e-05,1.890204611399971979e+00
7.847547503855263784e+00,4.265020814875870869e-02,-3.069314943173435950e-02,1.602226987442747941e-05,1.890206970627059668e+00
7.849932048827568565e+00,4.257704114055810285e-02,-3.067454325349133759e-02,1.592627352191524395e-05,1.890209317152412805e+00
7.852316593799873345e+00,4.250391847967410069e-02,-3.065595380660360997e-02,1.583074651039242809e-05,1.890211651028408379e+00
7.854701138772179014e+00,4.243084012623307005e-02,-3.063738107173489406e-02,1.573568698280370675e-05,1.890213972307267065e+00
7.857085683744483795e+00,4.235780604040752240e-02,-3.061882502957486915e-02,1.564109308825186055e-05,1.890216281041056323e+00
7.859470228716788576e+00,4.228481618241591855e-02,-3.060028566083908275e-02,1.554696298197860241e-05,1.890218577281686629e+00
7.861854773689093356e+00,4.221187051252269645e-02,-3.058176294626895053e-02,1.545329482534572930e-05,1.890220861080916137e+00
7.864239318661398137e+00,4.213896899103818788e-02,-3.056325686663170435e-02,1.536008678581621655e-05,1.890223132490346458e+00
7.866623863633702918e+00,4.206611157831854214e-02,-3.054476740272037485e-02,1.526733703693535605e-05,1.890225391561427770e+00
7.869008408606007698e+00,4.199329823476569828e-02,-3.052629453535371518e-02,1.517504375831204026e-05,1.890227638345455041e+00
7.871392953578312479e+00,4.192052892082728799e-02,-3.050783824537621133e-02,1.508320513559999024e-05,1.890229872893570917e+00
7.873777498550617260e+00,4.184780359699660085e-02,-3.048939851365799550e-02,1.499181936047914632e-05,1.890232095256764611e+00
7.876162043522922040e+00,4.177512222381249418e-02,-3.047097532109485640e-02,1.490088463063702835e-05,1.890234305485873678e+00
7.878546588495226821e+00,4.170248476185936526e-02,-3.045256864860815607e-02,1.481039914975024661e-05,1.890236503631581799e+00
7.880931133467531602e+00,4.162989117176707499e-02,-3.043417847714482982e-02,1.472036112746600263e-05,1.890238689744422329e+00
7.883315678439837271e+00,4.155734141421084382e-02,-3.041580478767732382e-02,1.463076877938361370e-05,1.890240863874776522e+00
7.885700223412142051e+00,4.148483544991134198e-02,-3.039744756120358118e-02,1.454162032703633896e-05,1.890243026072873533e+00
7.888084768384446832e+00,4.141237323963441880e-02,-3.037910677874697957e-02,1.445291399787281747e-05,1.890245176388792414e+00
7.890469313356751613e+00,4.133995474419116523e-02,-3.036078242135631031e-02,1.436464802523897225e-05,1.890247314872461892e+00
7.892853858329056393e+00,4.126757992443785827e-02,-3.034247447010573334e-02,1.427682064835982445e-05,1.890249441573659039e+00
7.895238403301361174e+00,4.119524874127584307e-02,-3.032418290609474251e-02,1.418943011232129400e-05,1.890251556542011269e+00
7.897622948273665955e+00,4.112296115565153287e-02,-3.030590771044813780e-02,1.410247466805220188e-05,1.890253659826997223e+00
7.900007493245970736e+00,4.105071712855629801e-02,-3.028764886431596984e-02,1.401595257230618086e-05,1.890255751477944779e+00
7.902392038218275516e+00,4.097851662102643816e-02,-3.026940634887352252e-02,1.392986208764375905e-05,1.890257831544033706e+00
7.904776583190580297e+00,4.090635959414310602e-02,-3.025118014532126101e-02,1.384420148241444012e-05,1.890259900074294119e+00
7.907161128162885078e+00,4.083424600903225871e-02,-3.023297023488480048e-02,1.375896903073885964e-05,1.890261957117608249e+00
7.909545673135189858e+00,4.076217582686458840e-02,-3.021477659881487490e-02,1.367416301249098388e-05,1.890264002722709558e+00
7.911930218107494639e+00,4.069014900885545988e-02,-3.019659921838728847e-02,1.358978171328037801e-05,1.890266036938184069e+00
7.914314763079800308e+00,4.061816551626483418e-02,-3.017843807490288785e-02,1.350582342443449125e-05,1.890268059812470369e+00
7.916699308052105089e+00,4.054622531039732414e-02,-3.016029314968753441e-02,1.342228644298118259e-05,1.890270071393858942e+00
7.919083853024409869e+00,4.047432835260194456e-02,-3.014216442409204180e-02,1.333916907163091953e-05,1.890272071730493497e+00
7.921468397996714650e+00,4.040247460427218162e-02,-3.012405187949216551e-02,1.325646961875941221e-05,1.890274060870372752e+00
7.923852942969019431e+00,4.033066402684590962e-02,-3.010595549728854389e-02,1.317418639839013745e-05,1.890276038861345986e+00
7.926237487941324211e+00,4.025889658180531461e-02,-3.008787525890668085e-02,1.309231773017689832e-05,1.890278005751118595e+00
7.928622032913628992e+00,4.018717223067684585e-02,-3.006981114579690764e-02,1.301086193938650401e-05,1.890279961587250090e+00
7.931006577885933773e+00,4.011549093503116725e-02,-3.005176313943433083e-02,1.292981735688147344e-05,1.890281906417153657e+00
7.933391122858238553e+00,4.004385265648306713e-02,-3.003373122131881151e-02,1.284918231910276423e-05,1.890283840288098149e+00
7.935775667830543334e+00,3.997225735669143742e-02,-3.001571537297492362e-02,1.276895516805263384e-05,1.890285763247206541e+00
7.938160212802848115e+00,3.990070499735918347e-02,-2.999771557595191929e-02,1.268913425127746177e-05,1.890287675341458140e+00
7.940544757775152895e+00,3.982919554023318237e-02,-2.997973181182369412e-02,1.260971792185069705e-05,1.890289576617688150e+00
7.942929302747457676e+00,3.975772894710422750e-02,-2.996176406218873864e-02,1.253070453835583631e-05,1.890291467122586555e+00
7.945313847719763345e+00,3.968630517980692440e-02,-2.994381230867012092e-02,1.245209246486939499e-05,1.890293346902701010e+00
7.947698392692068126e+00,3.961492420021974631e-02,-2.992587653291545191e-02,1.237388007094412933e-05,1.890295216004435064e+00
7.950082937664372906e+00,3.954358597026483985e-02,-2.990795671659682992e-02,1.229606573159200254e-05,1.890297074474049932e+00
7.952467482636677687e+00,3.947229045190802504e-02,-2.989005284141080937e-02,1.221864782726745421e-05,1.890298922357662947e+00
7.954852027608982468e+00,3.940103760715876063e-02,-2.987216488907838349e-02,1.214162474385065614e-05,1.890300759701250000e+00
7.957236572581287248e+00,3.932982739807006078e-02,-2.985429284134492531e-02,1.206499487263078346e-05,1.890302586550643760e+00
7.959621117553592029e+00,3.925865978673842571e-02,-2.983643667998017723e-02,1.198875661028934501e-05,1.890304402951536789e+00
7.962005662525896810e+00,3.918753473530380699e-02,-2.981859638677818863e-02,1.191290835888360692e-05,1.890306208949477984e+00
7.964390207498201590e+00,3.911645220594953815e-02,-2.980077194355730194e-02,1.183744852583003141e-05,1.890308004589876356e+00
7.966774752470506371e+00,3.904541216090228611e-02,-2.978296333216010061e-02,1.176237552388779351e-05,1.890309789917999472e+00
7.969159297442811152e+00,3.897441456243197488e-02,-2.976517053445338484e-02,1.168768777114230464e-05,1.890311564978974124e+00
7.971543842415115932e+00,3.890345937285174388e-02,-2.974739353232813688e-02,1.161338369098884275e-05,1.890313329817786769e+00
7.973928387387421601e+00,3.883254655451786469e-02,-2.972963230769947590e-02,1.153946171211618437e-05,1.890315084479284424e+00
7.976312932359726382e+00,3.876167606982976882e-02,-2.971188684250663722e-02,1.146592026849039399e-05,1.890316829008172883e+00
7.978697477332031163e+00,3.869084788122986035e-02,-2.969415711871292718e-02,1.139275779933845607e-05,1.890318563449019829e+00
7.981082022304335943e+00,3.862006195120355062e-02,-2.967644311830567802e-02,1.131997274913217459e-05,1.890320287846252612e+00
7.983466567276640724e+00,3.854931824227916110e-02,-2.965874482329624098e-02,1.124756356757200154e-05,1.890322002244160693e+00
7.985851112248945505e+00,3.847861671702789560e-02,-2.964106221571992036e-02,1.117552870957096865e-05,1.890323706686893868e+00
7.988235657221250285e+00,3.840795733806375706e-02,-2.962339527763596658e-02,1.110386663523862940e-05,1.890325401218464707e+00
7.990620202193555066e+00,3.833734006804350586e-02,-2.960574399112751720e-02,1.103257580986508900e-05,1.890327085882746561e+00
7.993004747165859847e+00,3.826676486966658353e-02,-2.958810833830157611e-02,1.096165470390504128e-05,1.890328760723475332e+00
7.995389292138164627e+00,3.819623170567508497e-02,-2.957048830128898229e-02,1.089110179296192062e-05,1.890330425784250368e+00
7.997773837110469408e+00,3.812574053885368908e-02,-2.955288386224435779e-02,1.082091555777203710e-05,1.890332081108532680e+00
8.000158382082775077e+00,3.805529133202956854e-02,-2.953529500334608343e-02,1.075109448418877248e-05,1.890333726739646947e+00
8.002542927055079858e+00,3.798488404807242452e-02,-2.951772170679628493e-02,1.068163706316691866e-05,1.890335362720781065e+00
8.004927472027384638e+00,3.791451864989432013e-02,-2.950016395482075310e-02,1.061254179074689228e-05,1.890336989094986375e+00
8.007312016999689419e+00,3.784419510044968737e-02,-2.948262172966894384e-02,1.054380716803914596e-05,1.890338605905178548e+00
8.009696561971994200e+00,3.777391336273525080e-02,-2.946509501361393307e-02,1.047543170120856769e-05,1.890340213194137808e+00
8.012081106944298980e+00,3.770367339978999283e-02,-2.944758378895238546e-02,1.040741390145895464e-05,1.890341811004507822e+00
8.014465651916603761e+00,3.763347517469505660e-02,-2.943008803800451628e-02,1.033975228501748203e-05,1.890343399378798139e+00
8.016850196888908542e+00,3.756331865057374597e-02,-2.941260774311405327e-02,1.027244537311931587e-05,1.890344978359383088e+00
8.019234741861213323e+00,3.749320379059142144e-02,-2.939514288664821923e-02,1.020549169199216822e-05,1.890346547988501769e+00
8.021619286833518103e+00,3.742313055795546545e-02,-2.937769345099767657e-02,1.013888977284097093e-05,1.890348108308260056e+00
8.024003831805822884e+00,3.735309891591521991e-02,-2.936025941857650645e-02,1.007263815183256471e-05,1.890349659360629042e+00
8.026388376778127665e+00,3.728310882776193075e-02,-2.934284077182217065e-02,1.000673537008046096e-05,1.890351201187445707e+00
8.028772921750432445e+00,3.721316025682871315e-02,-2.932543749319548032e-02,9.941179973629642668e-06,1.890352733830414689e+00
8.031157466722737226e+00,3.714325316649044750e-02,-2.930804956518056129e-02,9.875970513441373674e-06,1.890354257331106957e+00
8.033542011695042007e+00,3.707338752016378636e-02,-2.929067697028480896e-02,9.811105545378143530e-06,1.890355771730959367e+00
8.035926556667346787e+00,3.700356328130703643e-02,-2.927331969103887793e-02,9.746583630188553036e-06,1.890357277071278208e+00
8.038311101639651568e+00,3.693378041342015861e-02,-2.925597770999661951e-02,9.682403333492340395e-06,1.890358773393235436e+00
8.040695646611956349e+00,3.686403888004467083e-02,-2.923865100973507825e-02,9.618563225765392117e-06,1.890360260737872666e+00
8.043080191584261129e+00,3.679433864476361338e-02,-2.922133957285443298e-02,9.555061882324828462e-06,1.890361739146098730e+00
8.045464736556565910e+00,3.672467967120148641e-02,-2.920404338197797600e-02,9.491897883314129544e-06,1.890363208658690786e+00
8.047849281528870691e+00,3.665506192302420835e-02,-2.918676241975207142e-02,9.429069813688320721e-06,1.890364669316295432e+00
8.050233826501177248e+00,3.658548536393899792e-02,-2.916949666884612394e-02,9.366576263199134273e-06,1.890366121159428037e+00
8.052618371473482028e+00,3.651594995769450597e-02,-2.915224611195258234e-02,9.304415826380442133e-06,1.890367564228472741e+00
8.055002916445786809e+00,3.644645566808050324e-02,-2.913501073178682496e-02,9.242587102533341326e-06,1.890368998563684233e+00
8.057387461418091590e+00,3.637700245892797751e-02,-2.911779051108719790e-02,9.181088695711644296e-06,1.890370424205186417e+00
8.059772006390396371e+00,3.630759029410905725e-02,-2.910058543261495254e-02,9.119919214707267589e-06,1.890371841192973301e+00
8.062156551362701151e+00,3.623821913753694918e-02,-2.908339547915421430e-02,9.059077273035667969e-06,1.890373249566910108e+00
8.064541096335005932e+00,3.616888895316588970e-02,-2.906622063351195148e-02,8.998561488921353070e-06,1.890374649366731274e+00
8.066925641307310713e+00,3.609959970499108939e-02,-2.904906087851794744e-02,8.938370485283414073e-06,1.890376040632044008e+00
8.069310186279615493e+00,3.603035135704865666e-02,-2.903191619702475551e-02,8.878502889721092268e-06,1.890377423402325618e+00
8.071694731251920274e+00,3.596114387341557694e-02,-2.901478657190768168e-02,8.818957334499445561e-06,1.890378797716924852e+00
8.074079276224225055e+00,3.589197721820963638e-02,-2.899767198606472904e-02,8.759732456534998038e-06,1.890380163615063003e+00
8.076463821196529835e+00,3.582285135558938016e-02,-2.898057242241659087e-02,8.700826897381477631e-06,1.890381521135833243e+00
8.078848366168834616e+00,3.575376624975405010e-02,-2.896348786390659860e-02,8.642239303215575795e-06,1.890382870318200181e+00
8.081232911141139397e+00,3.568472186494353604e-02,-2.894641829350069751e-02,8.583968324822752931e-06,1.890384211201002307e+00
8.083617456113444177e+00,3.561571816543830649e-02,-2.892936369418741202e-02,8.526012617583094631e-06,1.890385543822950432e+00
8.086002001085748958e+00,3.554675511555938777e-02,-2.891232404897780758e-02,8.468370841457223825e-06,1.890386868222627914e+00
8.088386546058053739e+00,3.547783267966828080e-02,-2.889529934090547328e-02,8.411041660972229871e-06,1.890388184438492880e+00
8.090771091030358519e+00,3.540895082216690554e-02,-2.887828955302646633e-02,8.354023745207653546e-06,1.890389492508875779e+00
8.093155636002663300e+00,3.534010950749758018e-02,-2.886129466841930169e-02,8.297315767781536413e-06,1.890390792471982495e+00
8.095540180974968081e+00,3.527130870014292402e-02,-2.884431467018490694e-02,8.240916406836470192e-06,1.890392084365891456e+00
8.097924725947272862e+00,3.520254836462585052e-02,-2.882734954144659106e-02,8.184824345025747767e-06,1.890393368228557192e+00
8.100309270919577642e+00,3.513382846550947014e-02,-2.881039926535001322e-02,8.129038269499493872e-06,1.890394644097807886e+00
8.102693815891882423e+00,3.506514896739706955e-02,-2.879346382506314805e-02,8.073556871890890638e-06,1.890395912011347157e+00
8.105078360864187204e+00,3.499650983493202833e-02,-2.877654320377626487e-02,8.018378848302404839e-06,1.890397172006753834e+00
8.107462905836491984e+00,3.492791103279779819e-02,-2.875963738470187908e-02,7.963502899292104924e-06,1.890398424121483067e+00
8.109847450808798541e+00,3.485935252571779192e-02,-2.874274635107471054e-02,7.908927729859952630e-06,1.890399668392864774e+00
8.112231995781103322e+00,3.479083427845550136e-02,-2.872587008615171481e-02,7.854652049434311447e-06,1.890400904858105191e+00
8.114616540753408103e+00,3.472235625581417823e-02,-2.870900857321196167e-02,7.800674571858155225e-06,1.890402133554287989e+00
8.117001085725712883e+00,3.465391842263696592e-02,-2.869216179555665602e-02,7.746994015375678277e-06,1.890403354518371604e+00
8.119385630698017664e+00,3.458552074380681629e-02,-2.867532973650909617e-02,7.693609102618776733e-06,1.890404567787193235e+00
8.121770175670322445e+00,3.451716318424639940e-02,-2.865851237941464263e-02,7.640518560593563777e-06,1.890405773397466627e+00
8.124154720642627225e+00,3.444884570891808273e-02,-2.864170970764068347e-02,7.587721120666985677e-06,1.890406971385782731e+00
8.126539265614932006e+00,3.438056828282386179e-02,-2.862492170457659607e-02,7.535215518553438668e-06,1.890408161788609487e+00
8.128923810587236787e+00,3.431233087100533236e-02,-2.860814835363373332e-02,7.483000494301457825e-06,1.890409344642294487e+00
8.131308355559541567e+00,3.424413343854360720e-02,-2.859138963824537499e-02,7.431074792280412720e-06,1.890410519983062088e+00
8.133692900531846348e+00,3.417597595055926751e-02,-2.857464554186669656e-02,7.379437161167264060e-06,1.890411687847016076e+00
8.136077445504151129e+00,3.410785837221234212e-02,-2.855791604797474834e-02,7.328086353933383008e-06,1.890412848270138779e+00
8.138461990476455910e+00,3.403978066870222419e-02,-2.854120114006842082e-02,7.277021127831369655e-06,1.890414001288290846e+00
8.140846535448760690e+00,3.397174280526761569e-02,-2.852450080166840304e-02,7.226240244381929094e-06,1.890415146937213464e+00
8.143231080421065471e+00,3.390374474718651360e-02,-2.850781501631715828e-02,7.175742469360820333e-06,1.890416285252525919e+00
8.145615625393370252e+00,3.383578645977610572e-02,-2.849114376757889630e-02,7.125526572785778959e-06,1.890417416269728923e+00
8.148000170365675032e+00,3.376786790839277075e-02,-2.847448703903953521e-02,7.075591328903560066e-06,1.890418540024201510e+00
8.150384715337979813e+00,3.369998905843198111e-02,-2.845784481430667368e-02,7.025935516176946473e-06,1.890419656551204142e+00
8.152769260310284594e+00,3.363214987532828909e-02,-2.844121707700955626e-02,6.976557917271860265e-06,1.890420765885877596e+00
8.155153805282589374e+00,3.356435032455523659e-02,-2.842460381079904216e-02,6.927457319044460789e-06,1.890421868063243638e+00
8.157538350254894155e+00,3.349659037162535519e-02,-2.840800499934758444e-02,6.878632512528343445e-06,1.890422963118204569e+00
8.159922895227198936e+00,3.342886998209005506e-02,-2.839142062634918487e-02,6.830082292921704594e-06,1.890424051085545232e+00
8.162307440199503716e+00,3.336118912153961807e-02,-2.837485067551935927e-02,6.781805459574615739e-06,1.890425131999930342e+00
8.164691985171808497e+00,3.329354775560312840e-02,-2.835829513059513057e-02,6.733800815976296003e-06,1.890426205895908041e+00
8.167076530144113278e+00,3.322594584994842393e-02,-2.834175397533497329e-02,6.686067169742437980e-06,1.890427272807907899e+00
8.169461075116419835e+00,3.315838337028199911e-02,-2.832522719351877882e-02,6.638603332602541199e-06,1.890428332770242026e+00
8.171845620088724615e+00,3.309086028234915072e-02,-2.830871476894787631e-02,6.591408120387450581e-06,1.890429385817104846e+00
8.174230165061029396e+00,3.302337655193361698e-02,-2.829221668544492155e-02,6.544480353016584871e-06,1.890430431982573767e+00
8.176614710033334177e+00,3.295593214485775108e-02,-2.827573292685392481e-02,6.497818854485575043e-06,1.890431471300610067e+00
8.178999255005638958e+00,3.288852702698238928e-02,-2.825926347704019528e-02,6.451422452853728209e-06,1.890432503805057118e+00
8.181383799977943738e+00,3.282116116420682322e-02,-2.824280831989032375e-02,6.405289980231604191e-06,1.890433529529643275e+00
8.183768344950248519e+00,3.275383452246875826e-02,-2.822636743931213749e-02,6.359420272768622577e-06,1.890434548507979651e+00
8.186152889922553300e+00,3.268654706774421631e-02,-2.820994081923468288e-02,6.313812170640667245e-06,1.890435560773562340e+00
8.188537434894858080e+00,3.261929876604753586e-02,-2.819352844360818733e-02,6.268464518037796761e-06,1.890436566359772197e+00
8.190921979867162861e+00,3.255208958343130260e-02,-2.817713029640402794e-02,6.223376163151949694e-06,1.890437565299873057e+00
8.193306524839467642e+00,3.248491948598628692e-02,-2.816074636161470038e-02,6.178545958164685508e-06,1.890438557627015292e+00
8.195691069811772422e+00,3.241778843984141623e-02,-2.814437662325379799e-02,6.133972759234998303e-06,1.890439543374234033e+00
8.198075614784077203e+00,3.235069641116370548e-02,-2.812802106535597021e-02,6.089655426487126313e-06,1.890440522574449389e+00
8.200460159756381984e+00,3.228364336615822255e-02,-2.811167967197689826e-02,6.045592823998435947e-06,1.890441495260467786e+00
8.202844704728686764e+00,3.221662927106801189e-02,-2.809535242719325351e-02,6.001783819787308373e-06,1.890442461464980628e+00
8.205229249700991545e+00,3.214965409217408754e-02,-2.807903931510269055e-02,5.958227285801113341e-06,1.890443421220566522e+00
8.207613794673296326e+00,3.208271779579533606e-02,-2.806274031982379166e-02,5.914922097904155908e-06,1.890444374559689944e+00
8.209998339645601106e+00,3.201582034828850953e-02,-2.804645542549604950e-02,5.871867135865729036e-06,1.890445321514701904e+00
8.212382884617905887e+00,3.194896171604813540e-02,-2.803018461627983932e-02,5.829061283348139933e-06,1.890446262117841059e+00
8.214767429590210668e+00,3.188214186550650947e-02,-2.801392787635637732e-02,5.786503427894832113e-06,1.890447196401232599e+00
8.217151974562515448e+00,3.181536076313359190e-02,-2.799768518992770336e-02,5.744192460918484581e-06,1.890448124396889584e+00
8.219536519534820229e+00,3.174861837543702103e-02,-2.798145654121664272e-02,5.702127277689216901e-06,1.890449046136711830e+00
8.221921064507125010e+00,3.168191466896201625e-02,-2.796524191446677146e-02,5.660306777322766307e-06,1.890449961652487465e+00
8.224305609479429791e+00,3.161524961029134329e-02,-2.794904129394240599e-02,5.618729862768739359e-06,1.890450870975894260e+00
8.226690154451734571e+00,3.154862316604526568e-02,-2.793285466392854757e-02,5.577395440798889854e-06,1.890451774138495633e+00
8.229074699424039352e+00,3.148203530288150309e-02,-2.791668200873087535e-02,5.536302421995440780e-06,1.890452671171745980e+00
8.231459244396345909e+00,3.141548598749511340e-02,-2.790052331267568742e-02,5.495449720739393570e-06,1.890453562106987784e+00
8.233843789368650690e+00,3.134897518661866611e-02,-2.788437856010992852e-02,5.454836255199052499e-06,1.890454446975452063e+00
8.236228334340955470e+00,3.128250286702187466e-02,-2.786824773540108602e-02,5.414460947318256007e-06,1.890455325808260367e+00
8.238612879313260251e+00,3.121606899551175249e-02,-2.785213082293720374e-02,5.374322722804960390e-06,1.890456198636422780e+00
8.240997424285565032e+00,3.114967353893252286e-02,-2.783602780712685076e-02,5.334420511119715917e-06,1.890457065490840360e+00
8.243381969257869812e+00,3.108331646416555988e-02,-2.781993867239908325e-02,5.294753245464188686e-06,1.890457926402303368e+00
8.245766514230174593e+00,3.101699773812933644e-02,-2.780386340320340974e-02,5.255319862769732456e-06,1.890458781401492372e+00
8.248151059202479374e+00,3.095071732777938955e-02,-2.778780198400977730e-02,5.216119303685997747e-06,1.890459630518979806e+00
8.250535604174784154e+00,3.088447520010826827e-02,-2.777175439930852988e-02,5.177150512569574823e-06,1.890460473785226858e+00
8.252920149147088935e+00,3.081827132214547127e-02,-2.775572063361038747e-02,5.138412437472654461e-06,1.890461311230588359e+00
8.255304694119393716e+00,3.075210566095740866e-02,-2.773970067144640103e-02,5.099904030131752250e-06,1.890462142885308339e+00
8.257689239091698497e+00,3.068597818364736038e-02,-2.772369449736794209e-02,5.061624245956454911e-06,1.890462968779522912e+00
8.260073784064003277e+00,3.061988885735541024e-02,-2.770770209594666800e-02,5.023572044018193719e-06,1.890463788943260948e+00
8.262458329036308058e+00,3.055383764925841475e-02,-2.769172345177447689e-02,4.985746387039070450e-06,1.890464603406442290e+00
8.264842874008612839e+00,3.048782452656994754e-02,-2.767575854946350764e-02,4.948146241380704494e-06,1.890465412198879536e+00
8.267227418980917619e+00,3.042184945654024739e-02,-2.765980737364608089e-02,4.910770577033118090e-06,1.890466215350277812e+00
8.269611963953222400e+00,3.035591240645617306e-02,-2.764386990897468865e-02,4.873618367603659676e-06,1.890467012890234555e+00
8.271996508925527181e+00,3.029001334364116171e-02,-2.762794614012196309e-02,4.836688590305962814e-06,1.890467804848241729e+00
8.274381053897831961e+00,3.022415223545517338e-02,-2.761203605178063833e-02,4.799980225948933069e-06,1.890468591253681829e+00
8.276765598870136742e+00,3.015832904929463890e-02,-2.759613962866353312e-02,4.763492258925770462e-06,1.890469372135833659e+00
8.279150143842441523e+00,3.009254375259242872e-02,-2.758025685550351269e-02,4.727223677203037660e-06,1.890470147523868105e+00
8.281534688814746303e+00,3.002679631281778352e-02,-2.756438771705346444e-02,4.691173472309743419e-06,1.890470917446850141e+00
8.283919233787051084e+00,2.996108669747628642e-02,-2.754853219808626671e-02,4.655340639326477689e-06,1.890471681933740156e+00
8.286303778759355865e+00,2.989541487410980400e-02,-2.753269028339476107e-02,4.619724176874572138e-06,1.890472441013390847e+00
8.288688323731660645e+00,2.982978081029643430e-02,-2.751686195779172797e-02,4.584323087105286923e-06,1.890473194714550997e+00
8.291072868703967202e+00,2.976418447365043046e-02,-2.750104720610984169e-02,4.549136375689032202e-06,1.890473943065865470e+00
8.293457413676271983e+00,2.969862583182232910e-02,-2.748524601320168070e-02,4.514163051804717537e-06,1.890474686095870771e+00
8.295841958648576764e+00,2.963310485249860682e-02,-2.746945836393964446e-02,4.479402128128896325e-06,1.890475423833002599e+00
8.298226503620881545e+00,2.956762150340185719e-02,-2.745368424321596376e-02,4.444852620825213453e-06,1.890476156305589850e+00
8.300611048593186325e+00,2.950217575229065886e-02,-2.743792363594265912e-02,4.410513549533721682e-06,1.890476883541857944e+00
8.302995593565491106e+00,2.943676756695955132e-02,-2.742217652705151304e-02,4.376383937360295421e-06,1.890477605569928610e+00
8.305380138537795887e+00,2.937139691523898630e-02,-2.740644290149404569e-02,4.342462810866054678e-06,1.890478322417819657e+00
8.307764683510100667e+00,2.930606376499526183e-02,-2.739072274424147677e-02,4.308749200056821190e-06,1.890479034113445422e+00
8.310149228482405448e+00,2.924076808413050496e-02,-2.737501604028471508e-02,4.275242138372631313e-06,1.890479740684617216e+00
8.312533773454710229e+00,2.917550984058260230e-02,-2.735932277463430304e-02,4.241940662677248904e-06,1.890480442159042873e+00
8.314918318427015009e+00,2.911028900232515496e-02,-2.734364293232042012e-02,4.208843813247731569e-06,1.890481138564328756e+00
8.317302863399319790e+00,2.904510553736744383e-02,-2.732797649839282736e-02,4.175950633764028253e-06,1.890481829927976642e+00
8.319687408371624571e+00,2.897995941375437756e-02,-2.731232345792085695e-02,4.143260171298608167e-06,1.890482516277387948e+00
8.322071953343929351e+00,2.891485059956643705e-02,-2.729668379599337058e-02,4.110771476306109201e-06,1.890483197639861057e+00
8.324456498316234132e+00,2.884977906291964420e-02,-2.728105749771874561e-02,4.078483602613043080e-06,1.890483874042592660e+00
8.326841043288538913e+00,2.878474477196549600e-02,-2.726544454822483338e-02,4.046395607407505614e-06,1.890484545512677972e+00
8.329225588260843693e+00,2.871974769489094373e-02,-2.724984493265894189e-02,4.014506551228949620e-06,1.890485212077110289e+00
8.331610133233148474e+00,2.865478779991832356e-02,-2.723425863618780113e-02,3.982815497957956149e-06,1.890485873762782987e+00
8.333994678205453255e+00,2.858986505530531838e-02,-2.721868564399753873e-02,3.951321514806065862e-06,1.890486530596487746e+00
8.336379223177758035e+00,2.852497942934491965e-02,-2.720312594129364880e-02,3.920023672305627333e-06,1.890487182604915217e+00
8.338763768150062816e+00,2.846013089036536492e-02,-2.718757951330096415e-02,3.888921044299679244e-06,1.890487829814656129e+00
8.341148313122367597e+00,2.839531940673011012e-02,-2.717204634526363891e-02,3.858012707931872390e-06,1.890488472252201291e+00
8.343532858094672378e+00,2.833054494683776361e-02,-2.715652642244510348e-02,3.827297743636406073e-06,1.890489109943940704e+00
8.345917403066977158e+00,2.826580747912205843e-02,-2.714101973012804370e-02,3.796775235128017874e-06,1.890489742916165117e+00
8.348301948039281939e+00,2.820110697205180025e-02,-2.712552625361438347e-02,3.766444269391988237e-06,1.890490371195065578e+00
8.350686493011588496e+00,2.813644339413076331e-02,-2.711004597822522927e-02,3.736303936674156067e-06,1.890490994806733660e+00
8.353071037983893277e+00,2.807181671389785693e-02,-2.709457888930090486e-02,3.706353330471089763e-06,1.890491613777162572e+00
8.355455582956198057e+00,2.800722689992676817e-02,-2.707912497220083328e-02,3.676591547520046488e-06,1.890492228132245822e+00
8.357840127928502838e+00,2.794267392082612489e-02,-2.706368421230358201e-02,3.647017687789201644e-06,1.890492837897778555e+00
8.360224672900807619e+00,2.787815774523940554e-02,-2.704825659500680046e-02,3.617630854467796183e-06,1.890493443099457993e+00
8.362609217873112399e+00,2.781367834184487672e-02,-2.703284210572720961e-02,3.588430153956323310e-06,1.890494043762882104e+00
8.364993762845417180e+00,2.774923567935555849e-02,-2.701744072990055340e-02,3.559414695856760921e-06,1.890494639913551822e+00
8.367378307817721961e+00,2.768482972651917923e-02,-2.700205245298160570e-02,3.530583592962830299e-06,1.890495231576870605e+00
8.369762852790026741e+00,2.762046045211812711e-02,-2.698667726044410436e-02,3.501935961250280226e-06,1.890495818778142878e+00
8.372147397762331522e+00,2.755612782496940499e-02,-2.697131513778075473e-02,3.473470919867210052e-06,1.890496401542577587e+00
8.374531942734636303e+00,2.749183181392458875e-02,-2.695596607050318103e-02,3.445187591124414791e-06,1.890496979895285534e+00
8.376916487706941084e+00,2.742757238786978219e-02,-2.694063004414191248e-02,3.417085100485769604e-06,1.890497553861280711e+00
8.379301032679245864e+00,2.736334951572556157e-02,-2.692530704424634866e-02,3.389162576558630374e-06,1.890498123465480962e+00
8.381685577651550645e+00,2.729916316644694779e-02,-2.690999705638473863e-02,3.361419151084283408e-06,1.890498688732707100e+00
8.384070122623855426e+00,2.723501330902334747e-02,-2.689470006614414974e-02,3.333853958928407425e-06,1.890499249687685124e+00
8.386454667596160206e+00,2.717089991247851472e-02,-2.687941605913044332e-02,3.306466138071576620e-06,1.890499806355043111e+00
8.388839212568464987e+00,2.710682294587050262e-02,-2.686414502096824003e-02,3.279254829599787027e-06,1.890500358759315436e+00
8.391223757540769768e+00,2.704278237829162504e-02,-2.684888693730090245e-02,3.252219177695019299e-06,1.890500906924938995e+00
8.393608302513074548e+00,2.697877817886840113e-02,-2.683364179379050390e-02,3.225358329625822667e-06,1.890501450876256762e+00
8.395992847485379329e+00,2.691481031676152408e-02,-2.681840957611780416e-02,3.198671435737936592e-06,1.890501990637516005e+00
8.398377392457684110e+00,2.685087876116580216e-02,-2.680319026998222165e-02,3.172157649444934436e-06,1.890502526232870073e+00
8.400761937429988890e+00,2.678698348131013096e-02,-2.678798386110179536e-02,3.145816127218906951e-06,1.890503057686376165e+00
8.403146482402293671e+00,2.672312444645743440e-02,-2.677279033521318477e-02,3.119646028581159738e-06,1.890503585021998223e+00
8.405531027374598452e+00,2.665930162590462657e-02,-2.675760967807161786e-02,3.093646516092954328e-06,1.890504108263606042e+00
8.407915572346903232e+00,2.659551498898256316e-02,-2.674244187545086679e-02,3.067816755346268749e-06,1.890504627434974383e+00
8.410300117319208013e+00,2.653176450505600678e-02,-2.672728691314324445e-02,3.042155914954595781e-06,1.890505142559786078e+00
8.412684662291514570e+00,2.646805014352352631e-02,-2.671214477695953160e-02,3.016663166543740795e-06,1.890505653661627816e+00
8.415069207263819351e+00,2.640437187381764611e-02,-2.669701545272903237e-02,2.991337684742751717e-06,1.890506160763995247e+00
8.417453752236124132e+00,2.634072966540451990e-02,-2.668189892629944937e-02,2.966178647174685952e-06,1.890506663890290540e+00
8.419838297208428912e+00,2.627712348778406606e-02,-2.666679518353691838e-02,2.941185234447589055e-06,1.890507163063821938e+00
8.422222842180733693e+00,2.621355331048989476e-02,-2.665170421032596673e-02,2.916356630145421317e-06,1.890507658307805761e+00
8.424607387153038474e+00,2.615001910308924205e-02,-2.663662599256948899e-02,2.891692020819014418e-06,1.890508149645366620e+00
8.426991932125343254e+00,2.608652083518294557e-02,-2.662156051618871574e-02,2.867190595977071697e-06,1.890508637099534317e+00
8.429376477097648035e+00,2.602305847640538558e-02,-2.660650776712319629e-02,2.842851548077185797e-06,1.890509120693250278e+00
8.431761022069952816e+00,2.595963199642445721e-02,-2.659146773133075695e-02,2.818674072516894843e-06,1.890509600449360672e+00
8.434145567042257596e+00,2.589624136494151144e-02,-2.657644039478749415e-02,2.794657367624753863e-06,1.890510076390622629e+00
8.436530112014562377e+00,2.583288655169131698e-02,-2.656142574348773627e-02,2.770800634651445184e-06,1.890510548539700464e+00
8.438914656986867158e+00,2.576956752644202209e-02,-2.654642376344401242e-02,2.747103077760912957e-06,1.890511016919167897e+00
8.441299201959171938e+00,2.570628425899510947e-02,-2.653143444068704893e-02,2.723563904021526063e-06,1.890511481551508055e+00
8.443683746931476719e+00,2.564303671918534075e-02,-2.651645776126571388e-02,2.700182323397264314e-06,1.890511942459112138e+00
8.446068291903781500e+00,2.557982487688073570e-02,-2.650149371124701364e-02,2.676957548738942765e-06,1.890512399664281862e+00
8.448452836876086280e+00,2.551664870198250279e-02,-2.648654227671605466e-02,2.653888795775450007e-06,1.890512853189228348e+00
8.450837381848391061e+00,2.545350816442501843e-02,-2.647160344377602267e-02,2.630975283105027116e-06,1.890513303056072347e+00
8.453221926820695842e+00,2.539040323417577488e-02,-2.645667719854816191e-02,2.608216232186566082e-06,1.890513749286846013e+00
8.455606471793000622e+00,2.532733388123533866e-02,-2.644176352717172995e-02,2.585610867330938735e-06,1.890514191903489571e+00
8.457991016765305403e+00,2.526430007563729846e-02,-2.642686241580400122e-02,2.563158415692347266e-06,1.890514630927855988e+00
8.460375561737610184e+00,2.520130178744823396e-02,-2.641197385062021147e-02,2.540858107259712019e-06,1.890515066381707632e+00
8.462760106709914965e+00,2.513833898676767417e-02,-2.639709781781355430e-02,2.518709174848081310e-06,1.890515498286718277e+00
8.465144651682219745e+00,2.507541164372804540e-02,-2.638223430359514302e-02,2.496710854090064532e-06,1.890515926664472879e+00
8.467529196654524526e+00,2.501251972849463309e-02,-2.636738329419399327e-02,2.474862383427297029e-06,1.890516351536468243e+00
8.469913741626829307e+00,2.494966321126554018e-02,-2.635254477585698488e-02,2.453163004101932497e-06,1.890516772924111466e+00
8.472298286599135864e+00,2.488684206227158996e-02,-2.633771873484884452e-02,2.431611960148140044e-06,1.890517190848723050e+00
8.474682831571440644e+00,2.482405625177648914e-02,-2.632290515745214221e-02,2.410208498383718986e-06,1.890517605331534234e+00
8.477067376543745425e+00,2.476130575007648438e-02,-2.630810402996722197e-02,2.388951868401567535e-06,1.890518016393689882e+00
8.479451921516050206e+00,2.469859052750051492e-02,-2.629331533871220178e-02,2.367841322561345023e-06,1.890518424056245372e+00
8.481836466488354986e+00,2.463591055441012936e-02,-2.627853907002294237e-02,2.346876115981083744e-06,1.890518828340170376e+00
8.484221011460659767e+00,2.457326580119943010e-02,-2.626377521025303682e-02,2.326055506528834659e-06,1.890519229266347079e+00
8.486605556432964548e+00,2.451065623829504908e-02,-2.624902374577375505e-02,2.305378754814347846e-06,1.890519626855569513e+00
8.488990101405269328e+00,2.444808183615608879e-02,-2.623428466297405420e-02,2.284845124180772418e-06,1.890520021128547556e+00
8.491374646377574109e+00,2.438554256527408412e-02,-2.621955794826052316e-02,2.264453880696384826e-06,1.890520412105901826e+00
8.493759191349878890e+00,2.432303839617297112e-02,-2.620484358805736866e-02,2.244204293146348924e-06,1.890520799808167451e+00
8.496143736322183670e+00,2.426056929940902801e-02,-2.619014156880640487e-02,2.224095633024492121e-06,1.890521184255795628e+00
8.498528281294488451e+00,2.419813524557085441e-02,-2.617545187696699444e-02,2.204127174525116696e-06,1.890521565469147625e+00
8.500912826266793232e+00,2.413573620527930189e-02,-2.616077449901606233e-02,2.184298194534827619e-06,1.890521943468502775e+00
8.503297371239098013e+00,2.407337214918746013e-02,-2.614610942144804037e-02,2.164607972624398073e-06,1.890522318274052926e+00
8.505681916211402793e+00,2.401104304798059447e-02,-2.613145663077485678e-02,2.145055791040647255e-06,1.890522689905905107e+00
8.508066461183707574e+00,2.394874887237612160e-02,-2.611681611352590499e-02,2.125640934698358833e-06,1.890523058384080635e+00
8.510451006156012355e+00,2.388648959312354714e-02,-2.610218785624802973e-02,2.106362691172207030e-06,1.890523423728517560e+00
8.512835551128317135e+00,2.382426518100444132e-02,-2.608757184550548891e-02,2.087220350688725054e-06,1.890523785959068004e+00
8.515220096100621916e+00,2.376207560683239392e-02,-2.607296806787993276e-02,2.068213206118290479e-06,1.890524145095499486e+00
8.517604641072926697e+00,2.369992084145296912e-02,-2.605837650997038304e-02,2.049340552967136869e-06,1.890524501157496262e+00
8.519989186045231477e+00,2.363780085574366391e-02,-2.604379715839320875e-02,2.030601689369390404e-06,1.890524854164658208e+00
8.522373731017536258e+00,2.357571562061386641e-02,-2.602922999978208793e-02,2.011995916079132755e-06,1.890525204136500159e+00
8.524758275989841039e+00,2.351366510700482471e-02,-2.601467502078800426e-02,1.993522536462491491e-06,1.890525551092455014e+00
8.527142820962145819e+00,2.345164928588958780e-02,-2.600013220807920536e-02,1.975180856489748697e-06,1.890525895051871297e+00
8.529527365934450600e+00,2.338966812827298486e-02,-2.598560154834118549e-02,1.956970184727483471e-06,1.890526236034014262e+00
8.531911910906757157e+00,2.332772160519151761e-02,-2.597108302827665083e-02,1.938889832330716966e-06,1.890526574058066789e+00
8.534296455879061938e+00,2.326580968771352342e-02,-2.595657663460553682e-02,1.920939113035158226e-06,1.890526909143128043e+00
8.536681000851366719e+00,2.320393234693883186e-02,-2.594208235406491453e-02,1.903117343149328052e-06,1.890527241308215922e+00
8.539065545823671499e+00,2.314208955399894505e-02,-2.592760017340901141e-02,1.885423841546862644e-06,1.890527570572263727e+00
8.541450090795976280e+00,2.308028128005691279e-02,-2.591313007940918706e-02,1.867857929658748643e-06,1.890527896954124820e+00
8.543834635768281061e+00,2.301850749630731524e-02,-2.589867205885389156e-02,1.850418931465618096e-06,1.890528220472569076e+00
8.546219180740585841e+00,2.295676817397622124e-02,-2.588422609854864817e-02,1.833106173490057181e-06,1.890528541146284436e+00
8.548603725712890622e+00,2.289506328432113283e-02,-2.586979218531603938e-02,1.815918984788939078e-06,1.890528858993879346e+00
8.550988270685195403e+00,2.283339279863095747e-02,-2.585537030599566188e-02,1.798856696945785641e-06,1.890529174033877657e+00
8.553372815657500183e+00,2.277175668822596297e-02,-2.584096044744411957e-02,1.781918644063150874e-06,1.890529486284723726e+00
8.555757360629804964e+00,2.271015492445774275e-02,-2.582656259653499584e-02,1.765104162755030670e-06,1.890529795764781751e+00
8.558141905602109745e+00,2.264858747870916386e-02,-2.581217674015882230e-02,1.748412592139290759e-06,1.890530102492333553e+00
8.560526450574414525e+00,2.258705432239433916e-02,-2.579780286522306149e-02,1.731843273830128118e-06,1.890530406485581016e+00
8.562910995546719306e+00,2.252555542695857532e-02,-2.578344095865207561e-02,1.715395551930546772e-06,1.890530707762644758e+00
8.565295540519024087e+00,2.246409076387834505e-02,-2.576909100738711961e-02,1.699068773024865581e-06,1.890531006341566789e+00
8.567680085491328867e+00,2.240266030466123159e-02,-2.575475299838628912e-02,1.682862286171242748e-06,1.890531302240307410e+00
8.570064630463633648e+00,2.234126402084590096e-02,-2.574042691862452742e-02,1.666775442894231036e-06,1.890531595476748317e+00
8.572449175435938429e+00,2.227990188400206378e-02,-2.572611275509357684e-02,1.650807597177353097e-06,1.890531886068691048e+00
8.574833720408243209e+00,2.221857386573042326e-02,-2.571181049480196837e-02,1.634958105455698199e-06,1.890532174033857427e+00
8.577218265380547990e+00,2.215727993766264392e-02,-2.569752012477499389e-02,1.619226326608547950e-06,1.890532459389890896e+00
8.579602810352852771e+00,2.209602007146130309e-02,-2.568324163205467844e-02,1.603611621952018977e-06,1.890532742154354962e+00
8.581987355325157552e+00,2.203479423881986310e-02,-2.566897500369976631e-02,1.588113355231737142e-06,1.890533022344734526e+00
8.584371900297462332e+00,2.197360241146262619e-02,-2.565472022678568984e-02,1.572730892615529560e-06,1.890533299978436554e+00
8.586756445269767113e+00,2.191244456114468941e-02,-2.564047728840454163e-02,1.557463602686138842e-06,1.890533575072788297e+00
8.589140990242071894e+00,2.185132065965191342e-02,-2.562624617566506419e-02,1.542310856433965716e-06,1.890533847645039511e+00
8.591525535214378451e+00,2.179023067880083223e-02,-2.561202687569260478e-02,1.527272027249820123e-06,1.890534117712362017e+00
8.593910080186683231e+00,2.172917459043879548e-02,-2.559781937562913279e-02,1.512346490917751079e-06,1.890534385291849251e+00
8.596294625158988012e+00,2.166815236644365969e-02,-2.558362366263316687e-02,1.497533625607790355e-06,1.890534650400517602e+00
8.598679170131292793e+00,2.160716397872392350e-02,-2.556943972387977493e-02,1.482832811868828300e-06,1.890534913055305744e+00
8.601063715103597573e+00,2.154620939921864792e-02,-2.555526754656055680e-02,1.468243432621457677e-06,1.890535173273074632e+00
8.603448260075902354e+00,2.148528859989742509e-02,-2.554110711788360605e-02,1.453764873150854990e-06,1.890535431070608841e+00
8.605832805048207135e+00,2.142440155276032279e-02,-2.552695842507349613e-02,1.439396521099677055e-06,1.890535686464615450e+00
8.608217350020511915e+00,2.136354822983784971e-02,-2.551282145537125609e-02,1.425137766460985940e-06,1.890535939471724713e+00
8.610601894992816696e+00,2.130272860319092770e-02,-2.549869619603434626e-02,1.410988001571197633e-06,1.890536190108491388e+00
8.612986439965121477e+00,2.124194264491083978e-02,-2.548458263433663398e-02,1.396946621103048278e-06,1.890536438391393403e+00
8.615370984937426257e+00,2.118119032711919536e-02,-2.547048075756836241e-02,1.383013022058586885e-06,1.890536684336831197e+00
8.617755529909731038e+00,2.112047162196789563e-02,-2.545639055303615048e-02,1.369186603762189845e-06,1.890536927961131930e+00
8.620140074882035819e+00,2.105978650163907798e-02,-2.544231200806294085e-02,1.355466767853594090e-06,1.890537169280544605e+00
8.622524619854340600e+00,2.099913493834510564e-02,-2.542824510998799997e-02,1.341852918280962429e-06,1.890537408311244727e+00
8.624909164826645380e+00,2.093851690432850174e-02,-2.541418984616688331e-02,1.328344461293958209e-06,1.890537645069330530e+00
8.627293709798950161e+00,2.087793237186192155e-02,-2.540014620397140765e-02,1.314940805436851528e-06,1.890537879570826307e+00
8.629678254771254942e+00,2.081738131324812474e-02,-2.538611417078964413e-02,1.301641361541647038e-06,1.890538111831680634e+00
8.632062799743559722e+00,2.075686370081990598e-02,-2.537209373402588355e-02,1.288445542721225527e-06,1.890538341867768590e+00
8.634447344715864503e+00,2.069637950694009493e-02,-2.535808488110061210e-02,1.275352764362521065e-06,1.890538569694888871e+00
8.636831889688169284e+00,2.063592870400148341e-02,-2.534408759945049744e-02,1.262362444119706197e-06,1.890538795328767341e+00
8.639216434660474064e+00,2.057551126442681497e-02,-2.533010187652835060e-02,1.249474001907412300e-06,1.890539018785054370e+00
8.641600979632778845e+00,2.051512716066872244e-02,-2.531612769980312941e-02,1.236686859893958182e-06,1.890539240079328165e+00
8.643985524605083626e+00,2.045477636520970366e-02,-2.530216505675988298e-02,1.224000442494612572e-06,1.890539459227090768e+00
8.646370069577388406e+00,2.039445885056208330e-02,-2.528821393489975172e-02,1.211414176364872704e-06,1.890539676243771616e+00
8.648754614549693187e+00,2.033417458926796428e-02,-2.527427432173994307e-02,1.198927490393762380e-06,1.890539891144727758e+00
8.651139159521997968e+00,2.027392355389920700e-02,-2.526034620481368981e-02,1.186539815697159467e-06,1.890540103945241412e+00
8.653523704494304525e+00,2.021370571705732172e-02,-2.524642957167024665e-02,1.174250585611125087e-06,1.890540314660522636e+00
8.655908249466609306e+00,2.015352105137363167e-02,-2.523252440987488673e-02,1.162059235685310954e-06,1.890540523305708209e+00
8.658292794438914086e+00,2.009336952950896080e-02,-2.521863070700881490e-02,1.149965203676290040e-06,1.890540729895862304e+00
8.660677339411218867e+00,2.003325112415376211e-02,-2.520474845066920586e-02,1.137967929540999490e-06,1.890540934445976262e+00
8.663061884383523648e+00,1.997316580802805178e-02,-2.519087762846915560e-02,1.126066855430165733e-06,1.890541136970969927e+00
8.665446429355828428e+00,1.991311355388136403e-02,-2.517701822803766754e-02,1.114261425681752898e-06,1.890541337485690976e+00
8.667830974328133209e+00,1.985309433449271299e-02,-2.516317023701961780e-02,1.102551086814436213e-06,1.890541536004913592e+00
8.670215519300437990e+00,1.979310812267055103e-02,-2.514933364307575178e-02,1.090935287521095096e-06,1.890541732543342235e+00
8.672600064272742770e+00,1.973315489125274103e-02,-2.513550843388263900e-02,1.079413478662330179e-06,1.890541927115608312e+00
8.674984609245047551e+00,1.967323461310650431e-02,-2.512169459713266967e-02,1.067985113259995364e-06,1.890542119736273063e+00
8.677369154217352332e+00,1.961334726112840682e-02,-2.510789212053402691e-02,1.056649646490761005e-06,1.890542310419825123e+00
8.679753699189657112e+00,1.955349280824428618e-02,-2.509410099181065557e-02,1.045406535679684508e-06,1.890542499180683844e+00
8.682138244161961893e+00,1.949367122740925176e-02,-2.508032119870225521e-02,1.034255240293815867e-06,1.890542686033196196e+00
8.684522789134266674e+00,1.943388249160761527e-02,-2.506655272896424203e-02,1.023195221935812091e-06,1.890542870991638980e+00
8.686907334106571454e+00,1.937412657385288034e-02,-2.505279557036774185e-02,1.012225944337583402e-06,1.890543054070219053e+00
8.689291879078876235e+00,1.931440344718768354e-02,-2.503904971069955201e-02,1.001346873353948959e-06,1.890543235283072665e+00
8.691676424051181016e+00,1.925471308468376663e-02,-2.502531513776213787e-02,9.905574769563222203e-07,1.890543414644266118e+00
8.694060969023485796e+00,1.919505545944193842e-02,-2.501159183937359115e-02,9.798572252264132629e-07,1.890543592167795106e+00
8.696445513995790577e+00,1.913543054459204695e-02,-2.499787980336761958e-02,9.692455903499524736e-07,1.890543767867586489e+00
8.698830058968095358e+00,1.907583831329291366e-02,-2.498417901759352605e-02,9.587220466104316130e-07,1.890543941757497626e+00
8.701214603940400139e+00,1.901627873873233329e-02,-2.497048946991617738e-02,9.482860703828723003e-07,1.890544113851315489e+00
8.703599148912704919e+00,1.895675179412700806e-02,-2.495681114821599739e-02,9.379371401276077318e-07,1.890544284162759547e+00
8.705983693885009700e+00,1.889725745272253024e-02,-2.494314404038892180e-02,9.276747363840897060e-07,1.890544452705478218e+00
8.708368238857314481e+00,1.883779568779332322e-02,-2.492948813434640171e-02,9.174983417647117415e-07,1.890544619493053524e+00
8.710752783829619261e+00,1.877836647264263109e-02,-2.491584341801536193e-02,9.074074409486583473e-07,1.890544784538996215e+00
8.713137328801925818e+00,1.871896978060241801e-02,-2.490220987933818367e-02,8.974015206757607515e-07,1.890544947856751534e+00
8.715521873774230599e+00,1.865960558503351394e-02,-2.488858750627271493e-02,8.874800697404138286e-07,1.890545109459693895e+00
8.717906418746535380e+00,1.860027385932530933e-02,-2.487497628679218378e-02,8.776425789854371222e-07,1.890545269361131320e+00
8.720290963718840160e+00,1.854097457689591125e-02,-2.486137620888522609e-02,8.678885412960339117e-07,1.890545427574302328e+00
8.722675508691144941e+00,1.848170771119203581e-02,-2.484778726055585779e-02,8.582174515937255039e-07,1.890545584112379940e+00
8.725060053663449722e+00,1.842247323568899087e-02,-2.483420942982344018e-02,8.486288068303212050e-07,1.890545738988468338e+00
8.727444598635754502e+00,1.836327112389064126e-02,-2.482064270472265910e-02,8.391221059819044931e-07,1.890545892215603985e+00
8.729829143608059283e+00,1.830410134932936028e-02,-2.480708707330351454e-02,8.296968500428379302e-07,1.890546043806756948e+00
8.732213688580364064e+00,1.824496388556598805e-02,-2.479354252363129632e-02,8.203525420197880860e-07,1.890546193774830686e+00
8.734598233552668844e+00,1.818585870618982456e-02,-2.478000904378654945e-02,8.110886869257757673e-07,1.890546342132660262e+00
8.736982778524973625e+00,1.812678578481856026e-02,-2.476648662186506714e-02,8.019047917742371516e-07,1.890546488893015686e+00
8.739367323497278406e+00,1.806774509509825877e-02,-2.475297524597786999e-02,7.928003655731116035e-07,1.890546634068600129e+00
8.741751868469583187e+00,1.800873661070331519e-02,-2.473947490425116788e-02,7.837749193189457956e-07,1.890546777672050371e+00
8.744136413441887967e+00,1.794976030533641451e-02,-2.472598558482635642e-02,7.748279659910174180e-07,1.890546919715937024e+00
8.746520958414192748e+00,1.789081615272851422e-02,-2.471250727585998924e-02,7.659590205454822860e-07,1.890547060212764974e+00
8.748905503386497529e+00,1.783190412663877844e-02,-2.469903996552375372e-02,7.571675999095332010e-07,1.890547199174973381e+00
8.751290048358802309e+00,1.777302420085457094e-02,-2.468558364200445707e-02,7.484532229755875048e-07,1.890547336614936125e+00
8.753674593331107090e+00,1.771417634919140310e-02,-2.467213829350398818e-02,7.398154105954872329e-07,1.890547472544960916e+00
8.756059138303411871e+00,1.765536054549289580e-02,-2.465870390823932459e-02,7.312536855747204442e-07,1.890547606977291517e+00
8.758443683275716651e+00,1.759657676363075851e-02,-2.464528047444248388e-02,7.227675726666642557e-07,1.890547739924105741e+00
8.760828228248021432e+00,1.753782497750473734e-02,-2.463186798036051325e-02,7.143565985668436529e-07,1.890547871397516566e+00
8.763212773220326213e+00,1.747910516104258724e-02,-2.461846641425547919e-02,7.060202919072116886e-07,1.890548001409573242e+00
8.765597318192630993e+00,1.742041728820003729e-02,-2.460507576440442573e-02,6.977581832504485271e-07,1.890548129972259295e+00
8.767981863164935774e+00,1.736176133296074911e-02,-2.459169601909936415e-02,6.895698050842787003e-07,1.890548257097495410e+00
8.770366408137240555e+00,1.730313726933628907e-02,-2.457832716664726247e-02,6.814546918158093281e-07,1.890548382797136773e+00
8.772750953109547112e+00,1.724454507136604156e-02,-2.456496919536998655e-02,6.734123797658787142e-07,1.890548507082975727e+00
8.775135498081851892e+00,1.718598471311735126e-02,-2.455162209360435208e-02,6.654424071634565052e-07,1.890548629966740446e+00
8.777520043054156673e+00,1.712745616868522475e-02,-2.453828584970201357e-02,6.575443141400012873e-07,1.890548751460095156e+00
8.779904588026461454e+00,1.706895941219247273e-02,-2.452496045202950947e-02,6.497176427238978023e-07,1.890548871574641021e+00
8.782289132998766235e+00,1.701049441778963028e-02,-2.451164588896820665e-02,6.419619368348833656e-07,1.890548990321916367e+00
8.784673677971071015e+00,1.695206115965491520e-02,-2.449834214891430731e-02,6.342767422784971535e-07,1.890549107713396237e+00
8.787058222943375796e+00,1.689365961199420021e-02,-2.448504922027880046e-02,6.266616067405506655e-07,1.890549223760492170e+00
8.789442767915680577e+00,1.683528974904097836e-02,-2.447176709148745841e-02,6.191160797816165053e-07,1.890549338474553975e+00
8.791827312887985357e+00,1.677695154505631087e-02,-2.445849575098080902e-02,6.116397128315330422e-07,1.890549451866868624e+00
8.794211857860290138e+00,1.671864497432882374e-02,-2.444523518721412186e-02,6.042320591839339550e-07,1.890549563948660472e+00
8.796596402832594919e+00,1.666037001117464528e-02,-2.443198538865737693e-02,5.968926739907888926e-07,1.890549674731091701e+00
8.798980947804899699e+00,1.660212662993737487e-02,-2.441874634379525774e-02,5.896211142569672169e-07,1.890549784225263208e+00
8.801365492777204480e+00,1.654391480498806563e-02,-2.440551804112710971e-02,5.824169388348216505e-07,1.890549892442213054e+00
8.803750037749509261e+00,1.648573451072516544e-02,-2.439230046916694705e-02,5.752797084187846298e-07,1.890549999392918679e+00
8.806134582721814041e+00,1.642758572157449956e-02,-2.437909361644341119e-02,5.682089855399897520e-07,1.890550105088295130e+00
8.808519127694118822e+00,1.636946841198922906e-02,-2.436589747149975685e-02,5.612043345609069856e-07,1.890550209539197057e+00
8.810903672666423603e+00,1.631138255644981952e-02,-2.435271202289383125e-02,5.542653216699989520e-07,1.890550312756417606e+00
8.813288217638728383e+00,1.625332812946399252e-02,-2.433953725919805675e-02,5.473915148763924521e-07,1.890550414750688413e+00
8.815672762611033164e+00,1.619530510556671521e-02,-2.432637316899940311e-02,5.405824840045736057e-07,1.890550515532681386e+00
8.818057307583337945e+00,1.613731345932014824e-02,-2.431321974089938054e-02,5.338378006890959065e-07,1.890550615113007371e+00
8.820441852555642726e+00,1.607935316531360764e-02,-2.430007696351399807e-02,5.271570383693079720e-07,1.890550713502216373e+00
8.822826397527947506e+00,1.602142419816355093e-02,-2.428694482547376701e-02,5.205397722841032096e-07,1.890550810710798890e+00
8.825210942500252287e+00,1.596352653251351464e-02,-2.427382331542366281e-02,5.139855794666809176e-07,1.890550906749184579e+00
8.827595487472557068e+00,1.590566014303410741e-02,-2.426071242202311462e-02,5.074940387393327976e-07,1.890551001627744476e+00
8.829980032444861848e+00,1.584782500442295794e-02,-2.424761213394597756e-02,5.010647307082416428e-07,1.890551095356788558e+00
8.832364577417166629e+00,1.579002109140468374e-02,-2.423452243988052229e-02,4.946972377583012023e-07,1.890551187946567957e+00
8.834749122389473186e+00,1.573224837873081483e-02,-2.422144332852939341e-02,4.883911440479487503e-07,1.890551279407273855e+00
8.837133667361777967e+00,1.567450684117993598e-02,-2.420837478860963718e-02,4.821460355040392665e-07,1.890551369749038813e+00
8.839518212334082747e+00,1.561679645355739006e-02,-2.419531680885262173e-02,4.759614998166902350e-07,1.890551458981936106e+00
8.841902757306387528e+00,1.555911719069541337e-02,-2.418226937800405096e-02,4.698371264341911873e-07,1.890551547115980169e+00
8.844287302278692309e+00,1.550146902745306275e-02,-2.416923248482394024e-02,4.637725065579083236e-07,1.890551634161127037e+00
8.846671847250997089e+00,1.544385193871618267e-02,-2.415620611808659904e-02,4.577672331372116317e-07,1.890551720127273905e+00
8.849056392223301870e+00,1.538626589939736528e-02,-2.414319026658059281e-02,4.518209008644187362e-07,1.890551805024259568e+00
8.851440937195606651e+00,1.532871088443592267e-02,-2.413018491910874988e-02,4.459331061697583870e-07,1.890551888861864427e+00
8.853825482167911431e+00,1.527118686879784873e-02,-2.411719006448811986e-02,4.401034472163498309e-07,1.890551971649811813e+00
8.856210027140216212e+00,1.521369382747578790e-02,-2.410420569154996667e-02,4.343315238952014523e-07,1.890552053397766441e+00
8.858594572112520993e+00,1.515623173548899527e-02,-2.409123178913974081e-02,4.286169378202256141e-07,1.890552134115335736e+00
8.860979117084825774e+00,1.509880056788331579e-02,-2.407826834611706546e-02,4.229592923232735616e-07,1.890552213812068949e+00
8.863363662057130554e+00,1.504140029973113565e-02,-2.406531535135571220e-02,4.173581924491845687e-07,1.890552292497458486e+00
8.865748207029435335e+00,1.498403090613135633e-02,-2.405237279374358023e-02,4.118132449508558350e-07,1.890552370180940356e+00
8.868132752001740116e+00,1.492669236220936155e-02,-2.403944066218268588e-02,4.063240582843283186e-07,1.890552446871892611e+00
8.870517296974044896e+00,1.486938464311698266e-02,-2.402651894558912801e-02,4.008902426038906206e-07,1.890552522579636241e+00
8.872901841946349677e+00,1.481210772403246043e-02,-2.401360763289308448e-02,3.955114097571999698e-07,1.890552597313436278e+00
8.875286386918654458e+00,1.475486158016042076e-02,-2.400070671303877745e-02,3.901871732804215241e-07,1.890552671082501357e+00
8.877670931890959238e+00,1.469764618673182963e-02,-2.398781617498446997e-02,3.849171483933839242e-07,1.890552743895983268e+00
8.880055476863264019e+00,1.464046151900396872e-02,-2.397493600770243122e-02,3.797009519947537470e-07,1.890552815762978733e+00
8.882440021835568800e+00,1.458330755226040082e-02,-2.396206620017891920e-02,3.745382026572264229e-07,1.890552886692526302e+00
8.884824566807873580e+00,1.452618426181093332e-02,-2.394920674141417724e-02,3.694285206227346239e-07,1.890552956693611675e+00
8.887209111780178361e+00,1.446909162299158703e-02,-2.393635762042238893e-02,3.643715277976741736e-07,1.890553025775162377e+00
8.889593656752483142e+00,1.441202961116455974e-02,-2.392351882623168155e-02,3.593668477481472690e-07,1.890553093946051977e+00
8.891978201724787922e+00,1.435499820171819846e-02,-2.391069034788409139e-02,3.544141056952233317e-07,1.890553161215097644e+00
8.894362746697094479e+00,1.429799737006691961e-02,-2.389787217443554990e-02,3.495129285102128282e-07,1.890553227591063257e+00
8.896747291669399260e+00,1.424102709165134782e-02,-2.388506429495588015e-02,3.446629447099773015e-07,1.890553293082655628e+00
8.899131836641704041e+00,1.418408734193802624e-02,-2.387226669852874489e-02,3.398637844522194977e-07,1.890553357698528059e+00
8.901516381614008822e+00,1.412717809641955528e-02,-2.385947937425164297e-02,3.351150795308278607e-07,1.890553421447278559e+00
8.903900926586313602e+00,1.407029933061451805e-02,-2.384670231123590250e-02,3.304164633712196512e-07,1.890553484337451629e+00
8.906285471558618383e+00,1.401345102006744218e-02,-2.383393549860664609e-02,3.257675710257045000e-07,1.890553546377536476e+00
8.908670016530923164e+00,1.395663314034877207e-02,-2.382117892550277005e-02,3.211680391688659610e-07,1.890553607575968575e+00
8.911054561503227944e+00,1.389984566705483419e-02,-2.380843258107694094e-02,3.166175060929594751e-07,1.890553667941129667e+00
8.913439106475532725e+00,1.384308857580780761e-02,-2.379569645449556084e-02,3.121156117033282810e-07,1.890553727481347313e+00
8.915823651447837506e+00,1.378636184225568405e-02,-2.378297053493875352e-02,3.076619975138348372e-07,1.890553786204895781e+00
8.918208196420142286e+00,1.372966544207224020e-02,-2.377025481160035050e-02,3.032563066423112488e-07,1.890553844119995608e+00
8.920592741392447067e+00,1.367299935095700469e-02,-2.375754927368786337e-02,2.988981838060253654e-07,1.890553901234814482e+00
8.922977286364751848e+00,1.361636354463522866e-02,-2.374485391042246984e-02,2.945872753171649832e-07,1.890553957557466580e+00
8.925361831337056628e+00,1.355975799885784233e-02,-2.373216871103899644e-02,2.903232290783374007e-07,1.890554013096013675e+00
8.927746376309361409e+00,1.350318268940143597e-02,-2.371949366478588728e-02,2.861056945780881904e-07,1.890554067858463583e+00
8.930130921281666190e+00,1.344663759206821824e-02,-2.370682876092520749e-02,2.819343228864350062e-07,1.890554121852773051e+00
8.932515466253970970e+00,1.339012268268598843e-02,-2.369417398873260167e-02,2.778087666504197070e-07,1.890554175086845090e+00
8.934900011226275751e+00,1.333363793710809833e-02,-2.368152933749729031e-02,2.737286800896761518e-07,1.890554227568531198e+00
8.937284556198580532e+00,1.327718333121342964e-02,-2.366889479652204212e-02,2.696937189920166277e-07,1.890554279305630692e+00
8.939669101170885313e+00,1.322075884090635235e-02,-2.365627035512316012e-02,2.657035407090334730e-07,1.890554330305890263e+00
8.942053646143190093e+00,1.316436444211669700e-02,-2.364365600263045736e-02,2.617578041517185935e-07,1.890554380577005311e+00
8.944438191115494874e+00,1.310800011079971995e-02,-2.363105172838724996e-02,2.578561697860996012e-07,1.890554430126620167e+00
8.946822736087799655e+00,1.305166582293607568e-02,-2.361845752175032245e-02,2.539982996288930005e-07,1.890554478962326757e+00
8.949207281060104435e+00,1.299536155453178202e-02,-2.360587337208991734e-02,2.501838572431741027e-07,1.890554527091666159e+00
8.951591826032409216e+00,1.293908728161818206e-02,-2.359329926878972472e-02,2.464125077340632988e-07,1.890554574522128384e+00
8.953976371004715773e+00,1.288284298025188512e-02,-2.358073520124683367e-02,2.426839177444278439e-07,1.890554621261152590e+00
8.956360915977020554e+00,1.282662862651488475e-02,-2.356818115887177045e-02,2.389977554506123877e-07,1.890554667316126203e+00
8.958745460949325334e+00,1.277044419651428980e-02,-2.355563713108841176e-02,2.353536905581603195e-07,1.890554712694387574e+00
8.961130005921630115e+00,1.271428966638245284e-02,-2.354310310733401593e-02,2.317513942975787365e-07,1.890554757403223096e+00
8.963514550893934896e+00,1.265816501227689725e-02,-2.353057907705917440e-02,2.281905394201063755e-07,1.890554801449869426e+00
8.965899095866239676e+00,1.260207021038028431e-02,-2.351806502972782209e-02,2.246708001935014505e-07,1.890554844841514148e+00
8.968283640838544457e+00,1.254600523690038716e-02,-2.350556095481718885e-02,2.211918523978462456e-07,1.890554887585292443e+00
8.970668185810849238e+00,1.248997006807005088e-02,-2.349306684181780291e-02,2.177533733213680929e-07,1.890554929688292862e+00
8.973052730783154018e+00,1.243396468014716649e-02,-2.348058268023345968e-02,2.143550417562776080e-07,1.890554971157551112e+00
8.975437275755458799e+00,1.237798904941464322e-02,-2.346810845958121131e-02,2.109965379946238140e-07,1.890555012000055379e+00
8.977821820727763580e+00,1.232204315218036160e-02,-2.345564416939134589e-02,2.076775438241647502e-07,1.890555052222744115e+00
8.980206365700068361e+00,1.226612696477715793e-02,-2.344318979920736665e-02,2.043977425242567941e-07,1.890555091832506474e+00
8.982590910672373141e+00,1.221024046356278953e-02,-2.343074533858597458e-02,2.011568188617595489e-07,1.890555130836182984e+00
8.984975455644677922e+00,1.215438362491989312e-02,-2.341831077709705111e-02,1.979544590869571942e-07,1.890555169240563993e+00
8.987360000616982703e+00,1.209855642525596575e-02,-2.340588610432364769e-02,1.947903509294976513e-07,1.890555207052393438e+00
8.989744545589287483e+00,1.204275884100332664e-02,-2.339347130986194762e-02,1.916641835943477629e-07,1.890555244278365299e+00
8.992129090561592264e+00,1.198699084861908938e-02,-2.338106638332126605e-02,1.885756477577655451e-07,1.890555280925124482e+00
8.994513635533897045e+00,1.193125242458512904e-02,-2.336867131432402919e-02,1.855244355632889046e-07,1.890555316999269930e+00
8.996898180506201825e+00,1.187554354540804741e-02,-2.335628609250574306e-02,1.825102406177412954e-07,1.890555352507350628e+00
8.999282725478506606e+00,1.181986418761915049e-02,-2.334391070751499694e-02,1.795327579872543967e-07,1.890555387455868486e+00
9.001667270450811387e+00,1.176421432777440684e-02,-2.333154514901342180e-02,1.765916841933069368e-07,1.890555421851277673e+00
9.004051815423116167e+00,1.170859394245442504e-02,-2.331918940667569023e-02,1.736867172087809073e-07,1.890555455699984622e+00
9.006436360395420948e+00,1.165300300826441898e-02,-2.330684347018949568e-02,1.708175564540342423e-07,1.890555489008348911e+00
9.008820905367725729e+00,1.159744150183417838e-02,-2.329450732925552117e-02,1.679839027929903848e-07,1.890555521782682380e+00
9.011205450340030509e+00,1.154190939981803235e-02,-2.328218097358743938e-02,1.651854585292442645e-07,1.890555554029250240e+00
9.013589995312337066e+00,1.148640667889478523e-02,-2.326986439291187092e-02,1.624219274021837603e-07,1.890555585754269741e+00
9.015974540284641847e+00,1.143093331576784666e-02,-2.325755757696841564e-02,1.596930145831376857e-07,1.890555616963913055e+00
9.018359085256946628e+00,1.137548928716495232e-02,-2.324526051550957276e-02,1.569984266715200419e-07,1.890555647664305505e+00
9.020743630229251409e+00,1.132007456983829922e-02,-2.323297319830075133e-02,1.543378716910119109e-07,1.890555677861524453e+00
9.023128175201556189e+00,1.126468914056447633e-02,-2.322069561512025981e-02,1.517110590857499396e-07,1.890555707561602183e+00
9.025512720173860970e+00,1.120933297614442811e-02,-2.320842775575928524e-02,1.491176997165331674e-07,1.890555736770525908e+00
9.027897265146165751e+00,1.115400605340343028e-02,-2.319616961002186548e-02,1.465575058570475887e-07,1.890555765494234652e+00
9.030281810118470531e+00,1.109870834919105334e-02,-2.318392116772487188e-02,1.440301911901068352e-07,1.890555793738623480e+00
9.032666355090775312e+00,1.104343984038113485e-02,-2.317168241869800582e-02,1.415354708039101433e-07,1.890555821509540824e+00
9.035050900063080093e+00,1.098820050387174820e-02,-2.315945335278377093e-02,1.390730611883170767e-07,1.890555848812790929e+00
9.037435445035384873e+00,1.093299031658517655e-02,-2.314723395983744880e-02,1.366426802311396662e-07,1.890555875654130968e+00
9.039819990007689654e+00,1.087780925546787472e-02,-2.313502422972709902e-02,1.342440472144504311e-07,1.890555902039274816e+00
9.042204534979994435e+00,1.082265729749044142e-02,-2.312282415233352095e-02,1.318768828109084536e-07,1.890555927973890160e+00
9.044589079952299215e+00,1.076753441964759320e-02,-2.311063371755026075e-02,1.295409090801020753e-07,1.890555953463600503e+00
9.046973624924603996e+00,1.071244059895812804e-02,-2.309845291528356964e-02,1.272358494649081912e-07,1.890555978513984936e+00
9.049358169896908777e+00,1.065737581246489936e-02,-2.308628173545239359e-02,1.249614287878694103e-07,1.890556003130577034e+00
9.051742714869213557e+00,1.060234003723478473e-02,-2.307412016798836979e-02,1.227173732475875215e-07,1.890556027318867072e+00
9.054127259841518338e+00,1.054733325035865296e-02,-2.306196820283579543e-02,1.205034104151343767e-07,1.890556051084301359e+00
9.056511804813823119e+00,1.049235542895133634e-02,-2.304982582995160345e-02,1.183192692304799400e-07,1.890556074432280909e+00
9.058896349786127900e+00,1.043740655015160286e-02,-2.303769303930536597e-02,1.161646799989375416e-07,1.890556097368163879e+00
9.061280894758432680e+00,1.038248659112211980e-02,-2.302556982087926654e-02,1.140393743876259007e-07,1.890556119897265575e+00
9.063665439730737461e+00,1.032759552904943118e-02,-2.301345616466806895e-02,1.119430854219490020e-07,1.890556142024855335e+00
9.066049984703042242e+00,1.027273334114392131e-02,-2.300135206067913107e-02,1.098755474820925559e-07,1.890556163756162089e+00
9.068434529675347022e+00,1.021790000463978706e-02,-2.298925749893235282e-02,1.078364962995382195e-07,1.890556185096369246e+00
9.070819074647651803e+00,1.016309549679501011e-02,-2.297717246946018657e-02,1.058256689535949703e-07,1.890556206050618471e+00
9.073203619619956584e+00,1.010831979489132566e-02,-2.296509696230760941e-02,1.038428038679478440e-07,1.890556226624008573e+00
9.075588164592263141e+00,1.005357287623414794e-02,-2.295303096753208497e-02,1.018876408072225012e-07,1.890556246821594621e+00
9.077972709564567921e+00,9.998854718152710638e-03,-2.294097447520360850e-02,9.995992087357474192e-08,1.890556266648390604e+00
9.080357254536872702e+00,9.944165297999789377e-03,-2.292892747540461323e-02,9.805938650328282566e-08,1.890556286109366990e+00
9.082741799509177483e+00,9.889504593151830086e-03,-2.291688995822999814e-02,9.618578146337162191e-08,1.890556305209452059e+00
9.085126344481482263e+00,9.834872581008886547e-03,-2.290486191378710013e-02,9.433885084824762599e-08,1.890556323953533013e+00
9.087510889453787044e+00,9.780269238994585695e-03,-2.289284333219568021e-02,9.251834107635247749e-08,1.890556342346454199e+00
9.089895434426091825e+00,9.725694544556101606e-03,-2.288083420358789921e-02,9.072399988683457080e-08,1.890556360393018887e+00
9.092279979398396605e+00,9.671148475164122529e-03,-2.286883451810831080e-02,8.895557633623800331e-08,1.890556378097987711e+00
9.094664524370701386e+00,9.616631008312823137e-03,-2.285684426591383725e-02,8.721282079520964216e-08,1.890556395466081119e+00
9.097049069343006167e+00,9.562142121519831561e-03,-2.284486343717375550e-02,8.549548494522368758e-08,1.890556412501977812e+00
9.099433614315310948e+00,9.507681792326206846e-03,-2.283289202206967294e-02,8.380332177532451352e-08,1.890556429210315192e+00
9.101818159287615728e+00,9.453249998296405984e-03,-2.282093001079553082e-02,8.213608557888720342e-08,1.890556445595690249e+00
9.104202704259920509e+00,9.398846717018250960e-03,-2.280897739355755571e-02,8.049353195039591332e-08,1.890556461662658227e+00
9.106587249232225290e+00,9.344471926102906195e-03,-2.279703416057426990e-02,7.887541778224079030e-08,1.890556477415734626e+00
9.108971794204530070e+00,9.290125603184842124e-03,-2.278510030207647058e-02,7.728150126153248007e-08,1.890556492859394755e+00
9.111356339176834851e+00,9.235807725921814371e-03,-2.277317580830719168e-02,7.571154186693540169e-08,1.890556507998072178e+00
9.113740884149139632e+00,9.181518271994827327e-03,-2.276126066952171775e-02,7.416530036551875698e-08,1.890556522836161601e+00
9.116125429121444412e+00,9.127257219108106390e-03,-2.274935487598754580e-02,7.264253880962614822e-08,1.890556537378017321e+00
9.118509974093749193e+00,9.073024544989070211e-03,-2.273745841798437486e-02,7.114302053376365850e-08,1.890556551627954329e+00
9.120894519066053974e+00,9.018820227388304675e-03,-2.272557128580409216e-02,6.966651015150636828e-08,1.890556565590246763e+00
9.123279064038358754e+00,8.964644244079526467e-03,-2.271369346975074879e-02,6.821277355242330819e-08,1.890556579269130122e+00
9.125663609010663535e+00,8.910496572859562259e-03,-2.270182496014055279e-02,6.678157789902133763e-08,1.890556592668800606e+00
9.128048153982968316e+00,8.856377191548310546e-03,-2.268996574730185178e-02,6.537269162370738026e-08,1.890556605793415113e+00
9.130432698955273096e+00,8.802286077988724297e-03,-2.267811582157510178e-02,6.398588442577004856e-08,1.890556618647090792e+00
9.132817243927577877e+00,8.748223210046769324e-03,-2.266627517331287062e-02,6.262092726837947958e-08,1.890556631233907270e+00
9.135201788899884434e+00,8.694188565611365299e-03,-2.265444379287979634e-02,6.127759237560581868e-08,1.890556643557904204e+00
9.137586333872189215e+00,8.640182122594514125e-03,-2.264262167065262191e-02,5.995565322946147313e-08,1.890556655623083504e+00
9.139970878844493996e+00,8.586203858931027583e-03,-2.263080879702010842e-02,5.865488456695251763e-08,1.890556667433408666e+00
9.142355423816798776e+00,8.532253752578662642e-03,-2.261900516238306638e-02,5.737506237715964007e-08,1.890556678992804107e+00
9.144739968789103557e+00,8.478331781518053806e-03,-2.260721075715432793e-02,5.611596389833340090e-08,1.890556690305157161e+00
9.147124513761408338e+00,8.424437923752680149e-03,-2.259542557175872601e-02,5.487736761500986756e-08,1.890556701374316972e+00
9.149509058733713118e+00,8.370572157308837566e-03,-2.258364959663308399e-02,5.365905325514601519e-08,1.890556712204094270e+00
9.151893603706017899e+00,8.316734460235614482e-03,-2.257188282222619483e-02,5.246080178727494006e-08,1.890556722798263367e+00
9.154278148678322680e+00,8.262924810604858894e-03,-2.256012523899880370e-02,5.128239541768074657e-08,1.890556733160559943e+00
9.156662693650627460e+00,8.209143186511152351e-03,-2.254837683742360460e-02,5.012361758759355134e-08,1.890556743294683484e+00
9.159047238622932241e+00,8.155389566071776994e-03,-2.253663760798520210e-02,4.898425297040444549e-08,1.890556753204295948e+00
9.161431783595237022e+00,8.101663927426696471e-03,-2.252490754118011140e-02,4.786408746890103058e-08,1.890556762893021325e+00
9.163816328567541802e+00,8.047966248738516043e-03,-2.251318662751674096e-02,4.676290821252279361e-08,1.890556772364448967e+00
9.166200873539846583e+00,7.994296508192461764e-03,-2.250147485751537169e-02,4.568050355463747921e-08,1.890556781622129146e+00
9.168585418512151364e+00,7.940654683996354463e-03,-2.248977222170813611e-02,4.461666306983793618e-08,1.890556790669577714e+00
9.170969963484456144e+00,7.887040754380573310e-03,-2.247807871063901494e-02,4.357117755125957741e-08,1.890556799510272779e+00
9.173354508456760925e+00,7.833454697598028066e-03,-2.246639431486381622e-02,4.254383900791892951e-08,1.890556808147657364e+00
9.175739053429065706e+00,7.779896491924143467e-03,-2.245471902495015104e-02,4.153444066207355028e-08,1.890556816585137856e+00
9.178123598401370486e+00,7.726366115656814991e-03,-2.244305283147742663e-02,4.054277694660259255e-08,1.890556824826084670e+00
9.180508143373675267e+00,7.672863547116391507e-03,-2.243139572503683246e-02,3.956864350240934452e-08,1.890556832873833137e+00
9.182892688345980048e+00,7.619388764645641451e-03,-2.241974769623130900e-02,3.861183717584503866e-08,1.890556840731682176e+00
9.185277233318284829e+00,7.565941746609728541e-03,-2.240810873567554776e-02,3.767215601615455765e-08,1.890556848402896062e+00
9.187661778290589609e+00,7.512522471396181414e-03,-2.239647883399597736e-02,3.674939927294401101e-08,1.890556855890704435e+00
9.190046323262894390e+00,7.459130917414866745e-03,-2.238485798183072889e-02,3.584336739367047357e-08,1.890556863198300519e+00
9.192430868235199171e+00,7.405767063097960616e-03,-2.237324616982963588e-02,3.495386202115400485e-08,1.890556870328843342e+00
9.194815413207505728e+00,7.352430886899881737e-03,-2.236164338865420653e-02,3.408068599111157216e-08,1.890556877285457515e+00
9.197199958179810508e+00,7.299122367297422413e-03,-2.235004962897763417e-02,3.322364332971686125e-08,1.890556884071232346e+00
9.199584503152115289e+00,7.245841482789481397e-03,-2.233846488148474863e-02,3.238253925117653114e-08,1.890556890689223613e+00
9.201969048124420070e+00,7.192588211897195730e-03,-2.232688913687201279e-02,3.155718015533613515e-08,1.890556897142452231e+00
9.204353593096724850e+00,7.139362533163874820e-03,-2.231532238584751221e-02,3.074737362530611907e-08,1.890556903433904923e+00
9.206738138069029631e+00,7.086164425154968353e-03,-2.230376461913093425e-02,2.995292842511195993e-08,1.890556909566535104e+00
9.209122683041334412e+00,7.032993866458044606e-03,-2.229221582745355423e-02,2.917365449736828957e-08,1.890556915543261773e+00
9.211507228013639192e+00,6.979850835682757486e-03,-2.228067600155822503e-02,2.840936296097686428e-08,1.890556921366971510e+00
9.213891772985943973e+00,6.926735311460822248e-03,-2.226914513219934583e-02,2.765986610884897920e-08,1.890556927040515589e+00
9.216276317958248754e+00,6.873647272445986868e-03,-2.225762321014285866e-02,2.692497740565237722e-08,1.890556932566713533e+00
9.218660862930553535e+00,6.820586697314003424e-03,-2.224611022616624148e-02,2.620451148558295348e-08,1.890556937948351557e+00
9.221045407902858315e+00,6.767553564762605542e-03,-2.223460617105846304e-02,2.549828415016165244e-08,1.890556943188181682e+00
9.223429952875163096e+00,6.714547853511471098e-03,-2.222311103562000373e-02,2.480611236605649137e-08,1.890556948288925287e+00
9.225814497847467877e+00,6.661569542302207478e-03,-2.221162481066281044e-02,2.412781426293060371e-08,1.890556953253269112e+00
9.228199042819772657e+00,6.608618609898312540e-03,-2.220014748701030008e-02,2.346320913131584225e-08,1.890556958083868588e+00
9.230583587792077438e+00,6.555695035085155539e-03,-2.218867905549733524e-02,2.281211742051296126e-08,1.890556962783346950e+00
9.232968132764382219e+00,6.502798796669945029e-03,-2.217721950697020342e-02,2.217436073651817586e-08,1.890556967354293461e+00
9.235352677736686999e+00,6.449929873481704580e-03,-2.216576883228662045e-02,2.154976183997673365e-08,1.890556971799268071e+00
9.237737222708991780e+00,6.397088244371245021e-03,-2.215432702231569934e-02,2.093814464416367423e-08,1.890556976120797428e+00
9.240121767681296561e+00,6.344273888211134083e-03,-2.214289406793793283e-02,2.033933421299216689e-08,1.890556980321376424e+00
9.242506312653601341e+00,6.291486783895673847e-03,-2.213146996004519002e-02,1.975315675904985992e-08,1.890556984403468421e+00
9.244890857625906122e+00,6.238726910340870388e-03,-2.212005468954069895e-02,1.917943964166346988e-08,1.890556988369506586e+00
9.247275402598210903e+00,6.185994246484409487e-03,-2.210864824733901890e-02,1.861801136499215676e-08,1.890556992221891885e+00
9.249659947570515683e+00,6.133288771285627140e-03,-2.209725062436604034e-02,1.806870157614989681e-08,1.890556995962993980e+00
9.252044492542820464e+00,6.080610463725482674e-03,-2.208586181155896069e-02,1.753134106335742864e-08,1.890556999595152776e+00
9.254429037515125245e+00,6.027959302806534456e-03,-2.207448179986627734e-02,1.700576175412412024e-08,1.890557003120677315e+00
9.256813582487431802e+00,5.975335267552869638e-03,-2.206311058024774605e-02,1.649179671345975993e-08,1.890557006541844665e+00
9.259198127459736583e+00,5.922738337010237733e-03,-2.205174814367442948e-02,1.598928014211913357e-08,1.890557009860903470e+00
9.261582672432041363e+00,5.870168490245788670e-03,-2.204039448112859664e-02,1.549804737487402437e-08,1.890557013080071069e+00
9.263967217404346144e+00,5.817625706348198561e-03,-2.202904958360377141e-02,1.501793487882074845e-08,1.890557016201535045e+00
9.266351762376650925e+00,5.765109964427606384e-03,-2.201771344210469092e-02,1.454878025171809256e-08,1.890557019227453228e+00
9.268736307348955705e+00,5.712621243615590566e-03,-2.200638604764729861e-02,1.409042222035840515e-08,1.890557022159953471e+00
9.271120852321260486e+00,5.660159523065136887e-03,-2.199506739125872343e-02,1.364270063897189060e-08,1.890557025001134761e+00
9.273505397293565267e+00,5.607724781950613330e-03,-2.198375746397727287e-02,1.320545648766482270e-08,1.890557027753065444e+00
9.275889942265870047e+00,5.555316999467745792e-03,-2.197245625685241566e-02,1.277853187089217052e-08,1.890557030417786777e+00
9.278274487238174828e+00,5.502936154833588597e-03,-2.196116376094475048e-02,1.236177001596517437e-08,1.890557032997308262e+00
9.280659032210479609e+00,5.450582227286501075e-03,-2.194987996732602337e-02,1.195501527159457981e-08,1.890557035493612537e+00
9.283043577182784389e+00,5.398255196086115468e-03,-2.193860486707908258e-02,1.155811310647004924e-08,1.890557037908653149e+00
9.285428122155089170e+00,5.345955040513318719e-03,-2.192733845129788556e-02,1.117091010787655677e-08,1.890557040244355003e+00
9.287812667127393951e+00,5.293681739870217777e-03,-2.191608071108746073e-02,1.079325398034823278e-08,1.890557042502613694e+00
9.290197212099698731e+00,5.241435273480118777e-03,-2.190483163756391793e-02,1.042499354436057323e-08,1.890557044685297949e+00
9.292581757072003512e+00,5.189215620687498420e-03,-2.189359122185442416e-02,1.006597873506158594e-08,1.890557046794248741e+00
9.294966302044308293e+00,5.137022760857976218e-03,-2.188235945509717228e-02,9.716060601042687873e-09,1.890557048831277287e+00
9.297350847016613073e+00,5.084856673378292807e-03,-2.187113632844139843e-02,9.375091303150167371e-09,1.890557050798168826e+00
9.299735391988917854e+00,5.032717337656278725e-03,-2.185992183304733688e-02,9.042924113337914421e-09,1.890557052696680174e+00
9.302119936961222635e+00,4.980604733120830123e-03,-2.184871596008622699e-02,8.719413413562375186e-09,1.890557054528541281e+00
9.304504481933527416e+00,4.928518839221883614e-03,-2.183751870074028198e-02,8.404414694720543091e-09,1.890557056295454341e+00
9.306889026905832196e+00,4.876459635430389385e-03,-2.182633004620268893e-02,8.097784555631898008e-09,1.890557057999095347e+00
9.309273571878136977e+00,4.824427101238283437e-03,-2.181514998767758451e-02,7.799380702065216688e-09,1.890557059641112314e+00
9.311658116850441758e+00,4.772421216158464173e-03,-2.180397851638004453e-02,7.509061945811290059e-09,1.890557061223127944e+00
9.314042661822746538e+00,4.720441959724763770e-03,-2.179281562353607010e-02,7.226688203802487068e-09,1.890557062746737405e+00
9.316427206795053095e+00,4.668489311491885729e-03,-2.178166130038255988e-02,6.952120497280087387e-09,1.890557064213509442e+00
9.318811751767357876e+00,4.616563251035533250e-03,-2.177051553816733084e-02,6.685220951011642811e-09,1.890557065624987487e+00
9.321196296739662657e+00,4.564663757952147280e-03,-2.175937832814906284e-02,6.425852792556461565e-09,1.890557066982688550e+00
9.323580841711967437e+00,4.512790811859042697e-03,-2.174824966159730200e-02,6.173880351584568163e-09,1.890557068288102993e+00
9.325965386684272218e+00,4.460944392394336315e-03,-2.173712952979244689e-02,5.929169059247160238e-09,1.890557069542696533e+00
9.328349931656576999e+00,4.409124479216926934e-03,-2.172601792402574158e-02,5.691585447601224185e-09,1.890557070747909352e+00
9.330734476628881779e+00,4.357331052006464985e-03,-2.171491483559924093e-02,5.460997149089345265e-09,1.890557071905155873e+00
9.333119021601186560e+00,4.305564090463329108e-03,-2.170382025582581753e-02,5.237272896076172133e-09,1.890557073015825873e+00
9.335503566573491341e+00,4.253823574308601002e-03,-2.169273417602913048e-02,5.020282520442974258e-09,1.890557074081282929e+00
9.337888111545796122e+00,4.202109483284036801e-03,-2.168165658754362887e-02,4.809896953241793577e-09,1.890557075102867746e+00
9.340272656518100902e+00,4.150421797152043651e-03,-2.167058748171452054e-02,4.605988224410828187e-09,1.890557076081895271e+00
9.342657201490405683e+00,4.098760495695655433e-03,-2.165952684989776514e-02,4.408429462552673497e-09,1.890557077019655585e+00
9.345041746462710464e+00,4.047125558718504129e-03,-2.164847468346006373e-02,4.217094894777141363e-09,1.890557077917415452e+00
9.347426291435015244e+00,3.995516966044792943e-03,-2.163743097377883451e-02,4.031859846610501012e-09,1.890557078776417210e+00
9.349810836407320025e+00,3.943934697519278082e-03,-2.162639571224220930e-02,3.852600741973052513e-09,1.890557079597878554e+00
9.352195381379624806e+00,3.892378733007234495e-03,-2.161536889024901972e-02,3.679195103226932446e-09,1.890557080382994970e+00
9.354579926351929586e+00,3.840849052394436358e-03,-2.160435049920876593e-02,3.511521551296329297e-09,1.890557081132936412e+00
9.356964471324234367e+00,3.789345635587128454e-03,-2.159334053054163052e-02,3.349459805862209635e-09,1.890557081848852183e+00
9.359349016296539148e+00,3.737868462512001881e-03,-2.158233897567843340e-02,3.192890685633866616e-09,1.890557082531864719e+00
9.361733561268843928e+00,3.686417513116170205e-03,-2.157134582606064915e-02,3.041696108699677239e-09,1.890557083183077136e+00
9.364118106241148709e+00,3.634992767367139534e-03,-2.156036107314036887e-02,2.895759092959541613e-09,1.890557083803567240e+00
9.366502651213453490e+00,3.583594205252789867e-03,-2.154938470838029321e-02,2.754963756641700445e-09,1.890557084394390852e+00
9.368887196185758270e+00,3.532221806781342573e-03,-2.153841672325372547e-02,2.619195318906609970e-09,1.890557084956581368e+00
9.371271741158063051e+00,3.480875551981341739e-03,-2.152745710924455422e-02,2.488340100540857567e-09,1.890557085491150202e+00
9.373656286130367832e+00,3.429555420901622947e-03,-2.151650585784723249e-02,2.362285524744108305e-09,1.890557085999086340e+00
9.376040831102674389e+00,3.378261393611256026e-03,-2.150556296056676392e-02,2.240920118012261691e-09,1.890557086481356786e+00
9.378425376074979170e+00,3.326993450199666486e-03,-2.149462840891871659e-02,2.124133511120685291e-09,1.890557086938906561e+00
9.380809921047283950e+00,3.275751570776386581e-03,-2.148370219442917103e-02,2.011816440209802419e-09,1.890557087372659817e+00
9.383194466019588731e+00,3.224535735471178912e-03,-2.147278430863472018e-02,1.903860747978553711e-09,1.890557087783519163e+00
9.385579010991893512e+00,3.173345924433976575e-03,-2.146187474308246593e-02,1.800159384988379525e-09,1.890557088172364786e+00
9.387963555964198292e+00,3.122182117834854977e-03,-2.145097348932999137e-02,1.700606411082437710e-09,1.890557088540057773e+00
9.390348100936503073e+00,3.071044295864008844e-03,-2.144008053894536428e-02,1.605096996924424448e-09,1.890557088887437232e+00
9.392732645908807854e+00,3.019932438731727942e-03,-2.142919588350710239e-02,1.513527425661677127e-09,1.890557089215321840e+00
9.395117190881112634e+00,2.968846526668368884e-03,-2.141831951460417341e-02,1.425795094717525623e-09,1.890557089524509626e+00
9.397501735853417415e+00,2.917786539924333445e-03,-2.140745142383598462e-02,1.341798517718177698e-09,1.890557089815779301e+00
9.399886280825722196e+00,2.866752458770042977e-03,-2.139659160281235165e-02,1.261437326559707066e-09,1.890557090089888037e+00
9.402270825798026976e+00,2.815744263495912388e-03,-2.138574004315351232e-02,1.184612273621085585e-09,1.890557090347574576e+00
9.404655370770331757e+00,2.764761934412326722e-03,-2.137489673649008506e-02,1.111225234129571354e-09,1.890557090589557232e+00
9.407039915742636538e+00,2.713805451849615139e-03,-2.136406167446307236e-02,1.041179208685154554e-09,1.890557090816534780e+00
9.409424460714941318e+00,2.662874796158027496e-03,-2.135323484872384339e-02,9.743783259512163282e-10,1.890557091029187564e+00
9.411809005687246099e+00,2.611969947707708326e-03,-2.134241625093412364e-02,9.107278455190164740e-10,1.890557091228175279e+00
9.414193550659550880e+00,2.561090886888673854e-03,-2.133160587276597409e-02,8.501341609541533146e-10,1.890557091414140967e+00
9.416578095631855660e+00,2.510237594110785106e-03,-2.132080370590178423e-02,7.925048030336793990e-10,1.890557091587706573e+00
9.418962640604160441e+00,2.459410049803725795e-03,-2.131000974203425824e-02,7.377484431831925605e-10,1.890557091749477392e+00
9.421347185576465222e+00,2.408608234416974997e-03,-2.129922397286640109e-02,6.857748971238551784e-10,1.890557091900039399e+00
9.423731730548770003e+00,2.357832128419785032e-03,-2.128844639011149772e-02,6.364951287400509430e-10,1.890557092039961029e+00
9.426116275521074783e+00,2.307081712301156315e-03,-2.127767698549311998e-02,5.898212541791567728e-10,1.890557092169792952e+00
9.428500820493379564e+00,2.256356966569812196e-03,-2.126691575074509538e-02,5.456665461957960268e-10,1.890557092290067631e+00
9.430885365465684345e+00,2.205657871754173813e-03,-2.125616267761149328e-02,5.039454387538874136e-10,1.890557092401300432e+00
9.433269910437989125e+00,2.154984408402338403e-03,-2.124541775784662828e-02,4.645735319008651709e-10,1.890557092503989844e+00
9.435654455410295682e+00,2.104336557082015120e-03,-2.123468098321501865e-02,4.274675969295678461e-10,1.890557092598615929e+00
9.438039000382600463e+00,2.053714298380650803e-03,-2.122395234549143139e-02,3.925455818447796614e-10,1.890557092685644092e+00
9.440423545354905244e+00,2.003117612905181040e-03,-2.121323183646078858e-02,3.597266171522547540e-10,1.890557092765521530e+00
9.442808090327210024e+00,1.952546481282157673e-03,-2.120251944791821941e-02,3.289310219905918582e-10,1.890557092838679676e+00
9.445192635299514805e+00,1.902000884157683093e-03,-2.119181517166901160e-02,3.000803106271159152e-10,1.890557092905533310e+00
9.447577180271819586e+00,1.851480802197388994e-03,-2.118111899952861490e-02,2.730971993414826049e-10,1.890557092966481667e+00
9.449961725244124366e+00,1.800986216086412515e-03,-2.117043092332263066e-02,2.479056137227054208e-10,1.890557093021908441e+00
9.452346270216429147e+00,1.750517106529369572e-03,-2.115975093488679099e-02,2.244306964078049875e-10,1.890557093072182004e+00
9.454730815188733928e+00,1.700073454250331873e-03,-2.114907902606693799e-02,2.025988152930565698e-10,1.890557093117654297e+00
9.457115360161038708e+00,1.649655239992804364e-03,-2.113841518871903413e-02,1.823375722519368367e-10,1.890557093158663493e+00
9.459499905133343489e+00,1.599262444519698994e-03,-2.112775941470913105e-02,1.635758123974194987e-10,1.890557093195532445e+00
9.461884450105648270e+00,1.548895048613311513e-03,-2.111711169591336604e-02,1.462436339303057630e-10,1.890557093228569574e+00
9.464268995077953051e+00,1.498553033075297617e-03,-2.110647202421794474e-02,1.302723986198725632e-10,1.890557093258068866e+00
9.466653540050257831e+00,1.448236378726647580e-03,-2.109584039151913074e-02,1.155947429683931860e-10,1.890557093284310541e+00
9.469038085022562612e+00,1.397945066407665221e-03,-2.108521678972323163e-02,1.021445901171502256e-10,1.890557093307560166e+00
9.471422629994867393e+00,1.347679076977941447e-03,-2.107460121074659215e-02,8.985716255856147993e-11,1.890557093328070426e+00
9.473807174967172173e+00,1.297438391316329967e-03,-2.106399364651558026e-02,7.866899572717727435e-11,1.890557093346080908e+00
9.476191719939476954e+00,1.247222990320923444e-03,-2.105339408896660450e-02,6.851795255179466723e-11,1.890557093361820984e+00
9.478576264911781735e+00,1.197032854909033540e-03,-2.104280253004601337e-02,5.934323906206807980e-11,1.890557093375502262e+00
9.480960809884086515e+00,1.146867966017165548e-03,-2.103221896171013003e-02,5.108542115613079420e-11,1.890557093387321919e+00
9.483345354856391296e+00,1.096728304600991938e-03,-2.102164337592526966e-02,4.368644265134556407e-11,1.890557093397467581e+00
9.485729899828696077e+00,1.046613851635329589e-03,-2.101107576466772209e-02,3.708964475895221528e-11,1.890557093406115996e+00
9.488114444801000857e+00,9.965245881141152843e-04,-2.100051611992374140e-02,3.123978714584056276e-11,1.890557093413432366e+00
9.490498989773305638e+00,9.464604950503834871e-04,-2.098996443368951817e-02,2.608307077394621541e-11,1.890557093419572121e+00
9.492883534745610419e+00,8.964215534762418362e-04,-2.097942069797116907e-02,2.156716274115832937e-11,1.890557093424678037e+00
9.495268079717915199e+00,8.464077444428480534e-04,-2.096888490478472644e-02,1.764122338891209804e-11,1.890557093428882451e+00
9.497652624690221757e+00,7.964190490203490111e-04,-2.095835704615611056e-02,1.425593599321222461e-11,1.890557093432307267e+00
9.500037169662526537e+00,7.464554482980062826e-04,-2.094783711412115737e-02,1.136353942103761457e-11,1.890557093435063285e+00
9.502421714634831318e+00,6.965169233839493780e-04,-2.093732510072554912e-02,8.917864217483646200e-12,1.890557093437250868e+00
9.504806259607136099e+00,6.466034554053007527e-04,-2.092682099802484208e-02,6.874372697484661153e-12,1.890557093438960168e+00
9.507190804579440879e+00,5.967150255081149837e-04,-2.091632479808444925e-02,5.190203758967692800e-12,1.890557093440271785e+00
9.509575349551745660e+00,5.468516148573558926e-04,-2.090583649297961602e-02,3.824223326756082970e-12,1.890557093441256997e+00
9.511959894524050441e+00,4.970132046368724767e-04,-2.089535607479543755e-02,2.737081600761689961e-12,1.890557093441978864e+00
9.514344439496355221e+00,4.471997760493755985e-04,-2.088488353562681712e-02,1.891278653849227651e-12,1.890557093442490455e+00
9.516728984468660002e+00,3.974113103164142414e-04,-2.087441886757849044e-02,1.251240463199423104e-12,1.890557093442839287e+00
9.519113529440964783e+00,3.476477886783530674e-04,-2.086396206276499438e-02,7.834082656548764466e-13,1.890557093443064440e+00
9.521498074413269563e+00,2.979091923943472629e-04,-2.085351311331065660e-02,4.563453867943332820e-13,1.890557093443197889e+00
9.523882619385574344e+00,2.481955027423203130e-04,-2.084307201134961290e-02,2.408677621051822946e-13,1.890557093443266945e+00
9.526267164357879125e+00,1.985067010189410161e-04,-2.083263874902577251e-02,1.102079950525365643e-13,1.890557093443292924e+00
9.528651709330183905e+00,1.488427685395986560e-04,-2.082221331849282153e-02,4.022972725606189704e-14,1.890557093443291592e+00
9.531036254302488686e+00,9.920368663838088387e-05,-2.081179571191421954e-02,9.724053541556701097e-15,1.890557093443276493e+00
9.533420799274793467e+00,4.958943666804943237e-05,-2.080138592146317522e-02,8.587408283813964350e-16,1.890557093443254955e+00
9.535805344247098247e+00,0.000000000000000000e+00,-2.079098393932266725e-02,0.000000000000000000e+00,1.890557093443234304e+00
