xi,theta,dtheta_dxi,rho_over_rhoc,dimensionless_mass
0.000000000000000000e+00,1.000000000000000000e+00,0.000000000000000000e+00,1.000000000000000000e+00,-0.000000000000000000e+00
1.000000000000000082e-05,9.999999999833333320e-01,-3.333333333300000460e-06,9.999999999833333320e-01,3.333333333300000768e-16
7.955920614128039010e-04,9.999998945055399435e-01,-2.651973165887208444e-04,9.999998945055399435e-01,1.678610778040936888e-10
1.581184122825607776e-03,9.999995833095135511e-01,-5.270612424213289970e-04,9.999995833095135511e-01,1.317728597180430936e-09
2.366776184238411542e-03,9.999990663953436387e-01,-7.889249527790334962e-04,9.999990663953436387e-01,4.419265293726118707e-09
3.152368245651215525e-03,9.999983437632300465e-01,-1.050788370955940210e-03,9.999983437632300465e-01,1.044213121168494583e-08
3.937960307064019075e-03,9.999974154134405602e-01,-1.312651400058734586e-03,9.999974154134405602e-01,2.035598277742717902e-08
4.723552368476822624e-03,9.999962813463189049e-01,-1.574513943149605764e-03,9.999962813463189049e-01,3.513047161527106009e-08
5.509144429889627041e-03,9.999949415622847448e-01,-1.836375903085925602e-03,9.999949415622847448e-01,5.573524334486489562e-08
6.294736491302430591e-03,9.999933960618344608e-01,-2.098237183076105683e-03,9.999933960618344608e-01,8.313993639720280762e-08
7.080328552715234140e-03,9.999916448455401508e-01,-2.360097686092481242e-03,9.999916448455401508e-01,1.183141808045935933e-07
7.865920614128038557e-03,9.999896879140506289e-01,-2.621957315220840596e-03,9.999896879140506289e-01,1.622275970137194282e-07
8.651512675540842107e-03,9.999875252680902049e-01,-2.883815973452671412e-03,9.999875252680902049e-01,2.158497946798244193e-07
9.437104736953645656e-03,9.999851569084595715e-01,-3.145673563783594768e-03,9.999851569084595715e-01,2.801503714725595222e-07
1.022269679836644921e-02,9.999825828360360269e-01,-3.407529989321728126e-03,9.999825828360360269e-01,3.560989118902404546e-07
1.100828885977925449e-02,9.999798030517726977e-01,-3.669385153075040758e-03,9.999798030517726977e-01,4.446649860461258613e-07
1.179388092119205804e-02,9.999768175566987605e-01,-3.931238958077498506e-03,9.999768175566987605e-01,5.468181484810474551e-07
1.257947298260486159e-02,9.999736263519198864e-01,-4.193091307387361577e-03,9.999736263519198864e-01,6.635279369684479108e-07
1.336506504401766514e-02,9.999702294386177970e-01,-4.454942104050467824e-03,9.999702294386177970e-01,7.957638713134365877e-07
1.415065710543046869e-02,9.999666268180500417e-01,-4.716791251070894669e-03,9.999666268180500417e-01,9.444954521490106050e-07
1.493624916684327397e-02,9.999628184915506646e-01,-4.978638651470791016e-03,9.999628184915506646e-01,1.110692159747917862e-06
1.572184122825607752e-02,9.999588044605302040e-01,-5.240484208345719264e-03,9.999588044605302040e-01,1.295323452841281021e-06
1.650743328966888107e-02,9.999545847264746934e-01,-5.502327824717549894e-03,9.999545847264746934e-01,1.499358767390799007e-06
1.729302535108168462e-02,9.999501592909468828e-01,-5.764169403623679161e-03,9.999501592909468828e-01,1.723767515409544581e-06
1.807861741249448817e-02,9.999455281555853503e-01,-6.026008848105955489e-03,9.999455281555853503e-01,1.969519083763488637e-06
1.886420947390729172e-02,9.999406913221049464e-01,-6.287846061216935747e-03,9.999406913221049464e-01,2.237582832977555595e-06
1.964980153532009527e-02,9.999356487922969050e-01,-6.549680946011424143e-03,9.999356487922969050e-01,2.528928096037212172e-06
2.043539359673289882e-02,9.999304005680283991e-01,-6.811513405534375121e-03,9.999304005680283991e-01,2.844524177187137498e-06
2.122098565814570584e-02,9.999249466512425411e-01,-7.073343342816265124e-03,9.999249466512425411e-01,3.185340350730924066e-06
2.200657771955850939e-02,9.999192870439587155e-01,-7.335170660887069261e-03,9.999192870439587155e-01,3.552345859838659050e-06
2.279216978097131294e-02,9.999134217482729126e-01,-7.596995262817957117e-03,9.999134217482729126e-01,3.946509915371597486e-06
2.357776184238411649e-02,9.999073507663570615e-01,-7.858817051676203827e-03,9.999073507663570615e-01,4.368801694667686428e-06
2.436335390379692004e-02,9.999010741004591418e-01,-8.120635930502693306e-03,9.999010741004591418e-01,4.820190340331074826e-06
2.514894596520972359e-02,9.998945917529032945e-01,-8.382451802348322295e-03,9.998945917529032945e-01,5.301644959053558232e-06
2.593453802662252713e-02,9.998879037260897107e-01,-8.644264570265181025e-03,9.998879037260897107e-01,5.814134620413878682e-06
2.672013008803533068e-02,9.998810100224949649e-01,-8.906074137310746042e-03,9.998810100224949649e-01,6.358628355684312026e-06
2.750572214944813423e-02,9.998739106446717928e-01,-9.167880406547413569e-03,9.998739106446717928e-01,6.936095156634826811e-06
2.829131421086093778e-02,9.998666055952492027e-01,-9.429683281039311082e-03,9.998666055952492027e-01,7.547503974335034952e-06
2.907690627227374133e-02,9.998590948769319198e-01,-9.691482663848435819e-03,9.998590948769319198e-01,8.193823717954815101e-06
2.986249833368654835e-02,9.998513784925012748e-01,-9.953278458032101261e-03,9.998513784925012748e-01,8.876023253565046132e-06
3.064809039509935190e-02,9.998434564448142048e-01,-1.021507056664365878e-02,9.998434564448142048e-01,9.595071402940655566e-06
3.143368245651215892e-02,9.998353287368040299e-01,-1.047685889273857092e-02,9.998353287368040299e-01,1.035193694236908731e-05
3.221927451792495900e-02,9.998269953714803426e-01,-1.073864333938773230e-02,9.998269953714803426e-01,1.114758860146803001e-05
3.300486657933776602e-02,9.998184563519294521e-01,-1.100042380968571307e-02,9.998184563519294521e-01,1.198299506200176475e-05
3.379045864075057304e-02,9.998097116813128293e-01,-1.126220020669215990e-02,9.998097116813128293e-01,1.285912495662404617e-05
3.457605070216337312e-02,9.998007613628685508e-01,-1.152397243347767428e-02,9.998007613628685508e-01,1.377694686772746751e-05
3.536164276357618014e-02,9.997916053999108543e-01,-1.178574039311469819e-02,9.997916053999108543e-01,1.473742932623854608e-05
3.614723482498898022e-02,9.997822437958299169e-01,-1.204750398867729215e-02,9.997822437958299169e-01,1.574154081042150095e-05
3.693282688640178724e-02,9.997726765540921878e-01,-1.230926312324301906e-02,9.997726765540921878e-01,1.679024974468494791e-05
3.771841894781458732e-02,9.997629036782402778e-01,-1.257101769989332589e-02,9.997629036782402778e-01,1.788452449838705442e-05
3.850401100922739434e-02,9.997529251718930698e-01,-1.283276762171292606e-02,9.997529251718930698e-01,1.902533338463951724e-05
3.928960307064019442e-02,9.997427410387453861e-01,-1.309451279178857307e-02,9.997427410387453861e-01,2.021364465911033558e-05
4.007519513205300143e-02,9.997323512825683212e-01,-1.335625311320770732e-02,9.997323512825683212e-01,2.145042651882609632e-05
4.086078719346580151e-02,9.997217559072090198e-01,-1.361798848905738067e-02,9.997217559072090198e-01,2.273664710097412039e-05
4.164637925487860853e-02,9.997109549165905662e-01,-1.387971882242394067e-02,9.997109549165905662e-01,2.407327448170567633e-05
4.243197131629141555e-02,9.996999483147122056e-01,-1.414144401639386671e-02,9.996999483147122056e-01,2.546127667494095910e-05
4.321756337770421563e-02,9.996887361056495669e-01,-1.440316397405625240e-02,9.996887361056495669e-01,2.690162163117758922e-05
4.400315543911702265e-02,9.996773182935541069e-01,-1.466487859850734016e-02,9.996773182935541069e-01,2.839527723630411602e-05
4.478874750052982273e-02,9.996656948826537770e-01,-1.492658779285754855e-02,9.996656948826537770e-01,2.994321131042035157e-05
4.557433956194262975e-02,9.996538658772530228e-01,-1.518829146022135888e-02,9.996538658772530228e-01,3.154639160662537489e-05
4.635993162335542983e-02,9.996418312817313412e-01,-1.544998950369120237e-02,9.996418312817313412e-01,3.320578580976690477e-05
4.714552368476823685e-02,9.996295911005450563e-01,-1.571168182637463356e-02,9.996295911005450563e-01,3.492236153532001446e-05
4.793111574618103693e-02,9.996171453382263206e-01,-1.597336833138012988e-02,9.996171453382263206e-01,3.669708632816393485e-05
4.871670780759384395e-02,9.996044939993835587e-01,-1.623504892181827294e-02,9.996044939993835587e-01,3.853092766138935406e-05
4.950229986900664403e-02,9.995916370887011349e-01,-1.649672350080273742e-02,9.995916370887011349e-01,4.042485293510560541e-05
5.028789193041945105e-02,9.995785746109397962e-01,-1.675839197145077147e-02,9.995785746109397962e-01,4.237982947524731312e-05
5.107348399183225807e-02,9.995653065709361185e-01,-1.702005423688321417e-02,9.995653065709361185e-01,4.439682453237982516e-05
5.185907605324505815e-02,9.995518329736031715e-01,-1.728171020022425952e-02,9.995518329736031715e-01,4.647680528050431405e-05
5.264466811465786517e-02,9.995381538239297425e-01,-1.754335976460101587e-02,9.995381538239297425e-01,4.862073881586211191e-05
5.343026017607066525e-02,9.995242691269811131e-01,-1.780500283314296467e-02,9.995242691269811131e-01,5.082959215573860506e-05
5.421585223748347226e-02,9.995101788878981708e-01,-1.806663930898152332e-02,9.995101788878981708e-01,5.310433223726729806e-05
5.500144429889627234e-02,9.994958831118982978e-01,-1.832826909524968781e-02,9.994958831118982978e-01,5.544592591623378965e-05
5.578703636030907936e-02,9.994813818042745934e-01,-1.858989209508201193e-02,9.994813818042745934e-01,5.785533996588087348e-05
5.657262842172187944e-02,9.994666749703965403e-01,-1.885150821161493337e-02,9.994666749703965403e-01,6.033354107571445887e-05
5.735822048313468646e-02,9.994517626157095602e-01,-1.911311734798761333e-02,9.994517626157095602e-01,6.288149585031172092e-05
5.814381254454748654e-02,9.994366447457350144e-01,-1.937471940734337636e-02,9.994366447457350144e-01,6.550017080813146640e-05
5.892940460596029356e-02,9.994213213660706474e-01,-1.963631429283190649e-02,9.994213213660706474e-01,6.819053238032826735e-05
5.971499666737310058e-02,9.994057924823905870e-01,-1.989790190761225180e-02,9.994057924823905870e-01,7.095354690957045708e-05
6.050058872878590066e-02,9.993900581004447892e-01,-2.015948215485142969e-02,9.993900581004447892e-01,7.379018064884411963e-05
6.128618079019870768e-02,9.993741182260590383e-01,-2.042105493769905827e-02,9.993741182260590383e-01,7.670139976016630444e-05
6.207177285161150776e-02,9.993579728651352800e-01,-2.068262015931636791e-02,9.993579728651352800e-01,7.968817031349308567e-05
6.285736491302430784e-02,9.993416220236516212e-01,-2.094417772286881474e-02,9.993416220236516212e-01,8.275145828550071569e-05
6.364295697443711486e-02,9.993250657076622190e-01,-2.120572753152443271e-02,9.993250657076622190e-01,8.589222955838572498e-05
6.442854903584990800e-02,9.993083039232971698e-01,-2.146726948845450317e-02,9.993083039232971698e-01,8.911144991867372273e-05
6.521414109726271502e-02,9.992913366767628425e-01,-2.172880349683403711e-02,9.992913366767628425e-01,9.241008505602803485e-05
6.599973315867552204e-02,9.992741639743415449e-01,-2.199032945984197643e-02,9.992741639743415449e-01,9.578910056205714937e-05
6.678532522008832906e-02,9.992567858223917465e-01,-2.225184728066132919e-02,9.992567858223917465e-01,9.924946192912232441e-05
6.757091728150113608e-02,9.992392022273478558e-01,-2.251335686247913151e-02,9.992392022273478558e-01,1.027921345491445592e-04
6.835650934291392922e-02,9.992214131957204426e-01,-2.277485810848630873e-02,9.992214131957204426e-01,1.064180837124109282e-04
6.914210140432673624e-02,9.992034187340961271e-01,-2.303635092187752628e-02,9.992034187340961271e-01,1.101282746063812946e-04
6.992769346573954325e-02,9.991852188491375797e-01,-2.329783520585096759e-02,9.991852188491375797e-01,1.139236723144938990e-04
7.071328552715235027e-02,9.991668135475836321e-01,-2.355931086360814330e-02,9.991668135475836321e-01,1.178052418149718020e-04
7.149887758856514341e-02,9.991482028362487222e-01,-2.382077779835375594e-02,9.991482028362487222e-01,1.217739479796290958e-04
7.228446964997795043e-02,9.991293867220236713e-01,-2.408223591329562707e-02,9.991293867220236713e-01,1.258307555726776458e-04
7.307006171139075745e-02,9.991103652118753509e-01,-2.434368511164473198e-02,9.991103652118753509e-01,1.299766292495341149e-04
7.385565377280356447e-02,9.990911383128463497e-01,-2.460512529661539743e-02,9.990911383128463497e-01,1.342125335556282903e-04
7.464124583421635761e-02,9.990717060320555287e-01,-2.486655637142565559e-02,9.990717060320555287e-01,1.385394329252122227e-04
7.542683789562916463e-02,9.990520683766975774e-01,-2.512797823929785457e-02,9.990520683766975774e-01,1.429582916801714666e-04
7.621242995704197165e-02,9.990322253540433461e-01,-2.538939080345944607e-02,9.990322253540433461e-01,1.474700740288373637e-04
7.699802201845477867e-02,9.990121769714399580e-01,-2.565079396714411986e-02,9.990121769714399580e-01,1.520757440648024981e-04
7.778361407986758569e-02,9.989919232363104751e-01,-2.591218763359322969e-02,9.989919232363104751e-01,1.567762657657384548e-04
7.856920614128037883e-02,9.989714641561540098e-01,-2.617357170605682376e-02,9.989714641561540098e-01,1.615726029922127114e-04
7.935479820269318585e-02,9.989507997385456139e-01,-2.643494608777557583e-02,9.989507997385456139e-01,1.664657194863858878e-04
8.014039026410599287e-02,9.989299299911360563e-01,-2.669631068199544016e-02,9.989299299911360563e-01,1.714565788709056704e-04
8.092598232551879989e-02,9.989088549216523782e-01,-2.695766539197090583e-02,9.989088549216523782e-01,1.765461446477372288e-04
8.171157438693159303e-02,9.988875745378974491e-01,-2.721901012095999731e-02,9.988875745378974491e-01,1.817353801969410760e-04
8.249716644834440005e-02,9.988660888477502997e-01,-2.748034477222472891e-02,9.988660888477502997e-01,1.870252487754844037e-04
8.328275850975720707e-02,9.988443978591659000e-01,-2.774166924903144829e-02,9.988443978591659000e-01,1.924167135160516850e-04
8.406835057117001408e-02,9.988225015801751594e-01,-2.800298345465108280e-02,9.988225015801751594e-01,1.979107374258554672e-04
8.485394263258282110e-02,9.988004000188850373e-01,-2.826428729235933371e-02,9.988004000188850373e-01,2.035082833854466773e-04
8.563953469399561425e-02,9.987780931834784326e-01,-2.852558066543675261e-02,9.987780931834784326e-01,2.092103141475244385e-04
8.642512675540842126e-02,9.987555810822142943e-01,-2.878686347716882810e-02,9.987555810822142943e-01,2.150177923357464026e-04
8.721071881682122828e-02,9.987328637234276218e-01,-2.904813563084594416e-02,9.987328637234276218e-01,2.209316804435375640e-04
8.799631087823403530e-02,9.987099411155292428e-01,-2.930939702976336630e-02,9.987099411155292428e-01,2.269529408328999954e-04
8.878190293964682844e-02,9.986868132670060350e-01,-2.957064757722116521e-02,9.986868132670060350e-01,2.330825357332218250e-04
8.956749500105963546e-02,9.986634801864209265e-01,-2.983188717652417513e-02,9.986634801864209265e-01,2.393214272400868634e-04
9.035308706247244248e-02,9.986399418824126739e-01,-3.009311573098187240e-02,9.986399418824126739e-01,2.456705773140832280e-04
9.113867912388524950e-02,9.986161983636958617e-01,-3.035433314390833387e-02,9.986161983636958617e-01,2.521309477796126455e-04
9.192427118529804264e-02,9.985922496390613468e-01,-3.061553931862216749e-02,9.985922496390613468e-01,2.587035003236999435e-04
9.270986324671084966e-02,9.985680957173758143e-01,-3.087673415844654004e-02,9.985680957173758143e-01,2.653891964948032196e-04
9.349545530812365668e-02,9.985437366075815557e-01,-3.113791756670913208e-02,9.985437366075815557e-01,2.721889977016232797e-04
9.428104736953646370e-02,9.985191723186971346e-01,-3.139908944674227320e-02,9.985191723186971346e-01,2.791038652119147011e-04
9.506663943094927072e-02,9.984944028598169430e-01,-3.166024970188306004e-02,9.984944028598169430e-01,2.861347601512976560e-04
9.585223149236206386e-02,9.984694282401112009e-01,-3.192139823547356786e-02,9.984694282401112009e-01,2.932826435020696254e-04
9.663782355377487088e-02,9.984442484688262898e-01,-3.218253495086116633e-02,9.984442484688262898e-01,3.005484761020194994e-04
9.742341561518767790e-02,9.984188635552843083e-01,-3.244365975139893582e-02,9.984188635552843083e-01,3.079332186432423807e-04
9.820900767660048492e-02,9.983932735088835164e-01,-3.270477254044613924e-02,9.983932735088835164e-01,3.154378316709552030e-04
9.899459973801327806e-02,9.983674783390978913e-01,-3.296587322136888126e-02,9.983674783390978913e-01,3.230632755823152754e-04
9.978019179942608508e-02,9.983414780554776824e-01,-3.322696169754087159e-02,9.983414780554776824e-01,3.308105106252408334e-04
1.005657838608388921e-01,9.983152726676491895e-01,-3.348803787234433393e-02,9.983152726676491895e-01,3.386804968972327275e-04
1.013513759222516991e-01,9.982888621853142075e-01,-3.374910164916145039e-02,9.982888621853142075e-01,3.466741943441008114e-04
1.021369679836645061e-01,9.982622466182501375e-01,-3.401015293137072543e-02,9.982622466182501375e-01,3.547925627587338059e-04
1.029225600450772993e-01,9.982354259763106530e-01,-3.427119162236517275e-02,9.982354259763106530e-01,3.630365617800959243e-04
1.037081521064901063e-01,9.982084002694251446e-01,-3.453221762554265634e-02,9.982084002694251446e-01,3.714071508919425803e-04
1.044937441679029133e-01,9.981811695075991642e-01,-3.479323084430609864e-02,9.981811695075991642e-01,3.799052894216340000e-04
1.052793362293157203e-01,9.981537337009138700e-01,-3.505423118206374422e-02,9.981537337009138700e-01,3.885319365389497013e-04
1.060649282907285135e-01,9.981260928595264703e-01,-3.531521854222938184e-02,9.981260928595264703e-01,3.972880512549035147e-04
1.068505203521413205e-01,9.980982469936698909e-01,-3.557619282822254564e-02,9.980982469936698909e-01,4.061745924205582793e-04
1.076361124135541275e-01,9.980701961136529965e-01,-3.583715394346861927e-02,9.980701961136529965e-01,4.151925187258393465e-04
1.084217044749669345e-01,9.980419402298605913e-01,-3.609810179139897462e-02,9.980419402298605913e-01,4.243427886983491132e-04
1.092072965363797415e-01,9.980134793527533077e-01,-3.635903627545104128e-02,9.980134793527533077e-01,4.336263607021814464e-04
1.099928885977925347e-01,9.979848134928676062e-01,-3.661995729906832031e-02,9.979848134928676062e-01,4.430441929367344282e-04
1.107784806592053417e-01,9.979559426608158867e-01,-3.688086476570049538e-02,9.979559426608158867e-01,4.525972434355258101e-04
1.115640727206181487e-01,9.979268668672862663e-01,-3.714175857880334941e-02,9.979268668672862663e-01,4.622864700650048905e-04
1.123496647820309557e-01,9.978975861230428013e-01,-3.740263864183880627e-02,9.978975861230428013e-01,4.721128305233671563e-04
1.131352568434437489e-01,9.978681004389255982e-01,-3.766350485827490990e-02,9.978681004389255982e-01,4.820772823393673526e-04
1.139208489048565559e-01,9.978384098258502588e-01,-3.792435713158581051e-02,9.978384098258502588e-01,4.921807828711339617e-04
1.147064409662693629e-01,9.978085142948083242e-01,-3.818519536525172287e-02,9.978085142948083242e-01,5.024242893049815683e-04
1.154920330276821699e-01,9.977784138568671635e-01,-3.844601946275889859e-02,9.977784138568671635e-01,5.128087586542255010e-04
1.162776250890949631e-01,9.977481085231699742e-01,-3.870682932759964001e-02,9.977481085231699742e-01,5.233351477579952817e-04
1.170632171505077701e-01,9.977175983049357821e-01,-3.896762486327224467e-02,9.977175983049357821e-01,5.340044132800494297e-04
1.178488092119205771e-01,9.976868832134594411e-01,-3.922840597328106776e-02,9.976868832134594411e-01,5.448175117075892363e-04
1.186344012733333841e-01,9.976559632601113004e-01,-3.948917256113649438e-02,9.976559632601113004e-01,5.557753993500735151e-04
1.194199933347461912e-01,9.976248384563377591e-01,-3.974992453035500195e-02,9.976248384563377591e-01,5.668790323380341108e-04
1.202055853961589843e-01,9.975935088136610451e-01,-4.001066178445924354e-02,9.975935088136610451e-01,5.781293666218916254e-04
1.209911774575717913e-01,9.975619743436788811e-01,-4.027138422697813802e-02,9.975619743436788811e-01,5.895273579707724452e-04
1.217767695189845983e-01,9.975302350580651511e-01,-4.053209176144699499e-02,9.975302350580651511e-01,6.010739619713245750e-04
1.225623615803974054e-01,9.974982909685690124e-01,-4.079278429140770212e-02,9.974982909685690124e-01,6.127701340265365084e-04
1.233479536418101985e-01,9.974661420870158945e-01,-4.105346172040890557e-02,9.974661420870158945e-01,6.246168293545553392e-04
1.241335457032230055e-01,9.974337884253067221e-01,-4.131412395200632220e-02,9.974337884253067221e-01,6.366150029875083417e-04
1.249191377646358125e-01,9.974012299954184702e-01,-4.157477088976299640e-02,9.974012299954184702e-01,6.487656097703222748e-04
1.257047298260486334e-01,9.973684668094034977e-01,-4.183540243724970242e-02,9.973684668094034977e-01,6.610696043595473475e-04
1.264903218874614266e-01,9.973354988793904363e-01,-4.209601849804529838e-02,9.973354988793904363e-01,6.735279412221794508e-04
1.272759139488742475e-01,9.973023262175836345e-01,-4.235661897573730211e-02,9.973023262175836345e-01,6.861415746344884598e-04
1.280615060102870406e-01,9.972689488362632693e-01,-4.261720377392235609e-02,9.972689488362632693e-01,6.989114586808430670e-04
1.288470980716998338e-01,9.972353667477851236e-01,-4.287777279620204329e-02,9.972353667477851236e-01,7.118385472524615650e-04
1.296326901331126547e-01,9.972015799645798095e-01,-4.313832594617007105e-02,9.972015799645798095e-01,7.249237940460114904e-04
1.304182821945254478e-01,9.971675884991544336e-01,-4.339886312743805596e-02,9.971675884991544336e-01,7.381681525628487313e-04
1.312038742559382687e-01,9.971333923640918195e-01,-4.365938424362539316e-02,9.971333923640918195e-01,7.515725761076744171e-04
1.319894663173510618e-01,9.970989915720503971e-01,-4.391988919835795174e-02,9.970989915720503971e-01,7.651380177873275514e-04
1.327750583787638550e-01,9.970643861357644244e-01,-4.418037789526836623e-02,9.970643861357644244e-01,7.788654305096094112e-04
1.335606504401766759e-01,9.970295760680436548e-01,-4.444085023799616146e-02,9.970295760680436548e-01,7.927557669821024174e-04
1.343462425015894690e-01,9.969945613817735586e-01,-4.470130613018791221e-02,9.969945613817735586e-01,8.068099797109901973e-04
1.351318345630022899e-01,9.969593420899154346e-01,-4.496174547549740275e-02,9.969593420899154346e-01,8.210290209998803582e-04
1.359174266244150830e-01,9.969239182055061876e-01,-4.522216817758571705e-02,9.969239182055061876e-01,8.354138429486223814e-04
1.367030186858278762e-01,9.968882897416584399e-01,-4.548257414012137761e-02,9.968882897416584399e-01,8.499653974521301789e-04
1.374886107472406971e-01,9.968524567115603086e-01,-4.574296326678039398e-02,9.968524567115603086e-01,8.646846361992024813e-04
1.382742028086534902e-01,9.968164191284759612e-01,-4.600333546124631828e-02,9.968164191284759612e-01,8.795725106713405154e-04
1.390597948700662834e-01,9.967801770057449495e-01,-4.626369062721035624e-02,9.967801770057449495e-01,8.946299721415718617e-04
1.398453869314791043e-01,9.967437303567824314e-01,-4.652402866837137413e-02,9.967437303567824314e-01,9.098579716732697583e-04
1.406309789928918974e-01,9.967070791950795039e-01,-4.678434948843589875e-02,9.967070791950795039e-01,9.252574601189708864e-04
1.414165710543047183e-01,9.966702235342027594e-01,-4.704465299111822846e-02,9.966702235342027594e-01,9.408293881192005296e-04
1.422021631157175114e-01,9.966331633877945073e-01,-4.730493908014035687e-02,9.966331633877945073e-01,9.565747061012874319e-04
1.429877551771303046e-01,9.965958987695725524e-01,-4.756520765923205607e-02,9.965958987695725524e-01,9.724943642781898236e-04
1.437733472385431255e-01,9.965584296933304165e-01,-4.782545863213084197e-02,9.965584296933304165e-01,9.885893126473116899e-04
1.445589392999559186e-01,9.965207561729373387e-01,-4.808569190258198817e-02,9.965207561729373387e-01,1.004860500989324676e-03
1.453445313613687395e-01,9.964828782223380532e-01,-4.834590737433853980e-02,9.964828782223380532e-01,1.021308878866989886e-03
1.461301234227815327e-01,9.964447958555527896e-01,-4.860610495116128582e-02,9.964447958555527896e-01,1.037935395623976751e-03
1.469157154841943258e-01,9.964065090866777163e-01,-4.886628453681880063e-02,9.964065090866777163e-01,1.054741000383685587e-03
1.477013075456071467e-01,9.963680179298842754e-01,-4.912644603508744406e-02,9.963680179298842754e-01,1.071726642048069283e-03
1.484868996070199398e-01,9.963293223994195147e-01,-4.938658934975133363e-02,9.963293223994195147e-01,1.088893269296452391e-03
1.492724916684327330e-01,9.962904225096061994e-01,-4.964671438460242781e-02,9.962904225096061994e-01,1.106241830584355412e-03
1.500580837298455539e-01,9.962513182748424789e-01,-4.990682104344049130e-02,9.962513182748424789e-01,1.123773274142316272e-03
1.508436757912583470e-01,9.962120097096023308e-01,-5.016690923007315756e-02,9.962120097096023308e-01,1.141488547974711578e-03
1.516292678526711679e-01,9.961724968284348947e-01,-5.042697884831599114e-02,9.961724968284348947e-01,1.159388599858581989e-03
1.524148599140839611e-01,9.961327796459651385e-01,-5.068702980199250863e-02,9.961327796459651385e-01,1.177474377342452826e-03
1.532004519754967542e-01,9.960928581768934142e-01,-5.094706199493426180e-02,9.960928581768934142e-01,1.195746827745160744e-03
1.539860440369095751e-01,9.960527324359957912e-01,-5.120707533098095565e-02,9.960527324359957912e-01,1.214206898154677810e-03
1.547716360983223682e-01,9.960124024381236119e-01,-5.146706971398049696e-02,9.960124024381236119e-01,1.232855535426933625e-03
1.555572281597351891e-01,9.959718681982040467e-01,-5.172704504778916773e-02,9.959718681982040467e-01,1.251693686184647417e-03
1.563428202211479823e-01,9.959311297312395395e-01,-5.198700123627170155e-02,9.959311297312395395e-01,1.270722296816148220e-03
1.571284122825607754e-01,9.958901870523082511e-01,-5.224693818330152645e-02,9.958901870523082511e-01,1.289942313474207397e-03
1.579140043439735963e-01,9.958490401765637268e-01,-5.250685579276089671e-02,9.958490401765637268e-01,1.309354682074867059e-03
1.586995964053863895e-01,9.958076891192351177e-01,-5.276675396854108024e-02,9.958076891192351177e-01,1.328960348296265000e-03
1.594851884667992103e-01,9.957661338956271813e-01,-5.302663261454266391e-02,9.957661338956271813e-01,1.348760257577472652e-03
1.602707805282120035e-01,9.957243745211202812e-01,-5.328649163467572697e-02,9.957243745211202812e-01,1.368755355117320244e-03
1.610563725896247966e-01,9.956824110111701653e-01,-5.354633093286022272e-02,9.956824110111701653e-01,1.388946585873236054e-03
1.618419646510376175e-01,9.956402433813084096e-01,-5.380615041302622137e-02,9.956402433813084096e-01,1.409334894560077857e-03
1.626275567124504107e-01,9.955978716471419743e-01,-5.406594997911429168e-02,9.955978716471419743e-01,1.429921225648968491e-03
1.634131487738632038e-01,9.955552958243535366e-01,-5.432572953507535524e-02,9.955552958243535366e-01,1.450706523366122750e-03
1.641987408352760247e-01,9.955125159286999370e-01,-5.458548898485197226e-02,9.955125159286999370e-01,1.471691731691168389e-03
1.649843328966888178e-01,9.954695319760135108e-01,-5.484522823239957462e-02,9.954695319760135108e-01,1.492877794356527480e-03
1.657699249581016387e-01,9.954263439822029769e-01,-5.510494718168973405e-02,9.954263439822029769e-01,1.514265654846338712e-03
1.665555170195144319e-01,9.953829519632523271e-01,-5.536464573670236283e-02,9.953829519632523271e-01,1.535856256395075033e-03
1.673411090809272250e-01,9.953393559352208264e-01,-5.562432380142597055e-02,9.953393559352208264e-01,1.557650541986377920e-03
1.681267011423400459e-01,9.952955559142431241e-01,-5.588398127985774733e-02,9.952955559142431241e-01,1.579649454351886436e-03
1.689122932037528391e-01,9.952515519165294755e-01,-5.614361807600368875e-02,9.952515519165294755e-01,1.601853935970063260e-03
1.696978852651656600e-01,9.952073439583654091e-01,-5.640323409387874853e-02,9.952073439583654091e-01,1.624264929065031334e-03
1.704834773265784531e-01,9.951629320561117265e-01,-5.666282923750690093e-02,9.951629320561117265e-01,1.646883375605398157e-03
1.712690693879912462e-01,9.951183162262046134e-01,-5.692240341092131423e-02,9.951183162262046134e-01,1.669710217303091134e-03
1.720546614494040671e-01,9.950734964851559727e-01,-5.718195651816437852e-02,9.950734964851559727e-01,1.692746395612185987e-03
1.728402535108168603e-01,9.950284728495527586e-01,-5.744148846328777508e-02,9.950284728495527586e-01,1.715992851727733215e-03
1.736258455722296534e-01,9.949832453360575313e-01,-5.770099915035261512e-02,9.949832453360575313e-01,1.739450526584595830e-03
1.744114376336424743e-01,9.949378139614079020e-01,-5.796048848342947452e-02,9.949378139614079020e-01,1.763120360856276249e-03
1.751970296950552675e-01,9.948921787424170882e-01,-5.821995636659841461e-02,9.948921787424170882e-01,1.787003294953743836e-03
1.759826217564680884e-01,9.948463396959738025e-01,-5.847940270394910017e-02,9.948463396959738025e-01,1.811100269024272643e-03
1.767682138178808815e-01,9.948002968390416978e-01,-5.873882739958078553e-02,9.948002968390416978e-01,1.835412222950264611e-03
1.775538058792936746e-01,9.947540501886602549e-01,-5.899823035760239781e-02,9.947540501886602549e-01,1.859940096348085790e-03
1.783393979407064955e-01,9.947075997619438947e-01,-5.925761148213257168e-02,9.947075997619438947e-01,1.884684828566896920e-03
1.791249900021192887e-01,9.946609455760826446e-01,-5.951697067729963542e-02,9.946609455760826446e-01,1.909647358687479668e-03
1.799105820635321096e-01,9.946140876483416937e-01,-5.977630784724170115e-02,9.946140876483416937e-01,1.934828625521073939e-03
1.806961741249449027e-01,9.945670259960616155e-01,-6.003562289610663016e-02,9.945670259960616155e-01,1.960229567608204760e-03
1.814817661863576959e-01,9.945197606366581455e-01,-6.029491572805211613e-02,9.945197606366581455e-01,1.985851123217515900e-03
1.822673582477705168e-01,9.944722915876226255e-01,-6.055418624724567128e-02,9.944722915876226255e-01,2.011694230344602402e-03
1.830529503091833099e-01,9.944246188665213371e-01,-6.081343435786461249e-02,9.944246188665213371e-01,2.037759826710837038e-03
1.838385423705961030e-01,9.943767424909960573e-01,-6.107265996409615844e-02,9.943767424909960573e-01,2.064048849762209134e-03
1.846241344320089239e-01,9.943286624787636141e-01,-6.133186297013740185e-02,9.943286624787636141e-01,2.090562236668154061e-03
1.854097264934217171e-01,9.942803788476163307e-01,-6.159104328019529562e-02,9.942803788476163307e-01,2.117300924320381864e-03
1.861953185548345380e-01,9.942318916154216923e-01,-6.185020079848675689e-02,9.942318916154216923e-01,2.144265849331716302e-03
1.869809106162473311e-01,9.941832008001223464e-01,-6.210933542923859074e-02,9.941832008001223464e-01,2.171457948034921735e-03
1.877665026776601243e-01,9.941343064197362134e-01,-6.236844707668758730e-02,9.941343064197362134e-01,2.198878156481540863e-03
1.885520947390729452e-01,9.940852084923563758e-01,-6.262753564508052873e-02,9.940852084923563758e-01,2.226527410440727692e-03
1.893376868004857383e-01,9.940359070361511895e-01,-6.288660103867418916e-02,9.940359070361511895e-01,2.254406645398076160e-03
1.901232788618985592e-01,9.939864020693641722e-01,-6.314564316173537639e-02,9.939864020693641722e-01,2.282516796554461772e-03
1.909088709233113523e-01,9.939366936103141148e-01,-6.340466191854100819e-02,9.939366936103141148e-01,2.310858798824869803e-03
1.916944629847241455e-01,9.938867816773947483e-01,-6.366365721337809147e-02,9.938867816773947483e-01,2.339433586837235193e-03
1.924800550461369664e-01,9.938366662890751879e-01,-6.392262895054381944e-02,9.938366662890751879e-01,2.368242094931276385e-03
1.932656471075497595e-01,9.937863474638997108e-01,-6.418157703434558548e-02,9.937863474638997108e-01,2.397285257157326984e-03
1.940512391689625804e-01,9.937358252204875342e-01,-6.444050136910108029e-02,9.937358252204875342e-01,2.426564007275181303e-03
1.948368312303753735e-01,9.936850995775333706e-01,-6.469940185913829189e-02,9.936850995775333706e-01,2.456079278752920387e-03
1.956224232917881667e-01,9.936341705538067615e-01,-6.495827840879565829e-02,9.936341705538067615e-01,2.485832004765759287e-03
1.964080153532009876e-01,9.935830381681525214e-01,-6.521713092242213683e-02,9.935830381681525214e-01,2.515823118194882198e-03
1.971936074146137807e-01,9.935317024394906271e-01,-6.547595930437719036e-02,9.935317024394906271e-01,2.546053551626276286e-03
1.979791994760265739e-01,9.934801633868161064e-01,-6.573476345903103701e-02,9.934801633868161064e-01,2.576524237349579402e-03
1.987647915374393948e-01,9.934284210291992601e-01,-6.599354329076463632e-02,9.934284210291992601e-01,2.607236107356916514e-03
1.995503835988521879e-01,9.933764753857853291e-01,-6.625229870396989740e-02,9.933764753857853291e-01,2.638190093341737444e-03
2.003359756602650088e-01,9.933243264757948277e-01,-6.651102960304976219e-02,9.933243264757948277e-01,2.669387126697669345e-03
2.011215677216778019e-01,9.932719743185233208e-01,-6.676973589241830265e-02,9.932719743185233208e-01,2.700828138517346200e-03
2.019071597830905951e-01,9.932194189333416467e-01,-6.702841747650101212e-02,9.932194189333416467e-01,2.732514059591264338e-03
2.026927518445034160e-01,9.931666603396955839e-01,-6.728707425973483314e-02,9.931666603396955839e-01,2.764445820406623636e-03
2.034783439059162091e-01,9.931136985571062947e-01,-6.754570614656837946e-02,9.931136985571062947e-01,2.796624351146166990e-03
2.042639359673290300e-01,9.930605336051697707e-01,-6.780431304146218585e-02,9.930605336051697707e-01,2.829050581687041904e-03
2.050495280287418232e-01,9.930071655035574985e-01,-6.806289484888881913e-02,9.930071655035574985e-01,2.861725441599632155e-03
2.058351200901546163e-01,9.929535942720160158e-01,-6.832145147333319735e-02,9.929535942720160158e-01,2.894649860146422411e-03
2.066207121515674372e-01,9.928998199303668004e-01,-6.857998281929275630e-02,9.928998199303668004e-01,2.927824766280839874e-03
2.074063042129802303e-01,9.928458424985069364e-01,-6.883848879127771325e-02,9.928458424985069364e-01,2.961251088646106762e-03
2.081918962743930235e-01,9.927916619964066713e-01,-6.909696929379446906e-02,9.927916619964066713e-01,2.994929755573368102e-03
2.089774883358058444e-01,9.927372784441108600e-01,-6.935542423135454548e-02,9.927372784441108600e-01,3.028861695080892896e-03
2.097630803972186375e-01,9.926826918617407403e-01,-6.961385350849569331e-02,9.926826918617407403e-01,3.063047834873832125e-03
2.105486724586314584e-01,9.926279022694926013e-01,-6.987225702976652963e-02,9.926279022694926013e-01,3.097489102342406396e-03
2.113342645200442516e-01,9.925729096876376722e-01,-7.013063469972657948e-02,9.925729096876376722e-01,3.132186424560742810e-03
2.121198565814570447e-01,9.925177141365221223e-01,-7.038898642294644237e-02,9.925177141365221223e-01,3.167140728285726143e-03
2.129054486428698656e-01,9.924623156365668386e-01,-7.064731210400788941e-02,9.924623156365668386e-01,3.202352939955842217e-03
2.136910407042826587e-01,9.924067142082680926e-01,-7.090561164750389112e-02,9.924067142082680926e-01,3.237823985690018672e-03
2.144766327656954796e-01,9.923509098721965405e-01,-7.116388495803879777e-02,9.923509098721965405e-01,3.273554791286477448e-03
2.152622248271082728e-01,9.922949026489981117e-01,-7.142213194022839495e-02,9.922949026489981117e-01,3.309546282221575552e-03
2.160478168885210659e-01,9.922386925593935647e-01,-7.168035249869995906e-02,9.922386925593935647e-01,3.345799383648652339e-03
2.168334089499338868e-01,9.921822796241785980e-01,-7.193854653809238220e-02,9.921822796241785980e-01,3.382315020396876783e-03
2.176190010113466800e-01,9.921256638642236281e-01,-7.219671396305621380e-02,9.921256638642236281e-01,3.419094116970089556e-03
2.184045930727595008e-01,9.920688453004743446e-01,-7.245485467825373005e-02,9.920688453004743446e-01,3.456137597545654201e-03
2.191901851341722940e-01,9.920118239539509331e-01,-7.271296858835900323e-02,9.920118239539509331e-01,3.493446385973298339e-03
2.199757771955850871e-01,9.919545998457487412e-01,-7.297105559805797115e-02,9.919545998457487412e-01,3.531021405773964849e-03
2.207613692569979080e-01,9.918971729970378348e-01,-7.322911561204852038e-02,9.918971729970378348e-01,3.568863580138658710e-03
2.215469613184107012e-01,9.918395434290633306e-01,-7.348714853504043076e-02,9.918395434290633306e-01,3.606973831927285604e-03
2.223325533798234943e-01,9.917817111631450633e-01,-7.374515427175558357e-02,9.917817111631450633e-01,3.645353083667511769e-03
2.231181454412363152e-01,9.917236762206776968e-01,-7.400313272692789213e-02,9.917236762206776968e-01,3.684002257553602167e-03
2.239037375026491083e-01,9.916654386231309459e-01,-7.426108380530337116e-02,9.916654386231309459e-01,3.722922275445267326e-03
2.246893295640619292e-01,9.916069983920491326e-01,-7.451900741164022013e-02,9.916069983920491326e-01,3.762114058866519728e-03
2.254749216254747224e-01,9.915483555490515188e-01,-7.477690345070880928e-02,9.915483555490515188e-01,3.801578529004509370e-03
2.262605136868875155e-01,9.914895101158321955e-01,-7.503477182729176298e-02,9.914895101158321955e-01,3.841316606708384054e-03
2.270461057483003364e-01,9.914304621141599716e-01,-7.529261244618395965e-02,9.914304621141599716e-01,3.881329212488129725e-03
2.278316978097131296e-01,9.913712115658785962e-01,-7.555042521219257345e-02,9.913712115658785962e-01,3.921617266513417743e-03
2.286172898711259505e-01,9.913117584929064252e-01,-7.580821003013714365e-02,9.913117584929064252e-01,3.962181688612462574e-03
2.294028819325387436e-01,9.912521029172368658e-01,-7.606596680484951911e-02,9.912521029172368658e-01,4.003023398270856917e-03
2.301884739939515367e-01,9.911922448609377101e-01,-7.632369544117401094e-02,9.911922448609377101e-01,4.044143314630437198e-03
2.309740660553643576e-01,9.911321843461518011e-01,-7.658139584396730926e-02,9.911321843461518011e-01,4.085542356488118705e-03
2.317596581167771508e-01,9.910719213950965889e-01,-7.683906791809856640e-02,9.910719213950965889e-01,4.127221442294749798e-03
2.325452501781899439e-01,9.910114560300643527e-01,-7.709671156844941087e-02,9.910114560300643527e-01,4.169181490153966128e-03
2.333308422396027648e-01,9.909507882734220896e-01,-7.735432669991400279e-02,9.909507882734220896e-01,4.211423417821037914e-03
2.341164343010155580e-01,9.908899181476112927e-01,-7.761191321739899229e-02,9.908899181476112927e-01,4.253948142701714612e-03
2.349020263624283789e-01,9.908288456751482842e-01,-7.786947102582361668e-02,9.908288456751482842e-01,4.296756581851085208e-03
2.356876184238411720e-01,9.907675708786242152e-01,-7.812700003011970040e-02,9.907675708786242152e-01,4.339849651972421153e-03
2.364732104852539651e-01,9.907060937807047329e-01,-7.838450013523168280e-02,9.907060937807047329e-01,4.383228269416034918e-03
2.372588025466667860e-01,9.906444144041300914e-01,-7.864197124611667367e-02,9.906444144041300914e-01,4.426893350178128135e-03
2.380443946080795792e-01,9.905825327717153739e-01,-7.889941326774441155e-02,9.905825327717153739e-01,4.470845809899638007e-03
2.388299866694924001e-01,9.905204489063502704e-01,-7.915682610509737482e-02,9.905204489063502704e-01,4.515086563865101932e-03
2.396155787309051932e-01,9.904581628309988561e-01,-7.941420966317075392e-02,9.904581628309988561e-01,4.559616527001496972e-03
2.404011707923179864e-01,9.903956745687002572e-01,-7.967156384697256233e-02,9.903956745687002572e-01,4.604436613877106212e-03
2.411867628537308073e-01,9.903329841425676516e-01,-7.992888856152359500e-02,9.903329841425676516e-01,4.649547738700363433e-03
2.419723549151436004e-01,9.902700915757893796e-01,-8.018618371185745608e-02,9.902700915757893796e-01,4.694950815318704729e-03
2.427579469765563935e-01,9.902069968916279441e-01,-8.044344920302072544e-02,9.902069968916279441e-01,4.740646757217433990e-03
2.435435390379692144e-01,9.901437001134205662e-01,-8.070068494007283377e-02,9.901437001134205662e-01,4.786636477518571055e-03
2.443291310993820076e-01,9.900802012645789629e-01,-8.095789082808624304e-02,9.900802012645789629e-01,4.832920888979703317e-03
2.451147231607948285e-01,9.900165003685896803e-01,-8.121506677214639092e-02,9.900165003685896803e-01,4.879500903992850351e-03
2.459003152222076216e-01,9.899525974490134272e-01,-8.147221267735184347e-02,9.899525974490134272e-01,4.926377434583314660e-03
2.466859072836204148e-01,9.898884925294857418e-01,-8.172932844881425352e-02,9.898884925294857418e-01,4.973551392408540224e-03
2.474714993450332357e-01,9.898241856337164357e-01,-8.198641399165849941e-02,9.898241856337164357e-01,5.021023688756972789e-03
2.482570914064460288e-01,9.897596767854900390e-01,-8.224346921102268504e-02,9.897596767854900390e-01,5.068795234546911478e-03
2.490426834678588497e-01,9.896949660086654665e-01,-8.250049401205823696e-02,9.896949660086654665e-01,5.116866940325376020e-03
2.498282755292716428e-01,9.896300533271762401e-01,-8.275748829992998767e-02,9.896300533271762401e-01,5.165239716266957493e-03
2.506138675906844360e-01,9.895649387650303774e-01,-8.301445197981618951e-02,9.895649387650303774e-01,5.213914472172687282e-03
2.513994596520972569e-01,9.894996223463102814e-01,-8.327138495690868114e-02,9.894996223463102814e-01,5.262892117468896507e-03
2.521850517135100778e-01,9.894341040951728505e-01,-8.352828713641290148e-02,9.894341040951728505e-01,5.312173561206067623e-03
2.529706437749228431e-01,9.893683840358497017e-01,-8.378515842354798682e-02,9.893683840358497017e-01,5.361759712057706864e-03
2.537562358363356640e-01,9.893024621926465034e-01,-8.404199872354693734e-02,9.893024621926465034e-01,5.411651478319214059e-03
2.545418278977484849e-01,9.892363385899438644e-01,-8.429880794165658942e-02,9.892363385899438644e-01,5.461849767906724711e-03
2.553274199591612503e-01,9.891700132521965561e-01,-8.455558598313782370e-02,9.891700132521965561e-01,5.512355488355995432e-03
2.561130120205740712e-01,9.891034862039338460e-01,-8.481233275326566234e-02,9.891034862039338460e-01,5.563169546821265972e-03
2.568986040819868921e-01,9.890367574697596087e-01,-8.506904815732932446e-02,9.890367574697596087e-01,5.614292850074113425e-03
2.576841961433996575e-01,9.889698270743521036e-01,-8.532573210063240654e-02,9.889698270743521036e-01,5.665726304502333339e-03
2.584697882048124784e-01,9.889026950424639750e-01,-8.558238448849300739e-02,9.889026950424639750e-01,5.717470816108808675e-03
2.592553802662252993e-01,9.888353613989225854e-01,-8.583900522624386686e-02,9.888353613989225854e-01,5.769527290510372691e-03
2.600409723276381202e-01,9.887678261686294601e-01,-8.609559421923243527e-02,9.887678261686294601e-01,5.821896632936675309e-03
2.608265643890508856e-01,9.887000893765608422e-01,-8.635215137282112319e-02,9.887000893765608422e-01,5.874579748229067679e-03
2.616121564504637065e-01,9.886321510477673602e-01,-8.660867659238745409e-02,9.886321510477673602e-01,5.927577540839476349e-03
2.623977485118765274e-01,9.885640112073741381e-01,-8.686516978332411987e-02,9.885640112073741381e-01,5.980890914829259213e-03
2.631833405732892928e-01,9.884956698805806852e-01,-8.712163085103927229e-02,9.884956698805806852e-01,6.034520773868095288e-03
2.639689326347021137e-01,9.884271270926597852e-01,-8.737805970094539298e-02,9.884271270926597852e-01,6.088468021232081723e-03
2.647545246961149346e-01,9.883583828689553874e-01,-8.763445623844821897e-02,9.883583828689553874e-01,6.142733559801783101e-03
2.655401167575276999e-01,9.882894372348893786e-01,-8.789082036899119321e-02,9.882894372348893786e-01,6.197318292064191679e-03
2.663257088189405208e-01,9.882202902159576974e-01,-8.814715199803302426e-02,9.882202902159576974e-01,6.252223120110055044e-03
2.671113008803533417e-01,9.881509418377304454e-01,-8.840345103104638169e-02,9.881509418377304454e-01,6.307448945632634918e-03
2.678968929417661071e-01,9.880813921258522203e-01,-8.865971737351792392e-02,9.880813921258522203e-01,6.362996669926574388e-03
2.686824850031789280e-01,9.880116411060416715e-01,-8.891595093094854796e-02,9.880116411060416715e-01,6.418867193886787677e-03
2.694680770645917489e-01,9.879416888040916112e-01,-8.917215160885326453e-02,9.879416888040916112e-01,6.475061418007301353e-03
2.702536691260045698e-01,9.878715352458689036e-01,-8.942831931276142010e-02,9.878715352458689036e-01,6.531580242380146707e-03
2.710392611874173352e-01,9.878011804573150201e-01,-8.968445394821666916e-02,9.878011804573150201e-01,6.588424566694207028e-03
2.718248532488301561e-01,9.877306244644451505e-01,-8.994055542077718235e-02,9.877306244644451505e-01,6.645595290234117790e-03
2.726104453102429770e-01,9.876598672933488698e-01,-9.019662363601556321e-02,9.876598672933488698e-01,6.703093311879107855e-03
2.733960373716557424e-01,9.875889089701900270e-01,-9.045265849951898696e-02,9.875889089701900270e-01,6.760919530101879710e-03
2.741816294330685633e-01,9.875177495212063006e-01,-9.070865991688929764e-02,9.875177495212063006e-01,6.819074842967488836e-03
2.749672214944813842e-01,9.874463889727098653e-01,-9.096462779374302199e-02,9.874463889727098653e-01,6.877560148132204863e-03
2.757528135558941496e-01,9.873748273510869478e-01,-9.122056203571141109e-02,9.873748273510869478e-01,6.936376342842377925e-03
2.765384056173069705e-01,9.873030646827976042e-01,-9.147646254844057911e-02,9.873030646827976042e-01,6.995524323933331907e-03
2.773239976787197913e-01,9.872311009943763871e-01,-9.173232923759147561e-02,9.872311009943763871e-01,7.055004987828210859e-03
2.781095897401325567e-01,9.871589363124317895e-01,-9.198816200883996874e-02,9.871589363124317895e-01,7.114819230536860092e-03
2.788951818015453776e-01,9.870865706636463566e-01,-9.224396076787695631e-02,9.870865706636463566e-01,7.174967947654714226e-03
2.796807738629581985e-01,9.870140040747769072e-01,-9.249972542040829637e-02,9.870140040747769072e-01,7.235452034361641860e-03
2.804663659243710194e-01,9.869412365726540903e-01,-9.275545587215495991e-02,9.869412365726540903e-01,7.296272385420838821e-03
2.812519579857837848e-01,9.868682681841829396e-01,-9.301115202885303079e-02,9.868682681841829396e-01,7.357429895177688452e-03
2.820375500471966057e-01,9.867950989363423187e-01,-9.326681379625381685e-02,9.867950989363423187e-01,7.418925457558658322e-03
2.828231421086094266e-01,9.867217288561850319e-01,-9.352244108012375268e-02,9.867217288561850319e-01,7.480759966070139703e-03
2.836087341700221920e-01,9.866481579708382688e-01,-9.377803378624456621e-02,9.866481579708382688e-01,7.542934313797340813e-03
2.843943262314350129e-01,9.865743863075029374e-01,-9.403359182041334807e-02,9.865743863075029374e-01,7.605449393403174857e-03
2.851799182928478338e-01,9.865004138934541089e-01,-9.428911508844244060e-02,9.865004138934541089e-01,7.668306097127102969e-03
2.859655103542605992e-01,9.864262407560406842e-01,-9.454460349615960435e-02,9.864262407560406842e-01,7.731505316784028324e-03
2.867511024156734201e-01,9.863518669226858382e-01,-9.480005694940804584e-02,9.863518669226858382e-01,7.795047943763178111e-03
2.875366944770862410e-01,9.862772924208865755e-01,-9.505547535404640369e-02,9.862772924208865755e-01,7.858934869026959480e-03
2.883222865384990063e-01,9.862025172782136195e-01,-9.531085861594879027e-02,9.862025172782136195e-01,7.923166983109842382e-03
2.891078785999118272e-01,9.861275415223120788e-01,-9.556620664100491658e-02,9.861275415223120788e-01,7.987745176117257151e-03
2.898934706613246481e-01,9.860523651809006696e-01,-9.582151933511999509e-02,9.860523651809006696e-01,8.052670337724434843e-03
2.906790627227374690e-01,9.859769882817721598e-01,-9.607679660421486467e-02,9.859769882817721598e-01,8.117943357175303951e-03
2.914646547841502344e-01,9.859014108527932585e-01,-9.633203835422597672e-02,9.859014108527932585e-01,8.183565123281364567e-03
2.922502468455630553e-01,9.858256329219045044e-01,-9.658724449110553389e-02,9.858256329219045044e-01,8.249536524420581635e-03
2.930358389069758762e-01,9.857496545171202662e-01,-9.684241492082133751e-02,9.857496545171202662e-01,8.315858448536233086e-03
2.938214309683886416e-01,9.856734756665288533e-01,-9.709754954935698179e-02,9.856734756665288533e-01,8.382531783135799622e-03
2.946070230298014625e-01,9.855970963982924049e-01,-9.735264828271182613e-02,9.855970963982924049e-01,8.449557415289864898e-03
2.953926150912142834e-01,9.855205167406468902e-01,-9.760771102690103673e-02,9.855205167406468902e-01,8.516936231630958462e-03
2.961782071526270488e-01,9.854437367219022192e-01,-9.786273768795557271e-02,9.854437367219022192e-01,8.584669118352455941e-03
2.969637992140398697e-01,9.853667563704420207e-01,-9.811772817192231100e-02,9.853667563704420207e-01,8.652756961207465347e-03
2.977493912754526906e-01,9.852895757147236422e-01,-9.837268238486401861e-02,9.852895757147236422e-01,8.721200645507689100e-03
2.985349833368654560e-01,9.852121947832782611e-01,-9.862760023285933875e-02,9.852121947832782611e-01,8.790001056122305131e-03
2.993205753982782769e-01,9.851346136047108848e-01,-9.888248162200297120e-02,9.851346136047108848e-01,8.859159077476875740e-03
3.001061674596910978e-01,9.850568322077003502e-01,-9.913732645840556135e-02,9.850568322077003502e-01,8.928675593552192272e-03
3.008917595211039187e-01,9.849788506209989913e-01,-9.939213464819376953e-02,9.849788506209989913e-01,8.998551487883178768e-03
3.016773515825166840e-01,9.849006688734329718e-01,-9.964690609751034045e-02,9.849006688734329718e-01,9.068787643557760930e-03
3.024629436439295049e-01,9.848222869939023960e-01,-9.990164071251415867e-02,9.848222869939023960e-01,9.139384943215773244e-03
3.032485357053423258e-01,9.847437050113807544e-01,-1.001563383993801931e-01,9.847437050113807544e-01,9.210344269047810589e-03
3.040341277667550912e-01,9.846649229549154780e-01,-1.004109990642995803e-01,9.846649229549154780e-01,9.281666502794121490e-03
3.048197198281679121e-01,9.845859408536272728e-01,-1.006656226134797216e-01,9.845859408536272728e-01,9.353352525743518706e-03
3.056053118895807330e-01,9.845067587367111184e-01,-1.009202089531442276e-01,9.845067587367111184e-01,9.425403218732223906e-03
3.063909039509934984e-01,9.844273766334350473e-01,-1.011747579895329596e-01,9.844273766334350473e-01,9.497819462142767857e-03
3.071764960124063193e-01,9.843477945731410328e-01,-1.014292696289021967e-01,9.843477945731410328e-01,9.570602135902899280e-03
3.079620880738191402e-01,9.842680125852446560e-01,-1.016837437775245101e-01,9.842680125852446560e-01,9.643752119484429522e-03
3.087476801352319056e-01,9.841880306992351057e-01,-1.019381803416888610e-01,9.841880306992351057e-01,9.717270291902144891e-03
3.095332721966447265e-01,9.841078489446749566e-01,-1.021925792277007528e-01,9.841078489446749566e-01,9.791157531712699896e-03
3.103188642580575474e-01,9.840274673512007242e-01,-1.024469403418820923e-01,9.840274673512007242e-01,9.865414717013479273e-03
3.111044563194703683e-01,9.839468859485221985e-01,-1.027012635905713706e-01,9.839468859485221985e-01,9.940042725441506841e-03
3.118900483808831336e-01,9.838661047664228887e-01,-1.029555488801236346e-01,9.838661047664228887e-01,1.001504243417232314e-02
3.126756404422959545e-01,9.837851238347598004e-01,-1.032097961169106404e-01,9.837851238347598004e-01,1.009041471991889601e-02
3.134612325037087754e-01,9.837039431834633252e-01,-1.034640052073207556e-01,9.837039431834633252e-01,1.016616045893047569e-02
3.142468245651215408e-01,9.836225628425376843e-01,-1.037181760577590844e-01,9.836225628425376843e-01,1.024228052699150369e-02
3.150324166265343617e-01,9.835409828420604850e-01,-1.039723085746476205e-01,9.835409828420604850e-01,1.031877579942052682e-02
3.158180086879471826e-01,9.834592032121826088e-01,-1.042264026644250940e-01,9.834592032121826088e-01,1.039564715106904187e-02
3.166036007493599480e-01,9.833772239831287676e-01,-1.044804582335471937e-01,9.833772239831287676e-01,1.047289545632042185e-02
3.173891928107727689e-01,9.832950451851968365e-01,-1.047344751884865810e-01,9.832950451851968365e-01,1.055052158908881092e-02
3.181747848721855898e-01,9.832126668487586318e-01,-1.049884534357329591e-01,9.832126668487586318e-01,1.062852642281799515e-02
3.189603769335984107e-01,9.831300890042588003e-01,-1.052423928817930593e-01,9.831300890042588003e-01,1.070691083048030956e-02
3.197459689950111761e-01,9.830473116822160407e-01,-1.054962934331908214e-01,9.830473116822160407e-01,1.078567568457553666e-02
3.205315610564239970e-01,9.829643349132221042e-01,-1.057501549964674492e-01,9.829643349132221042e-01,1.086482185712981524e-02
3.213171531178368179e-01,9.828811587279422390e-01,-1.060039774781813687e-01,9.828811587279422390e-01,1.094435021969450070e-02
3.221027451792495833e-01,9.827977831571151901e-01,-1.062577607849084227e-01,9.827977831571151901e-01,1.102426164334508948e-02
3.228883372406624042e-01,9.827142082315533100e-01,-1.065115048232419259e-01,9.827142082315533100e-01,1.110455699868012798e-02
3.236739293020752251e-01,9.826304339821418932e-01,-1.067652094997926654e-01,9.826304339821418932e-01,1.118523715582007798e-02
3.244595213634879904e-01,9.825464604398400636e-01,-1.070188747211890667e-01,9.825464604398400636e-01,1.126630298440624116e-02
3.252451134249008113e-01,9.824622876356801093e-01,-1.072725003940772914e-01,9.824622876356801093e-01,1.134775535359966621e-02
3.260307054863136322e-01,9.823779156007678148e-01,-1.075260864251212228e-01,9.823779156007678148e-01,1.142959513208002473e-02
3.268162975477263976e-01,9.822933443662823505e-01,-1.077796327210026189e-01,9.822933443662823505e-01,1.151182318804452875e-02
3.276018896091392185e-01,9.822085739634761614e-01,-1.080331391884212650e-01,9.822085739634761614e-01,1.159444038920685177e-02
3.283874816705520394e-01,9.821236044236751894e-01,-1.082866057340949595e-01,9.821236044236751894e-01,1.167744760279600114e-02
3.291730737319648603e-01,9.820384357782787621e-01,-1.085400322647596810e-01,9.820384357782787621e-01,1.176084569555524602e-02
3.299586657933776257e-01,9.819530680587594818e-01,-1.087934186871696574e-01,9.819530680587594818e-01,1.184463553374100891e-02
3.307442578547904466e-01,9.818675012966633364e-01,-1.090467649080975182e-01,9.818675012966633364e-01,1.192881798312180226e-02
3.315298499162032675e-01,9.817817355236095889e-01,-1.093000708343343647e-01,9.817817355236095889e-01,1.201339390897709740e-02
3.323154419776160329e-01,9.816957707712911096e-01,-1.095533363726898662e-01,9.816957707712911096e-01,1.209836417609625771e-02
3.331010340390288538e-01,9.816096070714739330e-01,-1.098065614299924830e-01,9.816096070714739330e-01,1.218372964877746656e-02
3.338866261004416747e-01,9.815232444559974789e-01,-1.100597459130894101e-01,9.815232444559974789e-01,1.226949119082659453e-02
3.346722181618544401e-01,9.814366829567741091e-01,-1.103128897288442323e-01,9.814366829567741091e-01,1.235564966555584981e-02
3.354578102232672610e-01,9.813499226057835756e-01,-1.105659927841041168e-01,9.813499226057835756e-01,1.244220593577899554e-02
3.362434022846800818e-01,9.812629634350822361e-01,-1.108190549857537427e-01,9.812629634350822361e-01,1.252916086381622440e-02
3.370289943460928472e-01,9.811758054768011661e-01,-1.110720762407061829e-01,9.811758054768011661e-01,1.261651531149208562e-02
3.378145864075056681e-01,9.810884487631447159e-01,-1.113250564558923156e-01,9.810884487631447159e-01,1.270427014013321421e-02
3.386001784689184890e-01,9.810008933263901776e-01,-1.115779955382607269e-01,9.810008933263901776e-01,1.279242621056720167e-02
3.393857705303313099e-01,9.809131391988878956e-01,-1.118308933947778916e-01,9.809131391988878956e-01,1.288098438312152046e-02
3.401713625917440753e-01,9.808251864130612674e-01,-1.120837499324282144e-01,9.808251864130612674e-01,1.296994551762242417e-02
3.409569546531568962e-01,9.807370350014066318e-01,-1.123365650582141412e-01,9.807370350014066318e-01,1.305931047339387550e-02
3.417425467145697171e-01,9.806486849964933805e-01,-1.125893386791561174e-01,9.806486849964933805e-01,1.314908010925642211e-02
3.425281387759824825e-01,9.805601364309640688e-01,-1.128420707022927127e-01,9.805601364309640688e-01,1.323925528352611937e-02
3.433137308373953034e-01,9.804713893375340827e-01,-1.130947610346807464e-01,9.804713893375340827e-01,1.332983685401345486e-02
3.440993228988081243e-01,9.803824437489918608e-01,-1.133474095833952033e-01,9.803824437489918608e-01,1.342082567802222598e-02
3.448849149602208897e-01,9.802932996981986724e-01,-1.136000162555293735e-01,9.802932996981986724e-01,1.351222261234846442e-02
3.456705070216337106e-01,9.802039572180889504e-01,-1.138525809581949766e-01,9.802039572180889504e-01,1.360402851327936063e-02
3.464560990830465315e-01,9.801144163416699584e-01,-1.141051035985220508e-01,9.801144163416699584e-01,1.369624423659214323e-02
3.472416911444592968e-01,9.800246771020220127e-01,-1.143575840836591195e-01,9.800246771020220127e-01,1.378887063755300339e-02
3.480272832058721177e-01,9.799347395322982601e-01,-1.146100223207733165e-01,9.799347395322982601e-01,1.388190857091602982e-02
3.488128752672849386e-01,9.798446036657246783e-01,-1.148624182170502467e-01,9.798446036657246783e-01,1.397535889092206725e-02
3.495984673286977595e-01,9.797542695356002973e-01,-1.151147716796941806e-01,9.797542695356002973e-01,1.406922245129767733e-02
3.503840593901105249e-01,9.796637371752969781e-01,-1.153670826159280405e-01,9.796637371752969781e-01,1.416350010525401631e-02
3.511696514515233458e-01,9.795730066182595230e-01,-1.156193509329935254e-01,9.795730066182595230e-01,1.425819270548577856e-02
3.519552435129361667e-01,9.794820778980055653e-01,-1.158715765381510832e-01,9.794820778980055653e-01,1.435330110417008115e-02
3.527408355743489321e-01,9.793909510481255687e-01,-1.161237593386799521e-01,9.793909510481255687e-01,1.444882615296538136e-02
3.535264276357617530e-01,9.792996261022828275e-01,-1.163758992418783278e-01,9.792996261022828275e-01,1.454476870301042203e-02
3.543120196971745739e-01,9.792081030942134667e-01,-1.166279961550632238e-01,9.792081030942134667e-01,1.464112960492309004e-02
3.550976117585873393e-01,9.791163820577264421e-01,-1.168800499855706665e-01,9.791163820577264421e-01,1.473790970879937379e-02
3.558832038200001602e-01,9.790244630267035397e-01,-1.171320606407557086e-01,9.790244630267035397e-01,1.483510986421227376e-02
3.566687958814129811e-01,9.789323460350991546e-01,-1.173840280279924431e-01,9.789323460350991546e-01,1.493273092021069580e-02
3.574543879428257465e-01,9.788400311169407342e-01,-1.176359520546740173e-01,9.788400311169407342e-01,1.503077372531837728e-02
3.582399800042385674e-01,9.787475183063282236e-01,-1.178878326282127853e-01,9.787475183063282236e-01,1.512923912753282377e-02
3.590255720656513883e-01,9.786548076374345095e-01,-1.181396696560402249e-01,9.786548076374345095e-01,1.522812797432418486e-02
3.598111641270642092e-01,9.785618991445049764e-01,-1.183914630456070760e-01,9.785618991445049764e-01,1.532744111263420819e-02
3.605967561884769745e-01,9.784687928618579500e-01,-1.186432127043833135e-01,9.784687928618579500e-01,1.542717938887512054e-02
3.613823482498897954e-01,9.783754888238843650e-01,-1.188949185398582575e-01,9.783754888238843650e-01,1.552734364892860083e-02
3.621679403113026163e-01,9.782819870650476535e-01,-1.191465804595405464e-01,9.782819870650476535e-01,1.562793473814463527e-02
3.629535323727153817e-01,9.781882876198843002e-01,-1.193981983709581501e-01,9.781882876198843002e-01,1.572895350134045564e-02
3.637391244341282026e-01,9.780943905230031765e-01,-1.196497721816585924e-01,9.780943905230031765e-01,1.583040078279950719e-02
3.645247164955410235e-01,9.780002958090856513e-01,-1.199013017992087288e-01,9.780002958090856513e-01,1.593227742627029153e-02
3.653103085569537889e-01,9.779060035128860351e-01,-1.201527871311949686e-01,9.779060035128860351e-01,1.603458427496531891e-02
3.660959006183666098e-01,9.778115136692310250e-01,-1.204042280852232749e-01,9.778115136692310250e-01,1.613732217156006385e-02
3.668814926797794307e-01,9.777168263130200376e-01,-1.206556245689191786e-01,9.777168263130200376e-01,1.624049195819182376e-02
3.676670847411921961e-01,9.776219414792248763e-01,-1.209069764899277505e-01,9.776219414792248763e-01,1.634409447645867111e-02
3.684526768026050170e-01,9.775268592028900638e-01,-1.211582837559138370e-01,9.775268592028900638e-01,1.644813056741840571e-02
3.692382688640178379e-01,9.774315795191326206e-01,-1.214095462745618803e-01,9.774315795191326206e-01,1.655260107158740279e-02
3.700238609254306588e-01,9.773361024631419536e-01,-1.216607639535760427e-01,9.773361024631419536e-01,1.665750682893958959e-02
3.708094529868434241e-01,9.772404280701803003e-01,-1.219119367006802623e-01,9.772404280701803003e-01,1.676284867890536628e-02
3.715950450482562450e-01,9.771445563755820629e-01,-1.221630644236182950e-01,9.771445563755820629e-01,1.686862746037051317e-02
3.723806371096690659e-01,9.770484874147541410e-01,-1.224141470301537138e-01,9.770484874147541410e-01,1.697484401167512549e-02
3.731662291710818313e-01,9.769522212231760427e-01,-1.226651844280698955e-01,9.769522212231760427e-01,1.708149917061250328e-02
3.739518212324946522e-01,9.768557578363997740e-01,-1.229161765251702010e-01,9.768557578363997740e-01,1.718859377442814862e-02
3.747374132939074731e-01,9.767590972900493940e-01,-1.231671232292778778e-01,9.767590972900493940e-01,1.729612865981861383e-02
3.755230053553202385e-01,9.766622396198216816e-01,-1.234180244482361438e-01,9.766622396198216816e-01,1.740410466293047104e-02
3.763085974167330594e-01,9.765651848614858022e-01,-1.236688800899082424e-01,9.765651848614858022e-01,1.751252261935923316e-02
3.770941894781458803e-01,9.764679330508830857e-01,-1.239196900621774566e-01,9.764679330508830857e-01,1.762138336414827491e-02
3.778797815395587012e-01,9.763704842239274706e-01,-1.241704542729471089e-01,9.763704842239274706e-01,1.773068773178774690e-02
3.786653736009714666e-01,9.762728384166049489e-01,-1.244211726301406445e-01,9.762728384166049489e-01,1.784043655621352434e-02
3.794509656623842875e-01,9.761749956649741211e-01,-1.246718450417017149e-01,9.761749956649741211e-01,1.795063067080613847e-02
3.802365577237971084e-01,9.760769560051657523e-01,-1.249224714155940802e-01,9.760769560051657523e-01,1.806127090838968371e-02
3.810221497852098738e-01,9.759787194733827720e-01,-1.251730516598017207e-01,9.759787194733827720e-01,1.817235810123074558e-02
3.818077418466226947e-01,9.758802861059006073e-01,-1.254235856823289197e-01,9.758802861059006073e-01,1.828389308103738065e-02
3.825933339080355156e-01,9.757816559390667388e-01,-1.256740733912002361e-01,9.757816559390667388e-01,1.839587667895797168e-02
3.833789259694482809e-01,9.756828290093010336e-01,-1.259245146944605043e-01,9.756828290093010336e-01,1.850830972558020066e-02
3.841645180308611018e-01,9.755838053530955234e-01,-1.261749095001749865e-01,9.755838053530955234e-01,1.862119305093000443e-02
3.849501100922739227e-01,9.754845850070144042e-01,-1.264252577164293179e-01,9.754845850070144042e-01,1.873452748447044722e-02
3.857357021536866881e-01,9.753851680076941477e-01,-1.266755592513295336e-01,9.753851680076941477e-01,1.884831385510067972e-02
3.865212942150995090e-01,9.752855543918432790e-01,-1.269258140130022361e-01,9.752855543918432790e-01,1.896255299115491913e-02
3.873068862765123299e-01,9.751857441962424877e-01,-1.271760219095944278e-01,9.751857441962424877e-01,1.907724572040128685e-02
3.880924783379251508e-01,9.750857374577447390e-01,-1.274261828492737614e-01,9.750857374577447390e-01,1.919239287004083014e-02
3.888780703993379162e-01,9.749855342132749403e-01,-1.276762967402284010e-01,9.749855342132749403e-01,1.930799526670640490e-02
3.896636624607507371e-01,9.748851344998302748e-01,-1.279263634906671887e-01,9.748851344998302748e-01,1.942405373646164529e-02
3.904492545221635580e-01,9.747845383544797571e-01,-1.281763830088196165e-01,9.747845383544797571e-01,1.954056910479986739e-02
3.912348465835763234e-01,9.746837458143647881e-01,-1.284263552029359101e-01,9.746837458143647881e-01,1.965754219664302138e-02
3.920204386449891443e-01,9.745827569166986004e-01,-1.286762799812870284e-01,9.745827569166986004e-01,1.977497383634065770e-02
3.928060307064019652e-01,9.744815716987664800e-01,-1.289261572521646915e-01,9.744815716987664800e-01,1.989286484766879248e-02
3.935916227678147306e-01,9.743801901979258773e-01,-1.291759869238814917e-01,9.743801901979258773e-01,2.001121605382891536e-02
3.943772148292275515e-01,9.742786124516060742e-01,-1.294257689047709214e-01,9.742786124516060742e-01,2.013002827744691386e-02
3.951628068906403723e-01,9.741768384973084061e-01,-1.296755031031873173e-01,9.741768384973084061e-01,2.024930234057197367e-02
3.959483989520531377e-01,9.740748683726062618e-01,-1.299251894275060548e-01,9.740748683726062618e-01,2.036903906467556549e-02
3.967339910134659586e-01,9.739727021151449726e-01,-1.301748277861234926e-01,9.739727021151449726e-01,2.048923927065037301e-02
3.975195830748787795e-01,9.738703397626415903e-01,-1.304244180874570280e-01,9.738703397626415903e-01,2.060990377880922084e-02
3.983051751362916004e-01,9.737677813528854420e-01,-1.306739602399451805e-01,9.737677813528854420e-01,2.073103340888403368e-02
3.990907671977043658e-01,9.736650269237374644e-01,-1.309234541520475914e-01,9.736650269237374644e-01,2.085262898002475038e-02
3.998763592591171867e-01,9.735620765131306475e-01,-1.311728997322451906e-01,9.735620765131306475e-01,2.097469131079833862e-02
4.006619513205300076e-01,9.734589301590698129e-01,-1.314222968890400023e-01,9.734589301590698129e-01,2.109722121918763613e-02
4.014475433819427730e-01,9.733555878996318356e-01,-1.316716455309554501e-01,9.733555878996318356e-01,2.122021952259038266e-02
4.022331354433555939e-01,9.732520497729650888e-01,-1.319209455665363295e-01,9.732520497729650888e-01,2.134368703781813759e-02
4.030187275047684148e-01,9.731483158172899994e-01,-1.321701969043487246e-01,9.731483158172899994e-01,2.146762458109520086e-02
4.038043195661811802e-01,9.730443860708989368e-01,-1.324193994529802576e-01,9.730443860708989368e-01,2.159203296805758954e-02
4.045899116275940011e-01,9.729402605721557684e-01,-1.326685531210400892e-01,9.729402605721557684e-01,2.171691301375201083e-02
4.053755036890068220e-01,9.728359393594964155e-01,-1.329176578171588075e-01,9.728359393594964155e-01,2.184226553263473453e-02
4.061610957504195873e-01,9.727314224714285196e-01,-1.331667134499887051e-01,9.727314224714285196e-01,2.196809133857060420e-02
4.069466878118324082e-01,9.726267099465314425e-01,-1.334157199282038075e-01,9.726267099465314425e-01,2.209439124483199984e-02
4.077322798732452291e-01,9.725218018234563777e-01,-1.336646771604997341e-01,9.725218018234563777e-01,2.222116606409772765e-02
4.085178719346580500e-01,9.724166981409261279e-01,-1.339135850555939755e-01,9.724166981409261279e-01,2.234841660845201736e-02
4.093034639960708154e-01,9.723113989377353272e-01,-1.341624435222258660e-01,9.723113989377353272e-01,2.247614368938345014e-02
4.100890560574836363e-01,9.722059042527504413e-01,-1.344112524691566668e-01,9.722059042527504413e-01,2.260434811778397682e-02
4.108746481188964572e-01,9.721002141249093231e-01,-1.346600118051695660e-01,9.721002141249093231e-01,2.273303070394775902e-02
4.116602401803092226e-01,9.719943285932218791e-01,-1.349087214390698453e-01,9.719943285932218791e-01,2.286219225757022550e-02
4.124458322417220435e-01,9.718882476967695139e-01,-1.351573812796848795e-01,9.718882476967695139e-01,2.299183358774699662e-02
4.132314243031348644e-01,9.717819714747052418e-01,-1.354059912358641649e-01,9.717819714747052418e-01,2.312195550297281230e-02
4.140170163645476298e-01,9.716754999662537973e-01,-1.356545512164795131e-01,9.716754999662537973e-01,2.325255881114052584e-02
4.148026084259604507e-01,9.715688332107117464e-01,-1.359030611304250236e-01,9.715688332107117464e-01,2.338364431954007353e-02
4.155882004873732716e-01,9.714619712474469315e-01,-1.361515208866171667e-01,9.714619712474469315e-01,2.351521283485738523e-02
4.163737925487860370e-01,9.713549141158991374e-01,-1.363999303939948393e-01,9.713549141158991374e-01,2.364726516317337476e-02
4.171593846101988579e-01,9.712476618555796470e-01,-1.366482895615195314e-01,9.712476618555796470e-01,2.377980210996293378e-02
4.179449766716116788e-01,9.711402145060713531e-01,-1.368965982981752705e-01,9.711402145060713531e-01,2.391282448009382847e-02
4.187305687330244997e-01,9.710325721070286464e-01,-1.371448565129688435e-01,9.710325721070286464e-01,2.404633307782571422e-02
4.195161607944372650e-01,9.709247346981777493e-01,-1.373930641149297138e-01,9.709247346981777493e-01,2.418032870680907748e-02
4.203017528558500859e-01,9.708167023193161604e-01,-1.376412210131102432e-01,9.708167023193161604e-01,2.431481217008422957e-02
4.210873449172629068e-01,9.707084750103132098e-01,-1.378893271165856915e-01,9.707084750103132098e-01,2.444978427008022079e-02
4.218729369786756722e-01,9.706000528111097259e-01,-1.381373823344543006e-01,9.706000528111097259e-01,2.458524580861385159e-02
4.226585290400884931e-01,9.704914357617179244e-01,-1.383853865758374879e-01,9.704914357617179244e-01,2.472119758688865951e-02
4.234441211015013140e-01,9.703826239022217415e-01,-1.386333397498797637e-01,9.703826239022217415e-01,2.485764040549383325e-02
4.242297131629140794e-01,9.702736172727766117e-01,-1.388812417657488973e-01,9.702736172727766117e-01,2.499457506440319263e-02
4.250153052243269003e-01,9.701644159136086909e-01,-1.391290925326325034e-01,9.701644159136086909e-01,2.513200236297358919e-02
4.258008972857397212e-01,9.700550198650073064e-01,-1.393768919597019873e-01,9.700550198650073064e-01,2.526992309993723526e-02
4.265864893471524866e-01,9.699454291673383910e-01,-1.396246399561753004e-01,9.699454291673383910e-01,2.540833807341199430e-02
4.273720814085653075e-01,9.698356438610411523e-01,-1.398723364313036732e-01,9.698356438610411523e-01,2.554724808089799473e-02
4.281576734699781284e-01,9.697256639866261851e-01,-1.401199812943607625e-01,9.697256639866261851e-01,2.568665391927461156e-02
4.289432655313909493e-01,9.696154895846754718e-01,-1.403675744546429294e-01,9.696154895846754718e-01,2.582655638479947405e-02
4.297288575928037146e-01,9.695051206958418266e-01,-1.406151158214690167e-01,9.695051206958418266e-01,2.596695627310739371e-02
4.305144496542165355e-01,9.693945573608495625e-01,-1.408626053041807102e-01,9.693945573608495625e-01,2.610785437920940324e-02
4.313000417156293564e-01,9.692837996204941575e-01,-1.411100428121423167e-01,9.692837996204941575e-01,2.624925149749162204e-02
4.320856337770421218e-01,9.691728475156422551e-01,-1.413574282547409855e-01,9.691728475156422551e-01,2.639114842171429859e-02
4.328712258384549427e-01,9.690617010872315529e-01,-1.416047615413866534e-01,9.690617010872315529e-01,2.653354594501076275e-02
4.336568178998677636e-01,9.689503603762709139e-01,-1.418520425815122110e-01,9.689503603762709139e-01,2.667644485988637446e-02
4.344424099612805290e-01,9.688388254238404773e-01,-1.420992712845733918e-01,9.688388254238404773e-01,2.681984595821749334e-02
4.352280020226933499e-01,9.687270962710912148e-01,-1.423464475600489387e-01,9.687270962710912148e-01,2.696375003125048991e-02
4.360135940841061708e-01,9.686151729592454851e-01,-1.425935713174406316e-01,9.686151729592454851e-01,2.710815786960065962e-02
4.367991861455189917e-01,9.685030555295964794e-01,-1.428406424662732876e-01,9.685030555295964794e-01,2.725307026325122020e-02
4.375847782069317571e-01,9.683907440235086650e-01,-1.430876609160948443e-01,9.683907440235086650e-01,2.739848800155228123e-02
4.383703702683445780e-01,9.682782384824174526e-01,-1.433346265764764149e-01,9.682782384824174526e-01,2.754441187321983453e-02
4.391559623297573989e-01,9.681655389478291962e-01,-1.435815393570122889e-01,9.681655389478291962e-01,2.769084266633468558e-02
4.399415543911701643e-01,9.680526454613213039e-01,-1.438283991673200146e-01,9.680526454613213039e-01,2.783778116834143695e-02
4.407271464525829852e-01,9.679395580645423491e-01,-1.440752059170404831e-01,9.679395580645423491e-01,2.798522816604751690e-02
4.415127385139958061e-01,9.678262767992115156e-01,-1.443219595158378443e-01,9.678262767992115156e-01,2.813318444562206561e-02
4.422983305754085714e-01,9.677128017071194854e-01,-1.445686598733996187e-01,9.677128017071194854e-01,2.828165079259494646e-02
4.430839226368213923e-01,9.675991328301272176e-01,-1.448153068994368631e-01,9.675991328301272176e-01,2.843062799185577805e-02
4.438695146982342132e-01,9.674852702101671698e-01,-1.450619005036840048e-01,9.674852702101671698e-01,2.858011682765281350e-02
4.446551067596469786e-01,9.673712138892424095e-01,-1.453084405958989522e-01,9.673712138892424095e-01,2.873011808359195521e-02
4.454406988210597995e-01,9.672569639094269478e-01,-1.455549270858632616e-01,9.672569639094269478e-01,2.888063254263576948e-02
4.462262908824726204e-01,9.671425203128656278e-01,-1.458013598833820257e-01,9.671425203128656278e-01,2.903166098710240756e-02
4.470118829438854413e-01,9.670278831417743470e-01,-1.460477388982839853e-01,9.670278831417743470e-01,2.918320419866461679e-02
4.477974750052982067e-01,9.669130524384393910e-01,-1.462940640404215287e-01,9.669130524384393910e-01,2.933526295834868597e-02
4.485830670667110276e-01,9.667980282452184326e-01,-1.465403352196708031e-01,9.667980282452184326e-01,2.948783804653348772e-02
4.493686591281238485e-01,9.666828106045394220e-01,-1.467865523459316868e-01,9.666828106045394220e-01,2.964093024294937526e-02
4.501542511895366139e-01,9.665673995589014744e-01,-1.470327153291278721e-01,9.665673995589014744e-01,2.979454032667722130e-02
4.509398432509494348e-01,9.664517951508742044e-01,-1.472788240792068659e-01,9.664517951508742044e-01,2.994866907614738075e-02
4.517254353123622557e-01,9.663359974230981697e-01,-1.475248785061401002e-01,9.663359974230981697e-01,3.010331726913867412e-02
4.525110273737750211e-01,9.662200064182845383e-01,-1.477708785199228492e-01,9.662200064182845383e-01,3.025848568277733630e-02
4.532966194351878420e-01,9.661038221792150882e-01,-1.480168240305744232e-01,9.661038221792150882e-01,3.041417509353607287e-02
4.540822114966006628e-01,9.659874447487425408e-01,-1.482627149481380857e-01,9.659874447487425408e-01,3.057038627723296723e-02
4.548678035580134282e-01,9.658708741697900058e-01,-1.485085511826811366e-01,9.658708741697900058e-01,3.072712000903049523e-02
4.556533956194262491e-01,9.657541104853514247e-01,-1.487543326442949954e-01,9.657541104853514247e-01,3.088437706343453298e-02
4.564389876808390700e-01,9.656371537384913495e-01,-1.490000592430951454e-01,9.656371537384913495e-01,3.104215821429328823e-02
4.572245797422518909e-01,9.655200039723448313e-01,-1.492457308892212176e-01,9.655200039723448313e-01,3.120046423479631501e-02
4.580101718036646563e-01,9.654026612301175314e-01,-1.494913474928370734e-01,9.654026612301175314e-01,3.135929589747350060e-02
4.587957638650774772e-01,9.652851255550859433e-01,-1.497369089641308326e-01,9.652851255550859433e-01,3.151865397419408021e-02
4.595813559264902981e-01,9.651673969905967265e-01,-1.499824152133147626e-01,9.651673969905967265e-01,3.167853923616553713e-02
4.603669479879030635e-01,9.650494755800672619e-01,-1.502278661506255553e-01,9.650494755800672619e-01,3.183895245393267293e-02
4.611525400493158844e-01,9.649313613669854295e-01,-1.504732616863241890e-01,9.649313613669854295e-01,3.199989439737657704e-02
4.619381321107287053e-01,9.648130543949096083e-01,-1.507186017306960668e-01,9.648130543949096083e-01,3.216136583571358593e-02
4.627237241721414707e-01,9.646945547074686766e-01,-1.509638861940509336e-01,9.646945547074686766e-01,3.232336753749427694e-02
4.635093162335542916e-01,9.645758623483619010e-01,-1.512091149867230977e-01,9.645758623483619010e-01,3.248590027060252461e-02
4.642949082949671125e-01,9.644569773613589359e-01,-1.514542880190712648e-01,9.644569773613589359e-01,3.264896480225438352e-02
4.650805003563798778e-01,9.643378997903000460e-01,-1.516994052014787320e-01,9.643378997903000460e-01,3.281256189899715153e-02
4.658660924177926987e-01,9.642186296790957734e-01,-1.519444664443533322e-01,9.642186296790957734e-01,3.297669232670836365e-02
4.666516844792055196e-01,9.640991670717269368e-01,-1.521894716581275453e-01,9.640991670717269368e-01,3.314135685059473729e-02
4.674372765406183405e-01,9.639795120122447436e-01,-1.524344207532584150e-01,9.639795120122447436e-01,3.330655623519118008e-02
4.682228686020311059e-01,9.638596645447710110e-01,-1.526793136402277706e-01,9.638596645447710110e-01,3.347229124435983222e-02
4.690084606634439268e-01,9.637396247134975003e-01,-1.529241502295420885e-01,9.637396247134975003e-01,3.363856264128900486e-02
4.697940527248567477e-01,9.636193925626864720e-01,-1.531689304317326028e-01,9.636193925626864720e-01,3.380537118849217398e-02
4.705796447862695131e-01,9.634989681366704639e-01,-1.534136541573553891e-01,9.634989681366704639e-01,3.397271764780701586e-02
4.713652368476823340e-01,9.633783514798520686e-01,-1.536583213169912809e-01,9.633783514798520686e-01,3.414060278039437318e-02
4.721508289090951549e-01,9.632575426367043780e-01,-1.539029318212460640e-01,9.632575426367043780e-01,3.430902734673726973e-02
4.729364209705079203e-01,9.631365416517705391e-01,-1.541474855807503097e-01,9.631365416517705391e-01,3.447799210663984176e-02
4.737220130319207412e-01,9.630153485696638649e-01,-1.543919825061596807e-01,9.630153485696638649e-01,3.464749781922647071e-02
4.745076050933335621e-01,9.628939634350680565e-01,-1.546364225081546806e-01,9.628939634350680565e-01,3.481754524294065206e-02
4.752931971547463275e-01,9.627723862927367593e-01,-1.548808054974408766e-01,9.627723862927367593e-01,3.498813513554401705e-02
4.760787892161591484e-01,9.626506171874937845e-01,-1.551251313847489266e-01,9.626506171874937845e-01,3.515926825411543055e-02
4.768643812775719693e-01,9.625286561642332206e-01,-1.553694000808345244e-01,9.625286561642332206e-01,3.533094535504986006e-02
4.776499733389847901e-01,9.624065032679189891e-01,-1.556136114964785377e-01,9.624065032679189891e-01,3.550316719405744587e-02
4.784355654003975555e-01,9.622841585435851774e-01,-1.558577655424868980e-01,9.622841585435851774e-01,3.567593452616248800e-02
4.792211574618103764e-01,9.621616220363361505e-01,-1.561018621296909048e-01,9.621616220363361505e-01,3.584924810570248171e-02
4.800067495232231973e-01,9.620388937913459948e-01,-1.563459011689469769e-01,9.620388937913459948e-01,3.602310868632704194e-02
4.807923415846359627e-01,9.619159738538589632e-01,-1.565898825711367903e-01,9.619159738538589632e-01,3.619751702099698737e-02
4.815779336460487836e-01,9.617928622691892526e-01,-1.568338062471674177e-01,9.617928622691892526e-01,3.637247386198329963e-02
4.823635257074616045e-01,9.616695590827211149e-01,-1.570776721079712446e-01,9.616695590827211149e-01,3.654797996086614487e-02
4.831491177688743699e-01,9.615460643399085239e-01,-1.573214800645060252e-01,9.615460643399085239e-01,3.672403606853384683e-02
4.839347098302871908e-01,9.614223780862758417e-01,-1.575652300277549933e-01,9.614223780862758417e-01,3.690064293518197092e-02
4.847203018917000117e-01,9.612985003674168194e-01,-1.578089219087268347e-01,9.612985003674168194e-01,3.707780131031224863e-02
4.855058939531127771e-01,9.611744312289954850e-01,-1.580525556184556868e-01,9.611744312289954850e-01,3.725551194273158534e-02
4.862914860145255980e-01,9.610501707167454777e-01,-1.582961310680013334e-01,9.610501707167454777e-01,3.743377558055118598e-02
4.870770780759384189e-01,9.609257188764703805e-01,-1.585396481684490377e-01,9.609257188764703805e-01,3.761259297118538236e-02
4.878626701373512398e-01,9.608010757540437208e-01,-1.587831068309097371e-01,9.608010757540437208e-01,3.779196486135078664e-02
4.886482621987640051e-01,9.606762413954088586e-01,-1.590265069665200148e-01,9.606762413954088586e-01,3.797189199706523660e-02
4.894338542601768260e-01,9.605512158465785433e-01,-1.592698484864421837e-01,9.605512158465785433e-01,3.815237512364684502e-02
4.902194463215896469e-01,9.604259991536358010e-01,-1.595131313018642860e-01,9.604259991536358010e-01,3.833341498571297273e-02
4.910050383830024123e-01,9.603005913627330470e-01,-1.597563553240000933e-01,9.603005913627330470e-01,3.851501232717922940e-02
4.917906304444152332e-01,9.601749925200926405e-01,-1.599995204640892732e-01,9.601749925200926405e-01,3.869716789125856454e-02
4.925762225058280541e-01,9.600492026720066630e-01,-1.602426266333973337e-01,9.600492026720066630e-01,3.887988242046020587e-02
4.933618145672408195e-01,9.599232218648366954e-01,-1.604856737432156233e-01,9.599232218648366954e-01,3.906315665658866704e-02
4.941474066286536404e-01,9.597970501450141523e-01,-1.607286617048615252e-01,9.597970501450141523e-01,3.924699134074285944e-02
4.949329986900664613e-01,9.596706875590400587e-01,-1.609715904296783462e-01,9.596706875590400587e-01,3.943138721331499591e-02
4.957185907514792822e-01,9.595441341534850510e-01,-1.612144598290354558e-01,9.595441341534850510e-01,3.961634501398966779e-02
4.965041828128920476e-01,9.594173899749894874e-01,-1.614572698143282303e-01,9.594173899749894874e-01,3.980186548174282496e-02
4.972897748743048685e-01,9.592904550702630040e-01,-1.617000202969782197e-01,9.592904550702630040e-01,3.998794935484086682e-02
4.980753669357176894e-01,9.591633294860851811e-01,-1.619427111884331194e-01,9.591633294860851811e-01,4.017459737083957372e-02
4.988609589971304548e-01,9.590360132693049877e-01,-1.621853424001667432e-01,9.590360132693049877e-01,4.036181026658316323e-02
4.996465510585432757e-01,9.589085064668408931e-01,-1.624279138436792447e-01,9.589085064668408931e-01,4.054958877820335345e-02
5.004321431199559855e-01,9.587808091256809773e-01,-1.626704254304969788e-01,9.587808091256809773e-01,4.073793364111826659e-02
5.012177351813688064e-01,9.586529212928828203e-01,-1.629128770721726960e-01,9.586529212928828203e-01,4.092684559003163802e-02
5.020033272427816273e-01,9.585248430155732802e-01,-1.631552686802854868e-01,9.585248430155732802e-01,4.111632535893164353e-02
5.027889193041944482e-01,9.583965743409490479e-01,-1.633976001664408095e-01,9.583965743409490479e-01,4.130637368109001811e-02
5.035745113656072691e-01,9.582681153162757592e-01,-1.636398714422706291e-01,9.582681153162757592e-01,4.149699128906109147e-02
5.043601034270200900e-01,9.581394659888888832e-01,-1.638820824194333892e-01,9.581394659888888832e-01,4.168817891468078185e-02
5.051456954884327999e-01,9.580106264061930554e-01,-1.641242330096140400e-01,9.580106264061930554e-01,4.187993728906561075e-02
5.059312875498456208e-01,9.578815966156625228e-01,-1.643663231245242884e-01,9.578815966156625228e-01,4.207226714261182166e-02
5.067168796112584417e-01,9.577523766648405878e-01,-1.646083526759023197e-01,9.577523766648405878e-01,4.226516920499426982e-02
5.075024716726712626e-01,9.576229666013401642e-01,-1.648503215755130480e-01,9.576229666013401642e-01,4.245864420516554105e-02
5.082880637340840835e-01,9.574933664728433325e-01,-1.650922297351481161e-01,9.574933664728433325e-01,4.265269287135493165e-02
5.090736557954969044e-01,9.573635763271015620e-01,-1.653340770666260062e-01,9.573635763271015620e-01,4.284731593106756026e-02
5.098592478569096142e-01,9.572335962119354891e-01,-1.655758634817919017e-01,9.572335962119354891e-01,4.304251411108327152e-02
5.106448399183224351e-01,9.571034261752352501e-01,-1.658175888925180752e-01,9.571034261752352501e-01,4.323828813745582422e-02
5.114304319797352560e-01,9.569730662649599262e-01,-1.660592532107035280e-01,9.569730662649599262e-01,4.343463873551178800e-02
5.122160240411480769e-01,9.568425165291380985e-01,-1.663008563482743229e-01,9.568425165291380985e-01,4.363156662984961354e-02
5.130016161025608978e-01,9.567117770158674039e-01,-1.665423982171835571e-01,9.567117770158674039e-01,4.382907254433871663e-02
5.137872081639737187e-01,9.565808477733148685e-01,-1.667838787294113889e-01,9.565808477733148685e-01,4.402715720211845818e-02
5.145728002253865396e-01,9.564497288497163519e-01,-1.670252977969650943e-01,9.564497288497163519e-01,4.422582132559721435e-02
5.153583922867992495e-01,9.563184202933772138e-01,-1.672666553318791216e-01,9.563184202933772138e-01,4.442506563645135659e-02
5.161439843482120704e-01,9.561869221526718698e-01,-1.675079512462152309e-01,9.561869221526718698e-01,4.462489085562442587e-02
5.169295764096248913e-01,9.560552344760436805e-01,-1.677491854520623826e-01,9.560552344760436805e-01,4.482529770332599472e-02
5.177151684710377122e-01,9.559233573120052840e-01,-1.679903578615369042e-01,9.559233573120052840e-01,4.502628689903082071e-02
5.185007605324505331e-01,9.557912907091384858e-01,-1.682314683867824900e-01,9.557912907091384858e-01,4.522785916147785412e-02
5.192863525938633540e-01,9.556590347160939247e-01,-1.684725169399703404e-01,9.556590347160939247e-01,4.543001520866927351e-02
5.200719446552761749e-01,9.555265893815914069e-01,-1.687135034332991057e-01,9.555265893815914069e-01,4.563275575786954891e-02
5.208575367166888848e-01,9.553939547544200162e-01,-1.689544277789949700e-01,9.553939547544200162e-01,4.583608152560444959e-02
5.216431287781017057e-01,9.552611308834374482e-01,-1.691952898893118451e-01,9.552611308834374482e-01,4.603999322766016977e-02
5.224287208395145266e-01,9.551281178175706765e-01,-1.694360896765311764e-01,9.551281178175706765e-01,4.624449157908225999e-02
5.232143129009273474e-01,9.549949156058155086e-01,-1.696768270529622202e-01,9.549949156058155086e-01,4.644957729417473896e-02
5.239999049623401683e-01,9.548615242972369188e-01,-1.699175019309419887e-01,9.548615242972369188e-01,4.665525108649914987e-02
5.247854970237529892e-01,9.547279439409686042e-01,-1.701581142228352495e-01,9.547279439409686042e-01,4.686151366887355424e-02
5.255710890851656991e-01,9.545941745862088768e-01,-1.703986638410177057e-01,9.545941745862088768e-01,4.706836575336691836e-02
5.263566811465785200e-01,9.544602162822251046e-01,-1.706391506978936490e-01,9.544602162822251046e-01,4.727580805130301295e-02
5.271422732079913409e-01,9.543260690783564870e-01,-1.708795747059066727e-01,9.543260690783564870e-01,4.748384127326236298e-02
5.279278652694041618e-01,9.541917330240111683e-01,-1.711199357775280427e-01,9.541917330240111683e-01,4.769246612907812599e-02
5.287134573308169827e-01,9.540572081686657935e-01,-1.713602338252565305e-01,9.540572081686657935e-01,4.790168332783507898e-02
5.294990493922298036e-01,9.539224945618659524e-01,-1.716004687616186908e-01,9.539224945618659524e-01,4.811149357786871639e-02
5.302846414536426245e-01,9.537875922532257356e-01,-1.718406404991686676e-01,9.537875922532257356e-01,4.832189758676423003e-02
5.310702335150553344e-01,9.536525012924281786e-01,-1.720807489504884158e-01,9.536525012924281786e-01,4.853289606135561401e-02
5.318558255764681553e-01,9.535172217292245955e-01,-1.723207940281877293e-01,9.535172217292245955e-01,4.874448970772476963e-02
5.326414176378809762e-01,9.533817536134351345e-01,-1.725607756449041019e-01,9.533817536134351345e-01,4.895667923120035347e-02
5.334270096992937971e-01,9.532460969949487772e-01,-1.728006937133029497e-01,9.532460969949487772e-01,4.916946533635702110e-02
5.342126017607066180e-01,9.531102519237226733e-01,-1.730405481460776385e-01,9.531102519237226733e-01,4.938284872701440703e-02
5.349981938221194389e-01,9.529742184497826951e-01,-1.732803388559494284e-01,9.529742184497826951e-01,4.959683010623617411e-02
5.357837858835321487e-01,9.528379966232235487e-01,-1.735200657556675297e-01,9.528379966232235487e-01,4.981141017632902124e-02
5.365693779449449696e-01,9.527015864942081080e-01,-1.737597287580093519e-01,9.527015864942081080e-01,5.002658963884190624e-02
5.373549700063577905e-01,9.525649881129678587e-01,-1.739993277757801993e-01,9.525649881129678587e-01,5.024236919456484540e-02
5.381405620677706114e-01,9.524282015298028981e-01,-1.742388627218135477e-01,9.524282015298028981e-01,5.045874954352816411e-02
5.389261541291834323e-01,9.522912267950814913e-01,-1.744783335089710175e-01,9.522912267950814913e-01,5.067573138500144903e-02
5.397117461905962532e-01,9.521540639592407373e-01,-1.747177400501424283e-01,9.521540639592407373e-01,5.089331541749268079e-02
5.404973382520090741e-01,9.520167130727859028e-01,-1.749570822582458551e-01,9.520167130727859028e-01,5.111150233874722781e-02
5.412829303134217840e-01,9.518791741862907552e-01,-1.751963600462275172e-01,9.518791741862907552e-01,5.133029284574685408e-02
5.420685223748346049e-01,9.517414473503972294e-01,-1.754355733270621387e-01,9.517414473503972294e-01,5.154968763470899745e-02
5.428541144362474258e-01,9.516035326158158725e-01,-1.756747220137526710e-01,9.516035326158158725e-01,5.176968740108555539e-02
5.436397064976602467e-01,9.514654300333255099e-01,-1.759138060193304043e-01,9.514654300333255099e-01,5.199029283956206615e-02
5.444252985590730676e-01,9.513271396537732461e-01,-1.761528252568551889e-01,9.513271396537732461e-01,5.221150464405681368e-02
5.452108906204858885e-01,9.511886615280743529e-01,-1.763917796394152138e-01,9.511886615280743529e-01,5.243332350771978678e-02
5.459964826818985983e-01,9.510499957072126032e-01,-1.766306690801272006e-01,9.510499957072126032e-01,5.265575012293181173e-02
5.467820747433114192e-01,9.509111422422398263e-01,-1.768694934921365425e-01,9.509111422422398263e-01,5.287878518130364330e-02
5.475676668047242401e-01,9.507721011842762415e-01,-1.771082527886169988e-01,9.507721011842762415e-01,5.310242937367488231e-02
5.483532588661370610e-01,9.506328725845101246e-01,-1.773469468827711393e-01,9.506328725845101246e-01,5.332668339011320535e-02
5.491388509275498819e-01,9.504934564941979191e-01,-1.775855756878300384e-01,9.504934564941979191e-01,5.355154791991328933e-02
5.499244429889627028e-01,9.503538529646642363e-01,-1.778241391170535535e-01,9.503538529646642363e-01,5.377702365159599263e-02
5.507100350503755237e-01,9.502140620473020771e-01,-1.780626370837302686e-01,9.502140620473020771e-01,5.400311127290734203e-02
5.514956271117882336e-01,9.500740837935721661e-01,-1.783010695011774671e-01,9.500740837935721661e-01,5.422981147081760989e-02
5.522812191732010545e-01,9.499339182550036176e-01,-1.785394362827413817e-01,9.499339182550036176e-01,5.445712493152044670e-02
5.530668112346138754e-01,9.497935654831933805e-01,-1.787777373417969717e-01,9.497935654831933805e-01,5.468505234043184726e-02
5.538524032960266963e-01,9.496530255298066825e-01,-1.790159725917481182e-01,9.496530255298066825e-01,5.491359438218926942e-02
5.546379953574395172e-01,9.495122984465764748e-01,-1.792541419460276231e-01,9.495122984465764748e-01,5.514275174065070423e-02
5.554235874188523381e-01,9.493713842853039875e-01,-1.794922453180972377e-01,9.493713842853039875e-01,5.537252509889373231e-02
5.562091794802650480e-01,9.492302830978582850e-01,-1.797302826214477456e-01,9.492302830978582850e-01,5.560291513921458706e-02
5.569947715416778689e-01,9.490889949361763778e-01,-1.799682537695989626e-01,9.490889949361763778e-01,5.583392254312730812e-02
5.577803636030906898e-01,9.489475198522633326e-01,-1.802061586760997092e-01,9.489475198522633326e-01,5.606554799136265199e-02
5.585659556645035106e-01,9.488058578981919400e-01,-1.804439972545280324e-01,9.488058578981919400e-01,5.629779216386731483e-02
5.593515477259163315e-01,9.486640091261030472e-01,-1.806817694184910117e-01,9.486640091261030472e-01,5.653065573980289166e-02
5.601371397873291524e-01,9.485219735882051140e-01,-1.809194750816249531e-01,9.485219735882051140e-01,5.676413939754504367e-02
5.609227318487419733e-01,9.483797513367747678e-01,-1.811571141575954447e-01,9.483797513367747678e-01,5.699824381468250600e-02
5.617083239101546832e-01,9.482373424241562487e-01,-1.813946865600971903e-01,9.482373424241562487e-01,5.723296966801617175e-02
5.624939159715675041e-01,9.480947469027616314e-01,-1.816321922028543701e-01,9.480947469027616314e-01,5.746831763355825240e-02
5.632795080329803250e-01,9.479519648250706032e-01,-1.818696309996203908e-01,9.479519648250706032e-01,5.770428838653123005e-02
5.640651000943931459e-01,9.478089962436309079e-01,-1.821070028641780247e-01,9.478089962436309079e-01,5.794088260136696228e-02
5.648506921558059668e-01,9.476658412110577911e-01,-1.823443077103394927e-01,9.476658412110577911e-01,5.817810095170583562e-02
5.656362842172187877e-01,9.475224997800343330e-01,-1.825815454519464087e-01,9.475224997800343330e-01,5.841594411039574553e-02
5.664218762786314976e-01,9.473789720033110040e-01,-1.828187160028698910e-01,9.473789720033110040e-01,5.865441274949123596e-02
5.672074683400443185e-01,9.472352579337062206e-01,-1.830558192770106452e-01,9.472352579337062206e-01,5.889350754025263895e-02
5.679930604014571394e-01,9.470913576241060117e-01,-1.832928551882988533e-01,9.470913576241060117e-01,5.913322915314498524e-02
5.687786524628699603e-01,9.469472711274637966e-01,-1.835298236506942848e-01,9.469472711274637966e-01,5.937357825783721316e-02
5.695642445242827812e-01,9.468029984968007184e-01,-1.837667245781863523e-01,9.468029984968007184e-01,5.961455552320121115e-02
5.703498365856956021e-01,9.466585397852056438e-01,-1.840035578847941666e-01,9.466585397852056438e-01,5.985616161731094342e-02
5.711354286471084230e-01,9.465138950458344969e-01,-1.842403234845665094e-01,9.465138950458344969e-01,6.009839720744146463e-02
5.719210207085211328e-01,9.463690643319113693e-01,-1.844770212915818608e-01,9.463690643319113693e-01,6.034126296006800394e-02
5.727066127699339537e-01,9.462240476967271885e-01,-1.847136512199486214e-01,9.462240476967271885e-01,6.058475954086520870e-02
5.734922048313467746e-01,9.460788451936407162e-01,-1.849502131838048347e-01,9.460788451936407162e-01,6.082888761470597178e-02
5.742777968927595955e-01,9.459334568760781048e-01,-1.851867070973184926e-01,9.459334568760781048e-01,6.107364784566071680e-02
5.750633889541724164e-01,9.457878827975328972e-01,-1.854231328746874241e-01,9.457878827975328972e-01,6.131904089699639904e-02
5.758489810155852373e-01,9.456421230115660270e-01,-1.856594904301394067e-01,9.456421230115660270e-01,6.156506743117561020e-02
5.766345730769979472e-01,9.454961775718057071e-01,-1.858957796779321658e-01,9.454961775718057071e-01,6.181172810985567645e-02
5.774201651384107681e-01,9.453500465319476520e-01,-1.861320005323534588e-01,9.453500465319476520e-01,6.205902359388777711e-02
5.782057571998235890e-01,9.452037299457547448e-01,-1.863681529077210186e-01,9.452037299457547448e-01,6.230695454331595246e-02
5.789913492612364099e-01,9.450572278670573700e-01,-1.866042367183827211e-01,9.450572278670573700e-01,6.255552161737625017e-02
5.797769413226492308e-01,9.449105403497529698e-01,-1.868402518787164457e-01,9.449105403497529698e-01,6.280472547449582332e-02
5.805625333840620517e-01,9.447636674478063767e-01,-1.870761983031303255e-01,9.447636674478063767e-01,6.305456677229200058e-02
5.813481254454748726e-01,9.446166092152494809e-01,-1.873120759060625806e-01,9.446166092152494809e-01,6.330504616757137715e-02
5.821337175068875824e-01,9.444693657061816738e-01,-1.875478846019816848e-01,9.444693657061816738e-01,6.355616431632890584e-02
5.829193095683004033e-01,9.443219369747691827e-01,-1.877836243053864207e-01,9.443219369747691827e-01,6.380792187374709212e-02
5.837049016297132242e-01,9.441743230752455140e-01,-1.880192949308058248e-01,9.441743230752455140e-01,6.406031949419489779e-02
5.844904936911260451e-01,9.440265240619114540e-01,-1.882548963927991870e-01,9.440265240619114540e-01,6.431335783122697769e-02
5.852760857525388660e-01,9.438785399891347350e-01,-1.884904286059562728e-01,9.438785399891347350e-01,6.456703753758274988e-02
5.860616778139516869e-01,9.437303709113502581e-01,-1.887258914848972124e-01,9.437303709113502581e-01,6.482135926518549363e-02
5.868472698753643968e-01,9.435820168830598709e-01,-1.889612849442725007e-01,9.435820168830598709e-01,6.507632366514135014e-02
5.876328619367772177e-01,9.434334779588324782e-01,-1.891966088987632466e-01,9.434334779588324782e-01,6.533193138773868425e-02
5.884184539981900386e-01,9.432847541933041535e-01,-1.894318632630809796e-01,9.432847541933041535e-01,6.558818308244684925e-02
5.892040460596028595e-01,9.431358456411776947e-01,-1.896670479519678154e-01,9.431358456411776947e-01,6.584507939791553466e-02
5.899896381210156804e-01,9.429867523572231791e-01,-1.899021628801964567e-01,9.429867523572231791e-01,6.610262098197376701e-02
5.907752301824285013e-01,9.428374743962774085e-01,-1.901372079625701927e-01,9.428374743962774085e-01,6.636080848162898005e-02
5.915608222438413222e-01,9.426880118132440201e-01,-1.903721831139230103e-01,9.426880118132440201e-01,6.661964254306623756e-02
5.923464143052540321e-01,9.425383646630937085e-01,-1.906070882491195939e-01,9.425383646630937085e-01,6.687912381164719255e-02
5.931320063666668529e-01,9.423885330008641148e-01,-1.908419232830554368e-01,9.423885330008641148e-01,6.713925293190937948e-02
5.939175984280796738e-01,9.422385168816593826e-01,-1.910766881306566745e-01,9.422385168816593826e-01,6.740003054756509016e-02
5.947031904894924947e-01,9.420883163606509347e-01,-1.913113827068803341e-01,9.420883163606509347e-01,6.766145730150063820e-02
5.954887825509053156e-01,9.419379314930764746e-01,-1.915460069267143073e-01,9.419379314930764746e-01,6.792353383577547088e-02
5.962743746123181365e-01,9.417873623342409850e-01,-1.917805607051773220e-01,9.417873623342409850e-01,6.818626079162112830e-02
5.970599666737308464e-01,9.416366089395159511e-01,-1.920150439573190537e-01,9.416366089395159511e-01,6.844963880944052170e-02
5.978455587351436673e-01,9.414856713643393604e-01,-1.922494565982202364e-01,9.414856713643393604e-01,6.871366852880705922e-02
5.986311507965564882e-01,9.413345496642162580e-01,-1.924837985429924958e-01,9.413345496642162580e-01,6.897835058846350786e-02
5.994167428579693091e-01,9.411832438947181911e-01,-1.927180697067785164e-01,9.411832438947181911e-01,6.924368562632139679e-02
6.002023349193821300e-01,9.410317541114835427e-01,-1.929522700047521244e-01,9.410317541114835427e-01,6.950967427945992094e-02
6.009879269807949509e-01,9.408800803702169757e-01,-1.931863993521181766e-01,9.408800803702169757e-01,6.977631718412520556e-02
6.017735190422077718e-01,9.407282227266900998e-01,-1.934204576641127549e-01,9.407282227266900998e-01,7.004361497572930695e-02
6.025591111036204817e-01,9.405761812367409158e-01,-1.936544448560031384e-01,9.405761812367409158e-01,7.031156828884937982e-02
6.033447031650333026e-01,9.404239559562740380e-01,-1.938883608430878314e-01,9.404239559562740380e-01,7.058017775722684461e-02
6.041302952264461235e-01,9.402715469412604721e-01,-1.941222055406966185e-01,9.402715469412604721e-01,7.084944401376637446e-02
6.049158872878589444e-01,9.401189542477380590e-01,-1.943559788641905928e-01,9.401189542477380590e-01,7.111936769053511798e-02
6.057014793492717653e-01,9.399661779318108090e-01,-1.945896807289621833e-01,9.399661779318108090e-01,7.138994941876176947e-02
6.064870714106845861e-01,9.398132180496494570e-01,-1.948233110504352383e-01,9.398132180496494570e-01,7.166118982883569466e-02
6.072726634720972960e-01,9.396600746574907959e-01,-1.950568697440649979e-01,9.396600746574907959e-01,7.193308955030604246e-02
6.080582555335101169e-01,9.395067478116383430e-01,-1.952903567253383155e-01,9.395067478116383430e-01,7.220564921188098173e-02
6.088438475949229378e-01,9.393532375684620073e-01,-1.955237719097733529e-01,9.393532375684620073e-01,7.247886944142659105e-02
6.096294396563357587e-01,9.391995439843978666e-01,-1.957571152129199965e-01,9.391995439843978666e-01,7.275275086596622032e-02
6.104150317177485796e-01,9.390456671159485014e-01,-1.959903865503595799e-01,9.390456671159485014e-01,7.302729411167939444e-02
6.112006237791614005e-01,9.388916070196827723e-01,-1.962235858377051889e-01,9.388916070196827723e-01,7.330249980390116105e-02
6.119862158405742214e-01,9.387373637522359315e-01,-1.964567129906015230e-01,9.387373637522359315e-01,7.357836856712103579e-02
6.127718079019869313e-01,9.385829373703091782e-01,-1.966897679247249786e-01,9.385829373703091782e-01,7.385490102498215581e-02
6.135573999633997522e-01,9.384283279306702141e-01,-1.969227505557837876e-01,9.384283279306702141e-01,7.413209780028061358e-02
6.143429920248125731e-01,9.382735354901530211e-01,-1.971556607995179344e-01,9.382735354901530211e-01,7.440995951496427729e-02
6.151285840862253940e-01,9.381185601056576395e-01,-1.973884985716991836e-01,9.381185601056576395e-01,7.468848679013205538e-02
6.159141761476382149e-01,9.379634018341502788e-01,-1.976212637881312462e-01,9.379634018341502788e-01,7.496768024603310543e-02
6.166997682090510358e-01,9.378080607326634288e-01,-1.978539563646497523e-01,9.378080607326634288e-01,7.524754050206583500e-02
6.174853602704637456e-01,9.376525368582955267e-01,-1.980865762171221955e-01,9.376525368582955267e-01,7.552806817677708284e-02
6.182709523318765665e-01,9.374968302682114007e-01,-1.983191232614482380e-01,9.374968302682114007e-01,7.580926388786134174e-02
6.190565443932893874e-01,9.373409410196414937e-01,-1.985515974135594608e-01,9.373409410196414937e-01,7.609112825215974540e-02
6.198421364547022083e-01,9.371848691698828615e-01,-1.987839985894195582e-01,9.371848691698828615e-01,7.637366188565923586e-02
6.206277285161150292e-01,9.370286147762981743e-01,-1.990163267050243656e-01,9.370286147762981743e-01,7.665686540349175848e-02
6.214133205775278501e-01,9.368721778963162716e-01,-1.992485816764018869e-01,9.368721778963162716e-01,7.694073941993335997e-02
6.221989126389406710e-01,9.367155585874320511e-01,-1.994807634196123225e-01,9.367155585874320511e-01,7.722528454840334178e-02
6.229845047003533809e-01,9.365587569072062468e-01,-1.997128718507480971e-01,9.365587569072062468e-01,7.751050140146333034e-02
6.237700967617662018e-01,9.364017729132655399e-01,-1.999449068859340817e-01,9.364017729132655399e-01,7.779639059081662478e-02
6.245556888231790227e-01,9.362446066633026698e-01,-2.001768684413272881e-01,9.362446066633026698e-01,7.808295272730698955e-02
6.253412808845918436e-01,9.360872582150752130e-01,-2.004087564331142324e-01,9.360872582150752130e-01,7.837018842091693360e-02
6.261268729460046645e-01,9.359297276264050280e-01,-2.006405707775092417e-01,9.359297276264050280e-01,7.865809828076605892e-02
6.269124650074174854e-01,9.357720149551819189e-01,-2.008723113907648072e-01,9.357720149551819189e-01,7.894668291511425240e-02
6.276980570688301952e-01,9.356141202593613038e-01,-2.011039781891660050e-01,9.356141202593613038e-01,7.923594293135866051e-02
6.284836491302430161e-01,9.354560435969645482e-01,-2.013355710890303574e-01,9.354560435969645482e-01,7.952587893603277336e-02
6.292692411916558370e-01,9.352977850260786319e-01,-2.015670900067077498e-01,9.352977850260786319e-01,7.981649153480546710e-02
6.300548332530686579e-01,9.351393446048562597e-01,-2.017985348585805416e-01,9.351393446048562597e-01,8.010778133248017130e-02
6.308404253144814788e-01,9.349807223915156396e-01,-2.020299055610635663e-01,9.349807223915156396e-01,8.039974893299406400e-02
6.316260173758942997e-01,9.348219184443409269e-01,-2.022612020306042702e-01,9.348219184443409269e-01,8.069239493941722519e-02
6.324116094373071206e-01,9.346629328216816690e-01,-2.024924241836826011e-01,9.346629328216816690e-01,8.098571995395170697e-02
6.331972014987198305e-01,9.345037655819531386e-01,-2.027235719368110645e-01,9.345037655819531386e-01,8.127972457793065930e-02
6.339827935601326514e-01,9.343444167836362224e-01,-2.029546452065350004e-01,9.343444167836362224e-01,8.157440941181769156e-02
6.347683856215454723e-01,9.341848864852770884e-01,-2.031856439094322786e-01,9.341848864852770884e-01,8.186977505520574849e-02
6.355539776829582932e-01,9.340251747454876297e-01,-2.034165679621134926e-01,9.340251747454876297e-01,8.216582210681637466e-02
6.363395697443711141e-01,9.338652816229452425e-01,-2.036474172812220707e-01,9.338652816229452425e-01,8.246255116449888178e-02
6.371251618057839350e-01,9.337052071763928263e-01,-2.038781917834341650e-01,9.337052071763928263e-01,8.275996282522946057e-02
6.379107538671967559e-01,9.335449514646384506e-01,-2.041088913854588183e-01,9.335449514646384506e-01,8.305805768511040355e-02
6.386963459286094658e-01,9.333845145465561322e-01,-2.043395160040378800e-01,9.333845145465561322e-01,8.335683633936907810e-02
6.394819379900222867e-01,9.332238964810846138e-01,-2.045700655559462289e-01,9.332238964810846138e-01,8.365629938235741303e-02
6.402675300514351076e-01,9.330630973272284745e-01,-2.048005399579915231e-01,9.330630973272284745e-01,8.395644740755062174e-02
6.410531221128479284e-01,9.329021171440575744e-01,-2.050309391270145332e-01,9.329021171440575744e-01,8.425728100754670269e-02
6.418387141742607493e-01,9.327409559907070546e-01,-2.052612629798889476e-01,9.327409559907070546e-01,8.455880077406539852e-02
6.426243062356735702e-01,9.325796139263771156e-01,-2.054915114335215953e-01,9.325796139263771156e-01,8.486100729794747444e-02
6.434098982970862801e-01,9.324180910103335718e-01,-2.057216844048523063e-01,9.324180910103335718e-01,8.516390116915370512e-02
6.441954903584991010e-01,9.322563873019072966e-01,-2.059517818108541343e-01,9.322563873019072966e-01,8.546748297676434736e-02
6.449810824199119219e-01,9.320945028604943339e-01,-2.061818035685332451e-01,9.320945028604943339e-01,8.577175330897791883e-02
6.457666744813247428e-01,9.319324377455561192e-01,-2.064117495949289727e-01,9.319324377455561192e-01,8.607671275311058745e-02
6.465522665427375637e-01,9.317701920166190366e-01,-2.066416198071139576e-01,9.317701920166190366e-01,8.638236189559526934e-02
6.473378586041503846e-01,9.316077657332746398e-01,-2.068714141221940361e-01,9.316077657332746398e-01,8.668870132198081002e-02
6.481234506655632055e-01,9.314451589551797639e-01,-2.071011324573084345e-01,9.314451589551797639e-01,8.699573161693115175e-02
6.489090427269759154e-01,9.312823717420560810e-01,-2.073307747296296022e-01,9.312823717420560810e-01,8.730345336422434821e-02
6.496946347883887363e-01,9.311194041536904331e-01,-2.075603408563635455e-01,9.311194041536904331e-01,8.761186714675207876e-02
6.504802268498015572e-01,9.309562562499347216e-01,-2.077898307547495493e-01,9.309562562499347216e-01,8.792097354651838559e-02
6.512658189112143781e-01,9.307929280907059066e-01,-2.080192443420603721e-01,9.307929280907059066e-01,8.823077314463911858e-02
6.520514109726271990e-01,9.306294197359857856e-01,-2.082485815356023007e-01,9.306294197359857856e-01,8.854126652134100550e-02
6.528370030340400199e-01,9.304657312458212148e-01,-2.084778422527151232e-01,9.304657312458212148e-01,8.885245425596084712e-02
6.536225950954527297e-01,9.303018626803237767e-01,-2.087070264107721562e-01,9.303018626803237767e-01,8.916433692694461510e-02
6.544081871568655506e-01,9.301378140996702237e-01,-2.089361339271804119e-01,9.301378140996702237e-01,8.947691511184681368e-02
6.551937792182783715e-01,9.299735855641020343e-01,-2.091651647193804031e-01,9.299735855641020343e-01,8.979018938732934163e-02
6.559793712796911924e-01,9.298091771339256351e-01,-2.093941187048464492e-01,9.298091771339256351e-01,9.010416032916093720e-02
6.567649633411040133e-01,9.296445888695120674e-01,-2.096229958010864258e-01,9.296445888695120674e-01,9.041882851221615114e-02
6.575505554025168342e-01,9.294798208312973209e-01,-2.098517959256420429e-01,9.294798208312973209e-01,9.073419451047469442e-02
6.583361474639296551e-01,9.293148730797822221e-01,-2.100805189960888164e-01,9.293148730797822221e-01,9.105025889702046682e-02
6.591217395253423650e-01,9.291497456755322126e-01,-2.103091649300359300e-01,9.291497456755322126e-01,9.136702224404073813e-02
6.599073315867551859e-01,9.289844386791773490e-01,-2.105377336451265680e-01,9.289844386791773490e-01,9.168448512282552365e-02
6.606929236481680068e-01,9.288189521514126357e-01,-2.107662250590377484e-01,9.288189521514126357e-01,9.200264810376647395e-02
6.614785157095808277e-01,9.286532861529975813e-01,-2.109946390894803514e-01,9.286532861529975813e-01,9.232151175635616713e-02
6.622641077709936486e-01,9.284874407447563094e-01,-2.112229756541992576e-01,9.284874407447563094e-01,9.264107664918735940e-02
6.630496998324064695e-01,9.283214159875775584e-01,-2.114512346709733481e-01,9.283214159875775584e-01,9.296134334995206916e-02
6.638352918938191793e-01,9.281552119424147929e-01,-2.116794160576154771e-01,9.281552119424147929e-01,9.328231242544074431e-02
6.646208839552320002e-01,9.279888286702857592e-01,-2.119075197319726100e-01,9.279888286702857592e-01,9.360398444154156838e-02
6.654064760166448211e-01,9.278222662322730407e-01,-2.121355456119257965e-01,9.278222662322730407e-01,9.392635996323947523e-02
6.661920680780576420e-01,9.276555246895233919e-01,-2.123634936153901975e-01,9.276555246895233919e-01,9.424943955461541345e-02
6.669776601394704629e-01,9.274886041032484041e-01,-2.125913636603151413e-01,9.274886041032484041e-01,9.457322377884555542e-02
6.677632522008832838e-01,9.273215045347238394e-01,-2.128191556646841787e-01,9.273215045347238394e-01,9.489771319820042295e-02
6.685488442622961047e-01,9.271542260452898532e-01,-2.130468695465150275e-01,9.271542260452898532e-01,9.522290837404399910e-02
6.693344363237088146e-01,9.269867686963512154e-01,-2.132745052238597672e-01,9.269867686963512154e-01,9.554880986683313149e-02
6.701200283851216355e-01,9.268191325493768673e-01,-2.135020626148047829e-01,9.268191325493768673e-01,9.587541823611657466e-02
6.709056204465344564e-01,9.266513176659002538e-01,-2.137295416374707380e-01,9.266513176659002538e-01,9.620273404053410193e-02
6.716912125079472773e-01,9.264833241075189907e-01,-2.139569422100126850e-01,9.264833241075189907e-01,9.653075783781582542e-02
6.724768045693600982e-01,9.263151519358949759e-01,-2.141842642506201211e-01,9.263151519358949759e-01,9.685949018478133554e-02
6.732623966307729191e-01,9.261468012127543892e-01,-2.144115076775169881e-01,9.261468012127543892e-01,9.718893163733886842e-02
6.740479886921856290e-01,9.259782719998878031e-01,-2.146386724089616171e-01,9.259782719998878031e-01,9.751908275048445929e-02
6.748335807535984499e-01,9.258095643591497392e-01,-2.148657583632470613e-01,9.258095643591497392e-01,9.784994407830134577e-02
6.756191728150112707e-01,9.256406783524590010e-01,-2.150927654587007076e-01,9.256406783524590010e-01,9.818151617395884379e-02
6.764047648764240916e-01,9.254716140417985626e-01,-2.153196936136846651e-01,9.254716140417985626e-01,9.851379958971175077e-02
6.771903569378369125e-01,9.253023714892154583e-01,-2.155465427465956263e-01,9.253023714892154583e-01,9.884679487689947142e-02
6.779759489992497334e-01,9.251329507568208932e-01,-2.157733127758649505e-01,9.251329507568208932e-01,9.918050258594519886e-02
6.787615410606625543e-01,9.249633519067901322e-01,-2.160000036199586637e-01,9.249633519067901322e-01,9.951492326635515140e-02
6.795471331220752642e-01,9.247935750013622780e-01,-2.162266151973775419e-01,9.247935750013622780e-01,9.985005746671771210e-02
6.803327251834880851e-01,9.246236201028408264e-01,-2.164531474266571387e-01,9.246236201028408264e-01,1.001859057347027210e-01
6.811183172449009060e-01,9.244534872735928888e-01,-2.166796002263677856e-01,9.244534872735928888e-01,1.005224686170605453e-01
6.819039093063137269e-01,9.242831765760496365e-01,-2.169059735151147028e-01,9.242831765760496365e-01,1.008597466596213577e-01
6.826895013677265478e-01,9.241126880727063009e-01,-2.171322672115378605e-01,9.241126880727063009e-01,1.011977404072942899e-01
6.834750934291393687e-01,9.239420218261219508e-01,-2.173584812343122286e-01,9.239420218261219508e-01,1.015364504040666555e-01
6.842606854905520786e-01,9.237711778989194933e-01,-2.175846155021476935e-01,9.237711778989194933e-01,1.018758771930031587e-01
6.850462775519648995e-01,9.236001563537855619e-01,-2.178106699337891417e-01,9.236001563537855619e-01,1.022160213162451453e-01
6.858318696133777204e-01,9.234289572534708501e-01,-2.180366444480164589e-01,9.234289572534708501e-01,1.025568833150096587e-01
6.866174616747905413e-01,9.232575806607895563e-01,-2.182625389636445035e-01,9.232575806607895563e-01,1.028984637295887600e-01
6.874030537362033622e-01,9.230860266386200497e-01,-2.184883533995233273e-01,9.230860266386200497e-01,1.032407630993486952e-01
6.881886457976161831e-01,9.229142952499040931e-01,-2.187140876745380380e-01,9.229142952499040931e-01,1.035837819627291045e-01
6.889742378590290039e-01,9.227423865576472872e-01,-2.189397417076089092e-01,9.227423865576472872e-01,1.039275208572422171e-01
6.897598299204417138e-01,9.225703006249188487e-01,-2.191653154176913254e-01,9.225703006249188487e-01,1.042719803194720185e-01
6.905454219818545347e-01,9.223980375148516098e-01,-2.193908087237760596e-01,9.223980375148516098e-01,1.046171608850736678e-01
6.913310140432673556e-01,9.222255972906422405e-01,-2.196162215448889954e-01,9.222255972906422405e-01,1.049630630887723737e-01
6.921166061046801765e-01,9.220529800155508049e-01,-2.198415538000913771e-01,9.220529800155508049e-01,1.053096874643628528e-01
6.929021981660929974e-01,9.218801857529009824e-01,-2.200668054084797265e-01,9.218801857529009824e-01,1.056570345447084142e-01
6.936877902275058183e-01,9.217072145660799576e-01,-2.202919762891859812e-01,9.217072145660799576e-01,1.060051048617402375e-01
6.944733822889185282e-01,9.215340665185387525e-01,-2.205170663613774118e-01,9.215340665185387525e-01,1.063538989464565127e-01
6.952589743503313491e-01,9.213607416737912281e-01,-2.207420755442568161e-01,9.213607416737912281e-01,1.067034173289218291e-01
6.960445664117441700e-01,9.211872400954153051e-01,-2.209670037570623802e-01,9.211872400954153051e-01,1.070536605382661349e-01
6.968301584731569909e-01,9.210135618470520757e-01,-2.211918509190678450e-01,9.210135618470520757e-01,1.074046291026841266e-01
6.976157505345698118e-01,9.208397069924061373e-01,-2.214166169495824510e-01,9.208397069924061373e-01,1.077563235494343741e-01
6.984013425959826327e-01,9.206656755952452587e-01,-2.216413017679510211e-01,9.206656755952452587e-01,1.081087444048386137e-01
6.991869346573954536e-01,9.204914677194008243e-01,-2.218659052935540166e-01,9.204914677194008243e-01,1.084618921942808872e-01
6.999725267188081634e-01,9.203170834287673907e-01,-2.220904274458075089e-01,9.203170834287673907e-01,1.088157674422068205e-01
7.007581187802209843e-01,9.201425227873027968e-01,-2.223148681441632912e-01,9.201425227873027968e-01,1.091703706721228878e-01
7.015437108416338052e-01,9.199677858590280533e-01,-2.225392273081088224e-01,9.199677858590280533e-01,1.095257024065954404e-01
7.023293029030466261e-01,9.197928727080277866e-01,-2.227635048571673937e-01,9.197928727080277866e-01,1.098817631672501238e-01
7.031148949644594470e-01,9.196177833984493510e-01,-2.229877007108979625e-01,9.196177833984493510e-01,1.102385534747709894e-01
7.039004870258722679e-01,9.194425179945036053e-01,-2.232118147888954296e-01,9.194425179945036053e-01,1.105960738488997730e-01
7.046860790872849778e-01,9.192670765604644689e-01,-2.234358470107904726e-01,9.192670765604644689e-01,1.109543248084350481e-01
7.054716711486977987e-01,9.190914591606690331e-01,-2.236597972962497405e-01,9.190914591606690331e-01,1.113133068712316431e-01
7.062572632101106196e-01,9.189156658595173388e-01,-2.238836655649757423e-01,9.189156658595173388e-01,1.116730205541995452e-01
7.070428552715234405e-01,9.187396967214725985e-01,-2.241074517367069863e-01,9.187396967214725985e-01,1.120334663733034003e-01
7.078284473329362614e-01,9.185635518110610853e-01,-2.243311557312179794e-01,9.185635518110610853e-01,1.123946448435616113e-01
7.086140393943490823e-01,9.183872311928720222e-01,-2.245547774683192555e-01,9.183872311928720222e-01,1.127565564790456026e-01
7.093996314557619032e-01,9.182107349315578038e-01,-2.247783168678574583e-01,9.182107349315578038e-01,1.131192017928790150e-01
7.101852235171746131e-01,9.180340630918334410e-01,-2.250017738497152586e-01,9.180340630918334410e-01,1.134825812972369841e-01
7.109708155785874339e-01,9.178572157384772279e-01,-2.252251483338116311e-01,9.178572157384772279e-01,1.138466955033454325e-01
7.117564076400002548e-01,9.176801929363300747e-01,-2.254484402401015497e-01,9.176801929363300747e-01,1.142115449214800849e-01
7.125419997014130757e-01,9.175029947502959526e-01,-2.256716494885763480e-01,9.175029947502959526e-01,1.145771300609658983e-01
7.133275917628258966e-01,9.173256212453416714e-01,-2.258947759992634974e-01,9.173256212453416714e-01,1.149434514301762023e-01
7.141131838242387175e-01,9.171480724864967682e-01,-2.261178196922268846e-01,9.171480724864967682e-01,1.153105095365320049e-01
7.148987758856514274e-01,9.169703485388536190e-01,-2.263407804875665619e-01,9.169703485388536190e-01,1.156783048865010766e-01
7.156843679470642483e-01,9.167924494675673275e-01,-2.265636583054191355e-01,9.167924494675673275e-01,1.160468379855974785e-01
7.164699600084770692e-01,9.166143753378557246e-01,-2.267864530659575162e-01,9.166143753378557246e-01,1.164161093383804663e-01
7.172555520698898901e-01,9.164361262149995913e-01,-2.270091646893909743e-01,9.164361262149995913e-01,1.167861194484539344e-01
7.180411441313027110e-01,9.162577021643418806e-01,-2.272317930959654175e-01,9.162577021643418806e-01,1.171568688184655843e-01
7.188267361927155319e-01,9.160791032512887178e-01,-2.274543382059630858e-01,9.160791032512887178e-01,1.175283579501061049e-01
7.196123282541283528e-01,9.159003295413086221e-01,-2.276767999397029119e-01,9.159003295413086221e-01,1.179005873441086594e-01
7.203979203155410627e-01,9.157213810999327297e-01,-2.278991782175403269e-01,9.157213810999327297e-01,1.182735575002477196e-01
7.211835123769538836e-01,9.155422579927545712e-01,-2.281214729598673996e-01,9.155422579927545712e-01,1.186472689173388162e-01
7.219691044383667045e-01,9.153629602854305158e-01,-2.283436840871129192e-01,9.153629602854305158e-01,1.190217220932373032e-01
7.227546964997795254e-01,9.151834880436792163e-01,-2.285658115197422291e-01,9.151834880436792163e-01,1.193969175248378450e-01
7.235402885611923463e-01,9.150038413332820530e-01,-2.287878551782575320e-01,9.150038413332820530e-01,1.197728557080736667e-01
7.243258806226051671e-01,9.148240202200825788e-01,-2.290098149831977237e-01,9.148240202200825788e-01,1.201495371379157212e-01
7.251114726840178770e-01,9.146440247699868520e-01,-2.292316908551380317e-01,9.146440247699868520e-01,1.205269623083717323e-01
7.258970647454306979e-01,9.144638550489621043e-01,-2.294534827146880174e-01,9.144638550489621043e-01,1.209051317124843899e-01
7.266826568068435188e-01,9.142835111230388501e-01,-2.296751904824959611e-01,9.142835111230388501e-01,1.212840458423327938e-01
7.274682488682563397e-01,9.141029930583101093e-01,-2.298968140792475301e-01,9.141029930583101093e-01,1.216637051890311072e-01
7.282538409296691606e-01,9.139223009209310744e-01,-2.301183534256653063e-01,9.139223009209310744e-01,1.220441102427274604e-01
7.290394329910819815e-01,9.137414347771194434e-01,-2.303398084425087311e-01,9.137414347771194434e-01,1.224252614926031602e-01
7.298250250524948024e-01,9.135603946931547537e-01,-2.305611790505742720e-01,9.135603946931547537e-01,1.228071594268720229e-01
7.306106171139075123e-01,9.133791807353791592e-01,-2.307824651706953112e-01,9.133791807353791592e-01,1.231898045327795288e-01
7.313962091753203332e-01,9.131977929701967645e-01,-2.310036667237423402e-01,9.131977929701967645e-01,1.235731972966023495e-01
7.321818012367331541e-01,9.130162314640737353e-01,-2.312247836306228210e-01,9.130162314640737353e-01,1.239573382036471549e-01
7.329673932981459750e-01,9.128344962835387433e-01,-2.314458158122813802e-01,9.128344962835387433e-01,1.243422277382502106e-01
7.337529853595587959e-01,9.126525874951820771e-01,-2.316667631896996982e-01,9.126525874951820771e-01,1.247278663837765034e-01
7.345385774209716168e-01,9.124705051656563093e-01,-2.318876256838967032e-01,9.124705051656563093e-01,1.251142546226190477e-01
7.353241694823843266e-01,9.122882493616761845e-01,-2.321084032159284050e-01,9.122882493616761845e-01,1.255013929361980529e-01
7.361097615437971475e-01,9.121058201500182872e-01,-2.323290957068881724e-01,9.121058201500182872e-01,1.258892818049603679e-01
7.368953536052099684e-01,9.119232175975210408e-01,-2.325497030779065666e-01,9.119232175975210408e-01,1.262779217083785932e-01
7.376809456666227893e-01,9.117404417710849307e-01,-2.327702252501514246e-01,9.117404417710849307e-01,1.266673131249502204e-01
7.384665377280356102e-01,9.115574927376726144e-01,-2.329906621448280257e-01,9.115574927376726144e-01,1.270574565321972438e-01
7.392521297894484311e-01,9.113743705643082560e-01,-2.332110136831788694e-01,9.113743705643082560e-01,1.274483524066651052e-01
7.400377218508612520e-01,9.111910753180780809e-01,-2.334312797864839806e-01,9.111910753180780809e-01,1.278400012239221117e-01
7.408233139122739619e-01,9.110076070661300429e-01,-2.336514603760607156e-01,9.110076070661300429e-01,1.282324034585586026e-01
7.416089059736867828e-01,9.108239658756739354e-01,-2.338715553732640395e-01,9.108239658756739354e-01,1.286255595841863941e-01
7.423944980350996037e-01,9.106401518139812801e-01,-2.340915646994863042e-01,9.106401518139812801e-01,1.290194700734378919e-01
7.431800900965124246e-01,9.104561649483854380e-01,-2.343114882761574425e-01,9.104561649483854380e-01,1.294141353979652853e-01
7.439656821579252455e-01,9.102720053462814986e-01,-2.345313260247449405e-01,9.102720053462814986e-01,1.298095560284400762e-01
7.447512742193380664e-01,9.100876730751260579e-01,-2.347510778667539488e-01,9.100876730751260579e-01,1.302057324345520239e-01
7.455368662807507762e-01,9.099031682024374401e-01,-2.349707437237271435e-01,9.099031682024374401e-01,1.306026650850086734e-01
7.463224583421635971e-01,9.097184907957956979e-01,-2.351903235172450313e-01,9.097184907957956979e-01,1.310003544475346615e-01
7.471080504035764180e-01,9.095336409228422792e-01,-2.354098171689257557e-01,9.095336409228422792e-01,1.313988009888706898e-01
7.478936424649892389e-01,9.093486186512803604e-01,-2.356292246004251245e-01,9.093486186512803604e-01,1.317980051747729697e-01
7.486792345264020598e-01,9.091634240488746244e-01,-2.358485457334368596e-01,9.091634240488746244e-01,1.321979674700126117e-01
7.494648265878148807e-01,9.089780571834511491e-01,-2.360677804896924026e-01,9.089780571834511491e-01,1.325986883383747095e-01
7.502504186492277016e-01,9.087925181228975191e-01,-2.362869287909610538e-01,9.087925181228975191e-01,1.330001682426577014e-01
7.510360107106404115e-01,9.086068069351629362e-01,-2.365059905590500000e-01,9.086068069351629362e-01,1.334024076446726215e-01
7.518216027720532324e-01,9.084209236882577754e-01,-2.367249657158043974e-01,9.084209236882577754e-01,1.338054070052425160e-01
7.526071948334660533e-01,9.082348684502539182e-01,-2.369438541831072886e-01,9.082348684502539182e-01,1.342091667842014446e-01
7.533927868948788742e-01,9.080486412892846415e-01,-2.371626558828796583e-01,9.080486412892846415e-01,1.346136874403939532e-01
7.541783789562916951e-01,9.078622422735445063e-01,-2.373813707370805992e-01,9.078622422735445063e-01,1.350189694316742961e-01
7.549639710177045160e-01,9.076756714712891361e-01,-2.375999986677072018e-01,9.076756714712891361e-01,1.354250132149058261e-01
7.557495630791173369e-01,9.074889289508358825e-01,-2.378185395967946092e-01,9.074889289508358825e-01,1.358318192459601059e-01
7.565351551405300468e-01,9.073020147805629376e-01,-2.380369934464161008e-01,9.073020147805629376e-01,1.362393879797161589e-01
7.573207472019428677e-01,9.071149290289098888e-01,-2.382553601386832032e-01,9.071149290289098888e-01,1.366477198700602191e-01
7.581063392633556886e-01,9.069276717643773855e-01,-2.384736395957454402e-01,9.069276717643773855e-01,1.370568153698842606e-01
7.588919313247685094e-01,9.067402430555273618e-01,-2.386918317397906941e-01,9.067402430555273618e-01,1.374666749310858582e-01
7.596775233861813303e-01,9.065526429709828138e-01,-2.389099364930450387e-01,9.065526429709828138e-01,1.378772990045673552e-01
7.604631154475941512e-01,9.063648715794276889e-01,-2.391279537777728503e-01,9.063648715794276889e-01,1.382886880402349750e-01
7.612487075090068611e-01,9.061769289496071078e-01,-2.393458835162767806e-01,9.061769289496071078e-01,1.387008424869982104e-01
7.620342995704196820e-01,9.059888151503272535e-01,-2.395637256308978946e-01,9.059888151503272535e-01,1.391137627927693243e-01
7.628198916318325029e-01,9.058005302504552603e-01,-2.397814800440155880e-01,9.058005302504552603e-01,1.395274494044622116e-01
7.636054836932453238e-01,9.056120743189191025e-01,-2.399991466780477256e-01,9.056120743189191025e-01,1.399419027679920935e-01
7.643910757546581447e-01,9.054234474247079278e-01,-2.402167254554505305e-01,9.054234474247079278e-01,1.403571233282744912e-01
7.651766678160709656e-01,9.052346496368716133e-01,-2.404342162987188336e-01,9.052346496368716133e-01,1.407731115292248369e-01
7.659622598774837865e-01,9.050456810245209871e-01,-2.406516191303858521e-01,9.050456810245209871e-01,1.411898678137573915e-01
7.667478519388964964e-01,9.048565416568277175e-01,-2.408689338730234109e-01,9.048565416568277175e-01,1.416073926237849112e-01
7.675334440003093173e-01,9.046672316030240912e-01,-2.410861604492419707e-01,9.046672316030240912e-01,1.420256864002177599e-01
7.683190360617221382e-01,9.044777509324034570e-01,-2.413032987816905450e-01,9.044777509324034570e-01,1.424447495829631594e-01
7.691046281231349591e-01,9.042880997143197819e-01,-2.415203487930567827e-01,9.042880997143197819e-01,1.428645826109246064e-01
7.698902201845477800e-01,9.040982780181877621e-01,-2.417373104060670796e-01,9.040982780181877621e-01,1.432851859220010127e-01
7.706758122459606009e-01,9.039082859134828229e-01,-2.419541835434864951e-01,9.039082859134828229e-01,1.437065599530862881e-01
7.714614043073733107e-01,9.037181234697411192e-01,-2.421709681281188076e-01,9.037181234697411192e-01,1.441287051400682584e-01
7.722469963687861316e-01,9.035277907565590905e-01,-2.423876640828067086e-01,9.035277907565590905e-01,1.445516219178283324e-01
7.730325884301989525e-01,9.033372878435941278e-01,-2.426042713304315535e-01,9.033372878435941278e-01,1.449753107202405578e-01
7.738181804916117734e-01,9.031466148005640182e-01,-2.428207897939136384e-01,9.031466148005640182e-01,1.453997719801710387e-01
7.746037725530245943e-01,9.029557716972472781e-01,-2.430372193962121175e-01,9.029557716972472781e-01,1.458250061294771860e-01
7.753893646144374152e-01,9.027647586034828198e-01,-2.432535600603250303e-01,9.027647586034828198e-01,1.462510135990070792e-01
7.761749566758502361e-01,9.025735755891698409e-01,-2.434698117092893854e-01,9.025735755891698409e-01,1.466777948185986336e-01
7.769605487372629460e-01,9.023822227242682681e-01,-2.436859742661811601e-01,9.023822227242682681e-01,1.471053502170791005e-01
7.777461407986757669e-01,9.021907000787983133e-01,-2.439020476541154392e-01,9.021907000787983133e-01,1.475336802222644017e-01
7.785317328600885878e-01,9.019990077228405845e-01,-2.441180317962462210e-01,9.019990077228405845e-01,1.479627852609581018e-01
7.793173249215014087e-01,9.018071457265360857e-01,-2.443339266157666390e-01,9.018071457265360857e-01,1.483926657589511033e-01
7.801029169829142296e-01,9.016151141600861063e-01,-2.445497320359089344e-01,9.016151141600861063e-01,1.488233221410206752e-01
7.808885090443270505e-01,9.014229130937521095e-01,-2.447654479799444838e-01,9.014229130937521095e-01,1.492547548309299255e-01
7.816741011057397603e-01,9.012305425978561768e-01,-2.449810743711838823e-01,9.012305425978561768e-01,1.496869642514271070e-01
7.824596931671525812e-01,9.010380027427801197e-01,-2.451966111329769160e-01,9.010380027427801197e-01,1.501199508242449243e-01
7.832452852285654021e-01,9.008452935989663679e-01,-2.454120581887125896e-01,9.008452935989663679e-01,1.505537149700997834e-01
7.840308772899782230e-01,9.006524152369173031e-01,-2.456274154618192374e-01,9.006524152369173031e-01,1.509882571086910985e-01
7.848164693513910439e-01,9.004593677271955920e-01,-2.458426828757644400e-01,9.004593677271955920e-01,1.514235776587007087e-01
7.856020614128038648e-01,9.002661511404237427e-01,-2.460578603540551634e-01,9.002661511404237427e-01,1.518596770377921013e-01
7.863876534742166857e-01,9.000727655472847699e-01,-2.462729478202377587e-01,9.000727655472847699e-01,1.522965556626098282e-01
7.871732455356293956e-01,8.998792110185213078e-01,-2.464879451978979064e-01,8.998792110185213078e-01,1.527342139487786743e-01
7.879588375970422165e-01,8.996854876249362754e-01,-2.467028524106608944e-01,8.996854876249362754e-01,1.531726523109032956e-01
7.887444296584550374e-01,8.994915954373924327e-01,-2.469176693821912849e-01,8.994915954373924327e-01,1.536118711625669986e-01
7.895300217198678583e-01,8.992975345268124920e-01,-2.471323960361933303e-01,8.992975345268124920e-01,1.540518709163316846e-01
7.903156137812806792e-01,8.991033049641791175e-01,-2.473470322964106960e-01,8.991033049641791175e-01,1.544926519837366286e-01
7.911012058426935001e-01,8.989089068205350364e-01,-2.475615780866266546e-01,8.989089068205350364e-01,1.549342147752982013e-01
7.918867979041062100e-01,8.987143401669825948e-01,-2.477760333306640583e-01,8.987143401669825948e-01,1.553765597005088983e-01
7.926723899655190309e-01,8.985196050746839802e-01,-2.479903979523855606e-01,8.985196050746839802e-01,1.558196871678370621e-01
7.934579820269318517e-01,8.983247016148613318e-01,-2.482046718756932835e-01,8.983247016148613318e-01,1.562635975847256886e-01
7.942435740883446726e-01,8.981296298587964078e-01,-2.484188550245291227e-01,8.981296298587964078e-01,1.567082913575921499e-01
7.950291661497574935e-01,8.979343898778308075e-01,-2.486329473228747478e-01,8.979343898778308075e-01,1.571537688918273612e-01
7.958147582111703144e-01,8.977389817433657493e-01,-2.488469486947515741e-01,8.977389817433657493e-01,1.576000305917951150e-01
7.966003502725831353e-01,8.975434055268621814e-01,-2.490608590642208187e-01,8.975434055268621814e-01,1.580470768608315535e-01
7.973859423339958452e-01,8.973476612998407820e-01,-2.492746783553834999e-01,8.973476612998407820e-01,1.584949081012441974e-01
7.981715343954086661e-01,8.971517491338815153e-01,-2.494884064923806322e-01,8.971517491338815153e-01,1.589435247143117513e-01
7.989571264568214870e-01,8.969556691006242977e-01,-2.497020433993929756e-01,8.969556691006242977e-01,1.593929271002829384e-01
7.997427185182343079e-01,8.967594212717684421e-01,-2.499155890006413416e-01,8.967594212717684421e-01,1.598431156583761115e-01
8.005283105796471288e-01,8.965630057190726587e-01,-2.501290432203864267e-01,8.965630057190726587e-01,1.602940907867785314e-01
8.013139026410599497e-01,8.963664225143552766e-01,-2.503424059829289505e-01,8.963664225143552766e-01,1.607458528826457012e-01
8.020994947024726596e-01,8.961696717294941328e-01,-2.505556772126097398e-01,8.961696717294941328e-01,1.611984023421007550e-01
8.028850867638854805e-01,8.959727534364263501e-01,-2.507688568338095614e-01,8.959727534364263501e-01,1.616517395602337093e-01
8.036706788252983014e-01,8.957756677071485596e-01,-2.509819447709494278e-01,8.957756677071485596e-01,1.621058649311009070e-01
8.044562708867111223e-01,8.955784146137166779e-01,-2.511949409484903195e-01,8.955784146137166779e-01,1.625607788477241855e-01
8.052418629481239432e-01,8.953809942282457968e-01,-2.514078452909335182e-01,8.953809942282457968e-01,1.630164817020904044e-01
8.060274550095367641e-01,8.951834066229107378e-01,-2.516206577228204955e-01,8.951834066229107378e-01,1.634729738851507796e-01
8.068130470709495849e-01,8.949856518699451646e-01,-2.518333781687328021e-01,8.949856518699451646e-01,1.639302557868199950e-01
8.075986391323622948e-01,8.947877300416422486e-01,-2.520460065532924565e-01,8.947877300416422486e-01,1.643883277959758138e-01
8.083842311937751157e-01,8.945896412103540030e-01,-2.522585428011616115e-01,8.945896412103540030e-01,1.648471903004583572e-01
8.091698232551879366e-01,8.943913854484921711e-01,-2.524709868370428878e-01,8.943913854484921711e-01,1.653068436870694102e-01
8.099554153166007575e-01,8.941929628285271159e-01,-2.526833385856792069e-01,8.941929628285271159e-01,1.657672883415717557e-01
8.107410073780135784e-01,8.939943734229884864e-01,-2.528955979718537916e-01,8.939943734229884864e-01,1.662285246486884804e-01
8.115265994394263993e-01,8.937956173044652175e-01,-2.531077649203904434e-01,8.937956173044652175e-01,1.666905529921025308e-01
8.123121915008391092e-01,8.935966945456049748e-01,-2.533198393561533202e-01,8.935966945456049748e-01,1.671533737544557696e-01
8.130977835622519301e-01,8.933976052191145989e-01,-2.535318212040472141e-01,8.933976052191145989e-01,1.676169873173487257e-01
8.138833756236647510e-01,8.931983493977597721e-01,-2.537437103890172740e-01,8.931983493977597721e-01,1.680813940613394841e-01
8.146689676850775719e-01,8.929989271543654628e-01,-2.539555068360492274e-01,8.929989271543654628e-01,1.685465943659432697e-01
8.154545597464903928e-01,8.927993385618151478e-01,-2.541672104701695467e-01,8.927993385618151478e-01,1.690125886096319197e-01
8.162401518079032137e-01,8.925995836930514793e-01,-2.543788212164452278e-01,8.925995836930514793e-01,1.694793771698330509e-01
8.170257438693160346e-01,8.923996626210758398e-01,-2.545903389999838451e-01,8.923996626210758398e-01,1.699469604229294495e-01
8.178113359307287444e-01,8.921995754189484540e-01,-2.548017637459338292e-01,8.921995754189484540e-01,1.704153387442585155e-01
8.185969279921415653e-01,8.919993221597883881e-01,-2.550130953794841893e-01,8.919993221597883881e-01,1.708845125081115690e-01
8.193825200535543862e-01,8.917989029167732173e-01,-2.552243338258648464e-01,8.917989029167732173e-01,1.713544820877331842e-01
8.201681121149672071e-01,8.915983177631396916e-01,-2.554354790103463557e-01,8.915983177631396916e-01,1.718252478553206064e-01
8.209537041763800280e-01,8.913975667721829588e-01,-2.556465308582402396e-01,8.913975667721829588e-01,1.722968101820230302e-01
8.217392962377928489e-01,8.911966500172567862e-01,-2.558574892948987101e-01,8.911966500172567862e-01,1.727691694379409892e-01
8.225248882992055588e-01,8.909955675717738943e-01,-2.560683542457150019e-01,8.909955675717738943e-01,1.732423259921258563e-01
8.233104803606183797e-01,8.907943195092051791e-01,-2.562791256361233172e-01,8.907943195092051791e-01,1.737162802125791494e-01
8.240960724220312006e-01,8.905929059030803785e-01,-2.564898033915986031e-01,8.905929059030803785e-01,1.741910324662515608e-01
8.248816644834440215e-01,8.903913268269877390e-01,-2.567003874376569406e-01,8.903913268269877390e-01,1.746665831190429008e-01
8.256672565448568424e-01,8.901895823545735720e-01,-2.569108776998543786e-01,8.901895823545735720e-01,1.751429325358003219e-01
8.264528486062696633e-01,8.899876725595425864e-01,-2.571212741037882110e-01,8.899876725595425864e-01,1.756200810803187351e-01
8.272384406676824842e-01,8.897855975156583330e-01,-2.573315765750974760e-01,8.897855975156583330e-01,1.760980291153403654e-01
8.280240327290951940e-01,8.895833572967429825e-01,-2.575417850394620678e-01,8.895833572967429825e-01,1.765767770025535865e-01
8.288096247905080149e-01,8.893809519766765481e-01,-2.577518994226034033e-01,8.893809519766765481e-01,1.770563251025928653e-01
8.295952168519208358e-01,8.891783816293977738e-01,-2.579619196502835887e-01,8.891783816293977738e-01,1.775366737750371515e-01
8.303808089133336567e-01,8.889756463289035793e-01,-2.581718456483063084e-01,8.889756463289035793e-01,1.780178233784102115e-01
8.311664009747464776e-01,8.887727461492490599e-01,-2.583816773425162139e-01,8.887727461492490599e-01,1.784997742701792678e-01
8.319519930361592985e-01,8.885696811645479309e-01,-2.585914146587993123e-01,8.885696811645479309e-01,1.789825268067549990e-01
8.327375850975720084e-01,8.883664514489716391e-01,-2.588010575230828558e-01,8.883664514489716391e-01,1.794660813434902913e-01
8.335231771589848293e-01,8.881630570767500288e-01,-2.590106058613355633e-01,8.881630570767500288e-01,1.799504382346804043e-01
8.343087692203976502e-01,8.879594981221711203e-01,-2.592200595995672874e-01,8.879594981221711203e-01,1.804355978335614730e-01
8.350943612818104711e-01,8.877557746595809984e-01,-2.594294186638294031e-01,8.877557746595809984e-01,1.809215604923104237e-01
8.358799533432232920e-01,8.875518867633837017e-01,-2.596386829802146412e-01,8.875518867633837017e-01,1.814083265620443086e-01
8.366655454046361129e-01,8.873478345080414442e-01,-2.598478524748572549e-01,8.873478345080414442e-01,1.818958963928195560e-01
8.374511374660489338e-01,8.871436179680746159e-01,-2.600569270739327976e-01,8.871436179680746159e-01,1.823842703336313598e-01
8.382367295274616437e-01,8.869392372180612272e-01,-2.602659067036585117e-01,8.869392372180612272e-01,1.828734487324131519e-01
8.390223215888744646e-01,8.867346923326374641e-01,-2.604747912902931062e-01,8.867346923326374641e-01,1.833634319360360476e-01
8.398079136502872855e-01,8.865299833864973555e-01,-2.606835807601369237e-01,8.865299833864973555e-01,1.838542202903080125e-01
8.405935057117001064e-01,8.863251104543927728e-01,-2.608922750395317736e-01,8.863251104543927728e-01,1.843458141399733630e-01
8.413790977731129272e-01,8.861200736111336518e-01,-2.611008740548612650e-01,8.861200736111336518e-01,1.848382138287122389e-01
8.421646898345257481e-01,8.859148729315874382e-01,-2.613093777325506406e-01,8.859148729315874382e-01,1.853314196991398544e-01
8.429502818959384580e-01,8.857095084906796423e-01,-2.615177859990666098e-01,8.857095084906796423e-01,1.858254320928058034e-01
8.437358739573512789e-01,8.855039803633932838e-01,-2.617260987809180151e-01,8.855039803633932838e-01,1.863202513501940050e-01
8.445214660187640998e-01,8.852982886247692251e-01,-2.619343160046551655e-01,8.852982886247692251e-01,1.868158778107212314e-01
8.453070580801769207e-01,8.850924333499060603e-01,-2.621424375968702258e-01,8.850924333499060603e-01,1.873123118127372200e-01
8.460926501415897416e-01,8.848864146139598930e-01,-2.623504634841972716e-01,8.848864146139598930e-01,1.878095536935237009e-01
8.468782422030025625e-01,8.846802324921445582e-01,-2.625583935933121782e-01,8.846802324921445582e-01,1.883076037892938981e-01
8.476638342644153834e-01,8.844738870597315117e-01,-2.627662278509326210e-01,8.844738870597315117e-01,1.888064624351918908e-01
8.484494263258280933e-01,8.842673783920494968e-01,-2.629739661838182974e-01,8.842673783920494968e-01,1.893061299652920304e-01
8.492350183872409142e-01,8.840607065644852103e-01,-2.631816085187709264e-01,8.840607065644852103e-01,1.898066067125985246e-01
8.500206104486537351e-01,8.838538716524825256e-01,-2.633891547826340274e-01,8.838538716524825256e-01,1.903078930090443543e-01
8.508062025100665560e-01,8.836468737315427147e-01,-2.635966049022933633e-01,8.836468737315427147e-01,1.908099891854912189e-01
8.515917945714793769e-01,8.834397128772247809e-01,-2.638039588046764417e-01,8.834397128772247809e-01,1.913128955717285362e-01
8.523773866328921978e-01,8.832323891651449044e-01,-2.640112164167531250e-01,8.832323891651449044e-01,1.918166124964731101e-01
8.531629786943049076e-01,8.830249026709766635e-01,-2.642183776655352423e-01,8.830249026709766635e-01,1.923211402873682696e-01
8.539485707557177285e-01,8.828172534704508134e-01,-2.644254424780768109e-01,8.828172534704508134e-01,1.928264792709836473e-01
8.547341628171305494e-01,8.826094416393557296e-01,-2.646324107814739812e-01,8.826094416393557296e-01,1.933326297728142351e-01
8.555197548785433703e-01,8.824014672535367421e-01,-2.648392825028651476e-01,8.824014672535367421e-01,1.938395921172798297e-01
8.563053469399561912e-01,8.821933303888964684e-01,-2.650460575694308929e-01,8.821933303888964684e-01,1.943473666277246992e-01
8.570909390013690121e-01,8.819850311213949245e-01,-2.652527359083940994e-01,8.819850311213949245e-01,1.948559536264166947e-01
8.578765310627818330e-01,8.817765695270490811e-01,-2.654593174470198935e-01,8.817765695270490811e-01,1.953653534345468068e-01
8.586621231241945429e-01,8.815679456819329740e-01,-2.656658021126158120e-01,8.815679456819329740e-01,1.958755663722285822e-01
8.594477151856073638e-01,8.813591596621779267e-01,-2.658721898325317468e-01,8.813591596621779267e-01,1.963865927584975413e-01
8.602333072470201847e-01,8.811502115439721061e-01,-2.660784805341598891e-01,8.811502115439721061e-01,1.968984329113105114e-01
8.610188993084330056e-01,8.809411014035608556e-01,-2.662846741449348964e-01,8.809411014035608556e-01,1.974110871475449891e-01
8.618044913698458265e-01,8.807318293172465840e-01,-2.664907705923338921e-01,8.807318293172465840e-01,1.979245557829988067e-01
8.625900834312586474e-01,8.805223953613884325e-01,-2.666967698038764656e-01,8.805223953613884325e-01,1.984388391323892720e-01
8.633756754926714683e-01,8.803127996124026078e-01,-2.669026717071246724e-01,8.803127996124026078e-01,1.989539375093526685e-01
8.641612675540841781e-01,8.801030421467622711e-01,-2.671084762296832005e-01,8.801030421467622711e-01,1.994698512264438117e-01
8.649468596154969990e-01,8.798931230409970938e-01,-2.673141832991993150e-01,8.798931230409970938e-01,1.999865805951353825e-01
8.657324516769098199e-01,8.796830423716940350e-01,-2.675197928433628025e-01,8.796830423716940350e-01,2.005041259258172059e-01
8.665180437383226408e-01,8.794728002154965640e-01,-2.677253047899061378e-01,8.794728002154965640e-01,2.010224875277958345e-01
8.673036357997354617e-01,8.792623966491051046e-01,-2.679307190666044280e-01,8.792623966491051046e-01,2.015416657092938824e-01
8.680892278611482826e-01,8.790518317492763689e-01,-2.681360356012755242e-01,8.790518317492763689e-01,2.020616607774495255e-01
8.688748199225609925e-01,8.788411055928243565e-01,-2.683412543217799651e-01,8.788411055928243565e-01,2.025824730383158356e-01
8.696604119839738134e-01,8.786302182566192442e-01,-2.685463751560211443e-01,8.786302182566192442e-01,2.031041027968604751e-01
8.704460040453866343e-01,8.784191698175881635e-01,-2.687513980319450879e-01,8.784191698175881635e-01,2.036265503569646140e-01
8.712315961067994552e-01,8.782079603527145339e-01,-2.689563228775407877e-01,8.782079603527145339e-01,2.041498160214227364e-01
8.720171881682122761e-01,8.779965899390385076e-01,-2.691611496208399790e-01,8.779965899390385076e-01,2.046739000919420293e-01
8.728027802296250970e-01,8.777850586536567468e-01,-2.693658781899173627e-01,8.777850586536567468e-01,2.051988028691417165e-01
8.735883722910379179e-01,8.775733665737224243e-01,-2.695705085128904943e-01,8.775733665737224243e-01,2.057245246525525040e-01
8.743739643524506278e-01,8.773615137764452232e-01,-2.697750405179199507e-01,8.773615137764452232e-01,2.062510657406160519e-01
8.751595564138634487e-01,8.771495003390908929e-01,-2.699794741332091630e-01,8.771495003390908929e-01,2.067784264306845032e-01
8.759451484752762696e-01,8.769373263389819151e-01,-2.701838092870046393e-01,8.769373263389819151e-01,2.073066070190195953e-01
8.767307405366890904e-01,8.767249918534970599e-01,-2.703880459075960196e-01,8.767249918534970599e-01,2.078356078007924657e-01
8.775163325981019113e-01,8.765124969600714966e-01,-2.705921839233157988e-01,8.765124969600714966e-01,2.083654290700828193e-01
8.783019246595147322e-01,8.762998417361963499e-01,-2.707962232625397703e-01,8.762998417361963499e-01,2.088960711198784848e-01
8.790875167209274421e-01,8.760870262594193658e-01,-2.710001638536866375e-01,8.760870262594193658e-01,2.094275342420748032e-01
8.798731087823402630e-01,8.758740506073442456e-01,-2.712040056252185694e-01,8.758740506073442456e-01,2.099598187274742678e-01
8.806587008437530839e-01,8.756609148576310897e-01,-2.714077485056406447e-01,8.756609148576310897e-01,2.104929248657855800e-01
8.814442929051659048e-01,8.754476190879960651e-01,-2.716113924235012411e-01,8.754476190879960651e-01,2.110268529456233444e-01
8.822298849665787257e-01,8.752341633762111828e-01,-2.718149373073920905e-01,8.752341633762111828e-01,2.115616032545075686e-01
8.830154770279915466e-01,8.750205478001050752e-01,-2.720183830859481122e-01,8.750205478001050752e-01,2.120971760788628868e-01
8.838010690894043675e-01,8.748067724375618859e-01,-2.722217296878474690e-01,8.748067724375618859e-01,2.126335717040180873e-01
8.845866611508170774e-01,8.745928373665222688e-01,-2.724249770418118444e-01,8.745928373665222688e-01,2.131707904142056409e-01
8.853722532122298983e-01,8.743787426649822780e-01,-2.726281250766061093e-01,8.743787426649822780e-01,2.137088324925612015e-01
8.861578452736427192e-01,8.741644884109944780e-01,-2.728311737210387111e-01,8.741644884109944780e-01,2.142476982211227732e-01
8.869434373350555401e-01,8.739500746826669442e-01,-2.730341229039613959e-01,8.739500746826669442e-01,2.147873878808303771e-01
8.877290293964683610e-01,8.737355015581639295e-01,-2.732369725542693750e-01,8.737355015581639295e-01,2.153279017515253579e-01
8.885146214578811819e-01,8.735207691157051979e-01,-2.734397226009014914e-01,8.735207691157051979e-01,2.158692401119501891e-01
8.893002135192938917e-01,8.733058774335666907e-01,-2.736423729728399423e-01,8.733058774335666907e-01,2.164114032397472243e-01
8.900858055807067126e-01,8.730908265900797494e-01,-2.738449235991106123e-01,8.730908265900797494e-01,2.169543914114590855e-01
8.908713976421195335e-01,8.728756166636316705e-01,-2.740473744087829067e-01,8.728756166636316705e-01,2.174982049025271924e-01
8.916569897035323544e-01,8.726602477326655949e-01,-2.742497253309698069e-01,8.726602477326655949e-01,2.180428439872918178e-01
8.924425817649451753e-01,8.724447198756799526e-01,-2.744519762948279817e-01,8.724447198756799526e-01,2.185883089389913103e-01
8.932281738263579962e-01,8.722290331712291289e-01,-2.746541272295578429e-01,8.722290331712291289e-01,2.191346000297616226e-01
8.940137658877708171e-01,8.720131876979230201e-01,-2.748561780644034336e-01,8.720131876979230201e-01,2.196817175306357284e-01
8.947993579491835270e-01,8.717971835344270337e-01,-2.750581287286524845e-01,8.717971835344270337e-01,2.202296617115429844e-01
8.955849500105963479e-01,8.715810207594621994e-01,-2.752599791516365801e-01,8.715810207594621994e-01,2.207784328413089359e-01
8.963705420720091688e-01,8.713646994518048361e-01,-2.754617292627311032e-01,8.713646994518048361e-01,2.213280311876543727e-01
8.971561341334219897e-01,8.711482196902869957e-01,-2.756633789913552346e-01,8.711482196902869957e-01,2.218784570171949133e-01
8.979417261948348106e-01,8.709315815537961303e-01,-2.758649282669720093e-01,8.709315815537961303e-01,2.224297105954406439e-01
8.987273182562476315e-01,8.707147851212748701e-01,-2.760663770190882604e-01,8.707147851212748701e-01,2.229817921867952579e-01
8.995129103176603413e-01,8.704978304717214677e-01,-2.762677251772549525e-01,8.704978304717214677e-01,2.235347020545558894e-01
9.002985023790731622e-01,8.702807176841893533e-01,-2.764689726710667927e-01,8.702807176841893533e-01,2.240884404609123082e-01
9.010840944404859831e-01,8.700634468377871356e-01,-2.766701194301625644e-01,8.700634468377871356e-01,2.246430076669464759e-01
9.018696865018988040e-01,8.698460180116789342e-01,-2.768711653842250708e-01,8.698460180116789342e-01,2.251984039326320464e-01
9.026552785633116249e-01,8.696284312850840470e-01,-2.770721104629811360e-01,8.696284312850840470e-01,2.257546295168336992e-01
9.034408706247244458e-01,8.694106867372768388e-01,-2.772729545962016040e-01,8.694106867372768388e-01,2.263116846773068347e-01
9.042264626861372667e-01,8.691927844475868525e-01,-2.774736977137014504e-01,8.691927844475868525e-01,2.268695696706968246e-01
9.050120547475499766e-01,8.689747244953989203e-01,-2.776743397453397266e-01,8.689747244953989203e-01,2.274282847525384565e-01
9.057976468089627975e-01,8.687565069601526080e-01,-2.778748806210198374e-01,8.687565069601526080e-01,2.279878301772558791e-01
9.065832388703756184e-01,8.685381319213427709e-01,-2.780753202706891525e-01,8.685381319213427709e-01,2.285482061981614355e-01
9.073688309317884393e-01,8.683195994585194422e-01,-2.782756586243393393e-01,8.683195994585194422e-01,2.291094130674554696e-01
9.081544229932012602e-01,8.681009096512873890e-01,-2.784758956120063078e-01,8.681009096512873890e-01,2.296714510362257156e-01
9.089400150546140811e-01,8.678820625793063348e-01,-2.786760311637703214e-01,8.678820625793063348e-01,2.302343203544469641e-01
9.097256071160267910e-01,8.676630583222909587e-01,-2.788760652097557746e-01,8.676630583222909587e-01,2.307980212709801193e-01
9.105111991774396119e-01,8.674438969600108962e-01,-2.790759976801316378e-01,8.674438969600108962e-01,2.313625540335723374e-01
9.112967912388524327e-01,8.672245785722904055e-01,-2.792758285051110678e-01,8.672245785722904055e-01,2.319279188888558052e-01
9.120823833002652536e-01,8.670051032390089230e-01,-2.794755576149516862e-01,8.670051032390089230e-01,2.324941160823476294e-01
9.128679753616780745e-01,8.667854710401002860e-01,-2.796751849399555234e-01,8.667854710401002860e-01,2.330611458584491424e-01
9.136535674230908954e-01,8.665656820555531770e-01,-2.798747104104690742e-01,8.665656820555531770e-01,2.336290084604455974e-01
9.144391594845037163e-01,8.663457363654112342e-01,-2.800741339568833532e-01,8.663457363654112342e-01,2.341977041305054186e-01
9.152247515459164262e-01,8.661256340497723860e-01,-2.802734555096338398e-01,8.661256340497723860e-01,2.347672331096797571e-01
9.160103436073292471e-01,8.659053751887895167e-01,-2.804726749992005885e-01,8.659053751887895167e-01,2.353375956379021861e-01
9.167959356687420680e-01,8.656849598626698006e-01,-2.806717923561082850e-01,8.656849598626698006e-01,2.359087919539878953e-01
9.175815277301548889e-01,8.654643881516751458e-01,-2.808708075109261348e-01,8.654643881516751458e-01,2.364808222956332195e-01
9.183671197915677098e-01,8.652436601361220836e-01,-2.810697203942680300e-01,8.652436601361220836e-01,2.370536868994152224e-01
9.191527118529805307e-01,8.650227758963815461e-01,-2.812685309367924935e-01,8.650227758963815461e-01,2.376273860007912242e-01
9.199383039143932406e-01,8.648017355128788664e-01,-2.814672390692027348e-01,8.648017355128788664e-01,2.382019198340981636e-01
9.207238959758060615e-01,8.645805390660937784e-01,-2.816658447222468165e-01,8.645805390660937784e-01,2.387772886325523480e-01
9.215094880372188824e-01,8.643591866365606391e-01,-2.818643478267174873e-01,8.643591866365606391e-01,2.393534926282485931e-01
9.222950800986317033e-01,8.641376783048678734e-01,-2.820627483134521829e-01,8.641376783048678734e-01,2.399305320521598339e-01
9.230806721600445242e-01,8.639160141516583069e-01,-2.822610461133333026e-01,8.639160141516583069e-01,2.405084071341367646e-01
9.238662642214573451e-01,8.636941942576292774e-01,-2.824592411572879880e-01,8.636941942576292774e-01,2.410871181029072274e-01
9.246518562828701659e-01,8.634722187035320795e-01,-2.826573333762883444e-01,8.634722187035320795e-01,2.416666651860757409e-01
9.254374483442828758e-01,8.632500875701722975e-01,-2.828553227013509974e-01,8.632500875701722975e-01,2.422470486101226117e-01
9.262230404056956967e-01,8.630278009384092508e-01,-2.830532090635374254e-01,8.630278009384092508e-01,2.428282686004039070e-01
9.270086324671085176e-01,8.628053588891571035e-01,-2.832509923939542928e-01,8.628053588891571035e-01,2.434103253811508716e-01
9.277942245285213385e-01,8.625827615033835327e-01,-2.834486726237533949e-01,8.625827615033835327e-01,2.439932191754695390e-01
9.285798165899341594e-01,8.623600088621108384e-01,-2.836462496841314906e-01,8.623600088621108384e-01,2.445769502053401212e-01
9.293654086513469803e-01,8.621371010464150553e-01,-2.838437235063303032e-01,8.621371010464150553e-01,2.451615186916163980e-01
9.301510007127596902e-01,8.619140381374262860e-01,-2.840410940216367419e-01,8.619140381374262860e-01,2.457469248540253282e-01
9.309365927741725111e-01,8.616908202163285901e-01,-2.842383611613827910e-01,8.616908202163285901e-01,2.463331689111666889e-01
9.317221848355853320e-01,8.614674473643597619e-01,-2.844355248569455652e-01,8.614674473643597619e-01,2.469202510805123540e-01
9.325077768969981529e-01,8.612439196628118854e-01,-2.846325850397473101e-01,8.612439196628118854e-01,2.475081715784057390e-01
9.332933689584109738e-01,8.610202371930306686e-01,-2.848295416412554570e-01,8.610202371930306686e-01,2.480969306200616342e-01
9.340789610198237947e-01,8.607964000364155543e-01,-2.850263945929827347e-01,8.607964000364155543e-01,2.486865284195655112e-01
9.348645530812366156e-01,8.605724082744199421e-01,-2.852231438264870578e-01,8.605724082744199421e-01,2.492769651898729955e-01
9.356501451426493254e-01,8.603482619885509664e-01,-2.854197892733715269e-01,8.603482619885509664e-01,2.498682411428093386e-01
9.364357372040621463e-01,8.601239612603693852e-01,-2.856163308652847066e-01,8.601239612603693852e-01,2.504603564890693357e-01
9.372213292654749672e-01,8.598995061714894694e-01,-2.858127685339205137e-01,8.598995061714894694e-01,2.510533114382164088e-01
9.380069213268877881e-01,8.596748968035796690e-01,-2.860091022110179959e-01,8.596748968035796690e-01,2.516471061986820246e-01
9.387925133883006090e-01,8.594501332383615022e-01,-2.862053318283618863e-01,8.594501332383615022e-01,2.522417409777657493e-01
9.395781054497134299e-01,8.592252155576103334e-01,-2.864014573177821599e-01,8.592252155576103334e-01,2.528372159816343889e-01
9.403636975111261398e-01,8.590001438431549285e-01,-2.865974786111542549e-01,8.590001438431549285e-01,2.534335314153213781e-01
9.411492895725389607e-01,8.587749181768776774e-01,-2.867933956403991846e-01,8.587749181768776774e-01,2.540306874827268357e-01
9.419348816339517816e-01,8.585495386407143714e-01,-2.869892083374833702e-01,8.585495386407143714e-01,2.546286843866164551e-01
9.427204736953646025e-01,8.583240053166542038e-01,-2.871849166344188631e-01,8.583240053166542038e-01,2.552275223286215033e-01
9.435060657567774234e-01,8.580983182867398806e-01,-2.873805204632631227e-01,8.580983182867398806e-01,2.558272015092379892e-01
9.442916578181902443e-01,8.578724776330671764e-01,-2.875760197561194054e-01,8.578724776330671764e-01,2.564277221278264962e-01
9.450772498796030652e-01,8.576464834377856006e-01,-2.877714144451365419e-01,8.576464834377856006e-01,2.570290843826116833e-01
9.458628419410157750e-01,8.574203357830977312e-01,-2.879667044625088268e-01,8.574203357830977312e-01,2.576312884706813411e-01
9.466484340024285959e-01,8.571940347512592151e-01,-2.881618897404765178e-01,8.571940347512592151e-01,2.582343345879866137e-01
9.474340260638414168e-01,8.569675804245792117e-01,-2.883569702113253919e-01,8.569675804245792117e-01,2.588382229293411108e-01
9.482196181252542377e-01,8.567409728854199491e-01,-2.885519458073870780e-01,8.567409728854199491e-01,2.594429536884205190e-01
9.490052101866670586e-01,8.565142122161967242e-01,-2.887468164610389465e-01,8.565142122161967242e-01,2.600485270577621022e-01
9.497908022480798795e-01,8.562872984993781245e-01,-2.889415821047040533e-01,8.562872984993781245e-01,2.606549432287640911e-01
9.505763943094925894e-01,8.560602318174856951e-01,-2.891362426708513622e-01,8.560602318174856951e-01,2.612622023916856273e-01
9.513619863709054103e-01,8.558330122530938278e-01,-2.893307980919958555e-01,8.558330122530938278e-01,2.618703047356462643e-01
9.521475784323182312e-01,8.556056398888302050e-01,-2.895252483006980904e-01,8.556056398888302050e-01,2.624792504486247458e-01
9.529331704937310521e-01,8.553781148073753560e-01,-2.897195932295648091e-01,8.553781148073753560e-01,2.630890397174595607e-01
9.537187625551438730e-01,8.551504370914627673e-01,-2.899138328112484952e-01,8.551504370914627673e-01,2.636996727278477226e-01
9.545043546165566939e-01,8.549226068238788834e-01,-2.901079669784477622e-01,8.549226068238788834e-01,2.643111496643448244e-01
9.552899466779695148e-01,8.546946240874626621e-01,-2.903019956639070753e-01,8.546946240874626621e-01,2.649234707103642061e-01
9.560755387393822247e-01,8.544664889651063522e-01,-2.904959188004169746e-01,8.544664889651063522e-01,2.655366360481765664e-01
9.568611308007950456e-01,8.542382015397546047e-01,-2.906897363208141849e-01,8.542382015397546047e-01,2.661506458589099622e-01
9.576467228622078665e-01,8.540097618944050284e-01,-2.908834481579813391e-01,8.540097618944050284e-01,2.667655003225485322e-01
9.584323149236206874e-01,8.537811701121078567e-01,-2.910770542448473108e-01,8.537811701121078567e-01,2.673811996179328299e-01
9.592179069850335082e-01,8.535524262759659475e-01,-2.912705545143869368e-01,8.535524262759659475e-01,2.679977439227586578e-01
9.600034990464463291e-01,8.533235304691351164e-01,-2.914639488996214611e-01,8.533235304691351164e-01,2.686151334135772895e-01
9.607890911078590390e-01,8.530944827748232484e-01,-2.916572373336181467e-01,8.530944827748232484e-01,2.692333682657945260e-01
9.615746831692718599e-01,8.528652832762912972e-01,-2.918504197494905528e-01,8.528652832762912972e-01,2.698524486536705846e-01
9.623602752306846808e-01,8.526359320568522859e-01,-2.920434960803985347e-01,8.526359320568522859e-01,2.704723747503193776e-01
9.631458672920975017e-01,8.524064291998721954e-01,-2.922364662595480778e-01,8.524064291998721954e-01,2.710931467277080675e-01
9.639314593535103226e-01,8.521767747887690758e-01,-2.924293302201916855e-01,8.521767747887690758e-01,2.717147647566569013e-01
9.647170514149231435e-01,8.519469689070136020e-01,-2.926220878956279914e-01,8.519469689070136020e-01,2.723372290068384327e-01
9.655026434763359644e-01,8.517170116381287404e-01,-2.928147392192021470e-01,8.517170116381287404e-01,2.729605396467774114e-01
9.662882355377486743e-01,8.514869030656898596e-01,-2.930072841243056558e-01,8.514869030656898596e-01,2.735846968438498394e-01
9.670738275991614952e-01,8.512566432733246202e-01,-2.931997225443763733e-01,8.512566432733246202e-01,2.742097007642832485e-01
9.678594196605743161e-01,8.510262323447129740e-01,-2.933920544128987840e-01,8.510262323447129740e-01,2.748355515731555898e-01
9.686450117219871370e-01,8.507956703635869422e-01,-2.935842796634037244e-01,8.507956703635869422e-01,2.754622494343951233e-01
9.694306037833999579e-01,8.505649574137311708e-01,-2.937763982294684939e-01,8.505649574137311708e-01,2.760897945107798623e-01
9.702161958448127788e-01,8.503340935789819310e-01,-2.939684100447169657e-01,8.503340935789819310e-01,2.767181869639370739e-01
9.710017879062254886e-01,8.501030789432280077e-01,-2.941603150428196978e-01,8.501030789432280077e-01,2.773474269543432236e-01
9.717873799676383095e-01,8.498719135904100330e-01,-2.943521131574936556e-01,8.498719135904100330e-01,2.779775146413230313e-01
9.725729720290511304e-01,8.496405976045208197e-01,-2.945438043225026004e-01,8.496405976045208197e-01,2.786084501830493609e-01
9.733585640904639513e-01,8.494091310696053609e-01,-2.947353884716568118e-01,8.494091310696053609e-01,2.792402337365426090e-01
9.741441561518767722e-01,8.491775140697602753e-01,-2.949268655388133098e-01,8.491775140697602753e-01,2.798728654576705388e-01
9.749297482132895931e-01,8.489457466891342508e-01,-2.951182354578757439e-01,8.489457466891342508e-01,2.805063455011472806e-01
9.757153402747024140e-01,8.487138290119280448e-01,-2.953094981627946147e-01,8.487138290119280448e-01,2.811406740205336097e-01
9.765009323361151239e-01,8.484817611223942624e-01,-2.955006535875670526e-01,8.484817611223942624e-01,2.817758511682360023e-01
9.772865243975279448e-01,8.482495431048370227e-01,-2.956917016662371500e-01,8.482495431048370227e-01,2.824118770955066360e-01
9.780721164589407657e-01,8.480171750436125144e-01,-2.958826423328956290e-01,8.480171750436125144e-01,2.830487519524423345e-01
9.788577085203535866e-01,8.477846570231287737e-01,-2.960734755216801739e-01,8.477846570231287737e-01,2.836864758879848458e-01
9.796433005817664075e-01,8.475519891278452400e-01,-2.962642011667752651e-01,8.475519891278452400e-01,2.843250490499197869e-01
9.804288926431792284e-01,8.473191714422733112e-01,-2.964548192024122897e-01,8.473191714422733112e-01,2.849644715848766996e-01
9.812144847045920493e-01,8.470862040509760105e-01,-2.966453295628697084e-01,8.470862040509760105e-01,2.856047436383285509e-01
9.820000767660047591e-01,8.468530870385678755e-01,-2.968357321824727224e-01,8.468530870385678755e-01,2.862458653545909004e-01
9.827856688274175800e-01,8.466198204897148472e-01,-2.970260269955936616e-01,8.466198204897148472e-01,2.868878368768220111e-01
9.835712608888304009e-01,8.463864044891348248e-01,-2.972162139366518185e-01,8.463864044891348248e-01,2.875306583470221833e-01
9.843568529502432218e-01,8.461528391215970002e-01,-2.974062929401135036e-01,8.461528391215970002e-01,2.881743299060331998e-01
9.851424450116560427e-01,8.459191244719218572e-01,-2.975962639404921006e-01,8.459191244719218572e-01,2.888188516935381589e-01
9.859280370730688636e-01,8.456852606249815052e-01,-2.977861268723481780e-01,8.456852606249815052e-01,2.894642238480610308e-01
9.867136291344815735e-01,8.454512476656995679e-01,-2.979758816702892665e-01,8.454512476656995679e-01,2.901104465069658800e-01
9.874992211958943944e-01,8.452170856790506281e-01,-2.981655282689701925e-01,8.452170856790506281e-01,2.907575198064570876e-01
9.882848132573072153e-01,8.449827747500610053e-01,-2.983550666030928555e-01,8.449827747500610053e-01,2.914054438815784631e-01
9.890704053187200362e-01,8.447483149638079780e-01,-2.985444966074064510e-01,8.447483149638079780e-01,2.920542188662128003e-01
9.898559973801328571e-01,8.445137064054202281e-01,-2.987338182167073586e-01,8.445137064054202281e-01,2.927038448930818215e-01
9.906415894415456780e-01,8.442789491600777296e-01,-2.989230313658390870e-01,8.442789491600777296e-01,2.933543220937453455e-01
9.914271815029584989e-01,8.440440433130113052e-01,-2.991121359896927179e-01,8.440440433130113052e-01,2.940056505986012869e-01
9.922127735643712088e-01,8.438089889495032914e-01,-2.993011320232064065e-01,8.438089889495032914e-01,2.946578305368848794e-01
9.929983656257840297e-01,8.435737861548867622e-01,-2.994900194013657702e-01,8.435737861548867622e-01,2.953108620366687309e-01
9.937839576871968506e-01,8.433384350145461950e-01,-2.996787980592037770e-01,8.433384350145461950e-01,2.959647452248618804e-01
9.945695497486096714e-01,8.431029356139168041e-01,-2.998674679318006908e-01,8.431029356139168041e-01,2.966194802272096309e-01
9.953551418100224923e-01,8.428672880384848742e-01,-3.000560289542843484e-01,8.428672880384848742e-01,2.972750671682932722e-01
9.961407338714353132e-01,8.426314923737877605e-01,-3.002444810618299931e-01,8.426314923737877605e-01,2.979315061715295809e-01
9.969263259328480231e-01,8.423955487054134439e-01,-3.004328241896602192e-01,8.423955487054134439e-01,2.985887973591700995e-01
9.977119179942608440e-01,8.421594571190011980e-01,-3.006210582730454162e-01,8.421594571190011980e-01,2.992469408523016350e-01
9.984975100556736649e-01,8.419232177002405892e-01,-3.008091832473032134e-01,8.419232177002405892e-01,2.999059367708446500e-01
9.992831021170864858e-01,8.416868305348724766e-01,-3.009971990477988690e-01,8.416868305348724766e-01,3.005657852335537616e-01
1.000068694178499307e+00,8.414502957086882340e-01,-3.011851056099454360e-01,8.414502957086882340e-01,3.012264863580170760e-01
1.000854286239912128e+00,8.412136133075298616e-01,-3.013729028692032630e-01,8.412136133075298616e-01,3.018880402606556324e-01
1.001639878301324948e+00,8.409767834172904299e-01,-3.015605907610806047e-01,8.409767834172904299e-01,3.025504470567231818e-01
1.002425470362737769e+00,8.407398061239130804e-01,-3.017481692211332889e-01,8.407398061239130804e-01,3.032137068603060204e-01
1.003211062424150590e+00,8.405026815133921358e-01,-3.019356381849647719e-01,8.405026815133921358e-01,3.038778197843218232e-01
1.003996654485563411e+00,8.402654096717721011e-01,-3.021229975882263052e-01,8.402654096717721011e-01,3.045427859405201443e-01
1.004782246546976232e+00,8.400279906851482181e-01,-3.023102473666169909e-01,8.400279906851482181e-01,3.052086054394816395e-01
1.005567838608389053e+00,8.397904246396661332e-01,-3.024973874558835041e-01,8.397904246396661332e-01,3.058752783906174555e-01
1.006353430669801874e+00,8.395527116215220076e-01,-3.026844177918204815e-01,8.395527116215220076e-01,3.065428049021693968e-01
1.007139022731214695e+00,8.393148517169621847e-01,-3.028713383102703549e-01,8.393148517169621847e-01,3.072111850812088152e-01
1.007924614792627516e+00,8.390768450122838562e-01,-3.030581489471233514e-01,8.390768450122838562e-01,3.078804190336369984e-01
1.008710206854040337e+00,8.388386915938341737e-01,-3.032448496383176595e-01,8.388386915938341737e-01,3.085505068641840043e-01
1.009495798915452935e+00,8.386003915480108040e-01,-3.034314403198393739e-01,8.386003915480108040e-01,3.092214486764088832e-01
1.010281390976865756e+00,8.383619449612614849e-01,-3.036179209277225510e-01,8.383619449612614849e-01,3.098932445726993445e-01
1.011066983038278577e+00,8.381233519200843585e-01,-3.038042913980492088e-01,8.381233519200843585e-01,3.105658946542708687e-01
1.011852575099691398e+00,8.378846125110277487e-01,-3.039905516669492713e-01,8.378846125110277487e-01,3.112393990211664296e-01
1.012638167161104219e+00,8.376457268206899398e-01,-3.041767016706008464e-01,8.376457268206899398e-01,3.119137577722564947e-01
1.013423759222517040e+00,8.374066949357197309e-01,-3.043627413452298924e-01,8.374066949357197309e-01,3.125889710052382475e-01
1.014209351283929861e+00,8.371675169428155483e-01,-3.045486706271106070e-01,8.371675169428155483e-01,3.132650388166354771e-01
1.014994943345342682e+00,8.369281929287261113e-01,-3.047344894525652603e-01,8.369281929287261113e-01,3.139419613017980781e-01
1.015780535406755503e+00,8.366887229802503212e-01,-3.049201977579642509e-01,8.366887229802503212e-01,3.146197385549018288e-01
1.016566127468168323e+00,8.364491071842365955e-01,-3.051057954797260496e-01,8.364491071842365955e-01,3.152983706689476140e-01
1.017351719529581144e+00,8.362093456275836445e-01,-3.052912825543174780e-01,8.362093456275836445e-01,3.159778577357615914e-01
1.018137311590993965e+00,8.359694383972399168e-01,-3.054766589182533743e-01,8.359694383972399168e-01,3.166581998459943037e-01
1.018922903652406786e+00,8.357293855802038207e-01,-3.056619245080969827e-01,8.357293855802038207e-01,3.173393970891208449e-01
1.019708495713819385e+00,8.354891872635236139e-01,-3.058470792604596755e-01,8.354891872635236139e-01,3.180214495534396946e-01
1.020494087775232206e+00,8.352488435342969586e-01,-3.060321231120013419e-01,8.352488435342969586e-01,3.187043573260737173e-01
1.021279679836645027e+00,8.350083544796716994e-01,-3.062170559994298880e-01,8.350083544796716994e-01,3.193881204929682194e-01
1.022065271898057848e+00,8.347677201868451968e-01,-3.064018778595018477e-01,8.347677201868451968e-01,3.200727391388915599e-01
1.022850863959470669e+00,8.345269407430645492e-01,-3.065865886290218834e-01,8.345269407430645492e-01,3.207582133474343733e-01
1.023636456020883490e+00,8.342860162356264819e-01,-3.067711882448432847e-01,8.342860162356264819e-01,3.214445432010096249e-01
1.024422048082296310e+00,8.340449467518771254e-01,-3.069556766438675810e-01,8.340449467518771254e-01,3.221317287808517782e-01
1.025207640143709131e+00,8.338037323792124589e-01,-3.071400537630447625e-01,8.338037323792124589e-01,3.228197701670165176e-01
1.025993232205121952e+00,8.335623732050775336e-01,-3.073243195393731142e-01,8.335623732050775336e-01,3.235086674383805261e-01
1.026778824266534773e+00,8.333208693169671388e-01,-3.075084739098996600e-01,8.333208693169671388e-01,3.241984206726410966e-01
1.027564416327947594e+00,8.330792208024255796e-01,-3.076925168117198295e-01,8.330792208024255796e-01,3.248890299463158549e-01
1.028350008389360415e+00,8.328374277490463440e-01,-3.078764481819777910e-01,8.328374277490463440e-01,3.255804953347425368e-01
1.029135600450773236e+00,8.325954902444725469e-01,-3.080602679578661185e-01,8.325954902444725469e-01,3.262728169120780453e-01
1.029921192512185835e+00,8.323534083763964864e-01,-3.082439760766260695e-01,8.323534083763964864e-01,3.269659947512986720e-01
1.030706784573598656e+00,8.321111822325597540e-01,-3.084275724755476400e-01,8.321111822325597540e-01,3.276600289241997088e-01
1.031492376635011476e+00,8.318688119007531245e-01,-3.086110570919693430e-01,8.318688119007531245e-01,3.283549195013948374e-01
1.032277968696424297e+00,8.316262974688165555e-01,-3.087944298632784856e-01,8.316262974688165555e-01,3.290506665523156293e-01
1.033063560757837118e+00,8.313836390246394092e-01,-3.089776907269109474e-01,8.313836390246394092e-01,3.297472701452117128e-01
1.033849152819249939e+00,8.311408366561601202e-01,-3.091608396203514575e-01,8.311408366561601202e-01,3.304447303471499398e-01
1.034634744880662760e+00,8.308978904513658614e-01,-3.093438764811334840e-01,8.308978904513658614e-01,3.311430472240144973e-01
1.035420336942075581e+00,8.306548004982932110e-01,-3.095268012468392893e-01,8.306548004982932110e-01,3.318422208405059637e-01
1.036205929003488402e+00,8.304115668850278187e-01,-3.097096138550999855e-01,8.304115668850278187e-01,3.325422512601418079e-01
1.036991521064901223e+00,8.301681896997039622e-01,-3.098923142435954792e-01,8.301681896997039622e-01,3.332431385452550576e-01
1.037777113126314044e+00,8.299246690305052132e-01,-3.100749023500545265e-01,8.299246690305052132e-01,3.339448827569946321e-01
1.038562705187726865e+00,8.296810049656637709e-01,-3.102573781122548446e-01,8.296810049656637709e-01,3.346474839553248981e-01
1.039348297249139685e+00,8.294371975934609065e-01,-3.104397414680231115e-01,8.294371975934609065e-01,3.353509421990252259e-01
1.040133889310552506e+00,8.291932470022266299e-01,-3.106219923552347995e-01,8.291932470022266299e-01,3.360552575456894342e-01
1.040919481371965105e+00,8.289491532803398011e-01,-3.108041307118144525e-01,8.289491532803398011e-01,3.367604300517257343e-01
1.041705073433377926e+00,8.287049165162276854e-01,-3.109861564757357422e-01,8.287049165162276854e-01,3.374664597723568971e-01
1.042490665494790747e+00,8.284605367983667312e-01,-3.111680695850210787e-01,8.284605367983667312e-01,3.381733467616186983e-01
1.043276257556203568e+00,8.282160142152817928e-01,-3.113498699777422218e-01,8.282160142152817928e-01,3.388810910723604741e-01
1.044061849617616389e+00,8.279713488555464629e-01,-3.115315575920198365e-01,8.279713488555464629e-01,3.395896927562445100e-01
1.044847441679029210e+00,8.277265408077829623e-01,-3.117131323660236597e-01,8.277265408077829623e-01,3.402991518637458190e-01
1.045633033740442031e+00,8.274815901606618063e-01,-3.118945942379727221e-01,8.274815901606618063e-01,3.410094684441518087e-01
1.046418625801854851e+00,8.272364970029022491e-01,-3.120759431461350708e-01,8.272364970029022491e-01,3.417206425455616148e-01
1.047204217863267672e+00,8.269912614232719505e-01,-3.122571790288280469e-01,8.269912614232719505e-01,3.424326742148864344e-01
1.047989809924680493e+00,8.267458835105871984e-01,-3.124383018244181187e-01,8.267458835105871984e-01,3.431455634978484714e-01
1.048775401986093314e+00,8.265003633537123529e-01,-3.126193114713209931e-01,8.265003633537123529e-01,3.438593104389811028e-01
1.049560994047506135e+00,8.262547010415604021e-01,-3.128002079080016706e-01,8.262547010415604021e-01,3.445739150816283791e-01
1.050346586108918956e+00,8.260088966630925178e-01,-3.129809910729744460e-01,8.260088966630925178e-01,3.452893774679445804e-01
1.051132178170331555e+00,8.257629503073181665e-01,-3.131616609048028521e-01,8.257629503073181665e-01,3.460056976388941608e-01
1.051917770231744376e+00,8.255168620632951093e-01,-3.133422173420999379e-01,8.255168620632951093e-01,3.467228756342515261e-01
1.052703362293157197e+00,8.252706320201291801e-01,-3.135226603235278797e-01,8.252706320201291801e-01,3.474409114925999242e-01
1.053488954354570017e+00,8.250242602669746184e-01,-3.137029897877984808e-01,8.250242602669746184e-01,3.481598052513322217e-01
1.054274546415982838e+00,8.247777468930336253e-01,-3.138832056736727272e-01,8.247777468930336253e-01,3.488795569466495716e-01
1.055060138477395659e+00,8.245310919875564748e-01,-3.140633079199611766e-01,8.245310919875564748e-01,3.496001666135617469e-01
1.055845730538808480e+00,8.242842956398416243e-01,-3.142432964655239025e-01,8.242842956398416243e-01,3.503216342858868626e-01
1.056631322600221301e+00,8.240373579392354930e-01,-3.144231712492703834e-01,8.240373579392354930e-01,3.510439599962504320e-01
1.057416914661634122e+00,8.237902789751322397e-01,-3.146029322101595582e-01,8.237902789751322397e-01,3.517671437760857556e-01
1.058202506723046943e+00,8.235430588369743177e-01,-3.147825792872001038e-01,8.235430588369743177e-01,3.524911856556331990e-01
1.058988098784459764e+00,8.232956976142519201e-01,-3.149621124194501021e-01,8.232956976142519201e-01,3.532160856639399715e-01
1.059773690845872585e+00,8.230481953965030906e-01,-3.151415315460172617e-01,8.230481953965030906e-01,3.539418438288597368e-01
1.060559282907285406e+00,8.228005522733136123e-01,-3.153208366060589185e-01,8.228005522733136123e-01,3.546684601770526690e-01
1.061344874968698004e+00,8.225527683343172303e-01,-3.155000275387820907e-01,8.225527683343172303e-01,3.553959347339845087e-01
1.062130467030110825e+00,8.223048436691952068e-01,-3.156791042834434791e-01,8.223048436691952068e-01,3.561242675239270628e-01
1.062916059091523646e+00,8.220567783676766549e-01,-3.158580667793494112e-01,8.220567783676766549e-01,3.568534585699570938e-01
1.063701651152936467e+00,8.218085725195384272e-01,-3.160369149658559529e-01,8.218085725195384272e-01,3.575835078939564871e-01
1.064487243214349288e+00,8.215602262146046719e-01,-3.162156487823689632e-01,8.215602262146046719e-01,3.583144155166117506e-01
1.065272835275762109e+00,8.213117395427474987e-01,-3.163942681683440394e-01,8.213117395427474987e-01,3.590461814574139043e-01
1.066058427337174930e+00,8.210631125938864239e-01,-3.165727730632865722e-01,8.210631125938864239e-01,3.597788057346580359e-01
1.066844019398587751e+00,8.208143454579883702e-01,-3.167511634067517456e-01,8.208143454579883702e-01,3.605122883654428567e-01
1.067629611460000572e+00,8.205654382250677781e-01,-3.169294391383447596e-01,8.205654382250677781e-01,3.612466293656709238e-01
1.068415203521413392e+00,8.203163909851864943e-01,-3.171076001977203851e-01,8.203163909851864943e-01,3.619818287500475851e-01
1.069200795582826213e+00,8.200672038284538834e-01,-3.172856465245836310e-01,8.200672038284538834e-01,3.627178865320814238e-01
1.069986387644239034e+00,8.198178768450266052e-01,-3.174635780586891887e-01,8.198178768450266052e-01,3.634548027240834811e-01
1.070771979705651855e+00,8.195684101251083931e-01,-3.176413947398417648e-01,8.195684101251083931e-01,3.641925773371670338e-01
1.071557571767064454e+00,8.193188037589507200e-01,-3.178190965078959707e-01,8.193188037589507200e-01,3.649312103812471508e-01
1.072343163828477275e+00,8.190690578368517993e-01,-3.179966833027567108e-01,8.190690578368517993e-01,3.656707018650415253e-01
1.073128755889890096e+00,8.188191724491572510e-01,-3.181741550643786276e-01,8.188191724491572510e-01,3.664110517960683655e-01
1.073914347951302917e+00,8.185691476862598792e-01,-3.183515117327663790e-01,8.185691476862598792e-01,3.671522601806472275e-01
1.074699940012715738e+00,8.183189836385996729e-01,-3.185287532479749717e-01,8.183189836385996729e-01,3.678943270238987373e-01
1.075485532074128558e+00,8.180686803966634724e-01,-3.187058795501092057e-01,8.180686803966634724e-01,3.686372523297437032e-01
1.076271124135541379e+00,8.178182380509853022e-01,-3.188828905793242297e-01,8.178182380509853022e-01,3.693810361009035592e-01
1.077056716196954200e+00,8.175676566921460386e-01,-3.190597862758252079e-01,8.175676566921460386e-01,3.701256783388995331e-01
1.077842308258367021e+00,8.173169364107738533e-01,-3.192365665798675978e-01,8.173169364107738533e-01,3.708711790440527012e-01
1.078627900319779842e+00,8.170660772975433250e-01,-3.194132314317569832e-01,8.170660772975433250e-01,3.716175382154833784e-01
1.079413492381192663e+00,8.168150794431764394e-01,-3.195897807718491301e-01,8.168150794431764394e-01,3.723647558511110622e-01
1.080199084442605484e+00,8.165639429384414782e-01,-3.197662145405501533e-01,8.165639429384414782e-01,3.731128319476540445e-01
1.080984676504018305e+00,8.163126678741541298e-01,-3.199425326783163492e-01,8.163126678741541298e-01,3.738617665006293556e-01
1.081770268565430904e+00,8.160612543411762676e-01,-3.201187351256543634e-01,8.160612543411762676e-01,3.746115595043520430e-01
1.082555860626843725e+00,8.158097024304167277e-01,-3.202948218231212452e-01,8.158097024304167277e-01,3.753622109519356709e-01
1.083341452688256545e+00,8.155580122328311976e-01,-3.204707927113242816e-01,8.155580122328311976e-01,3.761137208352910433e-01
1.084127044749669366e+00,8.153061838394216609e-01,-3.206466477309211083e-01,8.153061838394216609e-01,3.768660891451265371e-01
1.084912636811082187e+00,8.150542173412368419e-01,-3.208223868226198205e-01,8.150542173412368419e-01,3.776193158709476583e-01
1.085698228872495008e+00,8.148021128293722048e-01,-3.209980099271789733e-01,8.148021128293722048e-01,3.783734010010570969e-01
1.086483820933907829e+00,8.145498703949695107e-01,-3.211735169854074701e-01,8.145498703949695107e-01,3.791283445225537840e-01
1.087269412995320650e+00,8.142974901292170387e-01,-3.213489079381647850e-01,8.142974901292170387e-01,3.798841464213333907e-01
1.088055005056733471e+00,8.140449721233495861e-01,-3.215241827263608521e-01,8.140449721233495861e-01,3.806408066820874403e-01
1.088840597118146292e+00,8.137923164686482469e-01,-3.216993412909561201e-01,8.137923164686482469e-01,3.813983252883033082e-01
1.089626189179559113e+00,8.135395232564405221e-01,-3.218743835729616087e-01,8.135395232564405221e-01,3.821567022222641663e-01
1.090411781240971933e+00,8.132865925781003202e-01,-3.220493095134387973e-01,8.132865925781003202e-01,3.829159374650480396e-01
1.091197373302384754e+00,8.130335245250477350e-01,-3.222241190534999022e-01,8.130335245250477350e-01,3.836760309965283056e-01
1.091982965363797353e+00,8.127803191887491563e-01,-3.223988121343077107e-01,8.127803191887491563e-01,3.844369827953729168e-01
1.092768557425210174e+00,8.125269766607170485e-01,-3.225733886970756359e-01,8.125269766607170485e-01,3.851987928390446236e-01
1.093554149486622995e+00,8.122734970325101722e-01,-3.227478486830678839e-01,8.122734970325101722e-01,3.859614611038003074e-01
1.094339741548035816e+00,8.120198803957333622e-01,-3.229221920335991203e-01,8.120198803957333622e-01,3.867249875646904256e-01
1.095125333609448637e+00,8.117661268420375276e-01,-3.230964186900349144e-01,8.117661268420375276e-01,3.874893721955596781e-01
1.095910925670861458e+00,8.115122364631196517e-01,-3.232705285937914619e-01,8.115122364631196517e-01,3.882546149690457860e-01
1.096696517732274279e+00,8.112582093507227921e-01,-3.234445216863359174e-01,8.112582093507227921e-01,3.890207158565801016e-01
1.097482109793687099e+00,8.110040455966357476e-01,-3.236183979091859508e-01,8.110040455966357476e-01,3.897876748283864989e-01
1.098267701855099920e+00,8.107497452926933912e-01,-3.237921572039102469e-01,8.107497452926933912e-01,3.905554918534819286e-01
1.099053293916512741e+00,8.104953085307765592e-01,-3.239657995121282830e-01,8.104953085307765592e-01,3.913241668996754186e-01
1.099838885977925562e+00,8.102407354028118291e-01,-3.241393247755104401e-01,8.102407354028118291e-01,3.920936999335685180e-01
1.100624478039338383e+00,8.099860260007714086e-01,-3.243127329357778366e-01,8.099860260007714086e-01,3.928640909205543541e-01
1.101410070100751204e+00,8.097311804166736904e-01,-3.244860239347027164e-01,8.097311804166736904e-01,3.936353398248180757e-01
1.102195662162163803e+00,8.094761987425824756e-01,-3.246591977141080054e-01,8.094761987425824756e-01,3.944074466093357989e-01
1.102981254223576624e+00,8.092210810706071955e-01,-3.248322542158679216e-01,8.092210810706071955e-01,3.951804112358756060e-01
1.103766846284989445e+00,8.089658274929031334e-01,-3.250051933819073646e-01,8.089658274929031334e-01,3.959542336649956584e-01
1.104552438346402266e+00,8.087104381016709809e-01,-3.251780151542024155e-01,8.087104381016709809e-01,3.967289138560454176e-01
1.105338030407815086e+00,8.084549129891573926e-01,-3.253507194747801701e-01,8.084549129891573926e-01,3.975044517671643685e-01
1.106123622469227907e+00,8.081992522476539875e-01,-3.255233062857186832e-01,8.081992522476539875e-01,3.982808473552825190e-01
1.106909214530640728e+00,8.079434559694982365e-01,-3.256957755291471912e-01,8.079434559694982365e-01,3.990581005761195676e-01
1.107694806592053549e+00,8.076875242470730187e-01,-3.258681271472460006e-01,8.076875242470730187e-01,3.998362113841851806e-01
1.108480398653466370e+00,8.074314571728065104e-01,-3.260403610822465992e-01,8.074314571728065104e-01,4.006151797327783814e-01
1.109265990714879191e+00,8.071752548391721849e-01,-3.262124772764315450e-01,8.071752548391721849e-01,4.013950055739873291e-01
1.110051582776292012e+00,8.069189173386890346e-01,-3.263844756721345775e-01,8.069189173386890346e-01,4.021756888586894285e-01
1.110837174837704833e+00,8.066624447639213491e-01,-3.265563562117407836e-01,8.066624447639213491e-01,4.029572295365506651e-01
1.111622766899117654e+00,8.064058372074783820e-01,-3.267281188376863210e-01,8.064058372074783820e-01,4.037396275560256043e-01
1.112408358960530252e+00,8.061490947620149061e-01,-3.268997634924585283e-01,8.061490947620149061e-01,4.045228828643568364e-01
1.113193951021943073e+00,8.058922175202305471e-01,-3.270712901185963695e-01,8.058922175202305471e-01,4.053069954075758097e-01
1.113979543083355894e+00,8.056352055748703389e-01,-3.272426986586897679e-01,8.056352055748703389e-01,4.060919651305011646e-01
1.114765135144768715e+00,8.053780590187242794e-01,-3.274139890553800503e-01,8.053780590187242794e-01,4.068777919767390672e-01
1.115550727206181536e+00,8.051207779446273305e-01,-3.275851612513599465e-01,8.051207779446273305e-01,4.076644758886833753e-01
1.116336319267594357e+00,8.048633624454596402e-01,-3.277562151893735343e-01,8.048633624454596402e-01,4.084520168075149726e-01
1.117121911329007178e+00,8.046058126141462097e-01,-3.279271508122162393e-01,8.046058126141462097e-01,4.092404146732016024e-01
1.117907503390419999e+00,8.043481285436567818e-01,-3.280979680627350015e-01,8.043481285436567818e-01,4.100296694244978668e-01
1.118693095451832820e+00,8.040903103270062857e-01,-3.282686668838281641e-01,8.040903103270062857e-01,4.108197809989447280e-01
1.119478687513245641e+00,8.038323580572542815e-01,-3.284392472184454181e-01,8.038323580572542815e-01,4.116107493328691747e-01
1.120264279574658461e+00,8.035742718275054042e-01,-3.286097090095881357e-01,8.035742718275054042e-01,4.124025743613847217e-01
1.121049871636071282e+00,8.033160517309085868e-01,-3.287800522003090919e-01,8.033160517309085868e-01,4.131952560183902445e-01
1.121835463697484103e+00,8.030576978606579486e-01,-3.289502767337126321e-01,8.030576978606579486e-01,4.139887942365704787e-01
1.122621055758896702e+00,8.027992103099920174e-01,-3.291203825529545601e-01,8.027992103099920174e-01,4.147831889473951317e-01
1.123406647820309523e+00,8.025405891721938412e-01,-3.292903696012424719e-01,8.025405891721938412e-01,4.155784400811197155e-01
1.124192239881722344e+00,8.022818345405915430e-01,-3.294602378218354222e-01,8.022818345405915430e-01,4.163745475667840479e-01
1.124977831943135165e+00,8.020229465085572107e-01,-3.296299871580440910e-01,8.020229465085572107e-01,4.171715113322129187e-01
1.125763424004547986e+00,8.017639251695078961e-01,-3.297996175532307284e-01,8.017639251695078961e-01,4.179693313040154790e-01
1.126549016065960807e+00,8.015047706169048380e-01,-3.299691289508093206e-01,8.015047706169048380e-01,4.187680074075851855e-01
1.127334608127373627e+00,8.012454829442537951e-01,-3.301385212942456460e-01,8.012454829442537951e-01,4.195675395670996899e-01
1.128120200188786448e+00,8.009860622451049350e-01,-3.303077945270570526e-01,8.009860622451049350e-01,4.203679277055202834e-01
1.128905792250199269e+00,8.007265086130528342e-01,-3.304769485928127914e-01,8.007265086130528342e-01,4.211691717445921190e-01
1.129691384311612090e+00,8.004668221417363672e-01,-3.306459834351337945e-01,8.004668221417363672e-01,4.219712716048438228e-01
1.130476976373024911e+00,8.002070029248385952e-01,-3.308148989976928411e-01,8.002070029248385952e-01,4.227742272055870498e-01
1.131262568434437732e+00,7.999470510560867664e-01,-3.309836952242145025e-01,7.999470510560867664e-01,4.235780384649167618e-01
1.132048160495850553e+00,7.996869666292526491e-01,-3.311523720584751973e-01,7.996869666292526491e-01,4.243827052997105054e-01
1.132833752557263152e+00,7.994267497381517540e-01,-3.313209294443031361e-01,7.994267497381517540e-01,4.251882276256283011e-01
1.133619344618675973e+00,7.991664004766438900e-01,-3.314893673255785989e-01,7.991664004766438900e-01,4.259946053571134206e-01
1.134404936680088793e+00,7.989059189386329418e-01,-3.316576856462336020e-01,7.989059189386329418e-01,4.268018384073903881e-01
1.135190528741501614e+00,7.986453052180667589e-01,-3.318258843502521205e-01,7.986453052180667589e-01,4.276099266884661465e-01
1.135976120802914435e+00,7.983845594089372666e-01,-3.319939633816701430e-01,7.983845594089372666e-01,4.284188701111295017e-01
1.136761712864327256e+00,7.981236816052801331e-01,-3.321619226845755612e-01,7.981236816052801331e-01,4.292286685849507344e-01
1.137547304925740077e+00,7.978626719011752133e-01,-3.323297622031083920e-01,7.978626719011752133e-01,4.300393220182817111e-01
1.138332896987152898e+00,7.976015303907459941e-01,-3.324974818814605548e-01,7.976015303907459941e-01,4.308508303182553845e-01
1.139118489048565719e+00,7.973402571681600381e-01,-3.326650816638760944e-01,7.973402571681600381e-01,4.316631933907859042e-01
1.139904081109978540e+00,7.970788523276283177e-01,-3.328325614946510136e-01,7.970788523276283177e-01,4.324764111405678957e-01
1.140689673171391361e+00,7.968173159634057701e-01,-3.329999213181336071e-01,7.968173159634057701e-01,4.332904834710772368e-01
1.141475265232804182e+00,7.965556481697911861e-01,-3.331671610787241278e-01,7.965556481697911861e-01,4.341054102845698370e-01
1.142260857294217002e+00,7.962938490411267667e-01,-3.333342807208750092e-01,7.962938490411267667e-01,4.349211914820819147e-01
1.143046449355629601e+00,7.960319186717983442e-01,-3.335012801890908096e-01,7.960319186717983442e-01,4.357378269634295531e-01
1.143832041417042422e+00,7.957698571562354939e-01,-3.336681594279283791e-01,7.957698571562354939e-01,4.365553166272096441e-01
1.144617633478455243e+00,7.955076645889109788e-01,-3.338349183819967481e-01,7.955076645889109788e-01,4.373736603707977788e-01
1.145403225539868064e+00,7.952453410643416376e-01,-3.340015569959570718e-01,7.952453410643416376e-01,4.381928580903495241e-01
1.146188817601280885e+00,7.949828866770871638e-01,-3.341680752145229083e-01,7.949828866770871638e-01,4.390129096807997566e-01
1.146974409662693706e+00,7.947203015217509936e-01,-3.343344729824599404e-01,7.947203015217509936e-01,4.398338150358623300e-01
1.147760001724106527e+00,7.944575856929799729e-01,-3.345007502445863090e-01,7.944575856929799729e-01,4.406555740480303518e-01
1.148545593785519348e+00,7.941947392854640242e-01,-3.346669069457723356e-01,7.941947392854640242e-01,4.414781866085755735e-01
1.149331185846932168e+00,7.939317623939365909e-01,-3.348329430309408550e-01,7.939317623939365909e-01,4.423016526075483901e-01
1.150116777908344989e+00,7.936686551131741929e-01,-3.349988584450668272e-01,7.936686551131741929e-01,4.431259719337775627e-01
1.150902369969757810e+00,7.934054175379967599e-01,-3.351646531331778922e-01,7.934054175379967599e-01,4.439511444748703295e-01
1.151687962031170631e+00,7.931420497632670763e-01,-3.353303270403538705e-01,7.931420497632670763e-01,4.447771701172117953e-01
1.152473554092583452e+00,7.928785518838914470e-01,-3.354958801117271516e-01,7.928785518838914470e-01,4.456040487459651533e-01
1.153259146153996051e+00,7.926149239948190317e-01,-3.356613122924825277e-01,7.926149239948190317e-01,4.464317802450709638e-01
1.154044738215408872e+00,7.923511661910419557e-01,-3.358266235278573042e-01,7.923511661910419557e-01,4.472603644972480974e-01
1.154830330276821693e+00,7.920872785675954209e-01,-3.359918137631412449e-01,7.920872785675954209e-01,4.480898013839922367e-01
1.155615922338234514e+00,7.918232612195577058e-01,-3.361568829436767381e-01,7.918232612195577058e-01,4.489200907855763756e-01
1.156401514399647334e+00,7.915591142420498327e-01,-3.363218310148585743e-01,7.915591142420498327e-01,4.497512325810505418e-01
1.157187106461060155e+00,7.912948377302357894e-01,-3.364866579221342802e-01,7.912948377302357894e-01,4.505832266482420745e-01
1.157972698522472976e+00,7.910304317793225293e-01,-3.366513636110037844e-01,7.910304317793225293e-01,4.514160728637544029e-01
1.158758290583885797e+00,7.907658964845595273e-01,-3.368159480270198625e-01,7.907658964845595273e-01,4.522497711029679901e-01
1.159543882645298618e+00,7.905012319412391131e-01,-3.369804111157878035e-01,7.905012319412391131e-01,4.530843212400396114e-01
1.160329474706711439e+00,7.902364382446964708e-01,-3.371447528229654655e-01,7.902364382446964708e-01,4.539197231479020767e-01
1.161115066768124260e+00,7.899715154903093062e-01,-3.373089730942636089e-01,7.899715154903093062e-01,4.547559766982646745e-01
1.161900658829537081e+00,7.897064637734979575e-01,-3.374730718754455072e-01,7.897064637734979575e-01,4.555930817616121731e-01
1.162686250890949902e+00,7.894412831897252847e-01,-3.376370491123272810e-01,7.894412831897252847e-01,4.564310382072053751e-01
1.163471842952362501e+00,7.891759738344971131e-01,-3.378009047507776752e-01,7.891759738344971131e-01,4.572698459030803408e-01
1.164257435013775321e+00,7.889105358033611237e-01,-3.379646387367184479e-01,7.889105358033611237e-01,4.581095047160493317e-01
1.165043027075188142e+00,7.886449691919079630e-01,-3.381282510161239263e-01,7.886449691919079630e-01,4.589500145116992003e-01
1.165828619136600963e+00,7.883792740957703549e-01,-3.382917415350213397e-01,7.883792740957703549e-01,4.597913751543922234e-01
1.166614211198013784e+00,7.881134506106237669e-01,-3.384551102394907640e-01,7.881134506106237669e-01,4.606335865072655467e-01
1.167399803259426605e+00,7.878474988321857442e-01,-3.386183570756650663e-01,7.878474988321857442e-01,4.614766484322311291e-01
1.168185395320839426e+00,7.875814188562161311e-01,-3.387814819897301266e-01,7.875814188562161311e-01,4.623205607899759095e-01
1.168970987382252247e+00,7.873152107785170717e-01,-3.389444849279246719e-01,7.873152107785170717e-01,4.631653234399609742e-01
1.169756579443665068e+00,7.870488746949331205e-01,-3.391073658365402199e-01,7.870488746949331205e-01,4.640109362404218341e-01
1.170542171505077889e+00,7.867824107013506874e-01,-3.392701246619215238e-01,7.867824107013506874e-01,4.648573990483687024e-01
1.171327763566490709e+00,7.865158188936983708e-01,-3.394327613504660723e-01,7.865158188936983708e-01,4.657047117195853847e-01
1.172113355627903530e+00,7.862490993679471796e-01,-3.395952758486244227e-01,7.862490993679471796e-01,4.665528741086297226e-01
1.172898947689316351e+00,7.859822522201097561e-01,-3.397576681029002565e-01,7.859822522201097561e-01,4.674018860688336496e-01
1.173684539750728950e+00,7.857152775462409311e-01,-3.399199380598499909e-01,7.857152775462409311e-01,4.682517474523020806e-01
1.174470131812141771e+00,7.854481754424375017e-01,-3.400820856660835556e-01,7.854481754424375017e-01,4.691024581099146884e-01
1.175255723873554592e+00,7.851809460048382316e-01,-3.402441108682635607e-01,7.851809460048382316e-01,4.699540178913233501e-01
1.176041315934967413e+00,7.849135893296236288e-01,-3.404060136131059622e-01,7.849135893296236288e-01,4.708064266449537572e-01
1.176826907996380234e+00,7.846461055130160567e-01,-3.405677938473796740e-01,7.846461055130160567e-01,4.716596842180044713e-01
1.177612500057793055e+00,7.843784946512799561e-01,-3.407294515179069561e-01,7.843784946512799561e-01,4.725137904564472024e-01
1.178398092119205876e+00,7.841107568407211792e-01,-3.408909865715630261e-01,7.841107568407211792e-01,4.733687452050264199e-01
1.179183684180618696e+00,7.838428921776873226e-01,-3.410523989552763924e-01,7.838428921776873226e-01,4.742245483072591861e-01
1.179969276242031517e+00,7.835749007585678383e-01,-3.412136886160288540e-01,7.835749007585678383e-01,4.750811996054354336e-01
1.180754868303444338e+00,7.833067826797938116e-01,-3.413748555008553343e-01,7.833067826797938116e-01,4.759386989406172441e-01
1.181540460364857159e+00,7.830385380378376281e-01,-3.415358995568440470e-01,7.830385380378376281e-01,4.767970461526391812e-01
1.182326052426269980e+00,7.827701669292136399e-01,-3.416968207311364969e-01,7.827701669292136399e-01,4.776562410801077907e-01
1.183111644487682801e+00,7.825016694504772774e-01,-3.418576189709274793e-01,7.825016694504772774e-01,4.785162835604021003e-01
1.183897236549095400e+00,7.822330456982257152e-01,-3.420182942234650803e-01,7.822330456982257152e-01,4.793771734296721765e-01
1.184682828610508221e+00,7.819642957690975393e-01,-3.421788464360508986e-01,7.819642957690975393e-01,4.802389105228414556e-01
1.185468420671921042e+00,7.816954197597724141e-01,-3.423392755560396017e-01,7.816954197597724141e-01,4.811014946736032472e-01
1.186254012733333862e+00,7.814264177669717482e-01,-3.424995815308394809e-01,7.814264177669717482e-01,4.819649257144236754e-01
1.187039604794746683e+00,7.811572898874581394e-01,-3.426597643079121736e-01,7.811572898874581394e-01,4.828292034765397922e-01
1.187825196856159504e+00,7.808880362180351531e-01,-3.428198238347727744e-01,7.808880362180351531e-01,4.836943277899600213e-01
1.188610788917572325e+00,7.806186568555478766e-01,-3.429797600589896689e-01,7.806186568555478766e-01,4.845602984834639360e-01
1.189396380978985146e+00,7.803491518968824758e-01,-3.431395729281849771e-01,7.803491518968824758e-01,4.854271153846023701e-01
1.190181973040397967e+00,7.800795214389661947e-01,-3.432992623900340545e-01,7.800795214389661947e-01,4.862947783196968632e-01
1.190967565101810788e+00,7.798097655787674665e-01,-3.434588283922659913e-01,7.798097655787674665e-01,4.871632871138400489e-01
1.191753157163223609e+00,7.795398844132956917e-01,-3.436182708826633347e-01,7.795398844132956917e-01,4.880326415908952109e-01
1.192538749224636430e+00,7.792698780396011271e-01,-3.437775898090620896e-01,7.792698780396011271e-01,4.889028415734961164e-01
1.193324341286049250e+00,7.789997465547753297e-01,-3.439367851193519399e-01,7.789997465547753297e-01,4.897738868830470715e-01
1.194109933347461849e+00,7.787294900559506017e-01,-3.440958567614761932e-01,7.787294900559506017e-01,4.906457773397227551e-01
1.194895525408874670e+00,7.784591086402999904e-01,-3.442548046834317810e-01,7.784591086402999904e-01,4.915185127624685513e-01
1.195681117470287491e+00,7.781886024050373996e-01,-3.444136288332692031e-01,7.781886024050373996e-01,4.923920929689994397e-01
1.196466709531700312e+00,7.779179714474178109e-01,-3.445723291590926940e-01,7.779179714474178109e-01,4.932665177758008279e-01
1.197252301593113133e+00,7.776472158647365074e-01,-3.447309056090601120e-01,7.776472158647365074e-01,4.941417869981278299e-01
1.198037893654525954e+00,7.773763357543300723e-01,-3.448893581313830503e-01,7.773763357543300723e-01,4.950179004500054880e-01
1.198823485715938775e+00,7.771053312135750568e-01,-3.450476866743268922e-01,7.771053312135750568e-01,4.958948579442287175e-01
1.199609077777351596e+00,7.768342023398892016e-01,-3.452058911862107005e-01,7.768342023398892016e-01,4.967726592923620288e-01
1.200394669838764417e+00,7.765629492307304371e-01,-3.453639716154072725e-01,7.765629492307304371e-01,4.976513043047393614e-01
1.201180261900177237e+00,7.762915719835975503e-01,-3.455219279103433627e-01,7.762915719835975503e-01,4.985307927904643610e-01
1.201965853961590058e+00,7.760200706960296291e-01,-3.456797600194993492e-01,7.760200706960296291e-01,4.994111245574096580e-01
1.202751446023002879e+00,7.757484454656061734e-01,-3.458374678914095113e-01,7.757484454656061734e-01,5.002922994122174227e-01
1.203537038084415700e+00,7.754766963899473176e-01,-3.459950514746620853e-01,7.754766963899473176e-01,5.011743171602989211e-01
1.204322630145828299e+00,7.752048235667133858e-01,-3.461525107178989868e-01,7.752048235667133858e-01,5.020571776058340152e-01
1.205108222207241120e+00,7.749328270936048924e-01,-3.463098455698162548e-01,7.749328270936048924e-01,5.029408805517726622e-01
1.205893814268653941e+00,7.746607070683629859e-01,-3.464670559791637183e-01,7.746607070683629859e-01,5.038254257998326935e-01
1.206679406330066762e+00,7.743884635887687828e-01,-3.466241418947450526e-01,7.743884635887687828e-01,5.047108131505008144e-01
1.207464998391479583e+00,7.741160967526437009e-01,-3.467811032654181114e-01,7.741160967526437009e-01,5.055970424030328259e-01
1.208250590452892403e+00,7.738436066578493477e-01,-3.469379400400945945e-01,7.738436066578493477e-01,5.064841133554529584e-01
1.209036182514305224e+00,7.735709934022874101e-01,-3.470946521677402141e-01,7.735709934022874101e-01,5.073720258045536502e-01
1.209821774575718045e+00,7.732982570838995429e-01,-3.472512395973747501e-01,7.732982570838995429e-01,5.082607795458962130e-01
1.210607366637130866e+00,7.730253978006674798e-01,-3.474077022780719393e-01,7.730253978006674798e-01,5.091503743738099441e-01
1.211392958698543687e+00,7.727524156506132558e-01,-3.475640401589596973e-01,7.727524156506132558e-01,5.100408100813926815e-01
1.212178550759956508e+00,7.724793107317982077e-01,-3.477202531892199522e-01,7.724793107317982077e-01,5.109320864605102486e-01
1.212964142821369329e+00,7.722060831423243066e-01,-3.478763413180886999e-01,7.722060831423243066e-01,5.118242033017966763e-01
1.213749734882782150e+00,7.719327329803327142e-01,-3.480323044948562261e-01,7.719327329803327142e-01,5.127171603946538703e-01
1.214535326944194749e+00,7.716592603440050047e-01,-3.481881426688667736e-01,7.716592603440050047e-01,5.136109575272514993e-01
1.215320919005607569e+00,7.713856653315619427e-01,-3.483438557895188747e-01,7.713856653315619427e-01,5.145055944865277731e-01
1.216106511067020390e+00,7.711119480412643723e-01,-3.484994438062651856e-01,7.711119480412643723e-01,5.154010710581878874e-01
1.216892103128433211e+00,7.708381085714129943e-01,-3.486549066686127074e-01,7.708381085714129943e-01,5.162973870267052456e-01
1.217677695189846032e+00,7.705641470203475896e-01,-3.488102443261223984e-01,7.705641470203475896e-01,5.171945421753205707e-01
1.218463287251258853e+00,7.702900634864482399e-01,-3.489654567284097286e-01,7.702900634864482399e-01,5.180925362860422378e-01
1.219248879312671674e+00,7.700158580681338849e-01,-3.491205438251443471e-01,7.700158580681338849e-01,5.189913691396460527e-01
1.220034471374084495e+00,7.697415308638636544e-01,-3.492755055660501373e-01,7.697415308638636544e-01,5.198910405156752512e-01
1.220820063435497316e+00,7.694670819721355359e-01,-3.494303419009054390e-01,7.694670819721355359e-01,5.207915501924405000e-01
1.221605655496910137e+00,7.691925114914874850e-01,-3.495850527795427709e-01,7.691925114914874850e-01,5.216928979470196737e-01
1.222391247558322958e+00,7.689178195204964261e-01,-3.497396381518490527e-01,7.689178195204964261e-01,5.225950835552576335e-01
1.223176839619735778e+00,7.686430061577789186e-01,-3.498940979677656049e-01,7.686430061577789186e-01,5.234981067917666708e-01
1.223962431681148599e+00,7.683680715019907126e-01,-3.500484321772881491e-01,7.683680715019907126e-01,5.244019674299259526e-01
1.224748023742561198e+00,7.680930156518268603e-01,-3.502026407304668076e-01,7.680930156518268603e-01,5.253066652418815208e-01
1.225533615803974019e+00,7.678178387060213828e-01,-3.503567235774061039e-01,7.678178387060213828e-01,5.262121999985469589e-01
1.226319207865386840e+00,7.675425407633477137e-01,-3.505106806682649623e-01,7.675425407633477137e-01,5.271185714696018376e-01
1.227104799926799661e+00,7.672671219226185890e-01,-3.506645119532568189e-01,7.672671219226185890e-01,5.280257794234931579e-01
1.227890391988212482e+00,7.669915822826854912e-01,-3.508182173826497330e-01,7.669915822826854912e-01,5.289338236274344629e-01
1.228675984049625303e+00,7.667159219424389827e-01,-3.509717969067661092e-01,7.667159219424389827e-01,5.298427038474059492e-01
1.229461576111038124e+00,7.664401410008090387e-01,-3.511252504759829751e-01,7.664401410008090387e-01,5.307524198481545774e-01
1.230247168172450944e+00,7.661642395567640484e-01,-3.512785780407319258e-01,7.661642395567640484e-01,5.316629713931938506e-01
1.231032760233863765e+00,7.658882177093115917e-01,-3.514317795514990683e-01,7.658882177093115917e-01,5.325743582448035918e-01
1.231818352295276586e+00,7.656120755574983283e-01,-3.515848549588251326e-01,7.656120755574983283e-01,5.334865801640306104e-01
1.232603944356689407e+00,7.653358132004092207e-01,-3.517378042133055271e-01,7.653358132004092207e-01,5.343996369106877031e-01
1.233389536418102228e+00,7.650594307371686442e-01,-3.518906272655901724e-01,7.650594307371686442e-01,5.353135282433539865e-01
1.234175128479515049e+00,7.647829282669391660e-01,-3.520433240663837227e-01,7.647829282669391660e-01,5.362282539193752307e-01
1.234960720540927648e+00,7.645063058889224328e-01,-3.521958945664455110e-01,7.645063058889224328e-01,5.371438136948629705e-01
1.235746312602340469e+00,7.642295637023585053e-01,-3.523483387165895486e-01,7.642295637023585053e-01,5.380602073246958383e-01
1.236531904663753290e+00,7.639527018065263020e-01,-3.525006564676846366e-01,7.639527018065263020e-01,5.389774345625180096e-01
1.237317496725166110e+00,7.636757203007431549e-01,-3.526528477706540876e-01,7.636757203007431549e-01,5.398954951607395358e-01
1.238103088786578931e+00,7.633986192843649210e-01,-3.528049125764762262e-01,7.633986192843649210e-01,5.408143888705371216e-01
1.238888680847991752e+00,7.631213988567859818e-01,-3.529568508361840551e-01,7.631213988567859818e-01,5.417341154418534588e-01
1.239674272909404573e+00,7.628440591174392438e-01,-3.531086625008652558e-01,7.628440591174392438e-01,5.426546746233967822e-01
1.240459864970817394e+00,7.625666001657959159e-01,-3.532603475216625766e-01,7.625666001657959159e-01,5.435760661626418688e-01
1.241245457032230215e+00,7.622890221013656209e-01,-3.534119058497733334e-01,7.622890221013656209e-01,5.444982898058289278e-01
1.242031049093643036e+00,7.620113250236962843e-01,-3.535633374364497983e-01,7.620113250236962843e-01,5.454213452979643773e-01
1.242816641155055857e+00,7.617335090323740232e-01,-3.537146422329992546e-01,7.617335090323740232e-01,5.463452323828206225e-01
1.243602233216468678e+00,7.614555742270233685e-01,-3.538658201907836642e-01,7.614555742270233685e-01,5.472699508029352788e-01
1.244387825277881499e+00,7.611775207073068206e-01,-3.540168712612200563e-01,7.611775207073068206e-01,5.481955002996123927e-01
1.245173417339294097e+00,7.608993485729252937e-01,-3.541677953957802494e-01,7.608993485729252937e-01,5.491218806129211094e-01
1.245959009400706918e+00,7.606210579236175606e-01,-3.543185925459911290e-01,7.606210579236175606e-01,5.500490914816971166e-01
1.246744601462119739e+00,7.603426488591604748e-01,-3.544692626634345922e-01,7.603426488591604748e-01,5.509771326435414229e-01
1.247530193523532560e+00,7.600641214793689704e-01,-3.546198056997474368e-01,7.600641214793689704e-01,5.519060038348203578e-01
1.248315785584945381e+00,7.597854758840960621e-01,-3.547702216066214165e-01,7.597854758840960621e-01,5.528357047906661270e-01
1.249101377646358202e+00,7.595067121732326232e-01,-3.549205103358034075e-01,7.595067121732326232e-01,5.537662352449765901e-01
1.249886969707771023e+00,7.592278304467071637e-01,-3.550706718390954086e-01,7.592278304467071637e-01,5.546975949304153719e-01
1.250672561769183844e+00,7.589488308044863851e-01,-3.552207060683542639e-01,7.589488308044863851e-01,5.556297835784110850e-01
1.251458153830596665e+00,7.586697133465747367e-01,-3.553706129754921617e-01,7.586697133465747367e-01,5.565628009191585512e-01
1.252243745892009485e+00,7.583904781730140821e-01,-3.555203925124761910e-01,7.583904781730140821e-01,5.574966466816174693e-01
1.253029337953422306e+00,7.581111253838845876e-01,-3.556700446313286745e-01,7.581111253838845876e-01,5.584313205935134139e-01
1.253814930014835127e+00,7.578316550793033901e-01,-3.558195692841271129e-01,7.578316550793033901e-01,5.593668223813375029e-01
1.254600522076247948e+00,7.575520673594259291e-01,-3.559689664230040740e-01,7.575520673594259291e-01,5.603031517703459530e-01
1.255386114137660547e+00,7.572723623244448365e-01,-3.561182360001473035e-01,7.572723623244448365e-01,5.612403084845604129e-01
1.256171706199073368e+00,7.569925400745901589e-01,-3.562673779677998920e-01,7.569925400745901589e-01,5.621782922467685184e-01
1.256957298260486189e+00,7.567126007101298013e-01,-3.564163922782601079e-01,7.567126007101298013e-01,5.631171027785230043e-01
1.257742890321899010e+00,7.564325443313689723e-01,-3.565652788838813425e-01,7.564325443313689723e-01,5.640567398001415933e-01
1.258528482383311831e+00,7.561523710386502950e-01,-3.567140377370723869e-01,7.561523710386502950e-01,5.649972030307078841e-01
1.259314074444724652e+00,7.558720809323535850e-01,-3.568626687902972106e-01,7.558720809323535850e-01,5.659384921880705743e-01
1.260099666506137472e+00,7.555916741128964054e-01,-3.570111719960751273e-01,7.555916741128964054e-01,5.668806069888435717e-01
1.260885258567550293e+00,7.553111506807330677e-01,-3.571595473069808513e-01,7.553111506807330677e-01,5.678235471484068819e-01
1.261670850628963114e+00,7.550305107363554091e-01,-3.573077946756442747e-01,7.550305107363554091e-01,5.687673123809048326e-01
1.262456442690375935e+00,7.547497543802925701e-01,-3.574559140547508007e-01,7.547497543802925701e-01,5.697119023992477382e-01
1.263242034751788756e+00,7.544688817131106617e-01,-3.576039053970411219e-01,7.544688817131106617e-01,5.706573169151112346e-01
1.264027626813201577e+00,7.541878928354128764e-01,-3.577517686553113307e-01,7.541878928354128764e-01,5.716035556389359451e-01
1.264813218874614398e+00,7.539067878478394880e-01,-3.578995037824129755e-01,7.539067878478394880e-01,5.725506182799280364e-01
1.265598810936027219e+00,7.536255668510679628e-01,-3.580471107312530044e-01,7.536255668510679628e-01,5.734985045460588848e-01
1.266384402997439818e+00,7.533442299458125158e-01,-3.581945894547937659e-01,7.533442299458125158e-01,5.744472141440650770e-01
1.267169995058852638e+00,7.530627772328244429e-01,-3.583419399060532862e-01,7.530627772328244429e-01,5.753967467794491863e-01
1.267955587120265459e+00,7.527812088128917889e-01,-3.584891620381048805e-01,7.527812088128917889e-01,5.763471021564784413e-01
1.268741179181678280e+00,7.524995247868394577e-01,-3.586362558040774307e-01,7.524995247868394577e-01,5.772982799781853913e-01
1.269526771243091101e+00,7.522177252555294347e-01,-3.587832211571553298e-01,7.522177252555294347e-01,5.782502799463681287e-01
1.270312363304503922e+00,7.519358103198600096e-01,-3.589300580505785376e-01,7.519358103198600096e-01,5.792031017615901778e-01
1.271097955365916743e+00,7.516537800807666647e-01,-3.590767664376425805e-01,7.516537800807666647e-01,5.801567451231799399e-01
1.271883547427329564e+00,7.513716346392210754e-01,-3.592233462716986070e-01,7.513716346392210754e-01,5.811112097292319145e-01
1.272669139488742385e+00,7.510893740962318876e-01,-3.593697975061533323e-01,7.510893740962318876e-01,5.820664952766052558e-01
1.273454731550155206e+00,7.508069985528441626e-01,-3.595161200944690938e-01,7.508069985528441626e-01,5.830226014609248830e-01
1.274240323611568027e+00,7.505245081101394877e-01,-3.596623139901638511e-01,7.505245081101394877e-01,5.839795279765810365e-01
1.275025915672980847e+00,7.502419028692361991e-01,-3.598083791468112413e-01,7.502419028692361991e-01,5.849372745167291665e-01
1.275811507734393668e+00,7.499591829312887148e-01,-3.599543155180406351e-01,7.499591829312887148e-01,5.858958407732903773e-01
1.276597099795806267e+00,7.496763483974882014e-01,-3.601001230575369139e-01,7.496763483974882014e-01,5.868552264369506499e-01
1.277382691857219088e+00,7.493933993690617967e-01,-3.602458017190409700e-01,7.493933993690617967e-01,5.878154311971626189e-01
1.278168283918631909e+00,7.491103359472732759e-01,-3.603913514563491516e-01,7.491103359472732759e-01,5.887764547421431294e-01
1.278953875980044730e+00,7.488271582334227183e-01,-3.605367722233137617e-01,7.488271582334227183e-01,5.897382967588752356e-01
1.279739468041457551e+00,7.485438663288460637e-01,-3.606820639738427814e-01,7.485438663288460637e-01,5.907009569331069798e-01
1.280525060102870372e+00,7.482604603349158889e-01,-3.608272266618999247e-01,7.482604603349158889e-01,5.916644349493523913e-01
1.281310652164283193e+00,7.479769403530406313e-01,-3.609722602415048054e-01,7.479769403530406313e-01,5.926287304908905984e-01
1.282096244225696013e+00,7.476933064846649213e-01,-3.611171646667328816e-01,7.476933064846649213e-01,5.935938432397668274e-01
1.282881836287108834e+00,7.474095588312694716e-01,-3.612619398917153446e-01,7.474095588312694716e-01,5.945597728767914036e-01
1.283667428348521655e+00,7.471256974943709661e-01,-3.614065858706393408e-01,7.471256974943709661e-01,5.955265190815404175e-01
1.284453020409934476e+00,7.468417225755219491e-01,-3.615511025577478610e-01,7.468417225755219491e-01,5.964940815323558354e-01
1.285238612471347297e+00,7.465576341763111579e-01,-3.616954899073398511e-01,7.465576341763111579e-01,5.974624599063450558e-01
1.286024204532760118e+00,7.462734323983628570e-01,-3.618397478737700457e-01,7.462734323983628570e-01,5.984316538793812423e-01
1.286809796594172717e+00,7.459891173433376155e-01,-3.619838764114492458e-01,7.459891173433376155e-01,5.994016631261028794e-01
1.287595388655585538e+00,7.457046891129313071e-01,-3.621278754748442075e-01,7.457046891129313071e-01,6.003724873199155487e-01
1.288380980716998359e+00,7.454201478088757771e-01,-3.622717450184775312e-01,7.454201478088757771e-01,6.013441261329890430e-01
1.289166572778411179e+00,7.451354935329386198e-01,-3.624154849969279946e-01,7.451354935329386198e-01,6.023165792362600302e-01
1.289952164839824000e+00,7.448507263869229567e-01,-3.625590953648301640e-01,7.448507263869229567e-01,6.032898462994303879e-01
1.290737756901236821e+00,7.445658464726677694e-01,-3.627025760768748386e-01,7.445658464726677694e-01,6.042639269909685362e-01
1.291523348962649642e+00,7.442808538920473449e-01,-3.628459270878087173e-01,7.442808538920473449e-01,6.052388209781082162e-01
1.292308941024062463e+00,7.439957487469714970e-01,-3.629891483524346207e-01,7.439957487469714970e-01,6.062145279268496001e-01
1.293094533085475284e+00,7.437105311393858997e-01,-3.631322398256114359e-01,7.437105311393858997e-01,6.071910475019588471e-01
1.293880125146888105e+00,7.434252011712711994e-01,-3.632752014622542269e-01,7.434252011712711994e-01,6.081683793669679927e-01
1.294665717208300926e+00,7.431397589446436802e-01,-3.634180332173340688e-01,7.431397589446436802e-01,6.091465231841752814e-01
1.295451309269713747e+00,7.428542045615549316e-01,-3.635607350458782139e-01,7.428542045615549316e-01,6.101254786146452780e-01
1.296236901331126568e+00,7.425685381240918481e-01,-3.637033069029700916e-01,7.425685381240918481e-01,6.111052453182084232e-01
1.297022493392539166e+00,7.422827597343766293e-01,-3.638457487437491422e-01,7.422827597343766293e-01,6.120858229534612560e-01
1.297808085453951987e+00,7.419968694945666687e-01,-3.639880605234113164e-01,7.419968694945666687e-01,6.130672111777677458e-01
1.298593677515364808e+00,7.417108675068544432e-01,-3.641302421972085201e-01,7.417108675068544432e-01,6.140494096472570718e-01
1.299379269576777629e+00,7.414247538734676235e-01,-3.642722937204489475e-01,7.414247538734676235e-01,6.150324180168250665e-01
1.300164861638190450e+00,7.411385286966691854e-01,-3.644142150484970255e-01,7.411385286966691854e-01,6.160162359401342158e-01
1.300950453699603271e+00,7.408521920787567439e-01,-3.645560061367734139e-01,7.408521920787567439e-01,6.170008630696133256e-01
1.301736045761016092e+00,7.405657441220632187e-01,-3.646976669407551719e-01,7.405657441220632187e-01,6.179862990564579661e-01
1.302521637822428913e+00,7.402791849289563908e-01,-3.648391974159754803e-01,7.402791849289563908e-01,6.189725435506300277e-01
1.303307229883841734e+00,7.399925146018389022e-01,-3.649805975180240303e-01,7.399925146018389022e-01,6.199595962008583871e-01
1.304092821945254554e+00,7.397057332431483667e-01,-3.651218672025466350e-01,7.397057332431483667e-01,6.209474566546383523e-01
1.304878414006667375e+00,7.394188409553571484e-01,-3.652630064252456732e-01,7.394188409553571484e-01,6.219361245582325504e-01
1.305664006068080196e+00,7.391318378409723611e-01,-3.654040151418796456e-01,7.391318378409723611e-01,6.229255995566695958e-01
1.306449598129493017e+00,7.388447240025358687e-01,-3.655448933082636742e-01,7.388447240025358687e-01,6.239158812937458665e-01
1.307235190190905616e+00,7.385574995426245071e-01,-3.656856408802691139e-01,7.385574995426245071e-01,6.249069694120239493e-01
1.308020782252318437e+00,7.382701645638490850e-01,-3.658262578138238297e-01,7.382701645638490850e-01,6.258988635528345279e-01
1.308806374313731258e+00,7.379827191688556054e-01,-3.659667440649120862e-01,7.379827191688556054e-01,6.268915633562741618e-01
1.309591966375144079e+00,7.376951634603245989e-01,-3.661070995895746583e-01,7.376951634603245989e-01,6.278850684612076183e-01
1.310377558436556900e+00,7.374074975409706800e-01,-3.662473243439086645e-01,7.374074975409706800e-01,6.288793785052660956e-01
1.311163150497969720e+00,7.371197215135434355e-01,-3.663874182840679006e-01,7.371197215135434355e-01,6.298744931248486667e-01
1.311948742559382541e+00,7.368318354808265358e-01,-3.665273813662624502e-01,7.368318354808265358e-01,6.308704119551215017e-01
1.312734334620795362e+00,7.365438395456381793e-01,-3.666672135467590743e-01,7.365438395456381793e-01,6.318671346300182012e-01
1.313519926682208183e+00,7.362557338108307592e-01,-3.668069147818810438e-01,7.362557338108307592e-01,6.328646607822400183e-01
1.314305518743621004e+00,7.359675183792913078e-01,-3.669464850280081403e-01,7.359675183792913078e-01,6.338629900432557474e-01
1.315091110805033825e+00,7.356791933539406081e-01,-3.670859242415768220e-01,7.356791933539406081e-01,6.348621220433018353e-01
1.315876702866446646e+00,7.353907588377339710e-01,-3.672252323790800577e-01,7.353907588377339710e-01,6.358620564113824924e-01
1.316662294927859467e+00,7.351022149336607914e-01,-3.673644093970674374e-01,7.351022149336607914e-01,6.368627927752699147e-01
1.317447886989272066e+00,7.348135617447446588e-01,-3.675034552521451170e-01,7.348135617447446588e-01,6.378643307615036173e-01
1.318233479050684887e+00,7.345247993740430248e-01,-3.676423699009760959e-01,7.345247993740430248e-01,6.388666699953919892e-01
1.319019071112097707e+00,7.342359279246475356e-01,-3.677811533002798283e-01,7.342359279246475356e-01,6.398698101010109607e-01
1.319804663173510528e+00,7.339469474996836995e-01,-3.679198054068325563e-01,7.339469474996836995e-01,6.408737507012044476e-01
1.320590255234923349e+00,7.336578582023111084e-01,-3.680583261774671433e-01,7.336578582023111084e-01,6.418784914175850176e-01
1.321375847296336170e+00,7.333686601357231050e-01,-3.681967155690732962e-01,7.333686601357231050e-01,6.428840318705332235e-01
1.322161439357748991e+00,7.330793534031468939e-01,-3.683349735385972878e-01,7.330793534031468939e-01,6.438903716791980480e-01
1.322947031419161812e+00,7.327899381078436525e-01,-3.684731000430422343e-01,7.327899381078436525e-01,6.448975104614972365e-01
1.323732623480574633e+00,7.325004143531080869e-01,-3.686110950394680397e-01,7.325004143531080869e-01,6.459054478341167416e-01
1.324518215541987454e+00,7.322107822422686541e-01,-3.687489584849913404e-01,7.322107822422686541e-01,6.469141834125116119e-01
1.325303807603400275e+00,7.319210418786875616e-01,-3.688866903367855610e-01,7.319210418786875616e-01,6.479237168109052147e-01
1.326089399664813095e+00,7.316311933657606570e-01,-3.690242905520808581e-01,7.316311933657606570e-01,6.489340476422896797e-01
1.326874991726225916e+00,7.313412368069172054e-01,-3.691617590881643984e-01,7.313412368069172054e-01,6.499451755184267876e-01
1.327660583787638515e+00,7.310511723056202227e-01,-3.692990959023800812e-01,7.310511723056202227e-01,6.509571000498463045e-01
1.328446175849051336e+00,7.307609999653659205e-01,-3.694363009521287600e-01,7.307609999653659205e-01,6.519698208458484245e-01
1.329231767910464157e+00,7.304707198896842613e-01,-3.695733741948680762e-01,7.304707198896842613e-01,6.529833375145015495e-01
1.330017359971876978e+00,7.301803321821385140e-01,-3.697103155881125702e-01,7.301803321821385140e-01,6.539976496626435098e-01
1.330802952033289799e+00,7.298898369463251434e-01,-3.698471250894337925e-01,7.298898369463251434e-01,6.550127568958820090e-01
1.331588544094702620e+00,7.295992342858741431e-01,-3.699838026564601923e-01,7.295992342858741431e-01,6.560286588185940682e-01
1.332374136156115441e+00,7.293085243044485910e-01,-3.701203482468770622e-01,7.293085243044485910e-01,6.570453550339261373e-01
1.333159728217528261e+00,7.290177071057449831e-01,-3.702567618184268161e-01,7.290177071057449831e-01,6.580628451437947612e-01
1.333945320278941082e+00,7.287267827934926778e-01,-3.703930433289087665e-01,7.287267827934926778e-01,6.590811287488859138e-01
1.334730912340353903e+00,7.284357514714545623e-01,-3.705291927361792359e-01,7.284357514714545623e-01,6.601002054486557746e-01
1.335516504401766724e+00,7.281446132434262752e-01,-3.706652099981515569e-01,7.281446132434262752e-01,6.611200748413305073e-01
1.336302096463179545e+00,7.278533682132367622e-01,-3.708010950727961275e-01,7.278533682132367622e-01,6.621407365239064813e-01
1.337087688524592366e+00,7.275620164847477200e-01,-3.709368479181403555e-01,7.275620164847477200e-01,6.631621900921502721e-01
1.337873280586004965e+00,7.272705581618539306e-01,-3.710724684922686589e-01,7.272705581618539306e-01,6.641844351405983282e-01
1.338658872647417786e+00,7.269789933484830380e-01,-3.712079567533227431e-01,7.269789933484830380e-01,6.652074712625589692e-01
1.339444464708830607e+00,7.266873221485955492e-01,-3.713433126595011569e-01,7.266873221485955492e-01,6.662312980501096105e-01
1.340230056770243428e+00,7.263955446661849447e-01,-3.714785361690597920e-01,7.263955446661849447e-01,6.672559150940992057e-01
1.341015648831656248e+00,7.261036610052771234e-01,-3.716136272403114948e-01,7.261036610052771234e-01,6.682813219841472474e-01
1.341801240893069069e+00,7.258116712699310691e-01,-3.717485858316262881e-01,7.258116712699310691e-01,6.693075183086441005e-01
1.342586832954481890e+00,7.255195755642381839e-01,-3.718834119014314821e-01,7.255195755642381839e-01,6.703345036547515567e-01
1.343372425015894711e+00,7.252273739923227325e-01,-3.720181054082115080e-01,7.252273739923227325e-01,6.713622776084023913e-01
1.344158017077307532e+00,7.249350666583415093e-01,-3.721526663105078070e-01,7.249350666583415093e-01,6.723908397543002513e-01
1.344943609138720353e+00,7.246426536664836160e-01,-3.722870945669193854e-01,7.246426536664836160e-01,6.734201896759210992e-01
1.345729201200133174e+00,7.243501351209710171e-01,-3.724213901361021484e-01,7.243501351209710171e-01,6.744503269555113256e-01
1.346514793261545995e+00,7.240575111260579844e-01,-3.725555529767694551e-01,7.240575111260579844e-01,6.754812511740900804e-01
1.347300385322958816e+00,7.237647817860310973e-01,-3.726895830476917859e-01,7.237647817860310973e-01,6.765129619114474968e-01
1.348085977384371414e+00,7.234719472052093536e-01,-3.728234803076970749e-01,7.234719472052093536e-01,6.775454587461459122e-01
1.348871569445784235e+00,7.231790074879442809e-01,-3.729572447156703774e-01,7.231790074879442809e-01,6.785787412555200904e-01
1.349657161507197056e+00,7.228859627386192699e-01,-3.730908762305541471e-01,7.228859627386192699e-01,6.796128090156763335e-01
1.350442753568609877e+00,7.225928130616503520e-01,-3.732243748113481252e-01,7.225928130616503520e-01,6.806476616014935921e-01
1.351228345630022698e+00,7.222995585614855329e-01,-3.733577404171093961e-01,7.222995585614855329e-01,6.816832985866231320e-01
1.352013937691435519e+00,7.220061993426050151e-01,-3.734909730069524980e-01,7.220061993426050151e-01,6.827197195434887567e-01
1.352799529752848340e+00,7.217127355095209751e-01,-3.736240725400492013e-01,7.217127355095209751e-01,6.837569240432871398e-01
1.353585121814261161e+00,7.214191671667780081e-01,-3.737570389756287303e-01,7.214191671667780081e-01,6.847949116559877147e-01
1.354370713875673982e+00,7.211254944189522398e-01,-3.738898722729777080e-01,7.211254944189522398e-01,6.858336819503325632e-01
1.355156305937086803e+00,7.208317173706521030e-01,-3.740225723914402112e-01,7.208317173706521030e-01,6.868732344938374146e-01
1.355941897998499623e+00,7.205378361265177833e-01,-3.741551392904176598e-01,7.205378361265177833e-01,6.879135688527907577e-01
1.356727490059912444e+00,7.202438507912213295e-01,-3.742875729293690945e-01,7.202438507912213295e-01,6.889546845922548401e-01
1.357513082121325265e+00,7.199497614694667647e-01,-3.744198732678108987e-01,7.199497614694667647e-01,6.899965812760653350e-01
1.358298674182737864e+00,7.196555682659897535e-01,-3.745520402653169101e-01,7.196555682659897535e-01,6.910392584668311189e-01
1.359084266244150685e+00,7.193612712855577129e-01,-3.746840738815185867e-01,7.193612712855577129e-01,6.920827157259357154e-01
1.359869858305563506e+00,7.190668706329698123e-01,-3.748159740761047853e-01,7.190668706329698123e-01,6.931269526135359627e-01
1.360655450366976327e+00,7.187723664130567514e-01,-3.749477408088220387e-01,7.187723664130567514e-01,6.941719686885632346e-01
1.361441042428389148e+00,7.184777587306809821e-01,-3.750793740394742781e-01,7.184777587306809821e-01,6.952177635087224417e-01
1.362226634489801969e+00,7.181830476907363758e-01,-3.752108737279231110e-01,7.181830476907363758e-01,6.962643366304938075e-01
1.363012226551214789e+00,7.178882333981484454e-01,-3.753422398340875987e-01,7.178882333981484454e-01,6.973116876091312033e-01
1.363797818612627610e+00,7.175933159578741227e-01,-3.754734723179445344e-01,7.175933159578741227e-01,6.983598159986639242e-01
1.364583410674040431e+00,7.172982954749015372e-01,-3.756045711395282760e-01,7.172982954749015372e-01,6.994087213518958013e-01
1.365369002735453252e+00,7.170031720542506815e-01,-3.757355362589306913e-01,7.170031720542506815e-01,7.004584032204053123e-01
1.366154594796866073e+00,7.167079458009723014e-01,-3.758663676363014905e-01,7.167079458009723014e-01,7.015088611545466923e-01
1.366940186858278894e+00,7.164126168201490064e-01,-3.759970652318479489e-01,7.164126168201490064e-01,7.025600947034492672e-01
1.367725778919691715e+00,7.161171852168940477e-01,-3.761276290058349625e-01,7.161171852168940477e-01,7.036121034150177866e-01
1.368511370981104314e+00,7.158216510963524293e-01,-3.762580589185851032e-01,7.158216510963524293e-01,7.046648868359322027e-01
1.369296963042517135e+00,7.155260145636997970e-01,-3.763883549304788412e-01,7.155260145636997970e-01,7.057184445116492233e-01
1.370082555103929955e+00,7.152302757241433273e-01,-3.765185170019541561e-01,7.152302757241433273e-01,7.067727759864006476e-01
1.370868147165342776e+00,7.149344346829210606e-01,-3.766485450935068702e-01,7.149344346829210606e-01,7.078278808031948088e-01
1.371653739226755597e+00,7.146384915453019016e-01,-3.767784391656904819e-01,7.146384915453019016e-01,7.088837585038159084e-01
1.372439331288168418e+00,7.143424464165860632e-01,-3.769081991791162767e-01,7.143424464165860632e-01,7.099404086288249038e-01
1.373224923349581239e+00,7.140462994021042897e-01,-3.770378250944533827e-01,7.140462994021042897e-01,7.109978307175591761e-01
1.374010515410994060e+00,7.137500506072186335e-01,-3.771673168724286596e-01,7.137500506072186335e-01,7.120560243081329732e-01
1.374796107472406881e+00,7.134537001373216780e-01,-3.772966744738268097e-01,7.134537001373216780e-01,7.131149889374375217e-01
1.375581699533819702e+00,7.131572480978367601e-01,-3.774258978594903224e-01,7.131572480978367601e-01,7.141747241411408043e-01
1.376367291595232523e+00,7.128606945942181916e-01,-3.775549869903195854e-01,7.128606945942181916e-01,7.152352294536885591e-01
1.377152883656645344e+00,7.125640397319507047e-01,-3.776839418272727733e-01,7.125640397319507047e-01,7.162965044083035027e-01
1.377938475718058164e+00,7.122672836165498955e-01,-3.778127623313659589e-01,7.122672836165498955e-01,7.173585485369859960e-01
1.378724067779470763e+00,7.119704263535620026e-01,-3.779414484636731686e-01,7.119704263535620026e-01,7.184213613705144885e-01
1.379509659840883584e+00,7.116734680485635733e-01,-3.780700001853262715e-01,7.116734680485635733e-01,7.194849424384455183e-01
1.380295251902296405e+00,7.113764088071616865e-01,-3.781984174575150348e-01,7.113764088071616865e-01,7.205492912691131568e-01
1.381080843963709226e+00,7.110792487349941737e-01,-3.783267002414871794e-01,7.110792487349941737e-01,7.216144073896301192e-01
1.381866436025122047e+00,7.107819879377290651e-01,-3.784548484985483241e-01,7.107819879377290651e-01,7.226802903258875421e-01
1.382652028086534868e+00,7.104846265210649214e-01,-3.785828621900622082e-01,7.104846265210649214e-01,7.237469396025553170e-01
1.383437620147947689e+00,7.101871645907302799e-01,-3.787107412774503579e-01,7.101871645907302799e-01,7.248143547430820899e-01
1.384223212209360510e+00,7.098896022524844307e-01,-3.788384857221924196e-01,7.098896022524844307e-01,7.258825352696954836e-01
1.385008804270773330e+00,7.095919396121165290e-01,-3.789660954858259378e-01,7.095919396121165290e-01,7.269514807034025416e-01
1.385794396332186151e+00,7.092941767754461502e-01,-3.790935705299465219e-01,7.092941767754461502e-01,7.280211905639892844e-01
1.386579988393598972e+00,7.089963138483229566e-01,-3.792209108162079567e-01,7.089963138483229566e-01,7.290916643700219302e-01
1.387365580455011793e+00,7.086983509366266976e-01,-3.793481163063218142e-01,7.086983509366266976e-01,7.301629016388457849e-01
1.388151172516424614e+00,7.084002881462670986e-01,-3.794751869620579532e-01,7.084002881462670986e-01,7.312349018865867967e-01
1.388936764577837213e+00,7.081021255831840833e-01,-3.796021227452441860e-01,7.081021255831840833e-01,7.323076646281500013e-01
1.389722356639250034e+00,7.078038633533473289e-01,-3.797289236177665006e-01,7.078038633533473289e-01,7.333811893772225199e-01
1.390507948700662855e+00,7.075055015627564892e-01,-3.798555895415689498e-01,7.075055015627564892e-01,7.344554756462702283e-01
1.391293540762075676e+00,7.072070403174413045e-01,-3.799821204786537621e-01,7.072070403174413045e-01,7.355305229465406436e-01
1.392079132823488496e+00,7.069084797234611584e-01,-3.801085163910811748e-01,7.069084797234611584e-01,7.366063307880620359e-01
1.392864724884901317e+00,7.066098198869050773e-01,-3.802347772409697124e-01,7.066098198869050773e-01,7.376828986796436505e-01
1.393650316946314138e+00,7.063110609138920637e-01,-3.803609029904960748e-01,7.063110609138920637e-01,7.387602261288761518e-01
1.394435909007726959e+00,7.060122029105707631e-01,-3.804868936018949710e-01,7.060122029105707631e-01,7.398383126421316236e-01
1.395221501069139780e+00,7.057132459831193527e-01,-3.806127490374595634e-01,7.057132459831193527e-01,7.409171577245640128e-01
1.396007093130552601e+00,7.054141902377457640e-01,-3.807384692595409681e-01,7.054141902377457640e-01,7.419967608801089076e-01
1.396792685191965422e+00,7.051150357806873492e-01,-3.808640542305487542e-01,7.051150357806873492e-01,7.430771216114844258e-01
1.397578277253378243e+00,7.048157827182111035e-01,-3.809895039129505556e-01,7.048157827182111035e-01,7.441582394201903261e-01
1.398363869314791064e+00,7.045164311566133319e-01,-3.811148182692723485e-01,7.045164311566133319e-01,7.452401138065095632e-01
1.399149461376203663e+00,7.042169812022198716e-01,-3.812399972620983402e-01,7.042169812022198716e-01,7.463227442695069547e-01
1.399935053437616483e+00,7.039174329613857584e-01,-3.813650408540711356e-01,7.039174329613857584e-01,7.474061303070317352e-01
1.400720645499029304e+00,7.036177865404956711e-01,-3.814899490078915156e-01,7.036177865404956711e-01,7.484902714157147807e-01
1.401506237560442125e+00,7.033180420459632654e-01,-3.816147216863186031e-01,7.033180420459632654e-01,7.495751670909709397e-01
1.402291829621854946e+00,7.030181995842315068e-01,-3.817393588521698078e-01,7.030181995842315068e-01,7.506608168269984782e-01
1.403077421683267767e+00,7.027182592617727819e-01,-3.818638604683209370e-01,7.027182592617727819e-01,7.517472201167794132e-01
1.403863013744680588e+00,7.024182211850881208e-01,-3.819882264977061403e-01,7.024182211850881208e-01,7.528343764520797343e-01
1.404648605806093409e+00,7.021180854607083077e-01,-3.821124569033179652e-01,7.021180854607083077e-01,7.539222853234498478e-01
1.405434197867506230e+00,7.018178521951924376e-01,-3.822365516482073011e-01,7.018178521951924376e-01,7.550109462202241328e-01
1.406219789928919051e+00,7.015175214951292482e-01,-3.823605106954834354e-01,7.015175214951292482e-01,7.561003586305220514e-01
1.407005381990331871e+00,7.012170934671362321e-01,-3.824843340083141086e-01,7.012170934671362321e-01,7.571905220412473714e-01
1.407790974051744692e+00,7.009165682178595258e-01,-3.826080215499254034e-01,7.009165682178595258e-01,7.582814359380894986e-01
1.408576566113157513e+00,7.006159458539743534e-01,-3.827315732836019668e-01,7.006159458539743534e-01,7.593730998055225889e-01
1.409362158174570112e+00,7.003152264821850270e-01,-3.828549891726867327e-01,7.003152264821850270e-01,7.604655131268062140e-01
1.410147750235982933e+00,7.000144102092240583e-01,-3.829782691805813100e-01,7.000144102092240583e-01,7.615586753839865830e-01
1.410933342297395754e+00,6.997134971418531579e-01,-3.831014132707456499e-01,6.997134971418531579e-01,7.626525860578950988e-01
1.411718934358808575e+00,6.994124873868623471e-01,-3.832244214066982124e-01,6.994124873868623471e-01,7.637472446281491356e-01
1.412504526420221396e+00,6.991113810510707349e-01,-3.833472935520159663e-01,6.991113810510707349e-01,7.648426505731528158e-01
1.413290118481634217e+00,6.988101782413257412e-01,-3.834700296703345002e-01,6.988101782413257412e-01,7.659388033700971210e-01
1.414075710543047038e+00,6.985088790645032075e-01,-3.835926297253477446e-01,6.985088790645032075e-01,7.670357024949590041e-01
1.414861302604459858e+00,6.982074836275077301e-01,-3.837150936808084167e-01,6.982074836275077301e-01,7.681333474225033875e-01
1.415646894665872679e+00,6.979059920372722159e-01,-3.838374215005275758e-01,6.979059920372722159e-01,7.692317376262821638e-01
1.416432486727285500e+00,6.976044044007581046e-01,-3.839596131483750674e-01,6.976044044007581046e-01,7.703308725786346400e-01
1.417218078788698321e+00,6.973027208249549247e-01,-3.840816685882791903e-01,6.973027208249549247e-01,7.714307517506878709e-01
1.418003670850111142e+00,6.970009414168809592e-01,-3.842035877842268632e-01,6.970009414168809592e-01,7.725313746123573244e-01
1.418789262911523963e+00,6.966990662835823578e-01,-3.843253707002636799e-01,6.966990662835823578e-01,7.736327406323462164e-01
1.419574854972936562e+00,6.963970955321336920e-01,-3.844470173004938540e-01,6.963970955321336920e-01,7.747348492781462870e-01
1.420360447034349383e+00,6.960950292696376218e-01,-3.845685275490801636e-01,6.960950292696376218e-01,7.758377000160383563e-01
1.421146039095762204e+00,6.957928676032250070e-01,-3.846899014102442282e-01,6.957928676032250070e-01,7.769412923110921021e-01
1.421931631157175024e+00,6.954906106400546850e-01,-3.848111388482661765e-01,6.954906106400546850e-01,7.780456256271660598e-01
1.422717223218587845e+00,6.951882584873135817e-01,-3.849322398274848123e-01,6.951882584873135817e-01,7.791506994269081776e-01
1.423502815280000666e+00,6.948858112522168229e-01,-3.850532043122978365e-01,6.948858112522168229e-01,7.802565131717565938e-01
1.424288407341413487e+00,6.945832690420071787e-01,-3.851740322671614591e-01,6.945832690420071787e-01,7.813630663219388595e-01
1.425073999402826308e+00,6.942806319639555079e-01,-3.852947236565907319e-01,6.942806319639555079e-01,7.824703583364731596e-01
1.425859591464239129e+00,6.939779001253603141e-01,-3.854152784451593816e-01,6.939779001253603141e-01,7.835783886731674253e-01
1.426645183525651950e+00,6.936750736335481893e-01,-3.855356965974998662e-01,6.936750736335481893e-01,7.846871567886206655e-01
1.427430775587064771e+00,6.933721525958731480e-01,-3.856559780783035407e-01,6.933721525958731480e-01,7.857966621382229677e-01
1.428216367648477592e+00,6.930691371197172934e-01,-3.857761228523204355e-01,6.930691371197172934e-01,7.869069041761549421e-01
1.429001959709890412e+00,6.927660273124901513e-01,-3.858961308843593674e-01,6.927660273124901513e-01,7.880178823553892764e-01
1.429787551771303011e+00,6.924628232816290030e-01,-3.860160021392880503e-01,6.924628232816290030e-01,7.891295961276897364e-01
1.430573143832715832e+00,6.921595251345985522e-01,-3.861357365820329846e-01,6.921595251345985522e-01,7.902420449436128314e-01
1.431358735894128653e+00,6.918561329788911474e-01,-3.862553341775795124e-01,6.918561329788911474e-01,7.913552282525065928e-01
1.432144327955541474e+00,6.915526469220265593e-01,-3.863747948909717622e-01,6.915526469220265593e-01,7.924691455025112408e-01
1.432929920016954295e+00,6.912490670715520924e-01,-3.864941186873128154e-01,6.912490670715520924e-01,7.935837961405602936e-01
1.433715512078367116e+00,6.909453935350423626e-01,-3.866133055317645395e-01,6.909453935350423626e-01,7.946991796123799023e-01
1.434501104139779937e+00,6.906416264200992972e-01,-3.867323553895477550e-01,6.906416264200992972e-01,7.958152953624894055e-01
1.435286696201192758e+00,6.903377658343523571e-01,-3.868512682259421243e-01,6.903377658343523571e-01,7.969321428342015512e-01
1.436072288262605579e+00,6.900338118854578706e-01,-3.869700440062863178e-01,6.900338118854578706e-01,7.980497214696231634e-01
1.436857880324018399e+00,6.897297646810995886e-01,-3.870886826959778482e-01,6.897297646810995886e-01,7.991680307096544755e-01
1.437643472385431220e+00,6.894256243289885733e-01,-3.872071842604731806e-01,6.894256243289885733e-01,8.002870699939901300e-01
1.438429064446844041e+00,6.891213909368627544e-01,-3.873255486652877888e-01,6.891213909368627544e-01,8.014068387611199551e-01
1.439214656508256862e+00,6.888170646124871510e-01,-3.874437758759960437e-01,6.888170646124871510e-01,8.025273364483276328e-01
1.440000248569669461e+00,6.885126454636540938e-01,-3.875618658582313247e-01,6.885126454636540938e-01,8.036485624916920312e-01
1.440785840631082282e+00,6.882081335981823367e-01,-3.876798185776860750e-01,6.882081335981823367e-01,8.047705163260885364e-01
1.441571432692495103e+00,6.879035291239180561e-01,-3.877976340001115796e-01,6.879035291239180561e-01,8.058931973851862773e-01
1.442357024753907924e+00,6.875988321487340738e-01,-3.879153120913182984e-01,6.875988321487340738e-01,8.070166051014514563e-01
1.443142616815320745e+00,6.872940427805303010e-01,-3.880328528171756441e-01,6.872940427805303010e-01,8.081407389061461277e-01
1.443928208876733565e+00,6.869891611272329612e-01,-3.881502561436120380e-01,6.869891611272329612e-01,8.092655982293285311e-01
1.444713800938146386e+00,6.866841872967955895e-01,-3.882675220366150759e-01,6.866841872967955895e-01,8.103911824998539792e-01
1.445499392999559207e+00,6.863791213971980332e-01,-3.883846504622313067e-01,6.863791213971980332e-01,8.115174911453744144e-01
1.446284985060972028e+00,6.860739635364467848e-01,-3.885016413865664542e-01,6.860739635364467848e-01,8.126445235923390742e-01
1.447070577122384849e+00,6.857687138225752044e-01,-3.886184947757853059e-01,6.857687138225752044e-01,8.137722792659950466e-01
1.447856169183797670e+00,6.854633723636429643e-01,-3.887352105961116577e-01,6.854633723636429643e-01,8.149007575903862710e-01
1.448641761245210491e+00,6.851579392677364932e-01,-3.888517888138285361e-01,6.851579392677364932e-01,8.160299579883562027e-01
1.449427353306623312e+00,6.848524146429683102e-01,-3.889682293952781422e-01,6.848524146429683102e-01,8.171598798815452591e-01
1.450212945368035911e+00,6.845467985974779124e-01,-3.890845323068616302e-01,6.845467985974779124e-01,8.182905226903931517e-01
1.450998537429448731e+00,6.842410912394304434e-01,-3.892006975150395509e-01,6.842410912394304434e-01,8.194218858341389966e-01
1.451784129490861552e+00,6.839352926770179142e-01,-3.893167249863315194e-01,6.839352926770179142e-01,8.205539687308206487e-01
1.452569721552274373e+00,6.836294030184584258e-01,-3.894326146873162142e-01,6.836294030184584258e-01,8.216867707972747015e-01
1.453355313613687194e+00,6.833234223719965028e-01,-3.895483665846317112e-01,6.833234223719965028e-01,8.228202914491387077e-01
1.454140905675100015e+00,6.830173508459025378e-01,-3.896639806449752053e-01,6.830173508459025378e-01,8.239545301008499578e-01
1.454926497736512836e+00,6.827111885484732356e-01,-3.897794568351030109e-01,6.827111885484732356e-01,8.250894861656457024e-01
1.455712089797925657e+00,6.824049355880315026e-01,-3.898947951218308394e-01,6.824049355880315026e-01,8.262251590555642622e-01
1.456497681859338478e+00,6.820985920729261132e-01,-3.900099954720335771e-01,6.820985920729261132e-01,8.273615481814446948e-01
1.457283273920751299e+00,6.817921581115318208e-01,-3.901250578526453960e-01,6.817921581115318208e-01,8.284986529529277943e-01
1.458068865982164120e+00,6.814856338122494694e-01,-3.902399822306596433e-01,6.814856338122494694e-01,8.296364727784553139e-01
1.458854458043576940e+00,6.811790192835057711e-01,-3.903547685731290628e-01,6.811790192835057711e-01,8.307750070652708541e-01
1.459640050104989761e+00,6.808723146337531951e-01,-3.904694168471656290e-01,6.808723146337531951e-01,8.319142552194205287e-01
1.460425642166402360e+00,6.805655199714703008e-01,-3.905839270199406021e-01,6.805655199714703008e-01,8.330542166457525211e-01
1.461211234227815181e+00,6.802586354051609607e-01,-3.906982990586846949e-01,6.802586354051609607e-01,8.341948907479187492e-01
1.461996826289228002e+00,6.799516610433551378e-01,-3.908125329306877949e-01,6.799516610433551378e-01,8.353362769283726452e-01
1.462782418350640823e+00,6.796445969946083299e-01,-3.909266286032991311e-01,6.796445969946083299e-01,8.364783745883717092e-01
1.463568010412053644e+00,6.793374433675017920e-01,-3.910405860439274406e-01,6.793374433675017920e-01,8.376211831279776199e-01
1.464353602473466465e+00,6.790302002706422035e-01,-3.911544052200406907e-01,6.790302002706422035e-01,8.387647019460551245e-01
1.465139194534879286e+00,6.787228678126617787e-01,-3.912680860991662457e-01,6.787228678126617787e-01,8.399089304402737044e-01
1.465924786596292106e+00,6.784154461022182669e-01,-3.913816286488909224e-01,6.784154461022182669e-01,8.410538680071073525e-01
1.466710378657704927e+00,6.781079352479948419e-01,-3.914950328368608790e-01,6.781079352479948419e-01,8.421995140418346848e-01
1.467495970719117748e+00,6.778003353587002122e-01,-3.916082986307817260e-01,6.778003353587002122e-01,8.433458679385402723e-01
1.468281562780530569e+00,6.774926465430682887e-01,-3.917214259984184710e-01,6.774926465430682887e-01,8.444929290901130869e-01
1.469067154841943390e+00,6.771848689098581842e-01,-3.918344149075955740e-01,6.771848689098581842e-01,8.456406968882489439e-01
1.469852746903356211e+00,6.768770025678544355e-01,-3.919472653261970030e-01,6.768770025678544355e-01,8.467891707234489473e-01
1.470638338964768810e+00,6.765690476258668928e-01,-3.920599772221660118e-01,6.765690476258668928e-01,8.479383499850209338e-01
1.471423931026181631e+00,6.762610041927301641e-01,-3.921725505635055287e-01,6.762610041927301641e-01,8.490882340610800272e-01
1.472209523087594452e+00,6.759528723773042813e-01,-3.922849853182778790e-01,6.759528723773042813e-01,8.502388223385478616e-01
1.472995115149007272e+00,6.756446522884743677e-01,-3.923972814546048959e-01,6.756446522884743677e-01,8.513901142031535807e-01
1.473780707210420093e+00,6.753363440351504154e-01,-3.925094389406679207e-01,6.753363440351504154e-01,8.525421090394339485e-01
1.474566299271832914e+00,6.750279477262673966e-01,-3.926214577447078580e-01,6.750279477262673966e-01,8.536948062307341267e-01
1.475351891333245735e+00,6.747194634707853744e-01,-3.927333378350250093e-01,6.747194634707853744e-01,8.548482051592071196e-01
1.476137483394658556e+00,6.744108913776891701e-01,-3.928450791799793507e-01,6.744108913776891701e-01,8.560023052058149950e-01
1.476923075456071377e+00,6.741022315559883626e-01,-3.929566817479903662e-01,6.741022315559883626e-01,8.571571057503286628e-01
1.477708667517484198e+00,6.737934841147174003e-01,-3.930681455075371589e-01,6.737934841147174003e-01,8.583126061713283184e-01
1.478494259578897019e+00,6.734846491629356002e-01,-3.931794704271583396e-01,6.734846491629356002e-01,8.594688058462042202e-01
1.479279851640309840e+00,6.731757268097267044e-01,-3.932906564754521939e-01,6.731757268097267044e-01,8.606257041511561345e-01
1.480065443701722661e+00,6.728667171641993239e-01,-3.934017036210764595e-01,6.728667171641993239e-01,8.617833004611943348e-01
1.480851035763135259e+00,6.725576203354867166e-01,-3.935126118327486600e-01,6.725576203354867166e-01,8.629415941501394904e-01
1.481636627824548080e+00,6.722484364327462325e-01,-3.936233810792458265e-01,6.722484364327462325e-01,8.641005845906239990e-01
1.482422219885960901e+00,6.719391655651602013e-01,-3.937340113294047206e-01,6.719391655651602013e-01,8.652602711540909874e-01
1.483207811947373722e+00,6.716298078419353779e-01,-3.938445025521216669e-01,6.716298078419353779e-01,8.664206532107951997e-01
1.483993404008786543e+00,6.713203633723027197e-01,-3.939548547163526648e-01,6.713203633723027197e-01,8.675817301298034412e-01
1.484778996070199364e+00,6.710108322655176094e-01,-3.940650677911134436e-01,6.710108322655176094e-01,8.687435012789950228e-01
1.485564588131612185e+00,6.707012146308598544e-01,-3.941751417454793516e-01,6.707012146308598544e-01,8.699059660250616499e-01
1.486350180193025006e+00,6.703915105776333538e-01,-3.942850765485854669e-01,6.703915105776333538e-01,8.710691237335081993e-01
1.487135772254437827e+00,6.700817202151664320e-01,-3.943948721696265425e-01,6.700817202151664320e-01,8.722329737686527196e-01
1.487921364315850647e+00,6.697718436528115049e-01,-3.945045285778571165e-01,6.697718436528115049e-01,8.733975154936275409e-01
1.488706956377263468e+00,6.694618809999450804e-01,-3.946140457425913461e-01,6.694618809999450804e-01,8.745627482703779432e-01
1.489492548438676289e+00,6.691518323659677581e-01,-3.947234236332031743e-01,6.691518323659677581e-01,8.757286714596645982e-01
1.490278140500089110e+00,6.688416978603042296e-01,-3.948326622191262736e-01,6.688416978603042296e-01,8.768952844210621267e-01
1.491063732561501709e+00,6.685314775924031672e-01,-3.949417614698542134e-01,6.685314775924031672e-01,8.780625865129606522e-01
1.491849324622914530e+00,6.682211716717371131e-01,-3.950507213549401264e-01,6.682211716717371131e-01,8.792305770925658015e-01
1.492634916684327351e+00,6.679107802078024791e-01,-3.951595418439970975e-01,6.679107802078024791e-01,8.803992555158987043e-01
1.493420508745740172e+00,6.676003033101195472e-01,-3.952682229066978858e-01,6.676003033101195472e-01,8.815686211377966597e-01
1.494206100807152993e+00,6.672897410882326907e-01,-3.953767645127751473e-01,6.672897410882326907e-01,8.827386733119133577e-01
1.494991692868565814e+00,6.669790936517097091e-01,-3.954851666320212678e-01,6.669790936517097091e-01,8.839094113907192130e-01
1.495777284929978634e+00,6.666683611101420492e-01,-3.955934292342885295e-01,6.666683611101420492e-01,8.850808347255022523e-01
1.496562876991391455e+00,6.663575435731450280e-01,-3.957015522894890003e-01,6.663575435731450280e-01,8.862529426663676713e-01
1.497348469052804276e+00,6.660466411503576101e-01,-3.958095357675946446e-01,6.660466411503576101e-01,8.874257345622381665e-01
1.498134061114217097e+00,6.657356539514421856e-01,-3.959173796386372679e-01,6.657356539514421856e-01,8.885992097608557128e-01
1.498919653175629918e+00,6.654245820860846816e-01,-3.960250838727085720e-01,6.654245820860846816e-01,8.897733676087798971e-01
1.499705245237042739e+00,6.651134256639945619e-01,-3.961326484399600445e-01,6.651134256639945619e-01,8.909482074513896954e-01
1.500490837298455560e+00,6.648021847949046048e-01,-3.962400733106031248e-01,6.648021847949046048e-01,8.921237286328830285e-01
1.501276429359868381e+00,6.644908595885710145e-01,-3.963473584549092044e-01,6.644908595885710145e-01,8.932999304962780940e-01
1.502062021421280980e+00,6.641794501547735319e-01,-3.964545038432095159e-01,6.641794501547735319e-01,8.944768123834124784e-01
1.502847613482693800e+00,6.638679566033148793e-01,-3.965615094458952994e-01,6.638679566033148793e-01,8.956543736349450446e-01
1.503633205544106621e+00,6.635563790440209830e-01,-3.966683752334176360e-01,6.635563790440209830e-01,8.968326135903544882e-01
1.504418797605519442e+00,6.632447175867413058e-01,-3.967751011762876145e-01,6.632447175867413058e-01,8.980115315879410032e-01
1.505204389666932263e+00,6.629329723413482922e-01,-3.968816872450761646e-01,6.629329723413482922e-01,8.991911269648262817e-01
1.505989981728345084e+00,6.626211434177373683e-01,-3.969881334104143900e-01,6.626211434177373683e-01,9.003713990569542913e-01
1.506775573789757905e+00,6.623092309258270527e-01,-3.970944396429931800e-01,6.623092309258270527e-01,9.015523471990901649e-01
1.507561165851170726e+00,6.619972349755589569e-01,-3.972006059135635425e-01,6.619972349755589569e-01,9.027339707248229761e-01
1.508346757912583547e+00,6.616851556768975628e-01,-3.973066321929363820e-01,6.616851556768975628e-01,9.039162689665636297e-01
1.509132349973996368e+00,6.613729931398303341e-01,-3.974125184519826659e-01,6.613729931398303341e-01,9.050992412555473043e-01
1.509917942035409189e+00,6.610607474743674938e-01,-3.975182646616333693e-01,6.610607474743674938e-01,9.062828869218321204e-01
1.510703534096822009e+00,6.607484187905421358e-01,-3.976238707928795302e-01,6.607484187905421358e-01,9.074672052943009160e-01
1.511489126158234830e+00,6.604360071984102243e-01,-3.977293368167721943e-01,6.604360071984102243e-01,9.086521957006609140e-01
1.512274718219647429e+00,6.601235128080502612e-01,-3.978346627044223593e-01,6.601235128080502612e-01,9.098378574674435004e-01
1.513060310281060250e+00,6.598109357295635080e-01,-3.979398484270013081e-01,6.598109357295635080e-01,9.110241899200065552e-01
1.513845902342473071e+00,6.594982760730737636e-01,-3.980448939557402754e-01,6.594982760730737636e-01,9.122111923825327873e-01
1.514631494403885892e+00,6.591855339487274756e-01,-3.981497992619304482e-01,6.591855339487274756e-01,9.133988641780308448e-01
1.515417086465298713e+00,6.588727094666937401e-01,-3.982545643169233540e-01,6.588727094666937401e-01,9.145872046283358703e-01
1.516202678526711534e+00,6.585598027371639684e-01,-3.983591890921304168e-01,6.585598027371639684e-01,9.157762130541102774e-01
1.516988270588124355e+00,6.582468138703519989e-01,-3.984636735590233458e-01,6.582468138703519989e-01,9.169658887748429743e-01
1.517773862649537175e+00,6.579337429764942069e-01,-3.985680176891337467e-01,6.579337429764942069e-01,9.181562311088508066e-01
1.518559454710949996e+00,6.576205901658491726e-01,-3.986722214540535658e-01,6.576205901658491726e-01,9.193472393732782244e-01
1.519345046772362817e+00,6.573073555486979025e-01,-3.987762848254348680e-01,6.573073555486979025e-01,9.205389128840987256e-01
1.520130638833775638e+00,6.569940392353433856e-01,-3.988802077749896702e-01,6.569940392353433856e-01,9.217312509561133016e-01
1.520916230895188459e+00,6.566806413361110373e-01,-3.989839902744904410e-01,6.566806413361110373e-01,9.229242529029533237e-01
1.521701822956601280e+00,6.563671619613484776e-01,-3.990876322957696565e-01,6.563671619613484776e-01,9.241179180370791002e-01
1.522487415018013879e+00,6.560536012214254198e-01,-3.991911338107198559e-01,6.560536012214254198e-01,9.253122456697803200e-01
1.523273007079426700e+00,6.557399592267332267e-01,-3.992944947912941411e-01,6.557399592267332267e-01,9.265072351111781623e-01
1.524058599140839521e+00,6.554262360876857985e-01,-3.993977152095053995e-01,6.554262360876857985e-01,9.277028856702236315e-01
1.524844191202252341e+00,6.551124319147186847e-01,-3.995007950374270811e-01,6.551124319147186847e-01,9.288991966546993329e-01
1.525629783263665162e+00,6.547985468182896396e-01,-3.996037342471925324e-01,6.547985468182896396e-01,9.300961673712184741e-01
1.526415375325077983e+00,6.544845809088778443e-01,-3.997065328109955518e-01,6.544845809088778443e-01,9.312937971252268632e-01
1.527200967386490804e+00,6.541705342969846848e-01,-3.998091907010901669e-01,6.541705342969846848e-01,9.324920852210027977e-01
1.527986559447903625e+00,6.538564070931330852e-01,-3.999117078897905242e-01,6.538564070931330852e-01,9.336910309616565096e-01
1.528772151509316446e+00,6.535421994078679520e-01,-4.000140843494711662e-01,6.535421994078679520e-01,9.348906336491320523e-01
1.529557743570729267e+00,6.532279113517557301e-01,-4.001163200525668651e-01,6.532279113517557301e-01,9.360908925842064132e-01
1.530343335632142088e+00,6.529135430353842917e-01,-4.002184149715726225e-01,6.529135430353842917e-01,9.372918070664909562e-01
1.531128927693554909e+00,6.525990945693633805e-01,-4.003203690790438363e-01,6.525990945693633805e-01,9.384933763944310892e-01
1.531914519754967730e+00,6.522845660643242782e-01,-4.004221823475960784e-01,6.522845660643242782e-01,9.396955998653069297e-01
1.532700111816380328e+00,6.519699576309195832e-01,-4.005238547499053170e-01,6.519699576309195832e-01,9.408984767752336387e-01
1.533485703877793149e+00,6.516552693798233209e-01,-4.006253862587078052e-01,6.516552693798233209e-01,9.421020064191624188e-01
1.534271295939205970e+00,6.513405014217310551e-01,-4.007267768468001923e-01,6.513405014217310551e-01,9.433061880908799601e-01
1.535056888000618791e+00,6.510256538673596660e-01,-4.008280264870393572e-01,6.510256538673596660e-01,9.445110210830096609e-01
1.535842480062031612e+00,6.507107268274473499e-01,-4.009291351523426306e-01,6.507107268274473499e-01,9.457165046870112945e-01
1.536628072123444433e+00,6.503957204127535086e-01,-4.010301028156875724e-01,6.503957204127535086e-01,9.469226381931817871e-01
1.537413664184857254e+00,6.500806347340586377e-01,-4.011309294501122502e-01,6.500806347340586377e-01,9.481294208906563270e-01
1.538199256246270075e+00,6.497654699021646607e-01,-4.012316150287149608e-01,6.497654699021646607e-01,9.493368520674073663e-01
1.538984848307682896e+00,6.494502260278943728e-01,-4.013321595246545637e-01,6.494502260278943728e-01,9.505449310102463967e-01
1.539770440369095716e+00,6.491349032220916637e-01,-4.014325629111502036e-01,6.491349032220916637e-01,9.517536570048237277e-01
1.540556032430508537e+00,6.488195015956216283e-01,-4.015328251614813659e-01,6.488195015956216283e-01,9.529630293356282644e-01
1.541341624491921358e+00,6.485040212593701225e-01,-4.016329462489881541e-01,6.485040212593701225e-01,9.541730472859896173e-01
1.542127216553334179e+00,6.481884623242439858e-01,-4.017329261470708457e-01,6.481884623242439858e-01,9.553837101380768804e-01
1.542912808614746778e+00,6.478728249011710405e-01,-4.018327648291902809e-01,6.478728249011710405e-01,9.565950171728995199e-01
1.543698400676159599e+00,6.475571091010996483e-01,-4.019324622688678073e-01,6.475571091010996483e-01,9.578069676703092616e-01
1.544483992737572420e+00,6.472413150349991540e-01,-4.020320184396851126e-01,6.472413150349991540e-01,9.590195609089978701e-01
1.545269584798985241e+00,6.469254428138597746e-01,-4.021314333152843923e-01,6.469254428138597746e-01,9.602327961664994804e-01
1.546055176860398062e+00,6.466094925486921552e-01,-4.022307068693682930e-01,6.466094925486921552e-01,9.614466727191905981e-01
1.546840768921810882e+00,6.462934643505275911e-01,-4.023298390756999132e-01,6.462934643505275911e-01,9.626611898422903213e-01
1.547626360983223703e+00,6.459773583304181388e-01,-4.024288299081028586e-01,6.459773583304181388e-01,9.638763468098604514e-01
1.548411953044636524e+00,6.456611745994362828e-01,-4.025276793404613529e-01,6.456611745994362828e-01,9.650921428948074920e-01
1.549197545106049345e+00,6.453449132686749357e-01,-4.026263873467199050e-01,6.453449132686749357e-01,9.663085773688809832e-01
1.549983137167462166e+00,6.450285744492476603e-01,-4.027249539008836976e-01,6.450285744492476603e-01,9.675256495026750558e-01
1.550768729228874987e+00,6.447121582522881145e-01,-4.028233789770183093e-01,6.447121582522881145e-01,9.687433585656288759e-01
1.551554321290287808e+00,6.443956647889507172e-01,-4.029216625492500481e-01,6.443956647889507172e-01,9.699617038260273105e-01
1.552339913351700629e+00,6.440790941704097605e-01,-4.030198045917655070e-01,6.440790941704097605e-01,9.711806845510000397e-01
1.553125505413113228e+00,6.437624465078601865e-01,-4.031178050788120637e-01,6.437624465078601865e-01,9.724003000065236657e-01
1.553911097474526049e+00,6.434457219125166993e-01,-4.032156639846975477e-01,6.434457219125166993e-01,9.736205494574217134e-01
1.554696689535938869e+00,6.431289204956145422e-01,-4.033133812837903509e-01,6.431289204956145422e-01,9.748414321673641858e-01
1.555482281597351690e+00,6.428120423684088314e-01,-4.034109569505193726e-01,6.428120423684088314e-01,9.760629473988682303e-01
1.556267873658764511e+00,6.424950876421750001e-01,-4.035083909593742968e-01,6.424950876421750001e-01,9.772850944133002482e-01
1.557053465720177332e+00,6.421780564282083548e-01,-4.036056832849052034e-01,6.421780564282083548e-01,9.785078724708737852e-01
1.557839057781590153e+00,6.418609488378239636e-01,-4.037028339017229017e-01,6.418609488378239636e-01,9.797312808306523069e-01
1.558624649843002974e+00,6.415437649823572119e-01,-4.037998427844987637e-01,6.415437649823572119e-01,9.809553187505477556e-01
1.559410241904415795e+00,6.412265049731631361e-01,-4.038967099079647238e-01,6.412265049731631361e-01,9.821799854873222158e-01
1.560195833965828616e+00,6.409091689216165344e-01,-4.039934352469133905e-01,6.409091689216165344e-01,9.834052802965878026e-01
1.560981426027241437e+00,6.405917569391121891e-01,-4.040900187761981011e-01,6.405917569391121891e-01,9.846312024328077728e-01
1.561767018088654257e+00,6.402742691370644224e-01,-4.041864604707327557e-01,6.402742691370644224e-01,9.858577511492961909e-01
1.562552610150067078e+00,6.399567056269074294e-01,-4.042827603054918173e-01,6.399567056269074294e-01,9.870849256982184849e-01
1.563338202211479677e+00,6.396390665200948344e-01,-4.043789182555105888e-01,6.396390665200948344e-01,9.883127253305921123e-01
1.564123794272892498e+00,6.393213519281000234e-01,-4.044749342958849359e-01,6.393213519281000234e-01,9.895411492962878919e-01
1.564909386334305319e+00,6.390035619624157004e-01,-4.045708084017713979e-01,6.390035619624157004e-01,9.907701968440285611e-01
1.565694978395718140e+00,6.386856967345543312e-01,-4.046665405483872990e-01,6.386856967345543312e-01,9.919998672213906632e-01
1.566480570457130961e+00,6.383677563560478108e-01,-4.047621307110105260e-01,6.383677563560478108e-01,9.932301596748047690e-01
1.567266162518543782e+00,6.380497409384471297e-01,-4.048575788649797502e-01,6.380497409384471297e-01,9.944610734495552551e-01
1.568051754579956603e+00,6.377316505933228186e-01,-4.049528849856943724e-01,6.377316505933228186e-01,9.956926077897821914e-01
1.568837346641369423e+00,6.374134854322649479e-01,-4.050480490486144669e-01,6.374134854322649479e-01,9.969247619384797865e-01
1.569622938702782244e+00,6.370952455668823511e-01,-4.051430710292608928e-01,6.370952455668823511e-01,9.981575351374989413e-01
1.570408530764195065e+00,6.367769311088035122e-01,-4.052379509032151272e-01,6.367769311088035122e-01,9.993909266275462500e-01
1.571194122825607886e+00,6.364585421696757894e-01,-4.053326886461195433e-01,6.364585421696757894e-01,1.000624935648185110e+00
1.571979714887020707e+00,6.361400788611658585e-01,-4.054272842336771876e-01,6.361400788611658585e-01,1.001859561437835833e+00
1.572765306948433528e+00,6.358215412949592693e-01,-4.055217376416518360e-01,6.358215412949592693e-01,1.003094803233776755e+00
1.573550899009846127e+00,6.355029295827607783e-01,-4.056160488458681601e-01,6.355029295827607783e-01,1.004330660272143794e+00
1.574336491071258948e+00,6.351842438362937937e-01,-4.057102178222114497e-01,6.351842438362937937e-01,1.005567131787931778e+00
1.575122083132671769e+00,6.348654841673010418e-01,-4.058042445466279458e-01,6.348654841673010418e-01,1.006804217014994896e+00
1.575907675194084590e+00,6.345466506875439006e-01,-4.058981289951245630e-01,6.345466506875439006e-01,1.008041915186045578e+00
1.576693267255497410e+00,6.342277435088025106e-01,-4.059918711437690564e-01,6.342277435088025106e-01,1.009280225532657171e+00
1.577478859316910231e+00,6.339087627428759975e-01,-4.060854709686899655e-01,6.339087627428759975e-01,1.010519147285263708e+00
1.578264451378323052e+00,6.335897085015820274e-01,-4.061789284460767813e-01,6.335897085015820274e-01,1.011758679673159467e+00
1.579050043439735873e+00,6.332705808967571404e-01,-4.062722435521795572e-01,6.332705808967571404e-01,1.012998821924500303e+00
1.579835635501148694e+00,6.329513800402563062e-01,-4.063654162633094646e-01,6.329513800402563062e-01,1.014239573266304317e+00
1.580621227562561515e+00,6.326321060439531463e-01,-4.064584465558383486e-01,6.326321060439531463e-01,1.015480932924451407e+00
1.581406819623974336e+00,6.323127590197399339e-01,-4.065513344061988943e-01,6.323127590197399339e-01,1.016722900123684381e+00
1.582192411685387157e+00,6.319933390795272610e-01,-4.066440797908848492e-01,6.319933390795272610e-01,1.017965474087610067e+00
1.582978003746799978e+00,6.316738463352443711e-01,-4.067366826864505236e-01,6.316738463352443711e-01,1.019208654038698203e+00
1.583763595808212576e+00,6.313542808988386046e-01,-4.068291430695112898e-01,6.313542808988386046e-01,1.020452439198283434e+00
1.584549187869625397e+00,6.310346428822759535e-01,-4.069214609167434715e-01,6.310346428822759535e-01,1.021696828786565536e+00
1.585334779931038218e+00,6.307149323975403954e-01,-4.070136362048840661e-01,6.307149323975403954e-01,1.022941822022608527e+00
1.586120371992451039e+00,6.303951495566345598e-01,-4.071056689107311333e-01,6.303951495566345598e-01,1.024187418124342663e+00
1.586905964053863860e+00,6.300752944715789505e-01,-4.071975590111435173e-01,6.300752944715789505e-01,1.025433616308564444e+00
1.587691556115276681e+00,6.297553672544122794e-01,-4.072893064830411247e-01,6.297553672544122794e-01,1.026680415790937717e+00
1.588477148176689502e+00,6.294353680171914656e-01,-4.073809113034046470e-01,6.294353680171914656e-01,1.027927815785992571e+00
1.589262740238102323e+00,6.291152968719915251e-01,-4.074723734492757821e-01,6.291152968719915251e-01,1.029175815507127334e+00
1.590048332299515144e+00,6.287951539309053484e-01,-4.075636928977571238e-01,6.287951539309053484e-01,1.030424414166608793e+00
1.590833924360927965e+00,6.284749393060438116e-01,-4.076548696260121618e-01,6.284749393060438116e-01,1.031673610975571753e+00
1.591619516422340785e+00,6.281546531095357766e-01,-4.077459036112655033e-01,6.281546531095357766e-01,1.032923405144021478e+00
1.592405108483753606e+00,6.278342954535279796e-01,-4.078367948308024848e-01,6.278342954535279796e-01,1.034173795880831248e+00
1.593190700545166427e+00,6.275138664501848096e-01,-4.079275432619696162e-01,6.275138664501848096e-01,1.035424782393746357e+00
1.593976292606579026e+00,6.271933662116887520e-01,-4.080181488821742475e-01,6.271933662116887520e-01,1.036676363889381225e+00
1.594761884667991847e+00,6.268727948502396119e-01,-4.081086116688847354e-01,6.268727948502396119e-01,1.037928539573222730e+00
1.595547476729404668e+00,6.265521524780550688e-01,-4.081989315996304990e-01,6.265521524780550688e-01,1.039181308649629321e+00
1.596333068790817489e+00,6.262314392073706770e-01,-4.082891086520017976e-01,6.262314392073706770e-01,1.040434670321830790e+00
1.597118660852230310e+00,6.259106551504390881e-01,-4.083791428036500637e-01,6.259106551504390881e-01,1.041688623791930501e+00
1.597904252913643131e+00,6.255898004195309392e-01,-4.084690340322876256e-01,6.255898004195309392e-01,1.042943168260905162e+00
1.598689844975055951e+00,6.252688751269339651e-01,-4.085587823156878740e-01,6.252688751269339651e-01,1.044198302928604605e+00
1.599475437036468772e+00,6.249478793849536640e-01,-4.086483876316851505e-01,6.249478793849536640e-01,1.045454026993753116e+00
1.600261029097881593e+00,6.246268133059127425e-01,-4.087378499581749702e-01,6.246268133059127425e-01,1.046710339653950550e+00
1.601046621159294414e+00,6.243056770021511159e-01,-4.088271692731137441e-01,6.243056770021511159e-01,1.047967240105670772e+00
1.601832213220707235e+00,6.239844705860264629e-01,-4.089163455545190007e-01,6.239844705860264629e-01,1.049224727544264768e+00
1.602617805282120056e+00,6.236631941699131154e-01,-4.090053787804693308e-01,6.236631941699131154e-01,1.050482801163958646e+00
1.603403397343532877e+00,6.233418478662031692e-01,-4.090942689291042766e-01,6.233418478662031692e-01,1.051741460157856300e+00
1.604188989404945476e+00,6.230204317873053732e-01,-4.091830159786246091e-01,6.230204317873053732e-01,1.053000703717938080e+00
1.604974581466358297e+00,6.226989460456459069e-01,-4.092716199072920502e-01,6.226989460456459069e-01,1.054260531035063231e+00
1.605760173527771117e+00,6.223773907536678252e-01,-4.093600806934294400e-01,6.223773907536678252e-01,1.055520941298969007e+00
1.606545765589183938e+00,6.220557660238312803e-01,-4.094483983154207363e-01,6.220557660238312803e-01,1.056781933698271114e+00
1.607331357650596759e+00,6.217340719686134110e-01,-4.095365727517109034e-01,6.217340719686134110e-01,1.058043507420465268e+00
1.608116949712009580e+00,6.214123087005082313e-01,-4.096246039808061346e-01,6.214123087005082313e-01,1.059305661651926966e+00
1.608902541773422401e+00,6.210904763320264088e-01,-4.097124919812735744e-01,6.210904763320264088e-01,1.060568395577911716e+00
1.609688133834835222e+00,6.207685749756958193e-01,-4.098002367317416517e-01,6.207685749756958193e-01,1.061831708382557027e+00
1.610473725896248043e+00,6.204466047440608811e-01,-4.098878382108997465e-01,6.204466047440608811e-01,1.063095599248881307e+00
1.611259317957660864e+00,6.201245657496826658e-01,-4.099752963974985231e-01,6.201245657496826658e-01,1.064360067358784745e+00
1.612044910019073685e+00,6.198024581051390092e-01,-4.100626112703496529e-01,6.198024581051390092e-01,1.065625111893050869e+00
1.612830502080486506e+00,6.194802819230244006e-01,-4.101497828083260355e-01,6.194802819230244006e-01,1.066890732031345657e+00
1.613616094141899326e+00,6.191580373159498718e-01,-4.102368109903616333e-01,6.191580373159498718e-01,1.068156926952219088e+00
1.614401686203311925e+00,6.188357243965429966e-01,-4.103236957954516373e-01,6.188357243965429966e-01,1.069423695833104926e+00
1.615187278264724746e+00,6.185133432774475581e-01,-4.104104372026524672e-01,6.185133432774475581e-01,1.070691037850323157e+00
1.615972870326137567e+00,6.181908940713243261e-01,-4.104970351910814941e-01,6.181908940713243261e-01,1.071958952179076663e+00
1.616758462387550388e+00,6.178683768908499463e-01,-4.105834897399174288e-01,6.178683768908499463e-01,1.073227437993455879e+00
1.617544054448963209e+00,6.175457918487174958e-01,-4.106698008284001555e-01,6.175457918487174958e-01,1.074496494466436802e+00
1.618329646510376030e+00,6.172231390576367049e-01,-4.107559684358307317e-01,6.172231390576367049e-01,1.075766120769882539e+00
1.619115238571788851e+00,6.169004186303330695e-01,-4.108419925415712770e-01,6.169004186303330695e-01,1.077036316074543310e+00
1.619900830633201672e+00,6.165776306795485162e-01,-4.109278731250453620e-01,6.165776306795485162e-01,1.078307079550057779e+00
1.620686422694614492e+00,6.162547753180410703e-01,-4.110136101657375085e-01,6.162547753180410703e-01,1.079578410364952612e+00
1.621472014756027313e+00,6.159318526585847442e-01,-4.110992036431936336e-01,6.159318526585847442e-01,1.080850307686643585e+00
1.622257606817440134e+00,6.156088628139698704e-01,-4.111846535370208278e-01,6.156088628139698704e-01,1.082122770681436696e+00
1.623043198878852955e+00,6.152858058970024357e-01,-4.112699598268872991e-01,6.152858058970024357e-01,1.083395798514526609e+00
1.623828790940265776e+00,6.149626820205046362e-01,-4.113551224925227068e-01,6.149626820205046362e-01,1.084669390350000207e+00
1.624614383001678375e+00,6.146394912973145441e-01,-4.114401415137176610e-01,6.146394912973145441e-01,1.085943545350834372e+00
1.625399975063091196e+00,6.143162338402857747e-01,-4.115250168703243339e-01,6.143162338402857747e-01,1.087218262678899094e+00
1.626185567124504017e+00,6.139929097622881526e-01,-4.116097485422559044e-01,6.139929097622881526e-01,1.088493541494955030e+00
1.626971159185916838e+00,6.136695191762070456e-01,-4.116943365094868357e-01,6.136695191762070456e-01,1.089769380958656608e+00
1.627756751247329658e+00,6.133460621949435865e-01,-4.117787807520529864e-01,6.133460621949435865e-01,1.091045780228552031e+00
1.628542343308742479e+00,6.130225389314144513e-01,-4.118630812500513327e-01,6.130225389314144513e-01,1.092322738462082388e+00
1.629327935370155300e+00,6.126989494985521922e-01,-4.119472379836402465e-01,6.126989494985521922e-01,1.093600254815583872e+00
1.630113527431568121e+00,6.123752940093045716e-01,-4.120312509330393280e-01,6.123752940093045716e-01,1.094878328444288007e+00
1.630899119492980942e+00,6.120515725766352277e-01,-4.121151200785295177e-01,6.120515725766352277e-01,1.096156958502321643e+00
1.631684711554393763e+00,6.117277853135230092e-01,-4.121988454004528735e-01,6.117277853135230092e-01,1.097436144142707404e+00
1.632470303615806584e+00,6.114039323329624187e-01,-4.122824268792130153e-01,6.114039323329624187e-01,1.098715884517365460e+00
1.633255895677219405e+00,6.110800137479629468e-01,-4.123658644952746255e-01,6.110800137479629468e-01,1.099996178777112643e+00
1.634041487738632226e+00,6.107560296715497383e-01,-4.124491582291638925e-01,6.107560296715497383e-01,1.101277026071664222e+00
1.634827079800044825e+00,6.104319802167631481e-01,-4.125323080614681781e-01,6.104319802167631481e-01,1.102558425549632570e+00
1.635612671861457645e+00,6.101078654966587411e-01,-4.126153139728362396e-01,6.101078654966587411e-01,1.103840376358531161e+00
1.636398263922870466e+00,6.097836856243070702e-01,-4.126981759439781738e-01,6.097836856243070702e-01,1.105122877644771462e+00
1.637183855984283287e+00,6.094594407127942315e-01,-4.127808939556653622e-01,6.094594407127942315e-01,1.106405928553665152e+00
1.637969448045696108e+00,6.091351308752210869e-01,-4.128634679887305259e-01,6.091351308752210869e-01,1.107689528229425235e+00
1.638755040107108929e+00,6.088107562247034865e-01,-4.129458980240677812e-01,6.088107562247034865e-01,1.108973675815165150e+00
1.639540632168521750e+00,6.084863168743724904e-01,-4.130281840426325846e-01,6.084863168743724904e-01,1.110258370452900989e+00
1.640326224229934571e+00,6.081618129373739245e-01,-4.131103260254417320e-01,6.081618129373739245e-01,1.111543611283550836e+00
1.641111816291347392e+00,6.078372445268687141e-01,-4.131923239535733594e-01,6.078372445268687141e-01,1.112829397446935431e+00
1.641897408352760213e+00,6.075126117560323280e-01,-4.132741778081669981e-01,6.075126117560323280e-01,1.114115728081779055e+00
1.642683000414173033e+00,6.071879147380553343e-01,-4.133558875704235747e-01,6.071879147380553343e-01,1.115402602325711312e+00
1.643468592475585854e+00,6.068631535861427340e-01,-4.134374532216054110e-01,6.068631535861427340e-01,1.116690019315264903e+00
1.644254184536998675e+00,6.065383284135145159e-01,-4.135188747430361134e-01,6.065383284135145159e-01,1.117977978185878296e+00
1.645039776598411274e+00,6.062134393334051019e-01,-4.136001521161007388e-01,6.062134393334051019e-01,1.119266478071895721e+00
1.645825368659824095e+00,6.058884864590635688e-01,-4.136812853222458508e-01,6.058884864590635688e-01,1.120555518106568726e+00
1.646610960721236916e+00,6.055634699037536484e-01,-4.137622743429791861e-01,6.055634699037536484e-01,1.121845097422054849e+00
1.647396552782649737e+00,6.052383897807535051e-01,-4.138431191598700987e-01,6.052383897807535051e-01,1.123135215149419164e+00
1.648182144844062558e+00,6.049132462033556257e-01,-4.139238197545492826e-01,6.049132462033556257e-01,1.124425870418635398e+00
1.648967736905475379e+00,6.045880392848671514e-01,-4.140043761087087160e-01,6.045880392848671514e-01,1.125717062358585707e+00
1.649753328966888200e+00,6.042627691386094346e-01,-4.140847882041021055e-01,6.042627691386094346e-01,1.127008790097061564e+00
1.650538921028301020e+00,6.039374358779181495e-01,-4.141650560225442201e-01,6.039374358779181495e-01,1.128301052760764422e+00
1.651324513089713841e+00,6.036120396161432922e-01,-4.142451795459115571e-01,6.036120396161432922e-01,1.129593849475306166e+00
1.652110105151126662e+00,6.032865804666489584e-01,-4.143251587561419536e-01,6.032865804666489584e-01,1.130887179365209994e+00
1.652895697212539483e+00,6.029610585428135661e-01,-4.144049936352346419e-01,6.029610585428135661e-01,1.132181041553910195e+00
1.653681289273952304e+00,6.026354739580294106e-01,-4.144846841652503611e-01,6.026354739580294106e-01,1.133475435163754153e+00
1.654466881335365125e+00,6.023098268257032206e-01,-4.145642303283112451e-01,6.023098268257032206e-01,1.134770359316000787e+00
1.655252473396777724e+00,6.019841172592553802e-01,-4.146436321066009345e-01,6.019841172592553802e-01,1.136065813130823665e+00
1.656038065458190545e+00,6.016583453721203734e-01,-4.147228894823646317e-01,6.016583453721203734e-01,1.137361795727310110e+00
1.656823657519603366e+00,6.013325112777467840e-01,-4.148020024379088233e-01,6.013325112777467840e-01,1.138658306223462091e+00
1.657609249581016186e+00,6.010066150895967407e-01,-4.148809709556016134e-01,6.010066150895967407e-01,1.139955343736196225e+00
1.658394841642429007e+00,6.006806569211464719e-01,-4.149597950178724459e-01,6.006806569211464719e-01,1.141252907381345327e+00
1.659180433703841828e+00,6.003546368858858617e-01,-4.150384746072124376e-01,6.003546368858858617e-01,1.142550996273658859e+00
1.659966025765254649e+00,6.000285550973185611e-01,-4.151170097061739894e-01,6.000285550973185611e-01,1.143849609526802702e+00
1.660751617826667470e+00,5.997024116689619877e-01,-4.151954002973712310e-01,5.997024116689619877e-01,1.145148746253360938e+00
1.661537209888080291e+00,5.993762067143469929e-01,-4.152736463634795205e-01,5.993762067143469929e-01,1.146448405564835182e+00
1.662322801949493112e+00,5.990499403470181949e-01,-4.153517478872360003e-01,5.990499403470181949e-01,1.147748586571646578e+00
1.663108394010905933e+00,5.987236126805335346e-01,-4.154297048514390966e-01,5.987236126805335346e-01,1.149049288383135137e+00
1.663893986072318754e+00,5.983972238284648304e-01,-4.155075172389489091e-01,5.983972238284648304e-01,1.150350510107561508e+00
1.664679578133731574e+00,5.980707739043968907e-01,-4.155851850326869323e-01,5.980707739043968907e-01,1.151652250852106096e+00
1.665465170195144173e+00,5.977442630219282904e-01,-4.156627082156362230e-01,5.977442630219282904e-01,1.152954509722870835e+00
1.666250762256556994e+00,5.974176912946705942e-01,-4.157400867708415104e-01,5.974176912946705942e-01,1.154257285824880297e+00
1.667036354317969815e+00,5.970910588362490223e-01,-4.158173206814088085e-01,5.970910588362490223e-01,1.155560578262080140e+00
1.667821946379382636e+00,5.967643657603016738e-01,-4.158944099305058595e-01,5.967643657603016738e-01,1.156864386137340217e+00
1.668607538440795457e+00,5.964376121804801922e-01,-4.159713545013619118e-01,5.964376121804801922e-01,1.158168708552453463e+00
1.669393130502208278e+00,5.961107982104492109e-01,-4.160481543772676649e-01,5.961107982104492109e-01,1.159473544608137230e+00
1.670178722563621099e+00,5.957839239638864637e-01,-4.161248095415754911e-01,5.957839239638864637e-01,1.160778893404033507e+00
1.670964314625033920e+00,5.954569895544827851e-01,-4.162013199776992134e-01,5.954569895544827851e-01,1.162084754038710033e+00
1.671749906686446741e+00,5.951299950959418883e-01,-4.162776856691143834e-01,5.951299950959418883e-01,1.163391125609660959e+00
1.672535498747859561e+00,5.948029407019805870e-01,-4.163539065993578925e-01,5.948029407019805870e-01,1.164698007213306186e+00
1.673321090809272382e+00,5.944758264863285735e-01,-4.164299827520284158e-01,5.944758264863285735e-01,1.166005397944994471e+00
1.674106682870685203e+00,5.941486525627283077e-01,-4.165059141107860796e-01,5.941486525627283077e-01,1.167313296899000763e+00
1.674892274932098024e+00,5.938214190449352392e-01,-4.165817006593525718e-01,5.938214190449352392e-01,1.168621703168530424e+00
1.675677866993510623e+00,5.934941260467175850e-01,-4.166573423815112531e-01,5.934941260467175850e-01,1.169930615845715893e+00
1.676463459054923444e+00,5.931667736818558856e-01,-4.167328392611070464e-01,5.931667736818558856e-01,1.171240034021622245e+00
1.677249051116336265e+00,5.928393620641437822e-01,-4.168081912820464363e-01,5.928393620641437822e-01,1.172549956786242298e+00
1.678034643177749086e+00,5.925118913073873506e-01,-4.168833984282974692e-01,5.925118913073873506e-01,1.173860383228501503e+00
1.678820235239161907e+00,5.921843615254053228e-01,-4.169584606838899199e-01,5.921843615254053228e-01,1.175171312436256388e+00
1.679605827300574727e+00,5.918567728320288657e-01,-4.170333780329151252e-01,5.918567728320288657e-01,1.176482743496296335e+00
1.680391419361987548e+00,5.915291253411016914e-01,-4.171081504595258727e-01,5.915291253411016914e-01,1.177794675494343135e+00
1.681177011423400369e+00,5.912014191664798357e-01,-4.171827779479367893e-01,5.912014191664798357e-01,1.179107107515052100e+00
1.681962603484813190e+00,5.908736544220318798e-01,-4.172572604824239528e-01,5.908736544220318798e-01,1.180420038642013614e+00
1.682748195546226011e+00,5.905458312216385064e-01,-4.173315980473251696e-01,5.905458312216385064e-01,1.181733467957752248e+00
1.683533787607638832e+00,5.902179496791929436e-01,-4.174057906270398632e-01,5.902179496791929436e-01,1.183047394543727870e+00
1.684319379669051653e+00,5.898900099086004101e-01,-4.174798382060290747e-01,5.898900099086004101e-01,1.184361817480337198e+00
1.685104971730464474e+00,5.895620120237784478e-01,-4.175537407688153513e-01,5.895620120237784478e-01,1.185676735846912688e+00
1.685890563791877073e+00,5.892339561386567004e-01,-4.176274982999830798e-01,5.892339561386567004e-01,1.186992148721724982e+00
1.686676155853289893e+00,5.889058423671769127e-01,-4.177011107841781534e-01,5.889058423671769127e-01,1.188308055181982681e+00
1.687461747914702714e+00,5.885776708232927090e-01,-4.177745782061082491e-01,5.885776708232927090e-01,1.189624454303833012e+00
1.688247339976115535e+00,5.882494416209699262e-01,-4.178479005505425503e-01,5.882494416209699262e-01,1.190941345162362053e+00
1.689032932037528356e+00,5.879211548741862803e-01,-4.179210778023119133e-01,5.879211548741862803e-01,1.192258726831596283e+00
1.689818524098941177e+00,5.875928106969313669e-01,-4.179941099463089782e-01,5.875928106969313669e-01,1.193576598384502807e+00
1.690604116160353998e+00,5.872644092032066609e-01,-4.180669969674878361e-01,5.872644092032066609e-01,1.194894958892989134e+00
1.691389708221766819e+00,5.869359505070251837e-01,-4.181397388508644730e-01,5.869359505070251837e-01,1.196213807427905840e+00
1.692175300283179640e+00,5.866074347224120578e-01,-4.182123355815164367e-01,5.866074347224120578e-01,1.197533143059045679e+00
1.692960892344592461e+00,5.862788619634039522e-01,-4.182847871445828924e-01,5.862788619634039522e-01,1.198852964855143810e+00
1.693746484406005282e+00,5.859502323440491933e-01,-4.183570935252647338e-01,5.859502323440491933e-01,1.200173271883879567e+00
1.694532076467418102e+00,5.856215459784076538e-01,-4.184292547088246383e-01,5.856215459784076538e-01,1.201494063211877572e+00
1.695317668528830923e+00,5.852928029805507526e-01,-4.185012706805867344e-01,5.852928029805507526e-01,1.202815337904706183e+00
1.696103260590243522e+00,5.849640034645616771e-01,-4.185731414259371008e-01,5.849640034645616771e-01,1.204137095026880377e+00
1.696888852651656343e+00,5.846351475445347168e-01,-4.186448669303232673e-01,5.846351475445347168e-01,1.205459333641861752e+00
1.697674444713069164e+00,5.843062353345755966e-01,-4.187164471792547138e-01,5.843062353345755966e-01,1.206782052812058303e+00
1.698460036774481985e+00,5.839772669488018098e-01,-4.187878821583023714e-01,5.839772669488018098e-01,1.208105251598825980e+00
1.699245628835894806e+00,5.836482425013416186e-01,-4.188591718530990660e-01,5.836482425013416186e-01,1.209428929062469349e+00
1.700031220897307627e+00,5.833191621063348320e-01,-4.189303162493391852e-01,5.833191621063348320e-01,1.210753084262241153e+00
1.700816812958720448e+00,5.829900258779325828e-01,-4.190013153327789008e-01,5.829900258779325828e-01,1.212077716256345195e+00
1.701602405020133268e+00,5.826608339302968842e-01,-4.190721690892360574e-01,5.826608339302968842e-01,1.213402824101934341e+00
1.702387997081546089e+00,5.823315863776011847e-01,-4.191428775045903388e-01,5.823315863776011847e-01,1.214728406855113185e+00
1.703173589142958910e+00,5.820022833340295909e-01,-4.192134405647829354e-01,5.820022833340295909e-01,1.216054463570937605e+00
1.703959181204371731e+00,5.816729249137776447e-01,-4.192838582558169880e-01,5.816729249137776447e-01,1.217380993303415870e+00
1.704744773265784552e+00,5.813435112310516573e-01,-4.193541305637571437e-01,5.813435112310516573e-01,1.218707995105509534e+00
1.705530365327197373e+00,5.810140424000688197e-01,-4.194242574747300001e-01,5.810140424000688197e-01,1.220035468029133430e+00
1.706315957388609972e+00,5.806845185350573146e-01,-4.194942389749237166e-01,5.806845185350573146e-01,1.221363411125156562e+00
1.707101549450022793e+00,5.803549397502560936e-01,-4.195640750505882366e-01,5.803549397502560936e-01,1.222691823443403658e+00
1.707887141511435614e+00,5.800253061599148774e-01,-4.196337656880353428e-01,5.800253061599148774e-01,1.224020704032654505e+00
1.708672733572848434e+00,5.796956178782941560e-01,-4.197033108736383800e-01,5.796956178782941560e-01,1.225350051940645280e+00
1.709458325634261255e+00,5.793658750196649665e-01,-4.197727105938325876e-01,5.793658750196649665e-01,1.226679866214068992e+00
1.710243917695674076e+00,5.790360776983092261e-01,-4.198419648351148781e-01,5.790360776983092261e-01,1.228010145898576377e+00
1.711029509757086897e+00,5.787062260285192883e-01,-4.199110735840439479e-01,5.787062260285192883e-01,1.229340890038777001e+00
1.711815101818499718e+00,5.783763201245979424e-01,-4.199800368272402773e-01,5.783763201245979424e-01,1.230672097678238819e+00
1.712600693879912539e+00,5.780463601008587471e-01,-4.200488545513860195e-01,5.780463601008587471e-01,1.232003767859489285e+00
1.713386285941325360e+00,5.777163460716252530e-01,-4.201175267432251115e-01,5.777163460716252530e-01,1.233335899624017129e+00
1.714171878002738181e+00,5.773862781512320019e-01,-4.201860533895633854e-01,5.773862781512320019e-01,1.234668492012271024e+00
1.714957470064151002e+00,5.770561564540233057e-01,-4.202544344772682350e-01,5.770561564540233057e-01,1.236001544063662250e+00
1.715743062125563823e+00,5.767259810943540232e-01,-4.203226699932689492e-01,5.767259810943540232e-01,1.237335054816563806e+00
1.716528654186976421e+00,5.763957521865895606e-01,-4.203907599245566007e-01,5.763957521865895606e-01,1.238669023308311523e+00
1.717314246248389242e+00,5.760654698451047606e-01,-4.204587042581839906e-01,5.760654698451047606e-01,1.240003448575206280e+00
1.718099838309802063e+00,5.757351341842852355e-01,-4.205265029812657041e-01,5.757351341842852355e-01,1.241338329652512229e+00
1.718885430371214884e+00,5.754047453185265892e-01,-4.205941560809780544e-01,5.754047453185265892e-01,1.242673665574458575e+00
1.719671022432627705e+00,5.750743033622343070e-01,-4.206616635445593610e-01,5.750743033622343070e-01,1.244009455374241346e+00
1.720456614494040526e+00,5.747438084298239769e-01,-4.207290253593093943e-01,5.747438084298239769e-01,1.245345698084021402e+00
1.721242206555453347e+00,5.744132606357211790e-01,-4.207962415125900413e-01,5.744132606357211790e-01,1.246682392734928202e+00
1.722027798616866168e+00,5.740826600943613744e-01,-4.208633119918246956e-01,5.740826600943613744e-01,1.248019538357058478e+00
1.722813390678278989e+00,5.737520069201897943e-01,-4.209302367844988124e-01,5.737520069201897943e-01,1.249357133979477341e+00
1.723598982739691809e+00,5.734213012276615506e-01,-4.209970158781594085e-01,5.734213012276615506e-01,1.250695178630219617e+00
1.724384574801104630e+00,5.730905431312415255e-01,-4.210636492604155068e-01,5.730905431312415255e-01,1.252033671336289400e+00
1.725170166862517451e+00,5.727597327454043707e-01,-4.211301369189376920e-01,5.727597327454043707e-01,1.253372611123661828e+00
1.725955758923930272e+00,5.724288701846341754e-01,-4.211964788414586103e-01,5.724288701846341754e-01,1.254711997017283309e+00
1.726741350985343093e+00,5.720979555634247982e-01,-4.212626750157725808e-01,5.720979555634247982e-01,1.256051828041071738e+00
1.727526943046755692e+00,5.717669889962797569e-01,-4.213287254297356510e-01,5.717669889962797569e-01,1.257392103217917834e+00
1.728312535108168513e+00,5.714359705977118953e-01,-4.213946300712658743e-01,5.714359705977118953e-01,1.258732821569686688e+00
1.729098127169581334e+00,5.711049004822434938e-01,-4.214603889283429772e-01,5.711049004822434938e-01,1.260073982117216218e+00
1.729883719230994155e+00,5.707737787644066030e-01,-4.215260019890086363e-01,5.707737787644066030e-01,1.261415583880320046e+00
1.730669311292406976e+00,5.704426055587421551e-01,-4.215914692413662013e-01,5.704426055587421551e-01,1.262757625877786172e+00
1.731454903353819796e+00,5.701113809798008525e-01,-4.216567906735808613e-01,5.701113809798008525e-01,1.264100107127379635e+00
1.732240495415232617e+00,5.697801051421423901e-01,-4.217219662738798114e-01,5.697801051421423901e-01,1.265443026645842073e+00
1.733026087476645438e+00,5.694487781603356780e-01,-4.217869960305518084e-01,5.694487781603356780e-01,1.266786383448892828e+00
1.733811679538058259e+00,5.691174001489590628e-01,-4.218518799319476709e-01,5.691174001489590628e-01,1.268130176551229393e+00
1.734597271599471080e+00,5.687859712225997733e-01,-4.219166179664798899e-01,5.687859712225997733e-01,1.269474404966528303e+00
1.735382863660883901e+00,5.684544914958542527e-01,-4.219812101226228518e-01,5.684544914958542527e-01,1.270819067707445349e+00
1.736168455722296722e+00,5.681229610833277155e-01,-4.220456563889127821e-01,5.681229610833277155e-01,1.272164163785617141e+00
1.736954047783709543e+00,5.677913800996347016e-01,-4.221099567539478015e-01,5.677913800996347016e-01,1.273509692211661770e+00
1.737739639845122142e+00,5.674597486593986329e-01,-4.221741112063877033e-01,5.674597486593986329e-01,1.274855651995177919e+00
1.738525231906534962e+00,5.671280668772514799e-01,-4.222381197349542870e-01,5.671280668772514799e-01,1.276202042144748638e+00
1.739310823967947783e+00,5.667963348678345392e-01,-4.223019823284311358e-01,5.667963348678345392e-01,1.277548861667938240e+00
1.740096416029360604e+00,5.664645527457974339e-01,-4.223656989756636726e-01,5.664645527457974339e-01,1.278896109571296291e+00
1.740882008090773425e+00,5.661327206257987799e-01,-4.224292696655591595e-01,5.661327206257987799e-01,1.280243784860356282e+00
1.741667600152186246e+00,5.658008386225059638e-01,-4.224926943870867535e-01,5.658008386225059638e-01,1.281591886539637848e+00
1.742453192213599067e+00,5.654689068505946992e-01,-4.225559731292774512e-01,5.654689068505946992e-01,1.282940413612645880e+00
1.743238784275011888e+00,5.651369254247496920e-01,-4.226191058812240886e-01,5.651369254247496920e-01,1.284289365081872303e+00
1.744024376336424709e+00,5.648048944596637533e-01,-4.226820926320812855e-01,5.648048944596637533e-01,1.285638739948796738e+00
1.744809968397837530e+00,5.644728140700386865e-01,-4.227449333710656676e-01,5.644728140700386865e-01,1.286988537213887396e+00
1.745595560459250351e+00,5.641406843705842888e-01,-4.228076280874556447e-01,5.641406843705842888e-01,1.288338755876600628e+00
1.746381152520663171e+00,5.638085054760189063e-01,-4.228701767705914660e-01,5.638085054760189063e-01,1.289689394935382927e+00
1.747166744582075992e+00,5.634762775010694336e-01,-4.229325794098752755e-01,5.634762775010694336e-01,1.291040453387670928e+00
1.747952336643488591e+00,5.631440005604709809e-01,-4.229948359947710568e-01,5.631440005604709809e-01,1.292391930229892738e+00
1.748737928704901412e+00,5.628116747689664301e-01,-4.230569465148046882e-01,5.628116747689664301e-01,1.293743824457468383e+00
1.749523520766314233e+00,5.624793002413076559e-01,-4.231189109595639430e-01,5.624793002413076559e-01,1.295096135064810028e+00
1.750309112827727054e+00,5.621468770922540825e-01,-4.231807293186983787e-01,5.621468770922540825e-01,1.296448861045323309e+00
1.751094704889139875e+00,5.618144054365735718e-01,-4.232424015819195029e-01,5.618144054365735718e-01,1.297802001391408000e+00
1.751880296950552696e+00,5.614818853890418682e-01,-4.233039277390006627e-01,5.614818853890418682e-01,1.299155555094458681e+00
1.752665889011965517e+00,5.611493170644428208e-01,-4.233653077797771003e-01,5.611493170644428208e-01,1.300509521144864733e+00
1.753451481073378337e+00,5.608167005775682723e-01,-4.234265416941458970e-01,5.608167005775682723e-01,1.301863898532012787e+00
1.754237073134791158e+00,5.604840360432179480e-01,-4.234876294720660295e-01,5.604840360432179480e-01,1.303218686244285829e+00
1.755022665196203979e+00,5.601513235761992338e-01,-4.235485711035583689e-01,5.601513235761992338e-01,1.304573883269064538e+00
1.755808257257616800e+00,5.598185632913275089e-01,-4.236093665787056817e-01,5.598185632913275089e-01,1.305929488592728172e+00
1.756593849319029621e+00,5.594857553034261466e-01,-4.236700158876525180e-01,5.594857553034261466e-01,1.307285501200654787e+00
1.757379441380442442e+00,5.591528997273257362e-01,-4.237305190206054895e-01,5.591528997273257362e-01,1.308641920077222798e+00
1.758165033441855041e+00,5.588199966778650829e-01,-4.237908759678328807e-01,5.588199966778650829e-01,1.309998744205810750e+00
1.758950625503267862e+00,5.584870462698900972e-01,-4.238510867196650933e-01,5.584870462698900972e-01,1.311355972568799322e+00
1.759736217564680683e+00,5.581540486182545724e-01,-4.239111512664942016e-01,5.581540486182545724e-01,1.312713604147570656e+00
1.760521809626093503e+00,5.578210038378197400e-01,-4.239710695987743416e-01,5.578210038378197400e-01,1.314071637922509472e+00
1.761307401687506324e+00,5.574879120434542701e-01,-4.240308417070213776e-01,5.574879120434542701e-01,1.315430072873005063e+00
1.762092993748919145e+00,5.571547733500344934e-01,-4.240904675818131797e-01,5.571547733500344934e-01,1.316788907977449741e+00
1.762878585810331966e+00,5.568215878724437351e-01,-4.241499472137895133e-01,5.568215878724437351e-01,1.318148142213242169e+00
1.763664177871744787e+00,5.564883557255729807e-01,-4.242092805936519273e-01,5.564883557255729807e-01,1.319507774556785806e+00
1.764449769933157608e+00,5.561550770243202102e-01,-4.242684677121640324e-01,5.561550770243202102e-01,1.320867803983491351e+00
1.765235361994570429e+00,5.558217518835909532e-01,-4.243275085601512231e-01,5.558217518835909532e-01,1.322228229467776739e+00
1.766020954055983250e+00,5.554883804182977336e-01,-4.243864031285007332e-01,5.554883804182977336e-01,1.323589049983067145e+00
1.766806546117396071e+00,5.551549627433600698e-01,-4.244451514081619137e-01,5.551549627433600698e-01,1.324950264501797870e+00
1.767592138178808892e+00,5.548214989737049185e-01,-4.245037533901457327e-01,5.548214989737049185e-01,1.326311871995412339e+00
1.768377730240221490e+00,5.544879892242661201e-01,-4.245622090655252756e-01,5.544879892242661201e-01,1.327673871434364994e+00
1.769163322301634311e+00,5.541544336099841761e-01,-4.246205184254354670e-01,5.541544336099841761e-01,1.329036261788121953e+00
1.769948914363047132e+00,5.538208322458070265e-01,-4.246786814610731264e-01,5.538208322458070265e-01,1.330399042025160572e+00
1.770734506424459953e+00,5.534871852466893838e-01,-4.247366981636969130e-01,5.534871852466893838e-01,1.331762211112970329e+00
1.771520098485872774e+00,5.531534927275925106e-01,-4.247945685246275471e-01,5.531534927275925106e-01,1.333125768018054380e+00
1.772305690547285595e+00,5.528197548034847753e-01,-4.248522925352474222e-01,5.528197548034847753e-01,1.334489711705930004e+00
1.773091282608698416e+00,5.524859715893410961e-01,-4.249098701870010486e-01,5.524859715893410961e-01,1.335854041141129267e+00
1.773876874670111237e+00,5.521521432001433860e-01,-4.249673014713947761e-01,5.521521432001433860e-01,1.337218755287199690e+00
1.774662466731524058e+00,5.518182697508797752e-01,-4.250245863799968493e-01,5.518182697508797752e-01,1.338583853106706023e+00
1.775448058792936878e+00,5.514843513565453881e-01,-4.250817249044373525e-01,5.514843513565453881e-01,1.339949333561228251e+00
1.776233650854349699e+00,5.511503881321415665e-01,-4.251387170364084311e-01,5.511503881321415665e-01,1.341315195611366251e+00
1.777019242915762520e+00,5.508163801926764247e-01,-4.251955627676640148e-01,5.508163801926764247e-01,1.342681438216737355e+00
1.777804834977175341e+00,5.504823276531642939e-01,-4.252522620900199835e-01,5.504823276531642939e-01,1.344048060335978345e+00
1.778590427038587940e+00,5.501482306286262780e-01,-4.253088149953541119e-01,5.501482306286262780e-01,1.345415060926746120e+00
1.779376019100000761e+00,5.498140892340894759e-01,-4.253652214756061811e-01,5.498140892340894759e-01,1.346782438945719917e+00
1.780161611161413582e+00,5.494799035845872037e-01,-4.254214815227777002e-01,5.494799035845872037e-01,1.348150193348598647e+00
1.780947203222826403e+00,5.491456737951595501e-01,-4.254775951289322400e-01,5.491456737951595501e-01,1.349518323090104888e+00
1.781732795284239224e+00,5.488113999808523769e-01,-4.255335622861952660e-01,5.488113999808523769e-01,1.350886827123984002e+00
1.782518387345652044e+00,5.484770822567178739e-01,-4.255893829867541389e-01,5.484770822567178739e-01,1.352255704403005909e+00
1.783303979407064865e+00,5.481427207378143374e-01,-4.256450572228580032e-01,5.481427207378143374e-01,1.353624953878963977e+00
1.784089571468477686e+00,5.478083155392059478e-01,-4.257005849868181757e-01,5.478083155392059478e-01,1.354994574502678795e+00
1.784875163529890507e+00,5.474738667759633248e-01,-4.257559662710077020e-01,5.474738667759633248e-01,1.356364565223996177e+00
1.785660755591303328e+00,5.471393745631625283e-01,-4.258112010678615778e-01,5.471393745631625283e-01,1.357734924991789605e+00
1.786446347652716149e+00,5.468048390158860572e-01,-4.258662893698766938e-01,5.468048390158860572e-01,1.359105652753959781e+00
1.787231939714128970e+00,5.464702602492217398e-01,-4.259212311696119468e-01,5.464702602492217398e-01,1.360476747457436852e+00
1.788017531775541791e+00,5.461356383782637325e-01,-4.259760264596880175e-01,5.461356383782637325e-01,1.361848208048179742e+00
1.788803123836954390e+00,5.458009735181116318e-01,-4.260306752327876478e-01,5.458009735181116318e-01,1.363220033471177484e+00
1.789588715898367210e+00,5.454662657838709183e-01,-4.260851774816554194e-01,5.454662657838709183e-01,1.364592222670451438e+00
1.790374307959780031e+00,5.451315152906526240e-01,-4.261395331990977531e-01,5.451315152906526240e-01,1.365964774589052855e+00
1.791159900021192852e+00,5.447967221535734428e-01,-4.261937423779831868e-01,5.447967221535734428e-01,1.367337688169067089e+00
1.791945492082605673e+00,5.444618864877558417e-01,-4.262478050112419314e-01,5.444618864877558417e-01,1.368710962351611160e+00
1.792731084144018494e+00,5.441270084083275060e-01,-4.263017210918662592e-01,5.441270084083275060e-01,1.370084596076838190e+00
1.793516676205431315e+00,5.437920880304218940e-01,-4.263554906129104483e-01,5.437920880304218940e-01,1.371458588283934743e+00
1.794302268266844136e+00,5.434571254691775710e-01,-4.264091135674904498e-01,5.434571254691775710e-01,1.372832937911123485e+00
1.795087860328256957e+00,5.431221208397388756e-01,-4.264625899487842764e-01,5.431221208397388756e-01,1.374207643895663411e+00
1.795873452389669778e+00,5.427870742572551421e-01,-4.265159197500318911e-01,5.427870742572551421e-01,1.375582705173851172e+00
1.796659044451082599e+00,5.424519858368811454e-01,-4.265691029645350962e-01,5.424519858368811454e-01,1.376958120681021303e+00
1.797444636512495419e+00,5.421168556937769889e-01,-4.266221395856577003e-01,5.421168556937769889e-01,1.378333889351547326e+00
1.798230228573908240e+00,5.417816839431076614e-01,-4.266750296068252957e-01,5.417816839431076614e-01,1.379710010118841756e+00
1.799015820635320839e+00,5.414464707000437027e-01,-4.267277730215254250e-01,5.414464707000437027e-01,1.381086481915357433e+00
1.799801412696733660e+00,5.411112160797603154e-01,-4.267803698233076926e-01,5.411112160797603154e-01,1.382463303672589960e+00
1.800587004758146481e+00,5.407759201974380314e-01,-4.268328200057834865e-01,5.407759201974380314e-01,1.383840474321076153e+00
1.801372596819559302e+00,5.404405831682623784e-01,-4.268851235626260343e-01,5.404405831682623784e-01,1.385217992790394481e+00
1.802158188880972123e+00,5.401052051074237692e-01,-4.269372804875707361e-01,5.401052051074237692e-01,1.386595858009168181e+00
1.802943780942384944e+00,5.397697861301172795e-01,-4.269892907744146093e-01,5.397697861301172795e-01,1.387974068905065028e+00
1.803729373003797765e+00,5.394343263515433140e-01,-4.270411544170167883e-01,5.394343263515433140e-01,1.389352624404797121e+00
1.804514965065210585e+00,5.390988258869066074e-01,-4.270928714092982470e-01,5.390988258869066074e-01,1.390731523434123762e+00
1.805300557126623406e+00,5.387632848514170014e-01,-4.271444417452418540e-01,5.387632848514170014e-01,1.392110764917849464e+00
1.806086149188036227e+00,5.384277033602888896e-01,-4.271958654188924842e-01,5.384277033602888896e-01,1.393490347779827943e+00
1.806871741249449048e+00,5.380920815287412173e-01,-4.272471424243568516e-01,5.380920815287412173e-01,1.394870270942960566e+00
1.807657333310861869e+00,5.377564194719978152e-01,-4.272982727558036209e-01,5.377564194719978152e-01,1.396250533329197685e+00
1.808442925372274690e+00,5.374207173052866215e-01,-4.273492564074632405e-01,5.374207173052866215e-01,1.397631133859539965e+00
1.809228517433687289e+00,5.370849751438406816e-01,-4.274000933736282204e-01,5.370849751438406816e-01,1.399012071454038608e+00
1.810014109495100110e+00,5.367491931028969265e-01,-4.274507836486530210e-01,5.367491931028969265e-01,1.400393345031797798e+00
1.810799701556512931e+00,5.364133712976970614e-01,-4.275013272269538311e-01,5.364133712976970614e-01,1.401774953510971811e+00
1.811585293617925752e+00,5.360775098434870101e-01,-4.275517241030088456e-01,5.360775098434870101e-01,1.403156895808770344e+00
1.812370885679338572e+00,5.357416088555171374e-01,-4.276019742713582095e-01,5.357416088555171374e-01,1.404539170841455631e+00
1.813156477740751393e+00,5.354056684490418050e-01,-4.276520777266039630e-01,5.354056684490418050e-01,1.405921777524345773e+00
1.813942069802164214e+00,5.350696887393198153e-01,-4.277020344634099858e-01,5.350696887393198153e-01,1.407304714771813847e+00
1.814727661863577035e+00,5.347336698416141898e-01,-4.277518444765020522e-01,5.347336698416141898e-01,1.408687981497289909e+00
1.815513253924989856e+00,5.343976118711918355e-01,-4.278015077606679983e-01,5.343976118711918355e-01,1.410071576613261435e+00
1.816298845986402677e+00,5.340615149433238784e-01,-4.278510243107574440e-01,5.340615149433238784e-01,1.411455499031273098e+00
1.817084438047815498e+00,5.337253791732856634e-01,-4.279003941216818485e-01,5.337253791732856634e-01,1.412839747661929213e+00
1.817870030109228319e+00,5.333892046763559769e-01,-4.279496171884147881e-01,5.333892046763559769e-01,1.414224321414894625e+00
1.818655622170641140e+00,5.330529915678180464e-01,-4.279986935059915676e-01,5.330529915678180464e-01,1.415609219198893154e+00
1.819441214232053738e+00,5.327167399629587630e-01,-4.280476230695093864e-01,5.327167399629587630e-01,1.416994439921710480e+00
1.820226806293466559e+00,5.323804499770687926e-01,-4.280964058741274503e-01,5.323804499770687926e-01,1.418379982490195701e+00
1.821012398354879380e+00,5.320441217254425759e-01,-4.281450419150668041e-01,5.320441217254425759e-01,1.419765845810259552e+00
1.821797990416292201e+00,5.317077553233785503e-01,-4.281935311876104433e-01,5.317077553233785503e-01,1.421152028786877297e+00
1.822583582477705022e+00,5.313713508861784840e-01,-4.282418736871032028e-01,5.313713508861784840e-01,1.422538530324088502e+00
1.823369174539117843e+00,5.310349085291479199e-01,-4.282900694089518678e-01,5.310349085291479199e-01,1.423925349324999035e+00
1.824154766600530664e+00,5.306984283675960645e-01,-4.283381183486250077e-01,5.306984283675960645e-01,1.425312484691779957e+00
1.824940358661943485e+00,5.303619105168356773e-01,-4.283860205016531975e-01,5.303619105168356773e-01,1.426699935325669966e+00
1.825725950723356306e+00,5.300253550921827372e-01,-4.284337758636289628e-01,5.300253550921827372e-01,1.428087700126976278e+00
1.826511542784769127e+00,5.296887622089568870e-01,-4.284813844302064467e-01,5.296887622089568870e-01,1.429475777995073971e+00
1.827297134846181947e+00,5.293521319824812110e-01,-4.285288461971020202e-01,5.293521319824812110e-01,1.430864167828408640e+00
1.828082726907594768e+00,5.290154645280819024e-01,-4.285761611600937826e-01,5.290154645280819024e-01,1.432252868524495959e+00
1.828868318969007589e+00,5.286787599610885957e-01,-4.286233293150216173e-01,5.286787599610885957e-01,1.433641878979922568e+00
1.829653911030420188e+00,5.283420183968343675e-01,-4.286703506577875245e-01,5.283420183968343675e-01,1.435031198090347848e+00
1.830439503091833009e+00,5.280052399506549587e-01,-4.287172251843552884e-01,5.280052399506549587e-01,1.436420824750504588e+00
1.831225095153245830e+00,5.276684247378897741e-01,-4.287639528907504771e-01,5.276684247378897741e-01,1.437810757854197874e+00
1.832010687214658651e+00,5.273315728738809938e-01,-4.288105337730607203e-01,5.273315728738809938e-01,1.439200996294308865e+00
1.832796279276071472e+00,5.269946844739741287e-01,-4.288569678274354313e-01,5.269946844739741287e-01,1.440591538962793239e+00
1.833581871337484293e+00,5.266577596535173544e-01,-4.289032550500859187e-01,5.266577596535173544e-01,1.441982384750683854e+00
1.834367463398897113e+00,5.263207985278621770e-01,-4.289493954372853302e-01,5.263207985278621770e-01,1.443373532548090088e+00
1.835153055460309934e+00,5.259838012123625450e-01,-4.289953889853687641e-01,5.259838012123625450e-01,1.444764981244199609e+00
1.835938647521722755e+00,5.256467678223757378e-01,-4.290412356907332136e-01,5.256467678223757378e-01,1.446156729727278600e+00
1.836724239583135576e+00,5.253096984732615882e-01,-4.290869355498374005e-01,5.253096984732615882e-01,1.447548776884673538e+00
1.837509831644548397e+00,5.249725932803825934e-01,-4.291324885592021077e-01,5.249725932803825934e-01,1.448941121602810966e+00
1.838295423705961218e+00,5.246354523591042485e-01,-4.291778947154098467e-01,5.246354523591042485e-01,1.450333762767198831e+00
1.839081015767374039e+00,5.242982758247944908e-01,-4.292231540151050795e-01,5.242982758247944908e-01,1.451726699262427145e+00
1.839866607828786638e+00,5.239610637928240333e-01,-4.292682664549941074e-01,5.239610637928240333e-01,1.453119929972169544e+00
1.840652199890199459e+00,5.236238163785658095e-01,-4.293132320318450712e-01,5.236238163785658095e-01,1.454513453779183285e+00
1.841437791951612279e+00,5.232865336973955284e-01,-4.293580507424880621e-01,5.232865336973955284e-01,1.455907269565310358e+00
1.842223384013025100e+00,5.229492158646915634e-01,-4.294027225838149553e-01,5.229492158646915634e-01,1.457301376211478372e+00
1.843008976074437921e+00,5.226118629958343975e-01,-4.294472475527795208e-01,5.226118629958343975e-01,1.458695772597701446e+00
1.843794568135850742e+00,5.222744752062068452e-01,-4.294916256463973681e-01,5.222744752062068452e-01,1.460090457603080871e+00
1.844580160197263563e+00,5.219370526111943853e-01,-4.295358568617460016e-01,5.219370526111943853e-01,1.461485430105806227e+00
1.845365752258676384e+00,5.215995953261842732e-01,-4.295799411959647096e-01,5.215995953261842732e-01,1.462880688983155819e+00
1.846151344320089205e+00,5.212621034665664288e-01,-4.296238786462547865e-01,5.212621034665664288e-01,1.464276233111498460e+00
1.846936936381502026e+00,5.209245771477328812e-01,-4.296676692098791994e-01,5.209245771477328812e-01,1.465672061366293244e+00
1.847722528442914847e+00,5.205870164850774362e-01,-4.297113128841628660e-01,5.205870164850774362e-01,1.467068172622090882e+00
1.848508120504327668e+00,5.202494215939964528e-01,-4.297548096664925432e-01,5.202494215939964528e-01,1.468464565752534590e+00
1.849293712565740488e+00,5.199117925898878445e-01,-4.297981595543168276e-01,5.199117925898878445e-01,1.469861239630360972e+00
1.850079304627153087e+00,5.195741295881520783e-01,-4.298413625451460995e-01,5.195741295881520783e-01,1.471258193127400027e+00
1.850864896688565908e+00,5.192364327041909533e-01,-4.298844186365527453e-01,5.192364327041909533e-01,1.472655425114578698e+00
1.851650488749978729e+00,5.188987020534084893e-01,-4.299273278261707687e-01,5.188987020534084893e-01,1.474052934461917541e+00
1.852436080811391550e+00,5.185609377512104823e-01,-4.299700901116962348e-01,5.185609377512104823e-01,1.475450720038535390e+00
1.853221672872804371e+00,5.182231399130045046e-01,-4.300127054908868818e-01,5.182231399130045046e-01,1.476848780712648024e+00
1.854007264934217192e+00,5.178853086541999051e-01,-4.300551739615623981e-01,5.178853086541999051e-01,1.478247115351569940e+00
1.854792856995630013e+00,5.175474440902076978e-01,-4.300974955216042006e-01,5.175474440902076978e-01,1.479645722821714804e+00
1.855578449057042834e+00,5.172095463364404511e-01,-4.301396701689555457e-01,5.172095463364404511e-01,1.481044601988596332e+00
1.856364041118455654e+00,5.168716155083123986e-01,-4.301816979016216402e-01,5.168716155083123986e-01,1.482443751716830072e+00
1.857149633179868475e+00,5.165336517212393286e-01,-4.302235787176694193e-01,5.165336517212393286e-01,1.483843170870132733e+00
1.857935225241281296e+00,5.161956550906385832e-01,-4.302653126152276020e-01,5.161956550906385832e-01,1.485242858311323744e+00
1.858720817302694117e+00,5.158576257319287262e-01,-4.303068995924868023e-01,5.158576257319287262e-01,1.486642812902327249e+00
1.859506409364106938e+00,5.155195637605299863e-01,-4.303483396476994738e-01,5.155195637605299863e-01,1.488043033504170776e+00
1.860292001425519537e+00,5.151814692918639249e-01,-4.303896327791797982e-01,5.151814692918639249e-01,1.489443518976987679e+00
1.861077593486932358e+00,5.148433424413531023e-01,-4.304307789853037969e-01,5.148433424413531023e-01,1.490844268180018251e+00
1.861863185548345179e+00,5.145051833244216333e-01,-4.304717782645093860e-01,5.145051833244216333e-01,1.492245279971609273e+00
1.862648777609758000e+00,5.141669920564946317e-01,-4.305126306152961546e-01,5.141669920564946317e-01,1.493646553209215355e+00
1.863434369671170820e+00,5.138287687529985437e-01,-4.305533360362255868e-01,5.138287687529985437e-01,1.495048086749400706e+00
1.864219961732583641e+00,5.134905135293608147e-01,-4.305938945259210060e-01,5.134905135293608147e-01,1.496449879447839137e+00
1.865005553793996462e+00,5.131522265010100003e-01,-4.306343060830674641e-01,5.131522265010100003e-01,1.497851930159314726e+00
1.865791145855409283e+00,5.128139077833756554e-01,-4.306745707064117967e-01,5.128139077833756554e-01,1.499254237737723816e+00
1.866576737916822104e+00,5.124755574918883338e-01,-4.307146883947626792e-01,5.124755574918883338e-01,1.500656801036074572e+00
1.867362329978234925e+00,5.121371757419792559e-01,-4.307546591469906261e-01,5.121371757419792559e-01,1.502059618906488758e+00
1.868147922039647746e+00,5.117987626490808628e-01,-4.307944829620277694e-01,5.117987626490808628e-01,1.503462690200202179e+00
1.868933514101060567e+00,5.114603183286262622e-01,-4.308341598388683025e-01,5.114603183286262622e-01,1.504866013767566235e+00
1.869719106162473388e+00,5.111218428960492277e-01,-4.308736897765678697e-01,5.111218428960492277e-01,1.506269588458047481e+00
1.870504698223885987e+00,5.107833364667844211e-01,-4.309130727742442324e-01,5.107833364667844211e-01,1.507673413120229844e+00
1.871290290285298807e+00,5.104447991562668374e-01,-4.309523088310766581e-01,5.104447991562668374e-01,1.509077486601815288e+00
1.872075882346711628e+00,5.101062310799325816e-01,-4.309913979463064204e-01,5.101062310799325816e-01,1.510481807749624261e+00
1.872861474408124449e+00,5.097676323532180920e-01,-4.310303401192363548e-01,5.097676323532180920e-01,1.511886375409596139e+00
1.873647066469537270e+00,5.094290030915601397e-01,-4.310691353492312472e-01,5.094290030915601397e-01,1.513291188426791223e+00
1.874432658530950091e+00,5.090903434103963843e-01,-4.311077836357175008e-01,5.090903434103963843e-01,1.514696245645390738e+00
1.875218250592362912e+00,5.087516534251645961e-01,-4.311462849781834139e-01,5.087516534251645961e-01,1.516101545908698833e+00
1.876003842653775733e+00,5.084129332513028787e-01,-4.311846393761789020e-01,5.084129332513028787e-01,1.517507088059141918e+00
1.876789434715188554e+00,5.080741830042500018e-01,-4.312228468293158312e-01,5.080741830042500018e-01,1.518912870938271098e+00
1.877575026776601375e+00,5.077354027994447350e-01,-4.312609073372676849e-01,5.077354027994447350e-01,1.520318893386762182e+00
1.878360618838014195e+00,5.073965927523260699e-01,-4.312988208997696749e-01,5.073965927523260699e-01,1.521725154244416123e+00
1.879146210899427016e+00,5.070577529783333315e-01,-4.313365875166189078e-01,5.070577529783333315e-01,1.523131652350161236e+00
1.879931802960839837e+00,5.067188835929060664e-01,-4.313742071876741080e-01,5.067188835929060664e-01,1.524538386542052981e+00
1.880717395022252436e+00,5.063799847114835995e-01,-4.314116799128557278e-01,5.063799847114835995e-01,1.525945355657275515e+00
1.881502987083665257e+00,5.060410564495053665e-01,-4.314490056921461147e-01,5.060410564495053665e-01,1.527352558532142801e+00
1.882288579145078078e+00,5.057020989224111363e-01,-4.314861845255892336e-01,5.057020989224111363e-01,1.528759994002098388e+00
1.883074171206490899e+00,5.053631122456401226e-01,-4.315232164132907777e-01,5.053631122456401226e-01,1.530167660901717408e+00
1.883859763267903720e+00,5.050240965346317612e-01,-4.315601013554182241e-01,5.050240965346317612e-01,1.531575558064706355e+00
1.884645355329316541e+00,5.046850519048252659e-01,-4.315968393522007229e-01,5.046850519048252659e-01,1.532983684323905305e+00
1.885430947390729362e+00,5.043459784716595173e-01,-4.316334304039292080e-01,5.043459784716595173e-01,1.534392038511288137e+00
1.886216539452142182e+00,5.040068763505733962e-01,-4.316698745109562863e-01,5.040068763505733962e-01,1.535800619457963645e+00
1.887002131513555003e+00,5.036677456570053391e-01,-4.317061716736963484e-01,5.036677456570053391e-01,1.537209425994176426e+00
1.887787723574967824e+00,5.033285865063933384e-01,-4.317423218926254025e-01,5.033285865063933384e-01,1.538618456949307101e+00
1.888573315636380645e+00,5.029893990141750537e-01,-4.317783251682812407e-01,5.029893990141750537e-01,1.540027711151873646e+00
1.889358907697793466e+00,5.026501832957878113e-01,-4.318141815012633278e-01,5.026501832957878113e-01,1.541437187429533839e+00
1.890144499759206287e+00,5.023109394666682714e-01,-4.318498908922328017e-01,5.023109394666682714e-01,1.542846884609082814e+00
1.890930091820618886e+00,5.019716676422527613e-01,-4.318854533419126396e-01,5.019716676422527613e-01,1.544256801516457278e+00
1.891715683882031707e+00,5.016323679379768308e-01,-4.319208688510873251e-01,5.016323679379768308e-01,1.545666936976735517e+00
1.892501275943444528e+00,5.012930404692752528e-01,-4.319561374206031812e-01,5.012930404692752528e-01,1.547077289814136503e+00
1.893286868004857348e+00,5.009536853515825783e-01,-4.319912590513682038e-01,5.009536853515825783e-01,1.548487858852023225e+00
1.894072460066270169e+00,5.006143027003321366e-01,-4.320262337443518952e-01,5.006143027003321366e-01,1.549898642912901359e+00
1.894858052127682990e+00,5.002748926309569244e-01,-4.320610615005857635e-01,5.002748926309569244e-01,1.551309640818423041e+00
1.895643644189095811e+00,4.999354552588886058e-01,-4.320957423211627124e-01,4.999354552588886058e-01,1.552720851389384871e+00
1.896429236250508632e+00,4.995959906995583455e-01,-4.321302762072374293e-01,4.995959906995583455e-01,1.554132273445730572e+00
1.897214828311921453e+00,4.992564990683961978e-01,-4.321646631600262189e-01,4.992564990683961978e-01,1.555543905806551219e+00
1.898000420373334274e+00,4.989169804808313291e-01,-4.321989031808072257e-01,4.989169804808313291e-01,1.556955747290086789e+00
1.898786012434747095e+00,4.985774350522918508e-01,-4.322329962709200446e-01,4.985774350522918508e-01,1.558367796713725939e+00
1.899571604496159916e+00,4.982378628982047086e-01,-4.322669424317660547e-01,4.982378628982047086e-01,1.559780052894008673e+00
1.900357196557572736e+00,4.978982641339958493e-01,-4.323007416648082524e-01,4.978982641339958493e-01,1.561192514646625229e+00
1.901142788618985335e+00,4.975586388750901090e-01,-4.323343939715712514e-01,4.975586388750901090e-01,1.562605180786418080e+00
1.901928380680398156e+00,4.972189872369107699e-01,-4.323678993536413939e-01,4.972189872369107699e-01,1.564018050127384152e+00
1.902713972741810977e+00,4.968793093348801704e-01,-4.324012578126666395e-01,4.968793093348801704e-01,1.565431121482672827e+00
1.903499564803223798e+00,4.965396052844191499e-01,-4.324344693503564541e-01,4.965396052844191499e-01,1.566844393664588830e+00
1.904285156864636619e+00,4.961998752009473268e-01,-4.324675339684821984e-01,4.961998752009473268e-01,1.568257865484593339e+00
1.905070748926049440e+00,4.958601191998828206e-01,-4.325004516688766842e-01,4.958601191998828206e-01,1.569671535753303981e+00
1.905856340987462261e+00,4.955203373966423075e-01,-4.325332224534343961e-01,4.955203373966423075e-01,1.571085403280495507e+00
1.906641933048875082e+00,4.951805299066408539e-01,-4.325658463241113805e-01,4.951805299066408539e-01,1.572499466875102447e+00
1.907427525110287903e+00,4.948406968452921384e-01,-4.325983232829254121e-01,4.948406968452921384e-01,1.573913725345218007e+00
1.908213117171700723e+00,4.945008383280081188e-01,-4.326306533319558278e-01,4.945008383280081188e-01,1.575328177498096505e+00
1.908998709233113544e+00,4.941609544701990875e-01,-4.326628364733435261e-01,4.941609544701990875e-01,1.576742822140153377e+00
1.909784301294526365e+00,4.938210453872736716e-01,-4.326948727092911895e-01,4.938210453872736716e-01,1.578157658076966730e+00
1.910569893355939186e+00,4.934811111946387774e-01,-4.327267620420628402e-01,4.934811111946387774e-01,1.579572684113277781e+00
1.911355485417351785e+00,4.931411520076994792e-01,-4.327585044739843401e-01,4.931411520076994792e-01,1.580987899052991974e+00
1.912141077478764606e+00,4.928011679418589086e-01,-4.327901000074430016e-01,4.928011679418589086e-01,1.582403301699180531e+00
1.912926669540177427e+00,4.924611591125183652e-01,-4.328215486448878102e-01,4.924611591125183652e-01,1.583818890854080008e+00
1.913712261601590248e+00,4.921211256350772056e-01,-4.328528503888292023e-01,4.921211256350772056e-01,1.585234665319094516e+00
1.914497853663003069e+00,4.917810676249328994e-01,-4.328840052418393980e-01,4.917810676249328994e-01,1.586650623894795942e+00
1.915283445724415889e+00,4.914409851974806953e-01,-4.329150132065520684e-01,4.914409851974806953e-01,1.588066765380925727e+00
1.916069037785828710e+00,4.911008784681137884e-01,-4.329458742856624465e-01,4.911008784681137884e-01,1.589483088576394199e+00
1.916854629847241531e+00,4.907607475522233198e-01,-4.329765884819273825e-01,4.907607475522233198e-01,1.590899592279283681e+00
1.917640221908654352e+00,4.904205925651982101e-01,-4.330071557981652886e-01,4.904205925651982101e-01,1.592316275286847382e+00
1.918425813970067173e+00,4.900804136224250485e-01,-4.330375762372560833e-01,4.900804136224250485e-01,1.593733136395511618e+00
1.919211406031479994e+00,4.897402108392882036e-01,-4.330678498021413025e-01,4.897402108392882036e-01,1.595150174400876475e+00
1.919996998092892815e+00,4.893999843311697684e-01,-4.330979764958239886e-01,4.893999843311697684e-01,1.596567388097716478e+00
1.920782590154305636e+00,4.890597342134493930e-01,-4.331279563213688011e-01,4.890597342134493930e-01,1.597984776279981922e+00
1.921568182215718235e+00,4.887194606015042853e-01,-4.331577892819018505e-01,4.887194606015042853e-01,1.599402337740799096e+00
1.922353774277131055e+00,4.883791636107091549e-01,-4.331874753806108092e-01,4.883791636107091549e-01,1.600820071272473166e+00
1.923139366338543876e+00,4.880388433564362138e-01,-4.332170146207449113e-01,4.880388433564362138e-01,1.602237975666485958e+00
1.923924958399956697e+00,4.876984999540551757e-01,-4.332464070056149530e-01,4.876984999540551757e-01,1.603656049713500176e+00
1.924710550461369518e+00,4.873581335189329233e-01,-4.332756525385931257e-01,4.873581335189329233e-01,1.605074292203357400e+00
1.925496142522782339e+00,4.870177441664338969e-01,-4.333047512231132381e-01,4.870177441664338969e-01,1.606492701925082089e+00
1.926281734584195160e+00,4.866773320119197055e-01,-4.333337030626705499e-01,4.866773320119197055e-01,1.607911277666879357e+00
1.927067326645607981e+00,4.863368971707490718e-01,-4.333625080608218827e-01,4.863368971707490718e-01,1.609330018216138525e+00
1.927852918707020802e+00,4.859964397582781648e-01,-4.333911662211855087e-01,4.859964397582781648e-01,1.610748922359433122e+00
1.928638510768433623e+00,4.856559598898600449e-01,-4.334196775474413177e-01,4.856559598898600449e-01,1.612167988882521108e+00
1.929424102829846444e+00,4.853154576808449971e-01,-4.334480420433304837e-01,4.853154576808449971e-01,1.613587216570347316e+00
1.930209694891259264e+00,4.849749332465803087e-01,-4.334762597126558537e-01,4.849749332465803087e-01,1.615006604207042562e+00
1.930995286952672085e+00,4.846343867024102137e-01,-4.335043305592817253e-01,4.846343867024102137e-01,1.616426150575926979e+00
1.931780879014084684e+00,4.842938181636760597e-01,-4.335322545871337918e-01,4.842938181636760597e-01,1.617845854459508237e+00
1.932566471075497505e+00,4.839532277457156972e-01,-4.335600318001993081e-01,4.839532277457156972e-01,1.619265714639485543e+00
1.933352063136910326e+00,4.836126155638642565e-01,-4.335876622025269245e-01,4.836126155638642565e-01,1.620685729896747640e+00
1.934137655198323147e+00,4.832719817334533707e-01,-4.336151457982267976e-01,4.832719817334533707e-01,1.622105899011375252e+00
1.934923247259735968e+00,4.829313263698116199e-01,-4.336424825914705350e-01,4.829313263698116199e-01,1.623526220762642414e+00
1.935708839321148789e+00,4.825906495882641423e-01,-4.336696725864911950e-01,4.825906495882641423e-01,1.624946693929017139e+00
1.936494431382561610e+00,4.822499515041328011e-01,-4.336967157875833423e-01,4.822499515041328011e-01,1.626367317288161418e+00
1.937280023443974430e+00,4.819092322327360178e-01,-4.337236121991028259e-01,4.819092322327360178e-01,1.627788089616932998e+00
1.938065615505387251e+00,4.815684918893887723e-01,-4.337503618254671123e-01,4.815684918893887723e-01,1.629209009691387378e+00
1.938851207566800072e+00,4.812277305894025470e-01,-4.337769646711550076e-01,4.812277305894025470e-01,1.630630076286776253e+00
1.939636799628212893e+00,4.808869484480853829e-01,-4.338034207407067133e-01,4.808869484480853829e-01,1.632051288177550852e+00
1.940422391689625714e+00,4.805461455807415461e-01,-4.338297300387238820e-01,4.805461455807415461e-01,1.633472644137361485e+00
1.941207983751038535e+00,4.802053221026717500e-01,-4.338558925698696722e-01,4.802053221026717500e-01,1.634894142939059547e+00
1.941993575812451134e+00,4.798644781291732109e-01,-4.338819083388685272e-01,4.798644781291732109e-01,1.636315783354697295e+00
1.942779167873863955e+00,4.795236137755390371e-01,-4.339077773505063407e-01,4.795236137755390371e-01,1.637737564155530734e+00
1.943564759935276776e+00,4.791827291570587843e-01,-4.339334996096304020e-01,4.791827291570587843e-01,1.639159484112017839e+00
1.944350351996689596e+00,4.788418243890181225e-01,-4.339590751211494513e-01,4.788418243890181225e-01,1.640581541993821890e+00
1.945135944058102417e+00,4.785008995866989467e-01,-4.339845038900335683e-01,4.785008995866989467e-01,1.642003736569811689e+00
1.945921536119515238e+00,4.781599548653790444e-01,-4.340097859213141174e-01,4.781599548653790444e-01,1.643426066608061342e+00
1.946707128180928059e+00,4.778189903403323724e-01,-4.340349212200840245e-01,4.778189903403323724e-01,1.644848530875854031e+00
1.947492720242340880e+00,4.774780061268287801e-01,-4.340599097914975002e-01,4.774780061268287801e-01,1.646271128139680240e+00
1.948278312303753701e+00,4.771370023401341198e-01,-4.340847516407701501e-01,4.771370023401341198e-01,1.647693857165239750e+00
1.949063904365166522e+00,4.767959790955099697e-01,-4.341094467731788087e-01,4.767959790955099697e-01,1.649116716717443198e+00
1.949849496426579343e+00,4.764549365082139110e-01,-4.341339951940618724e-01,4.764549365082139110e-01,1.650539705560412518e+00
1.950635088487992164e+00,4.761138746934992505e-01,-4.341583969088189110e-01,4.761138746934992505e-01,1.651962822457480939e+00
1.951420680549404985e+00,4.757727937666149653e-01,-4.341826519229109449e-01,4.757727937666149653e-01,1.653386066171196545e+00
1.952206272610817583e+00,4.754316938428058692e-01,-4.342067602418603345e-01,4.754316938428058692e-01,1.654809435463320266e+00
1.952991864672230404e+00,4.750905750373121683e-01,-4.342307218712507244e-01,4.750905750373121683e-01,1.656232929094829665e+00
1.953777456733643225e+00,4.747494374653698501e-01,-4.342545368167270436e-01,4.747494374653698501e-01,1.657656545825917149e+00
1.954563048795056046e+00,4.744082812422104056e-01,-4.342782050839956720e-01,4.744082812422104056e-01,1.659080284415993534e+00
1.955348640856468867e+00,4.740671064830608294e-01,-4.343017266788242181e-01,4.740671064830608294e-01,1.660504143623686923e+00
1.956134232917881688e+00,4.737259133031435643e-01,-4.343251016070415749e-01,4.737259133031435643e-01,1.661928122206845160e+00
1.956919824979294509e+00,4.733847018176763344e-01,-4.343483298745379750e-01,4.733847018176763344e-01,1.663352218922536263e+00
1.957705417040707330e+00,4.730434721418723676e-01,-4.343714114872649912e-01,4.730434721418723676e-01,1.664776432527049099e+00
1.958491009102120151e+00,4.727022243909401733e-01,-4.343943464512354247e-01,4.727022243909401733e-01,1.666200761775895378e+00
1.959276601163532971e+00,4.723609586800833759e-01,-4.344171347725233612e-01,4.723609586800833759e-01,1.667625205423808987e+00
1.960062193224945792e+00,4.720196751245009370e-01,-4.344397764572642262e-01,4.720196751245009370e-01,1.669049762224749101e+00
1.960847785286358613e+00,4.716783738393869330e-01,-4.344622715116546185e-01,4.716783738393869330e-01,1.670474430931899068e+00
1.961633377347771434e+00,4.713370549399305554e-01,-4.344846199419525323e-01,4.713370549399305554e-01,1.671899210297669525e+00
1.962418969409184255e+00,4.709957185413160552e-01,-4.345068217544771350e-01,4.709957185413160552e-01,1.673324099073697058e+00
1.963204561470596854e+00,4.706543647587227985e-01,-4.345288769556088226e-01,4.706543647587227985e-01,1.674749096010846872e+00
1.963990153532009675e+00,4.703129937073247668e-01,-4.345507855517893314e-01,4.703129937073247668e-01,1.676174199859214120e+00
1.964775745593422496e+00,4.699716055022912231e-01,-4.345725475495216261e-01,4.699716055022912231e-01,1.677599409368123240e+00
1.965561337654835317e+00,4.696302002587861568e-01,-4.345941629553697894e-01,4.696302002587861568e-01,1.679024723286129506e+00
1.966346929716248138e+00,4.692887780919683949e-01,-4.346156317759592436e-01,4.692887780919683949e-01,1.680450140361021250e+00
1.967132521777660958e+00,4.689473391169914906e-01,-4.346369540179766400e-01,4.689473391169914906e-01,1.681875659339819418e+00
1.967918113839073779e+00,4.686058834490038905e-01,-4.346581296881698031e-01,4.686058834490038905e-01,1.683301278968779569e+00
1.968703705900486600e+00,4.682644112031484340e-01,-4.346791587933477863e-01,4.682644112031484340e-01,1.684726997993392095e+00
1.969489297961899421e+00,4.679229224945627985e-01,-4.347000413403808161e-01,4.679229224945627985e-01,1.686152815158383111e+00
1.970274890023312242e+00,4.675814174383792210e-01,-4.347207773362004035e-01,4.675814174383792210e-01,1.687578729207717121e+00
1.971060482084725063e+00,4.672398961497243874e-01,-4.347413667877991217e-01,4.672398961497243874e-01,1.689004738884595902e+00
1.971846074146137884e+00,4.668983587437194882e-01,-4.347618097022308836e-01,4.668983587437194882e-01,1.690430842931460731e+00
1.972631666207550705e+00,4.665568053354802180e-01,-4.347821060866106091e-01,4.665568053354802180e-01,1.691857040089992825e+00
1.973417258268963304e+00,4.662152360401166651e-01,-4.348022559481145022e-01,4.662152360401166651e-01,1.693283329101114454e+00
1.974202850330376124e+00,4.658736509727330333e-01,-4.348222592939799958e-01,4.658736509727330333e-01,1.694709708704991824e+00
1.974988442391788945e+00,4.655320502484280309e-01,-4.348421161315054739e-01,4.655320502484280309e-01,1.696136177641031972e+00
1.975774034453201766e+00,4.651904339822946488e-01,-4.348618264680506051e-01,4.651904339822946488e-01,1.697562734647887206e+00
1.976559626514614587e+00,4.648488022894198823e-01,-4.348813903110362866e-01,4.648488022894198823e-01,1.698989378463455990e+00
1.977345218576027408e+00,4.645071552848850649e-01,-4.349008076679443668e-01,4.645071552848850649e-01,1.700416107824881395e+00
1.978130810637440229e+00,4.641654930837654791e-01,-4.349200785463180341e-01,4.641654930837654791e-01,1.701842921468555536e+00
1.978916402698853050e+00,4.638238158011305234e-01,-4.349392029537613169e-01,4.638238158011305234e-01,1.703269818130116908e+00
1.979701994760265871e+00,4.634821235520436011e-01,-4.349581808979396946e-01,4.634821235520436011e-01,1.704696796544455051e+00
1.980487586821678692e+00,4.631404164515620647e-01,-4.349770123865795424e-01,4.631404164515620647e-01,1.706123855445708992e+00
1.981273178883091513e+00,4.627986946147371605e-01,-4.349956974274683530e-01,4.627986946147371605e-01,1.707550993567269693e+00
1.982058770944504333e+00,4.624569581566139731e-01,-4.350142360284548482e-01,4.624569581566139731e-01,1.708978209641779600e+00
1.982844363005917154e+00,4.621152071922314808e-01,-4.350326281974487008e-01,4.621152071922314808e-01,1.710405502401135092e+00
1.983629955067329753e+00,4.617734418366223892e-01,-4.350508739424207016e-01,4.617734418366223892e-01,1.711832870576486920e+00
1.984415547128742574e+00,4.614316622048130201e-01,-4.350689732714028146e-01,4.614316622048130201e-01,1.713260312898242210e+00
1.985201139190155395e+00,4.610898684118234225e-01,-4.350869261924879550e-01,4.610898684118234225e-01,1.714687828096063127e+00
1.985986731251568216e+00,4.607480605726673173e-01,-4.351047327138301557e-01,4.607480605726673173e-01,1.716115414898869762e+00
1.986772323312981037e+00,4.604062388023519303e-01,-4.351223928436445121e-01,4.604062388023519303e-01,1.717543072034841245e+00
1.987557915374393858e+00,4.600644032158781038e-01,-4.351399065902071817e-01,4.600644032158781038e-01,1.718970798231415520e+00
1.988343507435806679e+00,4.597225539282400186e-01,-4.351572739618552732e-01,4.597225539282400186e-01,1.720398592215292011e+00
1.989129099497219499e+00,4.593806910544254163e-01,-4.351744949669870688e-01,4.593806910544254163e-01,1.721826452712430955e+00
1.989914691558632320e+00,4.590388147094153215e-01,-4.351915696140617462e-01,4.590388147094153215e-01,1.723254378448055180e+00
1.990700283620045141e+00,4.586969250081840421e-01,-4.352084979115996566e-01,4.586969250081840421e-01,1.724682368146652101e+00
1.991485875681457962e+00,4.583550220656993912e-01,-4.352252798681819912e-01,4.583550220656993912e-01,1.726110420531972833e+00
1.992271467742870783e+00,4.580131059969221874e-01,-4.352419154924511147e-01,4.580131059969221874e-01,1.727538534327034858e+00
1.993057059804283604e+00,4.576711769168064770e-01,-4.352584047931102318e-01,4.576711769168064770e-01,1.728966708254122020e+00
1.993842651865696203e+00,4.573292349402996448e-01,-4.352747477789236652e-01,4.573292349402996448e-01,1.730394941034785639e+00
1.994628243927109024e+00,4.569872801823418595e-01,-4.352909444587167442e-01,4.569872801823418595e-01,1.731823231389847617e+00
1.995413835988521845e+00,4.566453127578664617e-01,-4.353069948413755830e-01,4.566453127578664617e-01,1.733251578039397334e+00
1.996199428049934665e+00,4.563033327817999085e-01,-4.353228989358475243e-01,4.563033327817999085e-01,1.734679979702796748e+00
1.996985020111347486e+00,4.559613403690614408e-01,-4.353386567511406957e-01,4.559613403690614408e-01,1.736108435098679070e+00
1.997770612172760307e+00,4.556193356345633050e-01,-4.353542682963241761e-01,4.556193356345633050e-01,1.737536942944950535e+00
1.998556204234173128e+00,4.552773186932105309e-01,-4.353697335805281066e-01,4.552773186932105309e-01,1.738965501958791071e+00
1.999341796295585949e+00,4.549352896599009322e-01,-4.353850526129435239e-01,4.549352896599009322e-01,1.740394110856656518e+00
2.000127388356998548e+00,4.545932486495253277e-01,-4.354002254028223606e-01,4.545932486495253277e-01,1.741822768354277740e+00
2.000912980418411369e+00,4.542511957769667652e-01,-4.354152519594775561e-01,4.542511957769667652e-01,1.743251473166664400e+00
2.001698572479824190e+00,4.539091311571013532e-01,-4.354301322922828343e-01,4.539091311571013532e-01,1.744680224008102520e+00
2.002484164541237011e+00,4.535670549047976507e-01,-4.354448664106729816e-01,4.535670549047976507e-01,1.746109019592158251e+00
2.003269756602649831e+00,4.532249671349168341e-01,-4.354594543241435689e-01,4.532249671349168341e-01,1.747537858631677432e+00
2.004055348664062652e+00,4.528828679623126408e-01,-4.354738960422511740e-01,4.528828679623126408e-01,1.748966739838788031e+00
2.004840940725475473e+00,4.525407575018310924e-01,-4.354881915746131038e-01,4.525407575018310924e-01,1.750395661924899482e+00
2.005626532786888294e+00,4.521986358683108276e-01,-4.355023409309077831e-01,4.521986358683108276e-01,1.751824623600705788e+00
2.006412124848301115e+00,4.518565031765827689e-01,-4.355163441208742547e-01,4.518565031765827689e-01,1.753253623576183973e+00
2.007197716909713936e+00,4.515143595414701783e-01,-4.355302011543125684e-01,4.515143595414701783e-01,1.754682660560597629e+00
2.007983308971126757e+00,4.511722050777886017e-01,-4.355439120410836695e-01,4.511722050777886017e-01,1.756111733262496255e+00
2.008768901032539578e+00,4.508300399003457581e-01,-4.355574767911092327e-01,4.508300399003457581e-01,1.757540840389717474e+00
2.009554493093952399e+00,4.504878641239417059e-01,-4.355708954143718836e-01,4.504878641239417059e-01,1.758969980649387255e+00
2.010340085155365220e+00,4.501456778633683986e-01,-4.355841679209149775e-01,4.501456778633683986e-01,1.760399152747921026e+00
2.011125677216778040e+00,4.498034812334101296e-01,-4.355972943208427650e-01,4.498034812334101296e-01,1.761828355391025225e+00
2.011911269278190861e+00,4.494612743488429762e-01,-4.356102746243203372e-01,4.494612743488429762e-01,1.763257587283697969e+00
2.012696861339603682e+00,4.491190573244352446e-01,-4.356231088415735697e-01,4.491190573244352446e-01,1.764686847130230829e+00
2.013482453401016503e+00,4.487768302749470806e-01,-4.356357969828890675e-01,4.487768302749470806e-01,1.766116133634208163e+00
2.014268045462429324e+00,4.484345933151304142e-01,-4.356483390586143312e-01,4.484345933151304142e-01,1.767545445498510226e+00
2.015053637523842145e+00,4.480923465597292377e-01,-4.356607350791576461e-01,4.480923465597292377e-01,1.768974781425313170e+00
2.015839229585254966e+00,4.477500901234791608e-01,-4.356729850549880267e-01,4.477500901234791608e-01,1.770404140116089931e+00
2.016624821646667787e+00,4.474078241211076890e-01,-4.356850889966352169e-01,4.474078241211076890e-01,1.771833520271611340e+00
2.017410413708080608e+00,4.470655486673338896e-01,-4.356970469146898561e-01,4.470655486673338896e-01,1.773262920591948344e+00
2.018196005769493429e+00,4.467232638768686148e-01,-4.357088588198032020e-01,4.467232638768686148e-01,1.774692339776470673e+00
2.018981597830905805e+00,4.463809698644144452e-01,-4.357205247226874079e-01,4.463809698644144452e-01,1.776121776523850615e+00
2.019767189892318626e+00,4.460386667446649689e-01,-4.357320446341151898e-01,4.460386667446649689e-01,1.777551229532063237e+00
2.020552781953731447e+00,4.456963546323058911e-01,-4.357434185649201042e-01,4.456963546323058911e-01,1.778980697498385721e+00
2.021338374015144268e+00,4.453540336420140910e-01,-4.357546465259964363e-01,4.453540336420140910e-01,1.780410179119400471e+00
2.022123966076557089e+00,4.450117038884578990e-01,-4.357657285282991455e-01,4.450117038884578990e-01,1.781839673090994891e+00
2.022909558137969910e+00,4.446693654862972078e-01,-4.357766645828439200e-01,4.446693654862972078e-01,1.783269178108364050e+00
2.023695150199382731e+00,4.443270185501829173e-01,-4.357874547007071220e-01,4.443270185501829173e-01,1.784698692866009573e+00
2.024480742260795552e+00,4.439846631947574340e-01,-4.357980988930257871e-01,4.439846631947574340e-01,1.786128216057742746e+00
2.025266334322208372e+00,4.436422995346542830e-01,-4.358085971709976802e-01,4.436422995346542830e-01,1.787557746376684076e+00
2.026051926383621193e+00,4.432999276844982184e-01,-4.358189495458811846e-01,4.432999276844982184e-01,1.788987282515265509e+00
2.026837518445034014e+00,4.429575477589050569e-01,-4.358291560289954125e-01,4.429575477589050569e-01,1.790416823165230431e+00
2.027623110506446835e+00,4.426151598724817893e-01,-4.358392166317200389e-01,4.426151598724817893e-01,1.791846367017635666e+00
2.028408702567859656e+00,4.422727641398263576e-01,-4.358491313654954125e-01,4.422727641398263576e-01,1.793275912762851254e+00
2.029194294629272477e+00,4.419303606755277669e-01,-4.358589002418226110e-01,4.419303606755277669e-01,1.794705459090564226e+00
2.029979886690685298e+00,4.415879495941659183e-01,-4.358685232722632752e-01,4.415879495941659183e-01,1.796135004689776160e+00
2.030765478752098119e+00,4.412455310103116646e-01,-4.358780004684396636e-01,4.412455310103116646e-01,1.797564548248806515e+00
2.031551070813510940e+00,4.409031050385266437e-01,-4.358873318420345977e-01,4.409031050385266437e-01,1.798994088455293738e+00
2.032336662874923761e+00,4.405606717933632788e-01,-4.358965174047916280e-01,4.405606717933632788e-01,1.800423623996195266e+00
2.033122254936336581e+00,4.402182313893647780e-01,-4.359055571685147568e-01,4.402182313893647780e-01,1.801853153557788412e+00
2.033907846997749402e+00,4.398757839410650239e-01,-4.359144511450687154e-01,4.398757839410650239e-01,1.803282675825673254e+00
2.034693439059162223e+00,4.395333295629886838e-01,-4.359231993463786869e-01,4.395333295629886838e-01,1.804712189484772411e+00
2.035479031120575044e+00,4.391908683696508220e-01,-4.359318017844304727e-01,4.391908683696508220e-01,1.806141693219331268e+00
2.036264623181987865e+00,4.388484004755572321e-01,-4.359402584712705475e-01,4.388484004755572321e-01,1.807571185712921968e+00
2.037050215243400686e+00,4.385059259952041044e-01,-4.359485694190056715e-01,4.385059259952041044e-01,1.809000665648440309e+00
2.037835807304813507e+00,4.381634450430781924e-01,-4.359567346398033894e-01,4.381634450430781924e-01,1.810430131708111068e+00
2.038621399366226328e+00,4.378209577336565905e-01,-4.359647541458916975e-01,4.378209577336565905e-01,1.811859582573485783e+00
2.039406991427638705e+00,4.374784641814070119e-01,-4.359726279495590440e-01,4.374784641814070119e-01,1.813289016925444974e+00
2.040192583489051525e+00,4.371359645007868999e-01,-4.359803560631545505e-01,4.371359645007868999e-01,1.814718433444202361e+00
2.040978175550464346e+00,4.367934588062444834e-01,-4.359879384990877349e-01,4.367934588062444834e-01,1.816147830809300201e+00
2.041763767611877167e+00,4.364509472122181100e-01,-4.359953752698286222e-01,4.364509472122181100e-01,1.817577207699613284e+00
2.042549359673289988e+00,4.361084298331363018e-01,-4.360026663879077446e-01,4.361084298331363018e-01,1.819006562793350490e+00
2.043334951734702809e+00,4.357659067834177002e-01,-4.360098118659160860e-01,4.357659067834177002e-01,1.820435894768055896e+00
2.044120543796115630e+00,4.354233781774710099e-01,-4.360168117165051371e-01,4.354233781774710099e-01,1.821865202300608333e+00
2.044906135857528451e+00,4.350808441296949436e-01,-4.360236659523868408e-01,4.350808441296949436e-01,1.823294484067224275e+00
2.045691727918941272e+00,4.347383047544782775e-01,-4.360303745863335911e-01,4.347383047544782775e-01,1.824723738743457391e+00
2.046477319980354093e+00,4.343957601661997403e-01,-4.360369376311782341e-01,4.343957601661997403e-01,1.826152965004200990e+00
2.047262912041766914e+00,4.340532104792278467e-01,-4.360433550998140118e-01,4.340532104792278467e-01,1.827582161523687576e+00
2.048048504103179734e+00,4.337106558079210639e-01,-4.360496270051946177e-01,4.337106558079210639e-01,1.829011326975491736e+00
2.048834096164592555e+00,4.333680962666275893e-01,-4.360557533603341973e-01,4.333680962666275893e-01,1.830440460032529693e+00
2.049619688226005376e+00,4.330255319696854621e-01,-4.360617341783072920e-01,4.330255319696854621e-01,1.831869559367061306e+00
2.050405280287418197e+00,4.326829630314222852e-01,-4.360675694722487283e-01,4.326829630314222852e-01,1.833298623650690962e+00
2.051190872348831018e+00,4.323403895661555030e-01,-4.360732592553538955e-01,4.323403895661555030e-01,1.834727651554368677e+00
2.051976464410243839e+00,4.319978116881920127e-01,-4.360788035408784125e-01,4.319978116881920127e-01,1.836156641748390106e+00
2.052762056471656660e+00,4.316552295118283311e-01,-4.360842023421383495e-01,4.316552295118283311e-01,1.837585592902399645e+00
2.053547648533069481e+00,4.313126431513505388e-01,-4.360894556725101179e-01,4.313126431513505388e-01,1.839014503685390656e+00
2.054333240594482302e+00,4.309700527210340582e-01,-4.360945635454305247e-01,4.309700527210340582e-01,1.840443372765705687e+00
2.055118832655895122e+00,4.306274583351438201e-01,-4.360995259743966068e-01,4.306274583351438201e-01,1.841872198811039141e+00
2.055904424717307943e+00,4.302848601079342084e-01,-4.361043429729658527e-01,4.302848601079342084e-01,1.843300980488436602e+00
2.056690016778720764e+00,4.299422581536487820e-01,-4.361090145547560359e-01,4.299422581536487820e-01,1.844729716464297953e+00
2.057475608840133585e+00,4.295996525865204418e-01,-4.361135407334451597e-01,4.295996525865204418e-01,1.846158405404376035e+00
2.058261200901546406e+00,4.292570435207713198e-01,-4.361179215227716233e-01,4.292570435207713198e-01,1.847587045973780651e+00
2.059046792962959227e+00,4.289144310706126673e-01,-4.361221569365341111e-01,4.289144310706126673e-01,1.849015636836976784e+00
2.059832385024371604e+00,4.285718153502452443e-01,-4.361262469885915927e-01,4.285718153502452443e-01,1.850444176657787487e+00
2.060617977085784425e+00,4.282291964738581536e-01,-4.361301916928632671e-01,4.282291964738581536e-01,1.851872664099396104e+00
2.061403569147197246e+00,4.278865745556301725e-01,-4.361339910633286188e-01,4.278865745556301725e-01,1.853301097824343824e+00
2.062189161208610066e+00,4.275439497097288100e-01,-4.361376451140274169e-01,4.275439497097288100e-01,1.854729476494533236e+00
2.062974753270022887e+00,4.272013220503106945e-01,-4.361411538590596604e-01,4.272013220503106945e-01,1.856157798771229217e+00
2.063760345331435708e+00,4.268586916915211860e-01,-4.361445173125855224e-01,4.268586916915211860e-01,1.857586063315060043e+00
2.064545937392848529e+00,4.265160587474945419e-01,-4.361477354888255165e-01,4.265160587474945419e-01,1.859014268786017832e+00
2.065331529454261350e+00,4.261734233323538623e-01,-4.361508084020603304e-01,4.261734233323538623e-01,1.860442413843460985e+00
2.066117121515674171e+00,4.258307855602109782e-01,-4.361537360666307706e-01,4.258307855602109782e-01,1.861870497146112857e+00
2.066902713577086992e+00,4.254881455451664518e-01,-4.361565184969379838e-01,4.254881455451664518e-01,1.863298517352066197e+00
2.067688305638499813e+00,4.251455034013094658e-01,-4.361591557074431802e-01,4.251455034013094658e-01,1.864726473118780925e+00
2.068473897699912634e+00,4.248028592427178785e-01,-4.361616477126677993e-01,4.248028592427178785e-01,1.866154363103087688e+00
2.069259489761325455e+00,4.244602131834580017e-01,-4.361639945271934549e-01,4.244602131834580017e-01,1.867582185961188079e+00
2.070045081822738275e+00,4.241175653375848786e-01,-4.361661961656619346e-01,4.241175653375848786e-01,1.869009940348655752e+00
2.070830673884151096e+00,4.237749158191417842e-01,-4.361682526427750894e-01,4.237749158191417842e-01,1.870437624920436859e+00
2.071616265945563917e+00,4.234322647421605579e-01,-4.361701639732950553e-01,4.234322647421605579e-01,1.871865238330852943e+00
2.072401858006976738e+00,4.230896122206614374e-01,-4.361719301720438646e-01,4.230896122206614374e-01,1.873292779233599825e+00
2.073187450068389559e+00,4.227469583686528920e-01,-4.361735512539038906e-01,4.227469583686528920e-01,1.874720246281750713e+00
2.073973042129802380e+00,4.224043033001317893e-01,-4.361750272338175693e-01,4.224043033001317893e-01,1.876147638127756645e+00
2.074758634191215201e+00,4.220616471290831173e-01,-4.361763581267872891e-01,4.220616471290831173e-01,1.877574953423446491e+00
2.075544226252628022e+00,4.217189899694802069e-01,-4.361775439478757233e-01,4.217189899694802069e-01,1.879002190820029394e+00
2.076329818314040843e+00,4.213763319352842873e-01,-4.361785847122054416e-01,4.213763319352842873e-01,1.880429348968096104e+00
2.077115410375453664e+00,4.210336731404449861e-01,-4.361794804349592436e-01,4.210336731404449861e-01,1.881856426517619196e+00
2.077901002436866484e+00,4.206910136988997739e-01,-4.361802311313798253e-01,4.206910136988997739e-01,1.883283422117953743e+00
2.078686594498279305e+00,4.203483537245741863e-01,-4.361808368167700567e-01,4.203483537245741863e-01,1.884710334417840638e+00
2.079472186559692126e+00,4.200056933313816576e-01,-4.361812975064927600e-01,4.200056933313816576e-01,1.886137162065404604e+00
2.080257778621104947e+00,4.196630326332236316e-01,-4.361816132159708204e-01,4.196630326332236316e-01,1.887563903708158186e+00
2.081043370682517324e+00,4.193203717439895617e-01,-4.361817839606871861e-01,4.193203717439895617e-01,1.888990557993001307e+00
2.081828962743930145e+00,4.189777107775561338e-01,-4.361818097561846463e-01,4.189777107775561338e-01,1.890417123566223268e+00
2.082614554805342966e+00,4.186350498477883209e-01,-4.361816906180662201e-01,4.186350498477883209e-01,1.891843599073503412e+00
2.083400146866755787e+00,4.182923890685386614e-01,-4.361814265619947117e-01,4.182923890685386614e-01,1.893269983159911574e+00
2.084185738928168607e+00,4.179497285536474260e-01,-4.361810176036929887e-01,4.179497285536474260e-01,1.894696274469909181e+00
2.084971330989581428e+00,4.176070684169425062e-01,-4.361804637589438149e-01,4.176070684169425062e-01,1.896122471647353036e+00
2.085756923050994249e+00,4.172644087722391926e-01,-4.361797650435900175e-01,4.172644087722391926e-01,1.897548573335492428e+00
2.086542515112407070e+00,4.169217497333405631e-01,-4.361789214735342646e-01,4.169217497333405631e-01,1.898974578176974681e+00
2.087328107173819891e+00,4.165790914140369838e-01,-4.361779330647391761e-01,4.165790914140369838e-01,1.900400484813841162e+00
2.088113699235232712e+00,4.162364339281063308e-01,-4.361767998332273244e-01,4.162364339281063308e-01,1.901826291887533271e+00
2.088899291296645533e+00,4.158937773893139345e-01,-4.361755217950811780e-01,4.158937773893139345e-01,1.903251998038891113e+00
2.089684883358058354e+00,4.155511219114123023e-01,-4.361740989664431023e-01,4.155511219114123023e-01,1.904677601908153939e+00
2.090470475419471175e+00,4.152084676081413961e-01,-4.361725313635153034e-01,4.152084676081413961e-01,1.906103102134963034e+00
2.091256067480883996e+00,4.148658145932283547e-01,-4.361708190025599396e-01,4.148658145932283547e-01,1.907528497358362607e+00
2.092041659542296816e+00,4.145231629803875495e-01,-4.361689618998990658e-01,4.145231629803875495e-01,1.908953786216800230e+00
2.092827251603709637e+00,4.141805128833204730e-01,-4.361669600719144113e-01,4.141805128833204730e-01,1.910378967348127288e+00
2.093612843665122458e+00,4.138378644157156838e-01,-4.361648135350477684e-01,4.138378644157156838e-01,1.911804039389602972e+00
2.094398435726535279e+00,4.134952176912489175e-01,-4.361625223058006040e-01,4.134952176912489175e-01,1.913229000977890726e+00
2.095184027787948100e+00,4.131525728235828088e-01,-4.361600864007342815e-01,4.131525728235828088e-01,1.914653850749065134e+00
2.095969619849360921e+00,4.128099299263670030e-01,-4.361575058364700053e-01,4.128099299263670030e-01,1.916078587338607697e+00
2.096755211910773742e+00,4.124672891132381558e-01,-4.361547806296887098e-01,4.124672891132381558e-01,1.917503209381411944e+00
2.097540803972186563e+00,4.121246504978196001e-01,-4.361519107971311149e-01,4.121246504978196001e-01,1.918927715511782539e+00
2.098326396033599384e+00,4.117820141937216794e-01,-4.361488963555978371e-01,4.117820141937216794e-01,1.920352104363436396e+00
2.099111988095012205e+00,4.114393803145414141e-01,-4.361457373219491673e-01,4.114393803145414141e-01,1.921776374569505341e+00
2.099897580156425025e+00,4.110967489738625025e-01,-4.361424337131050710e-01,4.110967489738625025e-01,1.923200524762534336e+00
2.100683172217837846e+00,4.107541202852555418e-01,-4.361389855460454656e-01,4.107541202852555418e-01,1.924624553574486585e+00
2.101468764279250223e+00,4.104114943622777512e-01,-4.361353928378098876e-01,4.104114943622777512e-01,1.926048459636741095e+00
2.102254356340663044e+00,4.100688713184724166e-01,-4.361316556054976035e-01,4.100688713184724166e-01,1.927472241580097112e+00
2.103039948402075865e+00,4.097262512673700008e-01,-4.361277738662674985e-01,4.097262512673700008e-01,1.928895898034771683e+00
2.103825540463488686e+00,4.093836343224871999e-01,-4.361237476373384103e-01,4.093836343224871999e-01,1.930319427630403428e+00
2.104611132524901507e+00,4.090410205973271651e-01,-4.361195769359886287e-01,4.090410205973271651e-01,1.931742828996052763e+00
2.105396724586314328e+00,4.086984102053795587e-01,-4.361152617795561737e-01,4.086984102053795587e-01,1.933166100760202788e+00
2.106182316647727149e+00,4.083558032601202759e-01,-4.361108021854389061e-01,4.083558032601202759e-01,1.934589241550761951e+00
2.106967908709139969e+00,4.080131998750115008e-01,-4.361061981710940283e-01,4.080131998750115008e-01,1.936012249995062051e+00
2.107753500770552790e+00,4.076706001635018728e-01,-4.361014497540387502e-01,4.076706001635018728e-01,1.937435124719863344e+00
2.108539092831965611e+00,4.073280042390259870e-01,-4.360965569518496232e-01,4.073280042390259870e-01,1.938857864351353211e+00
2.109324684893378432e+00,4.069854122150047826e-01,-4.360915197821629841e-01,4.069854122150047826e-01,1.940280467515147489e+00
2.110110276954791253e+00,4.066428242048452657e-01,-4.360863382626747331e-01,4.066428242048452657e-01,1.941702932836292028e+00
2.110895869016204074e+00,4.063002403219405645e-01,-4.360810124111402786e-01,4.063002403219405645e-01,1.943125258939263356e+00
2.111681461077616895e+00,4.059576606796697629e-01,-4.360755422453748698e-01,4.059576606796697629e-01,1.944547444447972007e+00
2.112467053139029716e+00,4.056150853913979559e-01,-4.360699277832530973e-01,4.056150853913979559e-01,1.945969487985760304e+00
2.113252645200442537e+00,4.052725145704761944e-01,-4.360641690427091155e-01,4.052725145704761944e-01,1.947391388175404803e+00
2.114038237261855357e+00,4.049299483302413183e-01,-4.360582660417368639e-01,4.049299483302413183e-01,1.948813143639120504e+00
2.114823829323268178e+00,4.045873867840162341e-01,-4.360522187983896236e-01,4.045873867840162341e-01,1.950234752998555754e+00
2.115609421384680999e+00,4.042448300451093601e-01,-4.360460273307801837e-01,4.042448300451093601e-01,1.951656214874799344e+00
2.116395013446093820e+00,4.039022782268150702e-01,-4.360396916570810077e-01,4.039022782268150702e-01,1.953077527888379183e+00
2.117180605507506641e+00,4.035597314424133608e-01,-4.360332117955240117e-01,4.035597314424133608e-01,1.954498690659262516e+00
2.117966197568919462e+00,4.032171898051699066e-01,-4.360265877644005639e-01,4.032171898051699066e-01,1.955919701806859035e+00
2.118751789630332283e+00,4.028746534283358938e-01,-4.360198195820614853e-01,4.028746534283358938e-01,1.957340559950020209e+00
2.119537381691745104e+00,4.025321224251482422e-01,-4.360129072669171602e-01,4.025321224251482422e-01,1.958761263707042177e+00
2.120322973753157925e+00,4.021895969088292166e-01,-4.360058508374374808e-01,4.021895969088292166e-01,1.960181811695666632e+00
2.121108565814570746e+00,4.018470769925867048e-01,-4.359986503121516255e-01,4.018470769925867048e-01,1.961602202533080375e+00
2.121894157875983122e+00,4.015045627896139946e-01,-4.359913057096482802e-01,4.015045627896139946e-01,1.963022434835916430e+00
2.122679749937395943e+00,4.011620544130894417e-01,-4.359838170485756947e-01,4.011620544130894417e-01,1.964442507220261147e+00
2.123465341998808764e+00,4.008195519761771353e-01,-4.359761843476412935e-01,4.008195519761771353e-01,1.965862418301645098e+00
2.124250934060221585e+00,4.004770555920261765e-01,-4.359684076256120644e-01,4.004770555920261765e-01,1.967282166695053069e+00
2.125036526121634406e+00,4.001345653737711783e-01,-4.359604869013143369e-01,4.001345653737711783e-01,1.968701751014919843e+00
2.125822118183047227e+00,3.997920814345315987e-01,-4.359524221936338373e-01,3.997920814345315987e-01,1.970121169875135303e+00
2.126607710244460048e+00,3.994496038874122412e-01,-4.359442135215156333e-01,3.994496038874122412e-01,1.971540421889042660e+00
2.127393302305872869e+00,3.991071328455029765e-01,-4.359358609039641341e-01,3.991071328455029765e-01,1.972959505669440228e+00
2.128178894367285690e+00,3.987646684218787430e-01,-4.359273643600431458e-01,3.987646684218787430e-01,1.974378419828584530e+00
2.128964486428698510e+00,3.984222107295993798e-01,-4.359187239088757604e-01,3.984222107295993798e-01,1.975797162978188304e+00
2.129750078490111331e+00,3.980797598817097938e-01,-4.359099395696444113e-01,3.980797598817097938e-01,1.977215733729424496e+00
2.130535670551524152e+00,3.977373159912397371e-01,-4.359010113615908732e-01,3.977373159912397371e-01,1.978634130692926485e+00
2.131321262612936973e+00,3.973948791712038631e-01,-4.358919393040160961e-01,3.973948791712038631e-01,1.980052352478787858e+00
2.132106854674349794e+00,3.970524495346015592e-01,-4.358827234162804820e-01,3.970524495346015592e-01,1.981470397696566188e+00
2.132892446735762615e+00,3.967100271944170586e-01,-4.358733637178036080e-01,3.967100271944170586e-01,1.982888264955281921e+00
2.133678038797175436e+00,3.963676122636192733e-01,-4.358638602280642815e-01,3.963676122636192733e-01,1.984305952863421041e+00
2.134463630858588257e+00,3.960252048551618498e-01,-4.358542129666005960e-01,3.960252048551618498e-01,1.985723460028934628e+00
2.135249222920001078e+00,3.956828050819830023e-01,-4.358444219530098751e-01,3.956828050819830023e-01,1.987140785059242631e+00
2.136034814981413898e+00,3.953404130570055686e-01,-4.358344872069486731e-01,3.953404130570055686e-01,1.988557926561232092e+00
2.136820407042826719e+00,3.949980288931368433e-01,-4.358244087481327744e-01,3.949980288931368433e-01,1.989974883141260698e+00
2.137605999104239540e+00,3.946556527032686335e-01,-4.358141865963370831e-01,3.946556527032686335e-01,1.991391653405155893e+00
2.138391591165652361e+00,3.943132846002773140e-01,-4.358038207713957335e-01,3.943132846002773140e-01,1.992808235958218210e+00
2.139177183227065182e+00,3.939709246970234946e-01,-4.357933112932020903e-01,3.939709246970234946e-01,1.994224629405221272e+00
2.139962775288478003e+00,3.936285731063522420e-01,-4.357826581817085265e-01,3.936285731063522420e-01,1.995640832350412675e+00
2.140748367349890824e+00,3.932862299410928575e-01,-4.357718614569267568e-01,3.932862299410928575e-01,1.997056843397515546e+00
2.141533959411303645e+00,3.929438953140588775e-01,-4.357609211389275039e-01,3.929438953140588775e-01,1.998472661149729879e+00
2.142319551472716022e+00,3.926015693380482952e-01,-4.357498372478406101e-01,3.926015693380482952e-01,1.999888284209733413e+00
2.143105143534128842e+00,3.922592521258427278e-01,-4.357386098038550926e-01,3.922592521258427278e-01,2.001303711179684530e+00
2.143890735595541663e+00,3.919169437902084163e-01,-4.357272388272190322e-01,3.919169437902084163e-01,2.002718940661219804e+00
2.144676327656954484e+00,3.915746444438955032e-01,-4.357157243382395739e-01,3.915746444438955032e-01,2.004133971255458668e+00
2.145461919718367305e+00,3.912323541996380882e-01,-4.357040663572829819e-01,3.912323541996380882e-01,2.005548801563002304e+00
2.146247511779780126e+00,3.908900731701543951e-01,-4.356922649047745288e-01,3.908900731701543951e-01,2.006963430183937191e+00
2.147033103841192947e+00,3.905478014681464383e-01,-4.356803200011985511e-01,3.905478014681464383e-01,2.008377855717832894e+00
2.147818695902605768e+00,3.902055392063001893e-01,-4.356682316670984489e-01,3.902055392063001893e-01,2.009792076763746493e+00
2.148604287964018589e+00,3.898632864972854661e-01,-4.356559999230766311e-01,3.898632864972854661e-01,2.011206091920223038e+00
2.149389880025431410e+00,3.895210434537558220e-01,-4.356436247897945147e-01,3.895210434537558220e-01,2.012619899785295097e+00
2.150175472086844231e+00,3.891788101883485451e-01,-4.356311062879724694e-01,3.891788101883485451e-01,2.014033498956484980e+00
2.150961064148257051e+00,3.888365868136847703e-01,-4.356184444383899290e-01,3.888365868136847703e-01,2.015446888030806960e+00
2.151746656209669872e+00,3.884943734423690898e-01,-4.356056392618852247e-01,3.884943734423690898e-01,2.016860065604767716e+00
2.152532248271082693e+00,3.881521701869898311e-01,-4.355926907793556957e-01,3.881521701869898311e-01,2.018273030274365887e+00
2.153317840332495514e+00,3.878099771601188350e-01,-4.355795990117575789e-01,3.878099771601188350e-01,2.019685780635095629e+00
2.154103432393908335e+00,3.874677944743114555e-01,-4.355663639801061193e-01,3.874677944743114555e-01,2.021098315281947499e+00
2.154889024455321156e+00,3.871256222421065041e-01,-4.355529857054753484e-01,3.871256222421065041e-01,2.022510632809407571e+00
2.155674616516733977e+00,3.867834605760263056e-01,-4.355394642089983614e-01,3.867834605760263056e-01,2.023922731811461873e+00
2.156460208578146798e+00,3.864413095885764204e-01,-4.355257995118670400e-01,3.864413095885764204e-01,2.025334610881593722e+00
2.157245800639559619e+00,3.860991693922457557e-01,-4.355119916353321630e-01,3.860991693922457557e-01,2.026746268612788615e+00
2.158031392700972440e+00,3.857570400995066762e-01,-4.354980406007034621e-01,3.857570400995066762e-01,2.028157703597533779e+00
2.158816984762385260e+00,3.854149218228145601e-01,-4.354839464293493445e-01,3.854149218228145601e-01,2.029568914427819504e+00
2.159602576823798081e+00,3.850728146746080771e-01,-4.354697091426972810e-01,3.850728146746080771e-01,2.030979899695138702e+00
2.160388168885210902e+00,3.847307187673090767e-01,-4.354553287622333624e-01,3.847307187673090767e-01,2.032390657990490901e+00
2.161173760946623723e+00,3.843886342133224776e-01,-4.354408053095026876e-01,3.843886342133224776e-01,2.033801187904383578e+00
2.161959353008036544e+00,3.840465611250361566e-01,-4.354261388061089755e-01,3.840465611250361566e-01,2.035211488026828608e+00
2.162744945069448921e+00,3.837044996148212817e-01,-4.354113292737147867e-01,3.837044996148212817e-01,2.036621556947349365e+00
2.163530537130861742e+00,3.833624497950314236e-01,-4.353963767340415791e-01,3.833624497950314236e-01,2.038031393254980284e+00
2.164316129192274563e+00,3.830204117780036110e-01,-4.353812812088694861e-01,3.830204117780036110e-01,2.039440995538264634e+00
2.165101721253687383e+00,3.826783856760575531e-01,-4.353660427200372607e-01,3.826783856760575531e-01,2.040850362385259409e+00
2.165887313315100204e+00,3.823363716014956948e-01,-4.353506612894426087e-01,3.823363716014956948e-01,2.042259492383535768e+00
2.166672905376513025e+00,3.819943696666034394e-01,-4.353351369390418557e-01,3.819943696666034394e-01,2.043668384120179926e+00
2.167458497437925846e+00,3.816523799836487041e-01,-4.353194696908500028e-01,3.816523799836487041e-01,2.045077036181793595e+00
2.168244089499338667e+00,3.813104026648821976e-01,-4.353036595669408371e-01,3.813104026648821976e-01,2.046485447154496207e+00
2.169029681560751488e+00,3.809684378225373647e-01,-4.352877065894467101e-01,3.809684378225373647e-01,2.047893615623925800e+00
2.169815273622164309e+00,3.806264855688300530e-01,-4.352716107805588153e-01,3.806264855688300530e-01,2.049301540175241243e+00
2.170600865683577130e+00,3.802845460159587354e-01,-4.352553721625267991e-01,3.802845460159587354e-01,2.050709219393121785e+00
2.171386457744989951e+00,3.799426192761043986e-01,-4.352389907576590389e-01,3.799426192761043986e-01,2.052116651861767060e+00
2.172172049806402772e+00,3.796007054614304876e-01,-4.352224665883226429e-01,3.796007054614304876e-01,2.053523836164904637e+00
2.172957641867815592e+00,3.792588046840827953e-01,-4.352057996769431725e-01,3.792588046840827953e-01,2.054930770885781577e+00
2.173743233929228413e+00,3.789169170561895172e-01,-4.351889900460048088e-01,3.789169170561895172e-01,2.056337454607175541e+00
2.174528825990641234e+00,3.785750426898611964e-01,-4.351720377180504640e-01,3.785750426898611964e-01,2.057743885911387238e+00
2.175314418052054055e+00,3.782331816971905569e-01,-4.351549427156815031e-01,3.782331816971905569e-01,2.059150063380249751e+00
2.176100010113466876e+00,3.778913341902526146e-01,-4.351377050615578002e-01,3.778913341902526146e-01,2.060555985595121875e+00
2.176885602174879697e+00,3.775495002811045109e-01,-4.351203247783979045e-01,3.775495002811045109e-01,2.061961651136896112e+00
2.177671194236292518e+00,3.772076800817855124e-01,-4.351028018889788740e-01,3.772076800817855124e-01,2.063367058585995117e+00
2.178456786297705339e+00,3.768658737043170670e-01,-4.350851364161362200e-01,3.768658737043170670e-01,2.064772206522376141e+00
2.179242378359118160e+00,3.765240812607025811e-01,-4.350673283827639626e-01,3.765240812607025811e-01,2.066177093525528807e+00
2.180027970420530981e+00,3.761823028629274202e-01,-4.350493778118146859e-01,3.761823028629274202e-01,2.067581718174480887e+00
2.180813562481943801e+00,3.758405386229590195e-01,-4.350312847262993721e-01,3.758405386229590195e-01,2.068986079047795190e+00
2.181599154543356622e+00,3.754987886527465513e-01,-4.350130491492875673e-01,3.754987886527465513e-01,2.070390174723574006e+00
2.182384746604769443e+00,3.751570530642210910e-01,-4.349946711039072156e-01,3.751570530642210910e-01,2.071794003779457771e+00
2.183170338666181820e+00,3.748153319692958951e-01,-4.349761506133446032e-01,3.748153319692958951e-01,2.073197564792626846e+00
2.183955930727594641e+00,3.744736254798651243e-01,-4.349574877008445251e-01,3.744736254798651243e-01,2.074600856339805954e+00
2.184741522789007462e+00,3.741319337078053975e-01,-4.349386823897102294e-01,3.741319337078053975e-01,2.076003876997260633e+00
2.185527114850420283e+00,3.737902567649747931e-01,-4.349197347033033068e-01,3.737902567649747931e-01,2.077406625340801227e+00
2.186312706911833104e+00,3.734485947632130154e-01,-4.349006446650437452e-01,3.734485947632130154e-01,2.078809099945782890e+00
2.187098298973245925e+00,3.731069478143412832e-01,-4.348814122984098196e-01,3.731069478143412832e-01,2.080211299387107804e+00
2.187883891034658745e+00,3.727653160301624413e-01,-4.348620376269383137e-01,3.727653160301624413e-01,2.081613222239227401e+00
2.188669483096071566e+00,3.724236995224607383e-01,-4.348425206742241866e-01,3.724236995224607383e-01,2.083014867076139698e+00
2.189455075157484387e+00,3.720820984030019374e-01,-4.348228614639207956e-01,3.720820984030019374e-01,2.084416232471394181e+00
2.190240667218897208e+00,3.717405127835331502e-01,-4.348030600197398954e-01,3.717405127835331502e-01,2.085817316998093141e+00
2.191026259280310029e+00,3.713989427757827810e-01,-4.347831163654513054e-01,3.713989427757827810e-01,2.087218119228889002e+00
2.191811851341722850e+00,3.710573884914607490e-01,-4.347630305248833538e-01,3.710573884914607490e-01,2.088618637735990546e+00
2.192597443403135671e+00,3.707158500422579883e-01,-4.347428025219225445e-01,3.707158500422579883e-01,2.090018871091160690e+00
2.193383035464548492e+00,3.703743275398467261e-01,-4.347224323805136126e-01,3.703743275398467261e-01,2.091418817865718704e+00
2.194168627525961313e+00,3.700328210958804265e-01,-4.347019201246596354e-01,3.700328210958804265e-01,2.092818476630542435e+00
2.194954219587374133e+00,3.696913308219935690e-01,-4.346812657784216993e-01,3.696913308219935690e-01,2.094217845956066970e+00
2.195739811648786954e+00,3.693498568298018703e-01,-4.346604693659193441e-01,3.693498568298018703e-01,2.095616924412289084e+00
2.196525403710199775e+00,3.690083992309018401e-01,-4.346395309113302297e-01,3.690083992309018401e-01,2.097015710568766789e+00
2.197310995771612596e+00,3.686669581368711146e-01,-4.346184504388900249e-01,3.686669581368711146e-01,2.098414202994619782e+00
2.198096587833025417e+00,3.683255336592683449e-01,-4.345972279728928522e-01,3.683255336592683449e-01,2.099812400258532996e+00
2.198882179894438238e+00,3.679841259096328643e-01,-4.345758635376907875e-01,3.679841259096328643e-01,2.101210300928754826e+00
2.199667771955851059e+00,3.676427349994850768e-01,-4.345543571576940822e-01,3.676427349994850768e-01,2.102607903573100678e+00
2.200453364017263880e+00,3.673013610403260132e-01,-4.345327088573711638e-01,3.673013610403260132e-01,2.104005206758953861e+00
2.201238956078676701e+00,3.669600041436374971e-01,-4.345109186612485241e-01,3.669600041436374971e-01,2.105402209053266471e+00
2.202024548140089522e+00,3.666186644208821455e-01,-4.344889865939107754e-01,3.666186644208821455e-01,2.106798909022560284e+00
2.202810140201502342e+00,3.662773419835031463e-01,-4.344669126800005388e-01,3.662773419835031463e-01,2.108195305232927641e+00
2.203595732262914719e+00,3.659360369429245918e-01,-4.344446969442186668e-01,3.659360369429245918e-01,2.109591396250034112e+00
2.204381324324327540e+00,3.655947494105504236e-01,-4.344223394113238546e-01,3.655947494105504236e-01,2.110987180639120719e+00
2.205166916385740361e+00,3.652534794977658761e-01,-4.343998401061329728e-01,3.652534794977658761e-01,2.112382656964999939e+00
2.205952508447153182e+00,3.649122273159363106e-01,-4.343771990535208460e-01,3.649122273159363106e-01,2.113777823792063248e+00
2.206738100508566003e+00,3.645709929764075485e-01,-4.343544162784203633e-01,3.645709929764075485e-01,2.115172679684278467e+00
2.207523692569978824e+00,3.642297765905059270e-01,-4.343314918058224228e-01,3.642297765905059270e-01,2.116567223205192416e+00
2.208309284631391645e+00,3.638885782695379656e-01,-4.343084256607757654e-01,3.638885782695379656e-01,2.117961452917930920e+00
2.209094876692804466e+00,3.635473981247905884e-01,-4.342852178683872522e-01,3.635473981247905884e-01,2.119355367385202360e+00
2.209880468754217286e+00,3.632062362675309575e-01,-4.342618684538215312e-01,3.632062362675309575e-01,2.120748965169296785e+00
2.210666060815630107e+00,3.628650928090064176e-01,-4.342383774423014264e-01,3.628650928090064176e-01,2.122142244832088132e+00
2.211451652877042928e+00,3.625239678604444959e-01,-4.342147448591073822e-01,3.625239678604444959e-01,2.123535204935035114e+00
2.212237244938455749e+00,3.621828615330527912e-01,-4.341909707295779630e-01,3.621828615330527912e-01,2.124927844039182556e+00
2.213022836999868570e+00,3.618417739380189735e-01,-4.341670550791095762e-01,3.618417739380189735e-01,2.126320160705162721e+00
2.213808429061281391e+00,3.615007051865108956e-01,-4.341429979331564715e-01,3.615007051865108956e-01,2.127712153493197089e+00
2.214594021122694212e+00,3.611596553896762041e-01,-4.341187993172307413e-01,3.611596553896762041e-01,2.129103820963095917e+00
2.215379613184107033e+00,3.608186246586425616e-01,-4.340944592569023208e-01,3.608186246586425616e-01,2.130495161674261340e+00
2.216165205245519854e+00,3.604776131045174248e-01,-4.340699777777990431e-01,3.604776131045174248e-01,2.131886174185688265e+00
2.216950797306932675e+00,3.601366208383883216e-01,-4.340453549056065286e-01,3.601366208383883216e-01,2.133276857055963482e+00
2.217736389368345495e+00,3.597956479713223521e-01,-4.340205906660681845e-01,3.597956479713223521e-01,2.134667208843271435e+00
2.218521981429758316e+00,3.594546946143664101e-01,-4.339956850849851500e-01,3.594546946143664101e-01,2.136057228105390671e+00
2.219307573491171137e+00,3.591137608785472390e-01,-4.339706381882163511e-01,3.591137608785472390e-01,2.137446913399696946e+00
2.220093165552583958e+00,3.587728468748710986e-01,-4.339454500016786120e-01,3.587728468748710986e-01,2.138836263283166339e+00
2.220878757613996779e+00,3.584319527143238759e-01,-4.339201205513463222e-01,3.584319527143238759e-01,2.140225276312373026e+00
2.221664349675409600e+00,3.580910785078710856e-01,-4.338946498632516025e-01,3.580910785078710856e-01,2.141613951043493280e+00
2.222449941736822421e+00,3.577502243664578141e-01,-4.338690379634844163e-01,3.577502243664578141e-01,2.143002286032305914e+00
2.223235533798235242e+00,3.574093904010084977e-01,-4.338432848781922924e-01,3.574093904010084977e-01,2.144390279834193169e+00
2.224021125859647618e+00,3.570685767224273111e-01,-4.338173906335804908e-01,3.570685767224273111e-01,2.145777931004140715e+00
2.224806717921060439e+00,3.567277834415971682e-01,-4.337913552559118924e-01,3.567277834415971682e-01,2.147165238096743867e+00
2.225592309982473260e+00,3.563870106693809436e-01,-4.337651787715070539e-01,3.563870106693809436e-01,2.148552199666202256e+00
2.226377902043886081e+00,3.560462585166206395e-01,-4.337388612067442084e-01,3.560462585166206395e-01,2.149938814266325604e+00
2.227163494105298902e+00,3.557055270941373859e-01,-4.337124025880590428e-01,3.557055270941373859e-01,2.151325080450531946e+00
2.227949086166711723e+00,3.553648165127317182e-01,-4.336858029419450866e-01,3.553648165127317182e-01,2.152710996771852958e+00
2.228734678228124544e+00,3.550241268831831887e-01,-4.336590622949532126e-01,3.550241268831831887e-01,2.154096561782930852e+00
2.229520270289537365e+00,3.546834583162504773e-01,-4.336321806736920248e-01,3.546834583162504773e-01,2.155481774036021925e+00
2.230305862350950186e+00,3.543428109226715028e-01,-4.336051581048276371e-01,3.543428109226715028e-01,2.156866632082998336e+00
2.231091454412363007e+00,3.540021848131629789e-01,-4.335779946150837283e-01,3.540021848131629789e-01,2.158251134475347222e+00
2.231877046473775827e+00,3.536615800984208025e-01,-4.335506902312414312e-01,3.536615800984208025e-01,2.159635279764174687e+00
2.232662638535188648e+00,3.533209968891196651e-01,-4.335232449801393884e-01,3.533209968891196651e-01,2.161019066500203589e+00
2.233448230596601469e+00,3.529804352959131641e-01,-4.334956588886738627e-01,3.529804352959131641e-01,2.162402493233778866e+00
2.234233822658014290e+00,3.526398954294339139e-01,-4.334679319837984046e-01,3.526398954294339139e-01,2.163785558514864427e+00
2.235019414719427111e+00,3.522993774002931011e-01,-4.334400642925241853e-01,3.522993774002931011e-01,2.165168260893049368e+00
2.235805006780839932e+00,3.519588813190807630e-01,-4.334120558419197744e-01,3.519588813190807630e-01,2.166550598917544868e+00
2.236590598842252753e+00,3.516184072963657314e-01,-4.333839066591110845e-01,3.516184072963657314e-01,2.167932571137186848e+00
2.237376190903665574e+00,3.512779554426954109e-01,-4.333556167712815932e-01,3.512779554426954109e-01,2.169314176100439084e+00
2.238161782965078395e+00,3.509375258685958343e-01,-4.333271862056720103e-01,3.509375258685958343e-01,2.170695412355391429e+00
2.238947375026491216e+00,3.505971186845716625e-01,-4.332986149895805550e-01,3.505971186845716625e-01,2.172076278449763365e+00
2.239732967087904036e+00,3.502567340011060182e-01,-4.332699031503627340e-01,3.502567340011060182e-01,2.173456772930904446e+00
2.240518559149316857e+00,3.499163719286605967e-01,-4.332410507154315082e-01,3.499163719286605967e-01,2.174836894345796079e+00
2.241304151210729678e+00,3.495760325776754440e-01,-4.332120577122570704e-01,3.495760325776754440e-01,2.176216641241051075e+00
2.242089743272142499e+00,3.492357160585690679e-01,-4.331829241683669562e-01,3.492357160585690679e-01,2.177596012162916761e+00
2.242875335333555320e+00,3.488954224817382710e-01,-4.331536501113460447e-01,3.488954224817382710e-01,2.178975005657276309e+00
2.243660927394968141e+00,3.485551519575582624e-01,-4.331242355688364465e-01,3.485551519575582624e-01,2.180353620269648740e+00
2.244446519456380518e+00,3.482149045963825462e-01,-4.330946805685375600e-01,3.482149045963825462e-01,2.181731854545189808e+00
2.245232111517793339e+00,3.478746805085424776e-01,-4.330649851382060156e-01,3.478746805085424776e-01,2.183109707028696889e+00
2.246017703579206160e+00,3.475344798043479844e-01,-4.330351493056557866e-01,3.475344798043479844e-01,2.184487176264604980e+00
2.246803295640618980e+00,3.471943025940869565e-01,-4.330051730987579672e-01,3.471943025940869565e-01,2.185864260796992475e+00
2.247588887702031801e+00,3.468541489880255235e-01,-4.329750565454408839e-01,3.468541489880255235e-01,2.187240959169579391e+00
2.248374479763444622e+00,3.465140190964075551e-01,-4.329447996736900395e-01,3.465140190964075551e-01,2.188617269925729580e+00
2.249160071824857443e+00,3.461739130294552713e-01,-4.329144025115481687e-01,3.461739130294552713e-01,2.189993191608454293e+00
2.249945663886270264e+00,3.458338308973685216e-01,-4.328838650871151272e-01,3.458338308973685216e-01,2.191368722760409504e+00
2.250731255947683085e+00,3.454937728103252281e-01,-4.328531874285478365e-01,3.454937728103252281e-01,2.192743861923899029e+00
2.251516848009095906e+00,3.451537388784811644e-01,-4.328223695640605051e-01,3.451537388784811644e-01,2.194118607640877183e+00
2.252302440070508727e+00,3.448137292119698438e-01,-4.327914115219243518e-01,3.448137292119698438e-01,2.195492958452947452e+00
2.253088032131921548e+00,3.444737439209026308e-01,-4.327603133304677163e-01,3.444737439209026308e-01,2.196866912901366486e+00
2.253873624193334368e+00,3.441337831153685189e-01,-4.327290750180759482e-01,3.441337831153685189e-01,2.198240469527042329e+00
2.254659216254747189e+00,3.437938469054343527e-01,-4.326976966131915181e-01,3.437938469054343527e-01,2.199613626870538852e+00
2.255444808316160010e+00,3.434539354011443280e-01,-4.326661781443139621e-01,3.434539354011443280e-01,2.200986383472073982e+00
2.256230400377572831e+00,3.431140487125204919e-01,-4.326345196399998261e-01,3.431140487125204919e-01,2.202358737871524141e+00
2.257015992438985652e+00,3.427741869495623539e-01,-4.326027211288626662e-01,3.427741869495623539e-01,2.203730688608422028e+00
2.257801584500398473e+00,3.424343502222468305e-01,-4.325707826395730482e-01,3.424343502222468305e-01,2.205102234221961943e+00
2.258587176561811294e+00,3.420945386405284117e-01,-4.325387042008584371e-01,3.420945386405284117e-01,2.206473373250996239e+00
2.259372768623224115e+00,3.417547523143389387e-01,-4.325064858415033631e-01,3.417547523143389387e-01,2.207844104234041538e+00
2.260158360684636936e+00,3.414149913535876602e-01,-4.324741275903493110e-01,3.414149913535876602e-01,2.209214425709277396e+00
2.260943952746049757e+00,3.410752558681611202e-01,-4.324416294762945534e-01,3.410752558681611202e-01,2.210584336214546308e+00
2.261729544807462577e+00,3.407355459679230480e-01,-4.324089915282943730e-01,3.407355459679230480e-01,2.211953834287357701e+00
2.262515136868875398e+00,3.403958617627145800e-01,-4.323762137753610624e-01,3.403958617627145800e-01,2.213322918464888822e+00
2.263300728930288219e+00,3.400562033623539260e-01,-4.323432962465635354e-01,3.400562033623539260e-01,2.214691587283983853e+00
2.264086320991701040e+00,3.397165708766364256e-01,-4.323102389710278270e-01,3.397165708766364256e-01,2.216059839281157462e+00
2.264871913053113417e+00,3.393769644153348253e-01,-4.322770419779366491e-01,3.393769644153348253e-01,2.217427672992594356e+00
2.265657505114526238e+00,3.390373840881981127e-01,-4.322437052965296123e-01,3.390373840881981127e-01,2.218795086954153728e+00
2.266443097175939059e+00,3.386978300049531820e-01,-4.322102289561031707e-01,3.386978300049531820e-01,2.220162079701366586e+00
2.267228689237351880e+00,3.383583022753033909e-01,-4.321766129860104555e-01,3.383583022753033909e-01,2.221528649769438424e+00
2.268014281298764701e+00,3.380188010089291706e-01,-4.321428574156614966e-01,3.380188010089291706e-01,2.222894795693251879e+00
2.268799873360177521e+00,3.376793263154878599e-01,-4.321089622745230563e-01,3.376793263154878599e-01,2.224260516007365851e+00
2.269585465421590342e+00,3.373398783046135940e-01,-4.320749275921185739e-01,3.373398783046135940e-01,2.225625809246018605e+00
2.270371057483003163e+00,3.370004570859171378e-01,-4.320407533980283876e-01,3.370004570859171378e-01,2.226990673943129551e+00
2.271156649544415984e+00,3.366610627689862190e-01,-4.320064397218894015e-01,3.366610627689862190e-01,2.228355108632296577e+00
2.271942241605828805e+00,3.363216954633851952e-01,-4.319719865933952518e-01,3.363216954633851952e-01,2.229719111846802271e+00
2.272727833667241626e+00,3.359823552786549983e-01,-4.319373940422961966e-01,3.359823552786549983e-01,2.231082682119613025e+00
2.273513425728654447e+00,3.356430423243131900e-01,-4.319026620983992815e-01,3.356430423243131900e-01,2.232445817983379044e+00
2.274299017790067268e+00,3.353037567098539617e-01,-4.318677907915681735e-01,3.353037567098539617e-01,2.233808517970438334e+00
2.275084609851480089e+00,3.349644985447479684e-01,-4.318327801517230502e-01,3.349644985447479684e-01,2.235170780612815378e+00
2.275870201912892909e+00,3.346252679384423834e-01,-4.317976302088407659e-01,3.346252679384423834e-01,2.236532604442224237e+00
2.276655793974305730e+00,3.342860650003607326e-01,-4.317623409929549072e-01,3.342860650003607326e-01,2.237893987990070332e+00
2.277441386035718551e+00,3.339468898399029495e-01,-4.317269125341554048e-01,3.339468898399029495e-01,2.239254929787448667e+00
2.278226978097131372e+00,3.336077425664453755e-01,-4.316913448625888661e-01,3.336077425664453755e-01,2.240615428365147821e+00
2.279012570158544193e+00,3.332686232893405931e-01,-4.316556380084584643e-01,3.332686232893405931e-01,2.241975482253652174e+00
2.279798162219957014e+00,3.329295321179173706e-01,-4.316197920020238832e-01,3.329295321179173706e-01,2.243335089983139241e+00
2.280583754281369835e+00,3.325904691614807729e-01,-4.315838068736012612e-01,3.325904691614807729e-01,2.244694250083484999e+00
2.281369346342782656e+00,3.322514345293121063e-01,-4.315476826535633026e-01,3.322514345293121063e-01,2.246052961084262112e+00
2.282154938404195477e+00,3.319124283306685297e-01,-4.315114193723391667e-01,3.319124283306685297e-01,2.247411221514743929e+00
2.282940530465608298e+00,3.315734506747835542e-01,-4.314750170604144119e-01,3.315734506747835542e-01,2.248769029903903593e+00
2.283726122527021118e+00,3.312345016708665435e-01,-4.314384757483311073e-01,3.312345016708665435e-01,2.250126384780416711e+00
2.284511714588433939e+00,3.308955814281029362e-01,-4.314017954666877208e-01,3.308955814281029362e-01,2.251483284672661345e+00
2.285297306649846316e+00,3.305566900556542453e-01,-4.313649762461391757e-01,3.305566900556542453e-01,2.252839728108720685e+00
2.286082898711259137e+00,3.302178276626573372e-01,-4.313280181173966277e-01,3.302178276626573372e-01,2.254195713616385266e+00
2.286868490772671958e+00,3.298789943582255413e-01,-4.312909211112277985e-01,3.298789943582255413e-01,2.255551239723149859e+00
2.287654082834084779e+00,3.295401902514476511e-01,-4.312536852584565872e-01,3.295401902514476511e-01,2.256906304956219689e+00
2.288439674895497600e+00,3.292014154513884239e-01,-4.312163105899634030e-01,3.292014154513884239e-01,2.258260907842509546e+00
2.289225266956910421e+00,3.288626700670881919e-01,-4.311787971366848327e-01,3.288626700670881919e-01,2.259615046908643787e+00
2.290010859018323242e+00,3.285239542075630292e-01,-4.311411449296138620e-01,3.285239542075630292e-01,2.260968720680962107e+00
2.290796451079736062e+00,3.281852679818045848e-01,-4.311033539997996544e-01,3.281852679818045848e-01,2.262321927685514211e+00
2.291582043141148883e+00,3.278466114987801938e-01,-4.310654243783478279e-01,3.278466114987801938e-01,2.263674666448068251e+00
2.292367635202561704e+00,3.275079848674326555e-01,-4.310273560964199557e-01,3.275079848674326555e-01,2.265026935494105942e+00
2.293153227263974525e+00,3.271693881966802331e-01,-4.309891491852341217e-01,3.271693881966802331e-01,2.266378733348828334e+00
2.293938819325387346e+00,3.268308215954167095e-01,-4.309508036760645311e-01,3.268308215954167095e-01,2.267730058537154925e+00
2.294724411386800167e+00,3.264922851725112762e-01,-4.309123196002414558e-01,3.264922851725112762e-01,2.269080909583724548e+00
2.295510003448212988e+00,3.261537790368084777e-01,-4.308736969891515667e-01,3.261537790368084777e-01,2.270431285012898037e+00
2.296295595509625809e+00,3.258153032971281005e-01,-4.308349358742376012e-01,3.258153032971281005e-01,2.271781183348760447e+00
2.297081187571038630e+00,3.254768580622653951e-01,-4.307960362869983073e-01,3.254768580622653951e-01,2.273130603115119275e+00
2.297866779632451451e+00,3.251384434409906321e-01,-4.307569982589887214e-01,3.251384434409906321e-01,2.274479542835506685e+00
2.298652371693864271e+00,3.248000595420493797e-01,-4.307178218218200016e-01,3.248000595420493797e-01,2.275828001033184389e+00
2.299437963755277092e+00,3.244617064741623924e-01,-4.306785070071593169e-01,3.244617064741623924e-01,2.277175976231140098e+00
2.300223555816689913e+00,3.241233843460254449e-01,-4.306390538467299023e-01,3.241233843460254449e-01,2.278523466952090626e+00
2.301009147878102734e+00,3.237850932663093872e-01,-4.305994623723110593e-01,3.237850932663093872e-01,2.279870471718484559e+00
2.301794739939515555e+00,3.234468333436600895e-01,-4.305597326157382110e-01,3.234468333436600895e-01,2.281216989052503141e+00
2.302580332000928376e+00,3.231086046866983863e-01,-4.305198646089026249e-01,3.231086046866983863e-01,2.282563017476057610e+00
2.303365924062341197e+00,3.227704074040200211e-01,-4.304798583837518011e-01,3.227704074040200211e-01,2.283908555510797633e+00
2.304151516123754018e+00,3.224322416041957018e-01,-4.304397139722889731e-01,3.224322416041957018e-01,2.285253601678107316e+00
2.304937108185166839e+00,3.220941073957708789e-01,-4.303994314065735516e-01,3.220941073957708789e-01,2.286598154499106528e+00
2.305722700246579659e+00,3.217560048872658007e-01,-4.303590107187207359e-01,3.217560048872658007e-01,2.287942212494655791e+00
2.306508292307992036e+00,3.214179341871756801e-01,-4.303184519409018471e-01,3.214179341871756801e-01,2.289285774185354505e+00
2.307293884369404857e+00,3.210798954039699171e-01,-4.302777551053438287e-01,3.210798954039699171e-01,2.290628838091543162e+00
2.308079476430817678e+00,3.207418886460929874e-01,-4.302369202443298013e-01,3.207418886460929874e-01,2.291971402733306018e+00
2.308865068492230499e+00,3.204039140219639981e-01,-4.301959473901985631e-01,3.204039140219639981e-01,2.293313466630468422e+00
2.309650660553643320e+00,3.200659716399764654e-01,-4.301548365753448677e-01,3.200659716399764654e-01,2.294655028302603927e+00
2.310436252615056141e+00,3.197280616084985372e-01,-4.301135878322193684e-01,3.197280616084985372e-01,2.295996086269030290e+00
2.311221844676468962e+00,3.193901840358727706e-01,-4.300722011933283406e-01,3.193901840358727706e-01,2.297336639048813911e+00
2.312007436737881783e+00,3.190523390304161877e-01,-4.300306766912340706e-01,3.190523390304161877e-01,2.298676685160769839e+00
2.312793028799294603e+00,3.187145267004202753e-01,-4.299890143585545221e-01,3.187145267004202753e-01,2.300016223123464432e+00
2.313578620860707424e+00,3.183767471541507632e-01,-4.299472142279633924e-01,3.183767471541507632e-01,2.301355251455214024e+00
2.314364212922120245e+00,3.180390004998477349e-01,-4.299052763321902226e-01,3.180390004998477349e-01,2.302693768674089814e+00
2.315149804983533066e+00,3.177012868457255723e-01,-4.298632007040202319e-01,3.177012868457255723e-01,2.304031773297916530e+00
2.315935397044945887e+00,3.173636062999729002e-01,-4.298209873762943167e-01,3.173636062999729002e-01,2.305369263844274208e+00
2.316720989106358708e+00,3.170259589707524195e-01,-4.297786363819091626e-01,3.170259589707524195e-01,2.306706238830500411e+00
2.317506581167771529e+00,3.166883449662010741e-01,-4.297361477538170771e-01,3.166883449662010741e-01,2.308042696773690672e+00
2.318292173229184350e+00,3.163507643944297731e-01,-4.296935215250259343e-01,3.163507643944297731e-01,2.309378636190700274e+00
2.319077765290597171e+00,3.160132173635236685e-01,-4.296507577285994528e-01,3.160132173635236685e-01,2.310714055598145578e+00
2.319863357352009992e+00,3.156757039815417110e-01,-4.296078563976567510e-01,3.156757039815417110e-01,2.312048953512404470e+00
2.320648949413422812e+00,3.153382243565169274e-01,-4.295648175653727363e-01,3.153382243565169274e-01,2.313383328449619913e+00
2.321434541474835633e+00,3.150007785964562546e-01,-4.295216412649777715e-01,3.150007785964562546e-01,2.314717178925698171e+00
2.322220133536248454e+00,3.146633668093404279e-01,-4.294783275297577863e-01,3.146633668093404279e-01,2.316050503456312359e+00
2.323005725597661275e+00,3.143259891031241482e-01,-4.294348763930543322e-01,3.143259891031241482e-01,2.317383300556903336e+00
2.323791317659074096e+00,3.139886455857356928e-01,-4.293912878882644724e-01,3.139886455857356928e-01,2.318715568742681032e+00
2.324576909720486917e+00,3.136513363650773600e-01,-4.293475620488407252e-01,3.136513363650773600e-01,2.320047306528625342e+00
2.325362501781899738e+00,3.133140615490249137e-01,-4.293036989082911759e-01,3.133140615490249137e-01,2.321378512429487007e+00
2.326148093843312559e+00,3.129768212454277498e-01,-4.292596985001791987e-01,3.129768212454277498e-01,2.322709184959789397e+00
2.326933685904724936e+00,3.126396155621092854e-01,-4.292155608581238457e-01,3.126396155621092854e-01,2.324039322633831617e+00
2.327719277966137756e+00,3.123024446068657922e-01,-4.291712860157995135e-01,3.123024446068657922e-01,2.325368923965688062e+00
2.328504870027550577e+00,3.119653084874675630e-01,-4.291268740069359433e-01,3.119653084874675630e-01,2.326697987469209306e+00
2.329290462088963398e+00,3.116282073116584117e-01,-4.290823248653183319e-01,3.116282073116584117e-01,2.328026511658022990e+00
2.330076054150376219e+00,3.112911411871553402e-01,-4.290376386247873874e-01,3.112911411871553402e-01,2.329354495045538709e+00
2.330861646211789040e+00,3.109541102216489272e-01,-4.289928153192389404e-01,3.109541102216489272e-01,2.330681936144944899e+00
2.331647238273201861e+00,3.106171145228029951e-01,-4.289478549826242770e-01,3.106171145228029951e-01,2.332008833469212394e+00
2.332432830334614682e+00,3.102801541982547207e-01,-4.289027576489500837e-01,3.102801541982547207e-01,2.333335185531097089e+00
2.333218422396027503e+00,3.099432293556145246e-01,-4.288575233522781693e-01,3.099432293556145246e-01,2.334660990843138162e+00
2.334004014457440324e+00,3.096063401024660711e-01,-4.288121521267257985e-01,3.096063401024660711e-01,2.335986247917660741e+00
2.334789606518853144e+00,3.092694865463661014e-01,-4.287666440064653584e-01,3.092694865463661014e-01,2.337310955266778567e+00
2.335575198580265965e+00,3.089326687948447114e-01,-4.287209990257246361e-01,3.089326687948447114e-01,2.338635111402393552e+00
2.336360790641678786e+00,3.085958869554048523e-01,-4.286752172187864307e-01,3.085958869554048523e-01,2.339958714836197107e+00
2.337146382703091607e+00,3.082591411355226074e-01,-4.286292986199889965e-01,3.082591411355226074e-01,2.341281764079673700e+00
2.337931974764504428e+00,3.079224314426470821e-01,-4.285832432637256550e-01,3.079224314426470821e-01,2.342604257644099519e+00
2.338717566825917249e+00,3.075857579842003475e-01,-4.285370511844448504e-01,3.075857579842003475e-01,2.343926194040544697e+00
2.339503158887330070e+00,3.072491208675773855e-01,-4.284907224166502049e-01,3.072491208675773855e-01,2.345247571779875528e+00
2.340288750948742891e+00,3.069125202001460329e-01,-4.284442569949005186e-01,3.069125202001460329e-01,2.346568389372754027e+00
2.341074343010155712e+00,3.065759560892468705e-01,-4.283976549538097145e-01,3.065759560892468705e-01,2.347888645329641921e+00
2.341859935071568533e+00,3.062394286421934453e-01,-4.283509163280467824e-01,3.062394286421934453e-01,2.349208338160799325e+00
2.342645527132981353e+00,3.059029379662719927e-01,-4.283040411523357238e-01,3.059029379662719927e-01,2.350527466376287400e+00
2.343431119194394174e+00,3.055664841687412703e-01,-4.282570294614556627e-01,3.055664841687412703e-01,2.351846028485969686e+00
2.344216711255806995e+00,3.052300673568329459e-01,-4.282098812902407903e-01,3.052300673568329459e-01,2.353164022999512550e+00
2.345002303317219816e+00,3.048936876377511540e-01,-4.281625966735802535e-01,3.048936876377511540e-01,2.354481448426387846e+00
2.345787895378632637e+00,3.045573451186726621e-01,-4.281151756464182112e-01,3.045573451186726621e-01,2.355798303275873362e+00
2.346573487440045458e+00,3.042210399067466486e-01,-4.280676182437537780e-01,3.042210399067466486e-01,2.357114586057054151e+00
2.347359079501457835e+00,3.038847721090950915e-01,-4.280199245006411357e-01,3.038847721090950915e-01,2.358430295278823863e+00
2.348144671562870656e+00,3.035485418328118246e-01,-4.279720944521892001e-01,3.035485418328118246e-01,2.359745429449887855e+00
2.348930263624283477e+00,3.032123491849636476e-01,-4.279241281335620650e-01,3.032123491849636476e-01,2.361059987078761857e+00
2.349715855685696297e+00,3.028761942725893830e-01,-4.278760255799785028e-01,3.028761942725893830e-01,2.362373966673773751e+00
2.350501447747109118e+00,3.025400772027003748e-01,-4.278277868267122974e-01,3.025400772027003748e-01,2.363687366743066676e+00
2.351287039808521939e+00,3.022039980822801564e-01,-4.277794119090920222e-01,3.022039980822801564e-01,2.365000185794599030e+00
2.352072631869934760e+00,3.018679570182843941e-01,-4.277309008625012066e-01,3.018679570182843941e-01,2.366312422336146248e+00
2.352858223931347581e+00,3.015319541176410545e-01,-4.276822537223780585e-01,3.015319541176410545e-01,2.367624074875301687e+00
2.353643815992760402e+00,3.011959894872501264e-01,-4.276334705242156309e-01,3.011959894872501264e-01,2.368935141919477516e+00
2.354429408054173223e+00,3.008600632339838987e-01,-4.275845513035618217e-01,3.008600632339838987e-01,2.370245621975908712e+00
2.355215000115586044e+00,3.005241754646864605e-01,-4.275354960960193185e-01,3.005241754646864605e-01,2.371555513551651728e+00
2.356000592176998865e+00,3.001883262861741453e-01,-4.274863049372453760e-01,3.001883262861741453e-01,2.372864815153584495e+00
2.356786184238411685e+00,2.998525158052349759e-01,-4.274369778629521499e-01,2.998525158052349759e-01,2.374173525288413522e+00
2.357571776299824506e+00,2.995167441286292198e-01,-4.273875149089064740e-01,2.995167441286292198e-01,2.375481642462669019e+00
2.358357368361237327e+00,2.991810113630887780e-01,-4.273379161109298052e-01,2.991810113630887780e-01,2.376789165182709773e+00
2.359142960422650148e+00,2.988453176153174629e-01,-4.272881815048982790e-01,2.988453176153174629e-01,2.378096091954722713e+00
2.359928552484062969e+00,2.985096629919909983e-01,-4.272383111267427647e-01,2.985096629919909983e-01,2.379402421284726898e+00
2.360714144545475790e+00,2.981740475997566309e-01,-4.271883050124486436e-01,2.981740475997566309e-01,2.380708151678570417e+00
2.361499736606888611e+00,2.978384715452335185e-01,-4.271381631980559201e-01,2.978384715452335185e-01,2.382013281641936153e+00
2.362285328668301432e+00,2.975029349350123420e-01,-4.270878857196592771e-01,2.975029349350123420e-01,2.383317809680342236e+00
2.363070920729714253e+00,2.971674378756555823e-01,-4.270374726134079091e-01,2.971674378756555823e-01,2.384621734299139817e+00
2.363856512791127074e+00,2.968319804736970768e-01,-4.269869239155055785e-01,2.968319804736970768e-01,2.385925054003519286e+00
2.364642104852539894e+00,2.964965628356423522e-01,-4.269362396622105038e-01,2.964965628356423522e-01,2.387227767298507608e+00
2.365427696913952715e+00,2.961611850679684022e-01,-4.268854198898354713e-01,2.961611850679684022e-01,2.388529872688974098e+00
2.366213288975365536e+00,2.958258472771236880e-01,-4.268344646347477789e-01,2.958258472771236880e-01,2.389831368679626422e+00
2.366998881036778357e+00,2.954905495695279716e-01,-4.267833739333691812e-01,2.954905495695279716e-01,2.391132253775016370e+00
2.367784473098190734e+00,2.951552920515726486e-01,-4.267321478221758335e-01,2.951552920515726486e-01,2.392432526479538080e+00
2.368570065159603555e+00,2.948200748296199714e-01,-4.266807863376983478e-01,2.948200748296199714e-01,2.393732185297434256e+00
2.369355657221016376e+00,2.944848980100038816e-01,-4.266292895165217369e-01,2.944848980100038816e-01,2.395031228732788620e+00
2.370141249282429197e+00,2.941497616990293995e-01,-4.265776573952854700e-01,2.941497616990293995e-01,2.396329655289538785e+00
2.370926841343842018e+00,2.938146660029727908e-01,-4.265258900106832507e-01,2.938146660029727908e-01,2.397627463471465603e+00
2.371712433405254838e+00,2.934796110280814552e-01,-4.264739873994632391e-01,2.934796110280814552e-01,2.398924651782205153e+00
2.372498025466667659e+00,2.931445968805739266e-01,-4.264219495984279407e-01,2.931445968805739266e-01,2.400221218725243411e+00
2.373283617528080480e+00,2.928096236666397068e-01,-4.263697766444340953e-01,2.928096236666397068e-01,2.401517162803919359e+00
2.374069209589493301e+00,2.924746914924394869e-01,-4.263174685743927328e-01,2.924746914924394869e-01,2.402812482521427651e+00
2.374854801650906122e+00,2.921398004641047597e-01,-4.262650254252692283e-01,2.921398004641047597e-01,2.404107176380818611e+00
2.375640393712318943e+00,2.918049506877380961e-01,-4.262124472340831360e-01,2.918049506877380961e-01,2.405401242884998680e+00
2.376425985773731764e+00,2.914701422694128685e-01,-4.261597340379082444e-01,2.914701422694128685e-01,2.406694680536734854e+00
2.377211577835144585e+00,2.911353753151733614e-01,-4.261068858738725207e-01,2.911353753151733614e-01,2.407987487838652463e+00
2.377997169896557406e+00,2.908006499310347159e-01,-4.260539027791582223e-01,2.908006499310347159e-01,2.409279663293239171e+00
2.378782761957970227e+00,2.904659662229826522e-01,-4.260007847910017298e-01,2.904659662229826522e-01,2.410571205402846306e+00
2.379568354019383047e+00,2.901313242969738582e-01,-4.259475319466934917e-01,2.901313242969738582e-01,2.411862112669686198e+00
2.380353946080795868e+00,2.897967242589354897e-01,-4.258941442835781910e-01,2.897967242589354897e-01,2.413152383595840167e+00
2.381139538142208689e+00,2.894621662147655594e-01,-4.258406218390545783e-01,2.894621662147655594e-01,2.414442016683254533e+00
2.381925130203621510e+00,2.891276502703324924e-01,-4.257869646505754169e-01,2.891276502703324924e-01,2.415731010433743720e+00
2.382710722265034331e+00,2.887931765314753485e-01,-4.257331727556476486e-01,2.887931765314753485e-01,2.417019363348992034e+00
2.383496314326447152e+00,2.884587451040037109e-01,-4.256792461918322279e-01,2.884587451040037109e-01,2.418307073930554996e+00
2.384281906387859973e+00,2.881243560936975756e-01,-4.256251849967440659e-01,2.881243560936975756e-01,2.419594140679858896e+00
2.385067498449272794e+00,2.877900096063074620e-01,-4.255709892080521972e-01,2.877900096063074620e-01,2.420880562098206568e+00
2.385853090510685615e+00,2.874557057475541910e-01,-4.255166588634795022e-01,2.874557057475541910e-01,2.422166336686772059e+00
2.386638682572098435e+00,2.871214446231289408e-01,-4.254621940008029291e-01,2.871214446231289408e-01,2.423451462946609514e+00
2.387424274633511256e+00,2.867872263386932463e-01,-4.254075946578533274e-01,2.867872263386932463e-01,2.424735939378647398e+00
2.388209866694923633e+00,2.864530509998790553e-01,-4.253528608725155591e-01,2.864530509998790553e-01,2.426019764483695162e+00
2.388995458756336454e+00,2.861189187122880062e-01,-4.252979926827281654e-01,2.861189187122880062e-01,2.427302936762442798e+00
2.389781050817749275e+00,2.857848295814923167e-01,-4.252429901264837553e-01,2.857848295814923167e-01,2.428585454715460390e+00
2.390566642879162096e+00,2.854507837130343395e-01,-4.251878532418287837e-01,2.854507837130343395e-01,2.429867316843204339e+00
2.391352234940574917e+00,2.851167812124264511e-01,-4.251325820668634403e-01,2.851167812124264511e-01,2.431148521646011140e+00
2.392137827001987738e+00,2.847828221851510522e-01,-4.250771766397418716e-01,2.847828221851510522e-01,2.432429067624106711e+00
2.392923419063400559e+00,2.844489067366605672e-01,-4.250216369986719589e-01,2.844489067366605672e-01,2.433708953277602838e+00
2.393709011124813379e+00,2.841150349723773338e-01,-4.249659631819153183e-01,2.841150349723773338e-01,2.434988177106499840e+00
2.394494603186226200e+00,2.837812069976937690e-01,-4.249101552277873561e-01,2.837812069976937690e-01,2.436266737610687461e+00
2.395280195247639021e+00,2.834474229179719806e-01,-4.248542131746572692e-01,2.834474229179719806e-01,2.437544633289948859e+00
2.396065787309051842e+00,2.831136828385440452e-01,-4.247981370609478224e-01,2.831136828385440452e-01,2.438821862643957061e+00
2.396851379370464663e+00,2.827799868647117298e-01,-4.247419269251356821e-01,2.827799868647117298e-01,2.440098424172281621e+00
2.397636971431877484e+00,2.824463351017466040e-01,-4.246855828057510274e-01,2.824463351017466040e-01,2.441374316374385511e+00
2.398422563493290305e+00,2.821127276548899276e-01,-4.246291047413777164e-01,2.821127276548899276e-01,2.442649537749629562e+00
2.399208155554703126e+00,2.817791646293527075e-01,-4.245724927706532315e-01,2.817791646293527075e-01,2.443924086797272466e+00
2.399993747616115947e+00,2.814456461303154744e-01,-4.245157469322687893e-01,2.814456461303154744e-01,2.445197962016473436e+00
2.400779339677528768e+00,2.811121722629283948e-01,-4.244588672649690642e-01,2.811121722629283948e-01,2.446471161906290437e+00
2.401564931738941588e+00,2.807787431323111593e-01,-4.244018538075522984e-01,2.807787431323111593e-01,2.447743684965684619e+00
2.402350523800354409e+00,2.804453588435529832e-01,-4.243447065988703581e-01,2.804453588435529832e-01,2.449015529693522097e+00
2.403136115861767230e+00,2.801120195017124948e-01,-4.242874256778285669e-01,2.801120195017124948e-01,2.450286694588572178e+00
2.403921707923180051e+00,2.797787252118177914e-01,-4.242300110833858162e-01,2.797787252118177914e-01,2.451557178149510907e+00
2.404707299984592872e+00,2.794454760788662728e-01,-4.241724628545544551e-01,2.794454760788662728e-01,2.452826978874922847e+00
2.405492892046005693e+00,2.791122722078246965e-01,-4.241147810304002341e-01,2.791122722078246965e-01,2.454096095263300636e+00
2.406278484107418514e+00,2.787791137036292333e-01,-4.240569656500424722e-01,2.787791137036292333e-01,2.455364525813048093e+00
2.407064076168831335e+00,2.784460006711850788e-01,-4.239990167526537790e-01,2.784460006711850788e-01,2.456632269022480664e+00
2.407849668230244156e+00,2.781129332153667866e-01,-4.239409343774602767e-01,2.781129332153667866e-01,2.457899323389826307e+00
2.408635260291656532e+00,2.777799114410182679e-01,-4.238827185637413786e-01,2.777799114410182679e-01,2.459165687413228163e+00
2.409420852353069353e+00,2.774469354529518483e-01,-4.238243693508298993e-01,2.774469354529518483e-01,2.460431359590746325e+00
2.410206444414482174e+00,2.771140053559497107e-01,-4.237658867781119998e-01,2.771140053559497107e-01,2.461696338420356067e+00
2.410992036475894995e+00,2.767811212547626742e-01,-4.237072708850271319e-01,2.767811212547626742e-01,2.462960622399953170e+00
2.411777628537307816e+00,2.764482832541106938e-01,-4.236485217110679824e-01,2.764482832541106938e-01,2.464224210027352147e+00
2.412563220598720637e+00,2.761154914586826381e-01,-4.235896392957806400e-01,2.761154914586826381e-01,2.465487099800289350e+00
2.413348812660133458e+00,2.757827459731362896e-01,-4.235306236787643730e-01,2.757827459731362896e-01,2.466749290216424306e+00
2.414134404721546279e+00,2.754500469020982889e-01,-4.234714748996716849e-01,2.754500469020982889e-01,2.468010779773341046e+00
2.414919996782959100e+00,2.751173943501641350e-01,-4.234121929982083143e-01,2.751173943501641350e-01,2.469271566968548104e+00
2.415705588844371920e+00,2.747847884218980186e-01,-4.233527780141330688e-01,2.747847884218980186e-01,2.470531650299481186e+00
2.416491180905784741e+00,2.744522292218330994e-01,-4.232932299872581572e-01,2.744522292218330994e-01,2.471791028263504941e+00
2.417276772967197562e+00,2.741197168544708962e-01,-4.232335489574486354e-01,2.741197168544708962e-01,2.473049699357912523e+00
2.418062365028610383e+00,2.737872514242819522e-01,-4.231737349646229052e-01,2.737872514242819522e-01,2.474307662079929138e+00
2.418847957090023204e+00,2.734548330357051693e-01,-4.231137880487524372e-01,2.734548330357051693e-01,2.475564914926712490e+00
2.419633549151436025e+00,2.731224617931481413e-01,-4.230537082498616597e-01,2.731224617931481413e-01,2.476821456395354115e+00
2.420419141212848846e+00,2.727901378009870426e-01,-4.229934956080282360e-01,2.727901378009870426e-01,2.478077284982878936e+00
2.421204733274261667e+00,2.724578611635663505e-01,-4.229331501633827317e-01,2.724578611635663505e-01,2.479332399186251035e+00
2.421990325335674488e+00,2.721256319851992345e-01,-4.228726719561087255e-01,2.721256319851992345e-01,2.480586797502370544e+00
2.422775917397087309e+00,2.717934503701671112e-01,-4.228120610264429202e-01,2.717934503701671112e-01,2.481840478428078089e+00
2.423561509458500129e+00,2.714613164227198117e-01,-4.227513174146748098e-01,2.714613164227198117e-01,2.483093440460153456e+00
2.424347101519912950e+00,2.711292302470755811e-01,-4.226904411611469570e-01,2.711292302470755811e-01,2.484345682095320029e+00
2.425132693581325771e+00,2.707971919474207456e-01,-4.226294323062548819e-01,2.707971919474207456e-01,2.485597201830244352e+00
2.425918285642738592e+00,2.704652016279101012e-01,-4.225682908904468960e-01,2.704652016279101012e-01,2.486847998161537010e+00
2.426703877704151413e+00,2.701332593926664138e-01,-4.225070169542242127e-01,2.701332593926664138e-01,2.488098069585754857e+00
2.427489469765564234e+00,2.698013653457808636e-01,-4.224456105381409476e-01,2.698013653457808636e-01,2.489347414599403230e+00
2.428275061826977055e+00,2.694695195913126007e-01,-4.223840716828040631e-01,2.694695195913126007e-01,2.490596031698935064e+00
2.429060653888389432e+00,2.691377222332890229e-01,-4.223224004288734235e-01,2.691377222332890229e-01,2.491843919380754890e+00
2.429846245949802253e+00,2.688059733757051095e-01,-4.222605968170614621e-01,2.688059733757051095e-01,2.493091076141219276e+00
2.430631838011215073e+00,2.684742731225242540e-01,-4.221986608881336256e-01,2.684742731225242540e-01,2.494337500476635938e+00
2.431417430072627894e+00,2.681426215776778199e-01,-4.221365926829079296e-01,2.681426215776778199e-01,2.495583190883268632e+00
2.432203022134040715e+00,2.678110188450648632e-01,-4.220743922422552363e-01,2.678110188450648632e-01,2.496828145857336700e+00
2.432988614195453536e+00,2.674794650285524655e-01,-4.220120596070990882e-01,2.674794650285524655e-01,2.498072363895015968e+00
2.433774206256866357e+00,2.671479602319755120e-01,-4.219495948184157630e-01,2.671479602319755120e-01,2.499315843492441847e+00
2.434559798318279178e+00,2.668165045591365803e-01,-4.218869979172341078e-01,2.668165045591365803e-01,2.500558583145709779e+00
2.435345390379691999e+00,2.664850981138061070e-01,-4.218242689446356497e-01,2.664850981138061070e-01,2.501800581350875241e+00
2.436130982441104820e+00,2.661537409997222214e-01,-4.217614079417545403e-01,2.661537409997222214e-01,2.503041836603958181e+00
2.436916574502517641e+00,2.658224333205906897e-01,-4.216984149497775558e-01,2.658224333205906897e-01,2.504282347400941244e+00
2.437702166563930462e+00,2.654911751800848041e-01,-4.216352900099440415e-01,2.654911751800848041e-01,2.505522112237773769e+00
2.438487758625343282e+00,2.651599666818456602e-01,-4.215720331635458562e-01,2.651599666818456602e-01,2.506761129610371341e+00
2.439273350686756103e+00,2.648288079294817132e-01,-4.215086444519274833e-01,2.648288079294817132e-01,2.507999398014618464e+00
2.440058942748168924e+00,2.644976990265689443e-01,-4.214451239164858087e-01,2.644976990265689443e-01,2.509236915946368107e+00
2.440844534809581745e+00,2.641666400766509160e-01,-4.213814715986702319e-01,2.641666400766509160e-01,2.510473681901445264e+00
2.441630126870994566e+00,2.638356311832384393e-01,-4.213176875399826660e-01,2.638356311832384393e-01,2.511709694375647395e+00
2.442415718932407387e+00,2.635046724498097959e-01,-4.212537717819775374e-01,2.635046724498097959e-01,2.512944951864746201e+00
2.443201310993820208e+00,2.631737639798106265e-01,-4.211897243662614532e-01,2.631737639798106265e-01,2.514179452864486741e+00
2.443986903055233029e+00,2.628429058766537652e-01,-4.211255453344936450e-01,2.628429058766537652e-01,2.515413195870592311e+00
2.444772495116645850e+00,2.625120982437193495e-01,-4.210612347283856360e-01,2.625120982437193495e-01,2.516646179378764447e+00
2.445558087178058670e+00,2.621813411843548214e-01,-4.209967925897012964e-01,2.621813411843548214e-01,2.517878401884682926e+00
2.446343679239471491e+00,2.618506348018745933e-01,-4.209322189602568987e-01,2.618506348018745933e-01,2.519109861884009316e+00
2.447129271300884312e+00,2.615199791995603817e-01,-4.208675138819209516e-01,2.615199791995603817e-01,2.520340557872386533e+00
2.447914863362297133e+00,2.611893744806609852e-01,-4.208026773966142553e-01,2.611893744806609852e-01,2.521570488345441508e+00
2.448700455423709954e+00,2.608588207483920618e-01,-4.207377095463099570e-01,2.608588207483920618e-01,2.522799651798785625e+00
2.449486047485122331e+00,2.605283181059366848e-01,-4.206726103730333288e-01,2.605283181059366848e-01,2.524028046728016506e+00
2.450271639546535152e+00,2.601978666564442322e-01,-4.206073799188619344e-01,2.601978666564442322e-01,2.525255671628721554e+00
2.451057231607947973e+00,2.598674665030315523e-01,-4.205420182259255180e-01,2.598674665030315523e-01,2.526482524996474854e+00
2.451842823669360794e+00,2.595371177487822423e-01,-4.204765253364060040e-01,2.595371177487822423e-01,2.527708605326841163e+00
2.452628415730773614e+00,2.592068204967466483e-01,-4.204109012925374977e-01,2.592068204967466483e-01,2.528933911115378574e+00
2.453414007792186435e+00,2.588765748499420871e-01,-4.203451461366061737e-01,2.588765748499420871e-01,2.530158440857636748e+00
2.454199599853599256e+00,2.585463809113524025e-01,-4.202792599109503868e-01,2.585463809113524025e-01,2.531382193049161344e+00
2.454985191915012077e+00,2.582162387839283535e-01,-4.202132426579605617e-01,2.582162387839283535e-01,2.532605166185494028e+00
2.455770783976424898e+00,2.578861485705872814e-01,-4.201470944200790814e-01,2.578861485705872814e-01,2.533827358762172466e+00
2.456556376037837719e+00,2.575561103742132207e-01,-4.200808152398005091e-01,2.575561103742132207e-01,2.535048769274735214e+00
2.457341968099250540e+00,2.572261242976567330e-01,-4.200144051596714223e-01,2.572261242976567330e-01,2.536269396218719052e+00
2.458127560160663361e+00,2.568961904437350174e-01,-4.199478642222902458e-01,2.568961904437350174e-01,2.537489238089664312e+00
2.458913152222076182e+00,2.565663089152316889e-01,-4.198811924703075293e-01,2.565663089152316889e-01,2.538708293383112213e+00
2.459698744283489003e+00,2.562364798148969447e-01,-4.198143899464256701e-01,2.562364798148969447e-01,2.539926560594610194e+00
2.460484336344901823e+00,2.559067032454472868e-01,-4.197474566933990792e-01,2.559067032454472868e-01,2.541144038219711021e+00
2.461269928406314644e+00,2.555769793095657993e-01,-4.196803927540340151e-01,2.555769793095657993e-01,2.542360724753973233e+00
2.462055520467727465e+00,2.552473081099016494e-01,-4.196131981711886949e-01,2.552473081099016494e-01,2.543576618692966917e+00
2.462841112529140286e+00,2.549176897490705862e-01,-4.195458729877730164e-01,2.549176897490705862e-01,2.544791718532269265e+00
2.463626704590553107e+00,2.545881243296544971e-01,-4.194784172467489469e-01,2.545881243296544971e-01,2.546006022767470345e+00
2.464412296651965928e+00,2.542586119542014633e-01,-4.194108309911300236e-01,2.542586119542014633e-01,2.547219529894171774e+00
2.465197888713378749e+00,2.539291527252258152e-01,-4.193431142639817977e-01,2.539291527252258152e-01,2.548432238407990713e+00
2.465983480774791570e+00,2.535997467452080767e-01,-4.192752671084215010e-01,2.535997467452080767e-01,2.549644146804559863e+00
2.466769072836204391e+00,2.532703941165946881e-01,-4.192072895676179911e-01,2.532703941165946881e-01,2.550855253579527027e+00
2.467554664897617211e+00,2.529410949417984500e-01,-4.191391816847920837e-01,2.529410949417984500e-01,2.552065557228560877e+00
2.468340256959030032e+00,2.526118493231979123e-01,-4.190709435032160535e-01,2.526118493231979123e-01,2.553275056247347408e+00
2.469125849020442853e+00,2.522826573631377634e-01,-4.190025750662139670e-01,2.522826573631377634e-01,2.554483749131595705e+00
2.469911441081855230e+00,2.519535191639287741e-01,-4.189340764171616271e-01,2.519535191639287741e-01,2.555691634377035726e+00
2.470697033143268051e+00,2.516244348278470766e-01,-4.188654475994862958e-01,2.516244348278470766e-01,2.556898710479423631e+00
2.471482625204680872e+00,2.512954044571352741e-01,-4.187966886566669156e-01,2.512954044571352741e-01,2.558104975934538228e+00
2.472268217266093693e+00,2.509664281540014419e-01,-4.187277996322340545e-01,2.509664281540014419e-01,2.559310429238187190e+00
2.473053809327506514e+00,2.506375060206196270e-01,-4.186587805697697395e-01,2.506375060206196270e-01,2.560515068886204393e+00
2.473839401388919335e+00,2.503086381591295151e-01,-4.185896315129076228e-01,2.503086381591295151e-01,2.561718893374454797e+00
2.474624993450332155e+00,2.499798246716365135e-01,-4.185203525053328710e-01,2.499798246716365135e-01,2.562921901198834451e+00
2.475410585511744976e+00,2.496510656602116962e-01,-4.184509435907820540e-01,2.496510656602116962e-01,2.564124090855269156e+00
2.476196177573157797e+00,2.493223612268917755e-01,-4.183814048130433116e-01,2.493223612268917755e-01,2.565325460839722016e+00
2.476981769634570618e+00,2.489937114736789914e-01,-4.183117362159561314e-01,2.489937114736789914e-01,2.566526009648187667e+00
2.477767361695983439e+00,2.486651165025411669e-01,-4.182419378434115154e-01,2.486651165025411669e-01,2.567725735776700713e+00
2.478552953757396260e+00,2.483365764154116528e-01,-4.181720097393518132e-01,2.483365764154116528e-01,2.568924637721331283e+00
2.479338545818809081e+00,2.480080913141891608e-01,-4.181019519477707780e-01,2.480080913141891608e-01,2.570122713978189921e+00
2.480124137880221902e+00,2.476796613007379300e-01,-4.180317645127133996e-01,2.476796613007379300e-01,2.571319963043427137e+00
2.480909729941634723e+00,2.473512864768875053e-01,-4.179614474782761269e-01,2.473512864768875053e-01,2.572516383413235186e+00
2.481695322003047544e+00,2.470229669444327925e-01,-4.178910008886067007e-01,2.470229669444327925e-01,2.573711973583851176e+00
2.482480914064460364e+00,2.466947028051340030e-01,-4.178204247879040989e-01,2.466947028051340030e-01,2.574906732051557068e+00
2.483266506125873185e+00,2.463664941607165981e-01,-4.177497192204185361e-01,2.463664941607165981e-01,2.576100657312679232e+00
2.484052098187286006e+00,2.460383411128712339e-01,-4.176788842304515192e-01,2.460383411128712339e-01,2.577293747863594220e+00
2.484837690248698827e+00,2.457102437632537884e-01,-4.176079198623556810e-01,2.457102437632537884e-01,2.578486002200725657e+00
2.485623282310111648e+00,2.453822022134852787e-01,-4.175368261605350018e-01,2.453822022134852787e-01,2.579677418820549128e+00
2.486408874371524469e+00,2.450542165651517501e-01,-4.174656031694444214e-01,2.450542165651517501e-01,2.580867996219590399e+00
2.487194466432937290e+00,2.447262869198043311e-01,-4.173942509335901163e-01,2.447262869198043311e-01,2.582057732894430746e+00
2.487980058494350111e+00,2.443984133789592617e-01,-4.173227694975294999e-01,2.443984133789592617e-01,2.583246627341705182e+00
2.488765650555762932e+00,2.440705960440975875e-01,-4.172511589058707782e-01,2.440705960440975875e-01,2.584434678058103785e+00
2.489551242617175753e+00,2.437428350166654656e-01,-4.171794192032735604e-01,2.437428350166654656e-01,2.585621883540375698e+00
2.490336834678588129e+00,2.434151303980739978e-01,-4.171075504344483043e-01,2.434151303980739978e-01,2.586808242285327353e+00
2.491122426740000950e+00,2.430874822896986476e-01,-4.170355526441564820e-01,2.430874822896986476e-01,2.587993752789828239e+00
2.491908018801413771e+00,2.427598907928802396e-01,-4.169634258772105806e-01,2.427598907928802396e-01,2.589178413550806468e+00
2.492693610862826592e+00,2.424323560089242102e-01,-4.168911701784742130e-01,2.424323560089242102e-01,2.590362223065255876e+00
2.493479202924239413e+00,2.421048780391006905e-01,-4.168187855928616736e-01,2.421048780391006905e-01,2.591545179830232914e+00
2.494264794985652234e+00,2.417774569846445343e-01,-4.167462721653384383e-01,2.417774569846445343e-01,2.592727282342860207e+00
2.495050387047065055e+00,2.414500929467552348e-01,-4.166736299409207755e-01,2.414500929467552348e-01,2.593908529100329208e+00
2.495835979108477876e+00,2.411227860265969247e-01,-4.166008589646758020e-01,2.411227860265969247e-01,2.595088918599897987e+00
2.496621571169890696e+00,2.407955363252982928e-01,-4.165279592817214827e-01,2.407955363252982928e-01,2.596268449338897444e+00
2.497407163231303517e+00,2.404683439439525838e-01,-4.164549309372267416e-01,2.404683439439525838e-01,2.597447119814726868e+00
2.498192755292716338e+00,2.401412089836174879e-01,-4.163817739764111292e-01,2.401412089836174879e-01,2.598624928524860600e+00
2.498978347354129159e+00,2.398141315453151956e-01,-4.163084884445450995e-01,2.398141315453151956e-01,2.599801873966847587e+00
2.499763939415541980e+00,2.394871117300323149e-01,-4.162350743869498992e-01,2.394871117300323149e-01,2.600977954638311385e+00
2.500549531476954801e+00,2.391601496387198433e-01,-4.161615318489973459e-01,2.391601496387198433e-01,2.602153169036952374e+00
2.501335123538367622e+00,2.388332453722930293e-01,-4.160878608761101605e-01,2.388332453722930293e-01,2.603327515660551761e+00
2.502120715599780443e+00,2.385063990316315385e-01,-4.160140615137616349e-01,2.385063990316315385e-01,2.604500993006968912e+00
2.502906307661193264e+00,2.381796107175792043e-01,-4.159401338074757426e-01,2.381796107175792043e-01,2.605673599574144461e+00
2.503691899722606085e+00,2.378528805309441108e-01,-4.158660778028270832e-01,2.378528805309441108e-01,2.606845333860102532e+00
2.504477491784018905e+00,2.375262085724985095e-01,-4.157918935454409382e-01,2.375262085724985095e-01,2.608016194362951623e+00
2.505263083845431726e+00,2.371995949429787920e-01,-4.157175810809931038e-01,2.371995949429787920e-01,2.609186179580885501e+00
2.506048675906844547e+00,2.368730397430854617e-01,-4.156431404552100028e-01,2.368730397430854617e-01,2.610355288012184971e+00
2.506834267968257368e+00,2.365465430734830510e-01,-4.155685717138685731e-01,2.365465430734830510e-01,2.611523518155219659e+00
2.507619860029670189e+00,2.362201050348001763e-01,-4.154938749027962674e-01,2.362201050348001763e-01,2.612690868508447561e+00
2.508405452091083010e+00,2.358937257276293165e-01,-4.154190500678711095e-01,2.358937257276293165e-01,2.613857337570421269e+00
2.509191044152495831e+00,2.355674052525269790e-01,-4.153440972550213606e-01,2.355674052525269790e-01,2.615022923839781299e+00
2.509976636213908652e+00,2.352411437100135894e-01,-4.152690165102260744e-01,2.352411437100135894e-01,2.616187625815266760e+00
2.510762228275321029e+00,2.349149412005735182e-01,-4.151938078795144871e-01,2.349149412005735182e-01,2.617351441995708683e+00
2.511547820336733849e+00,2.345887978246544714e-01,-4.151184714089662386e-01,2.345887978246544714e-01,2.618514370880038022e+00
2.512333412398146670e+00,2.342627136826685441e-01,-4.150430071447114289e-01,2.342627136826685441e-01,2.619676410967282099e+00
2.513119004459559491e+00,2.339366888749912221e-01,-4.149674151329304506e-01,2.339366888749912221e-01,2.620837560756568152e+00
2.513904596520972312e+00,2.336107235019618533e-01,-4.148916954198541007e-01,2.336107235019618533e-01,2.621997818747125120e+00
2.514690188582385133e+00,2.332848176638833981e-01,-4.148158480517634139e-01,2.332848176638833981e-01,2.623157183438284079e+00
2.515475780643797954e+00,2.329589714610223739e-01,-4.147398730749897178e-01,2.329589714610223739e-01,2.624315653329480469e+00
2.516261372705210775e+00,2.326331849936089657e-01,-4.146637705359145221e-01,2.326331849936089657e-01,2.625473226920254088e+00
2.517046964766623596e+00,2.323074583618369160e-01,-4.145875404809696851e-01,2.323074583618369160e-01,2.626629902710252651e+00
2.517832556828036417e+00,2.319817916658633294e-01,-4.145111829566372474e-01,2.319817916658633294e-01,2.627785679199232227e+00
2.518618148889449238e+00,2.316561850058089511e-01,-4.144346980094493205e-01,2.316561850058089511e-01,2.628940554887056358e+00
2.519403740950862058e+00,2.313306384817578609e-01,-4.143580856859883088e-01,2.313306384817578609e-01,2.630094528273702270e+00
2.520189333012274879e+00,2.310051521937575014e-01,-4.142813460328866326e-01,2.310051521937575014e-01,2.631247597859257770e+00
2.520974925073687700e+00,2.306797262418187333e-01,-4.142044790968268941e-01,2.306797262418187333e-01,2.632399762143925237e+00
2.521760517135100521e+00,2.303543607259156689e-01,-4.141274849245417666e-01,2.303543607259156689e-01,2.633551019628022516e+00
2.522546109196513342e+00,2.300290557459857277e-01,-4.140503635628139389e-01,2.300290557459857277e-01,2.634701368811983357e+00
2.523331701257926163e+00,2.297038114019295252e-01,-4.139731150584761710e-01,2.297038114019295252e-01,2.635850808196359640e+00
2.524117293319338984e+00,2.293786277936108453e-01,-4.138957394584111826e-01,2.293786277936108453e-01,2.636999336281823592e+00
2.524902885380751805e+00,2.290535050208567236e-01,-4.138182368095517649e-01,2.290535050208567236e-01,2.638146951569167342e+00
2.525688477442164626e+00,2.287284431834571696e-01,-4.137406071588805578e-01,2.287284431834571696e-01,2.639293652559306036e+00
2.526474069503577446e+00,2.284034423811653336e-01,-4.136628505534301614e-01,2.284034423811653336e-01,2.640439437753277385e+00
2.527259661564990267e+00,2.280785027136973953e-01,-4.135849670402831357e-01,2.280785027136973953e-01,2.641584305652245668e+00
2.528045253626403088e+00,2.277536242807324807e-01,-4.135069566665719454e-01,2.277536242807324807e-01,2.642728254757501283e+00
2.528830845687815909e+00,2.274288071819127732e-01,-4.134288194794787374e-01,2.274288071819127732e-01,2.643871283570461639e+00
2.529616437749228730e+00,2.271040515168432639e-01,-4.133505555262357856e-01,2.271040515168432639e-01,2.645013390592674263e+00
2.530402029810641551e+00,2.267793573850918898e-01,-4.132721648541248793e-01,2.267793573850918898e-01,2.646154574325817688e+00
2.531187621872054372e+00,2.264547248861893958e-01,-4.131936475104777684e-01,2.264547248861893958e-01,2.647294833271702785e+00
2.531973213933466749e+00,2.261301541196295006e-01,-4.131150035426759404e-01,2.261301541196295006e-01,2.648434165932271878e+00
2.532758805994879570e+00,2.258056451848681478e-01,-4.130362329981505654e-01,2.258056451848681478e-01,2.649572570809605843e+00
2.533544398056292390e+00,2.254811981813245603e-01,-4.129573359243825514e-01,2.254811981813245603e-01,2.650710046405920117e+00
2.534329990117705211e+00,2.251568132083804075e-01,-4.128783123689024892e-01,2.251568132083804075e-01,2.651846591223567362e+00
2.535115582179118032e+00,2.248324903653800555e-01,-4.127991623792906517e-01,2.248324903653800555e-01,2.652982203765040570e+00
2.535901174240530853e+00,2.245082297516304282e-01,-4.127198860031769390e-01,2.245082297516304282e-01,2.654116882532972621e+00
2.536686766301943674e+00,2.241840314664010625e-01,-4.126404832882408780e-01,2.241840314664010625e-01,2.655250626030139838e+00
2.537472358363356495e+00,2.238598956089239700e-01,-4.125609542822115117e-01,2.238598956089239700e-01,2.656383432759460206e+00
2.538257950424769316e+00,2.235358222783936366e-01,-4.124812990328674545e-01,2.235358222783936366e-01,2.657515301223997817e+00
2.539043542486182137e+00,2.232118115739671060e-01,-4.124015175880369477e-01,2.232118115739671060e-01,2.658646229926962423e+00
2.539829134547594958e+00,2.228878635947636744e-01,-4.123216099955976932e-01,2.228878635947636744e-01,2.659776217371712992e+00
2.540614726609007779e+00,2.225639784398650844e-01,-4.122415763034768532e-01,2.225639784398650844e-01,2.660905262061756371e+00
2.541400318670420599e+00,2.222401562083154425e-01,-4.121614165596510504e-01,2.222401562083154425e-01,2.662033362500749512e+00
2.542185910731833420e+00,2.219163969991210794e-01,-4.120811308121464234e-01,2.219163969991210794e-01,2.663160517192503018e+00
2.542971502793246241e+00,2.215927009112506063e-01,-4.120007191090383492e-01,2.215927009112506063e-01,2.664286724640979820e+00
2.543757094854659062e+00,2.212690680436348589e-01,-4.119201814984517762e-01,2.212690680436348589e-01,2.665411983350297387e+00
2.544542686916071883e+00,2.209454984951668144e-01,-4.118395180285609469e-01,2.209454984951668144e-01,2.666536291824731286e+00
2.545328278977484704e+00,2.206219923647016190e-01,-4.117587287475893976e-01,2.206219923647016190e-01,2.667659648568712072e+00
2.546113871038897525e+00,2.202985497510564772e-01,-4.116778137038099583e-01,2.202985497510564772e-01,2.668782052086831502e+00
2.546899463100310346e+00,2.199751707530107070e-01,-4.115967729455448643e-01,2.199751707530107070e-01,2.669903500883841208e+00
2.547685055161723167e+00,2.196518554693056013e-01,-4.115156065211655334e-01,2.196518554693056013e-01,2.671023993464654467e+00
2.548470647223135988e+00,2.193286039986444280e-01,-4.114343144790925666e-01,2.193286039986444280e-01,2.672143528334348428e+00
2.549256239284548808e+00,2.190054164396924297e-01,-4.113528968677958031e-01,2.190054164396924297e-01,2.673262103998164108e+00
2.550041831345961629e+00,2.186822928910767405e-01,-4.112713537357943760e-01,2.186822928910767405e-01,2.674379718961510388e+00
2.550827423407374450e+00,2.183592334513863309e-01,-4.111896851316564350e-01,2.183592334513863309e-01,2.675496371729961798e+00
2.551613015468787271e+00,2.180362382191720627e-01,-4.111078911039993122e-01,2.180362382191720627e-01,2.676612060809262950e+00
2.552398607530199648e+00,2.177133072929466895e-01,-4.110259717014894676e-01,2.177133072929466895e-01,2.677726784705328544e+00
2.553184199591612469e+00,2.173904407711842457e-01,-4.109439269728423771e-01,2.173904407711842457e-01,2.678840541924246033e+00
2.553969791653025290e+00,2.170676387523209350e-01,-4.108617569668226444e-01,2.170676387523209350e-01,2.679953330972275616e+00
2.554755383714438111e+00,2.167449013347545195e-01,-4.107794617322438890e-01,2.167449013347545195e-01,2.681065150355851578e+00
2.555540975775850931e+00,2.164222286168443476e-01,-4.106970413179687474e-01,2.164222286168443476e-01,2.682175998581584953e+00
2.556326567837263752e+00,2.160996206969114097e-01,-4.106144957729087053e-01,2.160996206969114097e-01,2.683285874156263962e+00
2.557112159898676573e+00,2.157770776732382545e-01,-4.105318251460244316e-01,2.157770776732382545e-01,2.684394775586856241e+00
2.557897751960089394e+00,2.154545996440688505e-01,-4.104490294863253341e-01,2.154545996440688505e-01,2.685502701380509727e+00
2.558683344021502215e+00,2.151321867076087802e-01,-4.103661088428698367e-01,2.151321867076087802e-01,2.686609650044553987e+00
2.559468936082915036e+00,2.148098389620249904e-01,-4.102830632647651576e-01,2.148098389620249904e-01,2.687715620086501556e+00
2.560254528144327857e+00,2.144875565054458477e-01,-4.101998928011674206e-01,2.144875565054458477e-01,2.688820610014050150e+00
2.561040120205740678e+00,2.141653394359610552e-01,-4.101165975012815434e-01,2.141653394359610552e-01,2.689924618335083117e+00
2.561825712267153499e+00,2.138431878516216800e-01,-4.100331774143612384e-01,2.138431878516216800e-01,2.691027643557671656e+00
2.562611304328566320e+00,2.135211018504400982e-01,-4.099496325897090676e-01,2.135211018504400982e-01,2.692129684190075256e+00
2.563396896389979140e+00,2.131990815303898279e-01,-4.098659630766762763e-01,2.131990815303898279e-01,2.693230738740745256e+00
2.564182488451391961e+00,2.128771269894057516e-01,-4.097821689246627930e-01,2.128771269894057516e-01,2.694330805718322619e+00
2.564968080512804782e+00,2.125552383253837552e-01,-4.096982501831173962e-01,2.125552383253837552e-01,2.695429883631643708e+00
2.565753672574217603e+00,2.122334156361810331e-01,-4.096142069015373810e-01,2.122334156361810331e-01,2.696527970989736733e+00
2.566539264635630424e+00,2.119116590196157557e-01,-4.095300391294686704e-01,2.119116590196157557e-01,2.697625066301828411e+00
2.567324856697043245e+00,2.115899685734671520e-01,-4.094457469165060370e-01,2.115899685734671520e-01,2.698721168077342636e+00
2.568110448758456066e+00,2.112683443954755380e-01,-4.093613303122925484e-01,2.112683443954755380e-01,2.699816274825900475e+00
2.568896040819868887e+00,2.109467865833422051e-01,-4.092767893665200662e-01,2.109467865833422051e-01,2.700910385057324170e+00
2.569681632881281708e+00,2.106252952347293095e-01,-4.091921241289288580e-01,2.106252952347293095e-01,2.702003497281638467e+00
2.570467224942694529e+00,2.103038704472599829e-01,-4.091073346493078189e-01,2.103038704472599829e-01,2.703095610009071059e+00
2.571252817004107349e+00,2.099825123185182218e-01,-4.090224209774943054e-01,2.099825123185182218e-01,2.704186721750053035e+00
2.572038409065520170e+00,2.096612209460488041e-01,-4.089373831633739687e-01,2.096612209460488041e-01,2.705276831015221095e+00
2.572824001126932547e+00,2.093399964273575109e-01,-4.088522212568812542e-01,2.093399964273575109e-01,2.706365936315421994e+00
2.573609593188345368e+00,2.090188388599103775e-01,-4.087669353079986245e-01,2.090188388599103775e-01,2.707454036161708988e+00
2.574395185249758189e+00,2.086977483411346368e-01,-4.086815253667571701e-01,2.086977483411346368e-01,2.708541129065347164e+00
2.575180777311171010e+00,2.083767249684179979e-01,-4.085959914832362760e-01,2.083767249684179979e-01,2.709627213537810775e+00
2.575966369372583831e+00,2.080557688391088678e-01,-4.085103337075637331e-01,2.080557688391088678e-01,2.710712288090790789e+00
2.576751961433996652e+00,2.077348800505162407e-01,-4.084245520899155157e-01,2.077348800505162407e-01,2.711796351236188674e+00
2.577537553495409473e+00,2.074140586999096425e-01,-4.083386466805159487e-01,2.074140586999096425e-01,2.712879401486124831e+00
2.578323145556822293e+00,2.070933048845191859e-01,-4.082526175296376514e-01,2.070933048845191859e-01,2.713961437352935935e+00
2.579108737618235114e+00,2.067726187015354045e-01,-4.081664646876014269e-01,2.067726187015354045e-01,2.715042457349177596e+00
2.579894329679647935e+00,2.064520002481093075e-01,-4.080801882047762619e-01,2.064520002481093075e-01,2.716122459987625248e+00
2.580679921741060756e+00,2.061314496213523251e-01,-4.079937881315793824e-01,2.061314496213523251e-01,2.717201443781276371e+00
2.581465513802473577e+00,2.058109669183362245e-01,-4.079072645184760870e-01,2.058109669183362245e-01,2.718279407243351375e+00
2.582251105863886398e+00,2.054905522360931935e-01,-4.078206174159798580e-01,2.054905522360931935e-01,2.719356348887295383e+00
2.583036697925299219e+00,2.051702056716156186e-01,-4.077338468746522504e-01,2.051702056716156186e-01,2.720432267226778222e+00
2.583822289986712040e+00,2.048499273218561956e-01,-4.076469529451029472e-01,2.048499273218561956e-01,2.721507160775699763e+00
2.584607882048124861e+00,2.045297172837278465e-01,-4.075599356779896487e-01,2.045297172837278465e-01,2.722581028048185026e+00
2.585393474109537681e+00,2.042095756541036367e-01,-4.074727951240180168e-01,2.042095756541036367e-01,2.723653867558592179e+00
2.586179066170950502e+00,2.038895025298168850e-01,-4.073855313339417306e-01,2.038895025298168850e-01,2.724725677821509429e+00
2.586964658232363323e+00,2.035694980076608596e-01,-4.072981443585625416e-01,2.035694980076608596e-01,2.725796457351759017e+00
2.587750250293776144e+00,2.032495621843890543e-01,-4.072106342487300523e-01,2.032495621843890543e-01,2.726866204664396776e+00
2.588535842355188965e+00,2.029296951567148566e-01,-4.071230010553417156e-01,2.029296951567148566e-01,2.727934918274713905e+00
2.589321434416601786e+00,2.026098970213117967e-01,-4.070352448293430569e-01,2.026098970213117967e-01,2.729002596698240524e+00
2.590107026478014607e+00,2.022901678748132426e-01,-4.069473656217272861e-01,2.022901678748132426e-01,2.730069238450744784e+00
2.590892618539427428e+00,2.019705078138125387e-01,-4.068593634835355188e-01,2.019705078138125387e-01,2.731134842048234201e+00
2.591678210600840249e+00,2.016509169348629227e-01,-4.067712384658567215e-01,2.016509169348629227e-01,2.732199406006959208e+00
2.592463802662253070e+00,2.013313953344774143e-01,-4.066829906198275446e-01,2.013313953344774143e-01,2.733262928843411377e+00
2.593249394723665446e+00,2.010119431091291209e-01,-4.065946199966326002e-01,2.010119431091291209e-01,2.734325409074329194e+00
2.594034986785078267e+00,2.006925603552503212e-01,-4.065061266475039070e-01,2.006925603552503212e-01,2.735386845216694951e+00
2.594820578846491088e+00,2.003732471692335482e-01,-4.064175106237213897e-01,2.003732471692335482e-01,2.736447235787739629e+00
2.595606170907903909e+00,2.000540036474308947e-01,-4.063287719766127126e-01,2.000540036474308947e-01,2.737506579304941123e+00
2.596391762969316730e+00,1.997348298861540694e-01,-4.062399107575530577e-01,1.997348298861540694e-01,2.738564874286029571e+00
2.597177355030729551e+00,1.994157259816744521e-01,-4.061509270179652908e-01,1.994157259816744521e-01,2.739622119248985133e+00
2.597962947092142372e+00,1.990966920302230103e-01,-4.060618208093198511e-01,1.990966920302230103e-01,2.740678312712041986e+00
2.598748539153555193e+00,1.987777281279901609e-01,-4.059725921831347506e-01,1.987777281279901609e-01,2.741733453193687886e+00
2.599534131214968014e+00,1.984588343711259362e-01,-4.058832411909755189e-01,1.984588343711259362e-01,2.742787539212665937e+00
2.600319723276380834e+00,1.981400108557398176e-01,-4.057937678844553142e-01,1.981400108557398176e-01,2.743840569287978592e+00
2.601105315337793655e+00,1.978212576779006804e-01,-4.057041723152347013e-01,1.978212576779006804e-01,2.744892541938885433e+00
2.601890907399206476e+00,1.975025749336368208e-01,-4.056144545350216513e-01,1.975025749336368208e-01,2.745943455684906276e+00
2.602676499460619297e+00,1.971839627189359290e-01,-4.055246145955716530e-01,1.971839627189359290e-01,2.746993309045822063e+00
2.603462091522032118e+00,1.968654211297449497e-01,-4.054346525486876018e-01,1.968654211297449497e-01,2.748042100541678412e+00
2.604247683583444939e+00,1.965469502619701658e-01,-4.053445684462197440e-01,1.965469502619701658e-01,2.749089828692782955e+00
2.605033275644857760e+00,1.962285502114771152e-01,-4.052543623400657324e-01,1.962285502114771152e-01,2.750136492019711554e+00
2.605818867706270581e+00,1.959102210740904515e-01,-4.051640342821705154e-01,1.959102210740904515e-01,2.751182089043305190e+00
2.606604459767683402e+00,1.955919629455941666e-01,-4.050735843245263368e-01,1.955919629455941666e-01,2.752226618284675741e+00
2.607390051829096222e+00,1.952737759217312574e-01,-4.049830125191726804e-01,1.952737759217312574e-01,2.753270078265202425e+00
2.608175643890509043e+00,1.949556600982038368e-01,-4.048923189181964366e-01,1.949556600982038368e-01,2.754312467506538464e+00
2.608961235951921864e+00,1.946376155706731337e-01,-4.048015035737314582e-01,1.946376155706731337e-01,2.755353784530608863e+00
2.609746828013334685e+00,1.943196424347593543e-01,-4.047105665379591155e-01,1.943196424347593543e-01,2.756394027859613960e+00
2.610532420074747506e+00,1.940017407860417376e-01,-4.046195078631076303e-01,1.940017407860417376e-01,2.757433196016027210e+00
2.611318012136160327e+00,1.936839107200584165e-01,-4.045283276014525198e-01,1.936839107200584165e-01,2.758471287522603177e+00
2.612103604197573148e+00,1.933661523323065012e-01,-4.044370258053164857e-01,1.933661523323065012e-01,2.759508300902372646e+00
2.612889196258985969e+00,1.930484657182419128e-01,-4.043456025270691923e-01,1.930484657182419128e-01,2.760544234678647069e+00
2.613674788320398346e+00,1.927308509732796604e-01,-4.042540578191274325e-01,1.927308509732796604e-01,2.761579087375018560e+00
2.614460380381811166e+00,1.924133081927929534e-01,-4.041623917339549621e-01,1.924133081927929534e-01,2.762612857515364340e+00
2.615245972443223987e+00,1.920958374721143946e-01,-4.040706043240626100e-01,1.920958374721143946e-01,2.763645543623844070e+00
2.616031564504636808e+00,1.917784389065350092e-01,-4.039786956420081121e-01,1.917784389065350092e-01,2.764677144224903849e+00
2.616817156566049629e+00,1.914611125913046330e-01,-4.038866657403963334e-01,1.914611125913046330e-01,2.765707657843277545e+00
2.617602748627462450e+00,1.911438586216316904e-01,-4.037945146718787681e-01,1.911438586216316904e-01,2.766737083003985909e+00
2.618388340688875271e+00,1.908266770926832501e-01,-4.037022424891541506e-01,1.908266770926832501e-01,2.767765418232342789e+00
2.619173932750288092e+00,1.905095680995849972e-01,-4.036098492449677888e-01,1.905095680995849972e-01,2.768792662053950249e+00
2.619959524811700913e+00,1.901925317374210667e-01,-4.035173349921120090e-01,1.901925317374210667e-01,2.769818812994705670e+00
2.620745116873113734e+00,1.898755681012342100e-01,-4.034246997834258774e-01,1.898755681012342100e-01,2.770843869580799534e+00
2.621530708934526555e+00,1.895586772860255453e-01,-4.033319436717953121e-01,1.895586772860255453e-01,2.771867830338719418e+00
2.622316300995939375e+00,1.892418593867547238e-01,-4.032390667101529158e-01,1.892418593867547238e-01,2.772890693795248218e+00
2.623101893057352196e+00,1.889251144983397634e-01,-4.031460689514780871e-01,1.889251144983397634e-01,2.773912458477469034e+00
2.623887485118765017e+00,1.886084427156569654e-01,-4.030529504487968540e-01,1.886084427156569654e-01,2.774933122912764727e+00
2.624673077180177838e+00,1.882918441335411086e-01,-4.029597112551820959e-01,1.882918441335411086e-01,2.775952685628819694e+00
2.625458669241590659e+00,1.879753188467851166e-01,-4.028663514237530996e-01,1.879753188467851166e-01,2.776971145153621201e+00
2.626244261303003480e+00,1.876588669501401963e-01,-4.027728710076758922e-01,1.876588669501401963e-01,2.777988500015459383e+00
2.627029853364416301e+00,1.873424885383157823e-01,-4.026792700601631858e-01,1.873424885383157823e-01,2.779004748742933018e+00
2.627815445425829122e+00,1.870261837059795373e-01,-4.025855486344740441e-01,1.870261837059795373e-01,2.780019889864945526e+00
2.628601037487241943e+00,1.867099525477571853e-01,-4.024917067839143270e-01,1.867099525477571853e-01,2.781033921910711637e+00
2.629386629548654764e+00,1.863937951582326225e-01,-4.023977445618362458e-01,1.863937951582326225e-01,2.782046843409752945e+00
2.630172221610067584e+00,1.860777116319477509e-01,-4.023036620216385861e-01,1.860777116319477509e-01,2.783058652891906348e+00
2.630957813671480405e+00,1.857617020634025895e-01,-4.022094592167664850e-01,1.857617020634025895e-01,2.784069348887317830e+00
2.631743405732893226e+00,1.854457665470550520e-01,-4.021151362007115981e-01,1.854457665470550520e-01,2.785078929926449565e+00
2.632528997794306047e+00,1.851299051773211135e-01,-4.020206930270120438e-01,1.851299051773211135e-01,2.786087394540081252e+00
2.633314589855718868e+00,1.848141180485745882e-01,-4.019261297492521257e-01,1.848141180485745882e-01,2.787094741259306563e+00
2.634100181917131245e+00,1.844984052551474074e-01,-4.018314464210627213e-01,1.844984052551474074e-01,2.788100968615539355e+00
2.634885773978544066e+00,1.841827668913287863e-01,-4.017366430961207824e-01,1.841827668913287863e-01,2.789106075140514562e+00
2.635671366039956887e+00,1.838672030513662792e-01,-4.016417198281497791e-01,1.838672030513662792e-01,2.790110059366286865e+00
2.636456958101369707e+00,1.835517138294651129e-01,-4.015466766709193669e-01,1.835517138294651129e-01,2.791112919825235572e+00
2.637242550162782528e+00,1.832362993197881595e-01,-4.014515136782453864e-01,1.832362993197881595e-01,2.792114655050062400e+00
2.638028142224195349e+00,1.829209596164560192e-01,-4.013562309039899745e-01,1.829209596164560192e-01,2.793115263573796359e+00
2.638813734285608170e+00,1.826056948135470481e-01,-4.012608284020614535e-01,1.826056948135470481e-01,2.794114743929794198e+00
2.639599326347020991e+00,1.822905050050971087e-01,-4.011653062264141645e-01,1.822905050050971087e-01,2.795113094651738628e+00
2.640384918408433812e+00,1.819753902850997362e-01,-4.010696644310488002e-01,1.819753902850997362e-01,2.796110314273646757e+00
2.641170510469846633e+00,1.816603507475059998e-01,-4.009739030700119056e-01,1.816603507475059998e-01,2.797106401329862102e+00
2.641956102531259454e+00,1.813453864862245024e-01,-4.008780221973962665e-01,1.813453864862245024e-01,2.798101354355065240e+00
2.642741694592672275e+00,1.810304975951213258e-01,-4.007820218673406876e-01,1.810304975951213258e-01,2.799095171884268929e+00
2.643527286654085096e+00,1.807156841680200021e-01,-4.006859021340299365e-01,1.807156841680200021e-01,2.800087852452823434e+00
2.644312878715497916e+00,1.804009462987014867e-01,-4.005896630516948553e-01,1.804009462987014867e-01,2.801079394596414751e+00
2.645098470776910737e+00,1.800862840809041299e-01,-4.004933046746121938e-01,1.800862840809041299e-01,2.802069796851067718e+00
2.645884062838323558e+00,1.797716976083235663e-01,-4.003968270571045540e-01,1.797716976083235663e-01,2.803059057753148231e+00
2.646669654899736379e+00,1.794571869746127701e-01,-4.003002302535406121e-01,1.794571869746127701e-01,2.804047175839362804e+00
2.647455246961149200e+00,1.791427522733820277e-01,-4.002035143183347854e-01,1.791427522733820277e-01,2.805034149646761232e+00
2.648240839022562021e+00,1.788283935981987982e-01,-4.001066793059474547e-01,1.788283935981987982e-01,2.806019977712737923e+00
2.649026431083974842e+00,1.785141110425877697e-01,-4.000097252708846862e-01,1.785141110425877697e-01,2.807004658575032341e+00
2.649812023145387663e+00,1.781999047000307757e-01,-3.999126522676984541e-01,1.781999047000307757e-01,2.807988190771732562e+00
2.650597615206800484e+00,1.778857746639668225e-01,-3.998154603509864735e-01,1.778857746639668225e-01,2.808970572841273938e+00
2.651383207268213305e+00,1.775717210277919234e-01,-3.997181495753921454e-01,1.775717210277919234e-01,2.809951803322442654e+00
2.652168799329626125e+00,1.772577438848592091e-01,-3.996207199956046674e-01,1.772577438848592091e-01,2.810931880754376166e+00
2.652954391391038946e+00,1.769438433284788448e-01,-3.995231716663588117e-01,1.769438433284788448e-01,2.811910803676565429e+00
2.653739983452451767e+00,1.766300194519178912e-01,-3.994255046424350364e-01,1.766300194519178912e-01,2.812888570628854445e+00
2.654525575513864144e+00,1.763162723484006378e-01,-3.993277189786595960e-01,1.763162723484006378e-01,2.813865180151444267e+00
2.655311167575276965e+00,1.760026021111076866e-01,-3.992298147299039868e-01,1.760026021111076866e-01,2.814840630784893438e+00
2.656096759636689786e+00,1.756890088331770905e-01,-3.991317919510856127e-01,1.756890088331770905e-01,2.815814921070118881e+00
2.656882351698102607e+00,1.753754926077034926e-01,-3.990336506971672859e-01,1.753754926077034926e-01,2.816788049548396788e+00
2.657667943759515428e+00,1.750620535277384038e-01,-3.989353910231572820e-01,1.750620535277384038e-01,2.817760014761365728e+00
2.658453535820928249e+00,1.747486916862901196e-01,-3.988370129841093958e-01,1.747486916862901196e-01,2.818730815251027089e+00
2.659239127882341069e+00,1.744354071763236091e-01,-3.987385166351229415e-01,1.744354071763236091e-01,2.819700449559745525e+00
2.660024719943753890e+00,1.741222000907605427e-01,-3.986399020313426411e-01,1.741222000907605427e-01,2.820668916230254286e+00
2.660810312005166711e+00,1.738090705224793198e-01,-3.985411692279585139e-01,1.738090705224793198e-01,2.821636213805651217e+00
2.661595904066579532e+00,1.734960185643148745e-01,-3.984423182802060981e-01,1.734960185643148745e-01,2.822602340829404088e+00
2.662381496127992353e+00,1.731830443090588145e-01,-3.983433492433661183e-01,1.731830443090588145e-01,2.823567295845350156e+00
2.663167088189405174e+00,1.728701478494591992e-01,-3.982442621727647625e-01,1.728701478494591992e-01,2.824531077397698819e+00
2.663952680250817995e+00,1.725573292782207335e-01,-3.981450571237734604e-01,1.725573292782207335e-01,2.825493684031032515e+00
2.664738272312230816e+00,1.722445886880045185e-01,-3.980457341518088277e-01,1.722445886880045185e-01,2.826455114290307602e+00
2.665523864373643637e+00,1.719319261714281066e-01,-3.979462933123327772e-01,1.719319261714281066e-01,2.827415366720855694e+00
2.666309456435056457e+00,1.716193418210655020e-01,-3.978467346608524080e-01,1.716193418210655020e-01,2.828374439868387658e+00
2.667095048496469278e+00,1.713068357294470490e-01,-3.977470582529199494e-01,1.713068357294470490e-01,2.829332332278990503e+00
2.667880640557882099e+00,1.709944079890594326e-01,-3.976472641441329281e-01,1.709944079890594326e-01,2.830289042499134489e+00
2.668666232619294920e+00,1.706820586923457062e-01,-3.975473523901337791e-01,1.706820586923457062e-01,2.831244569075667794e+00
2.669451824680707741e+00,1.703697879317050967e-01,-3.974473230466101237e-01,1.703697879317050967e-01,2.832198910555824511e+00
2.670237416742120562e+00,1.700575957994931164e-01,-3.973471761692946580e-01,1.700575957994931164e-01,2.833152065487221538e+00
2.671023008803533383e+00,1.697454823880214791e-01,-3.972469118139651534e-01,1.697454823880214791e-01,2.834104032417862573e+00
2.671808600864946204e+00,1.694334477895581004e-01,-3.971465300364442341e-01,1.694334477895581004e-01,2.835054809896138117e+00
2.672594192926359025e+00,1.691214920963269031e-01,-3.970460308925995996e-01,1.691214920963269031e-01,2.836004396470826361e+00
2.673379784987771846e+00,1.688096154005080396e-01,-3.969454144383439131e-01,1.688096154005080396e-01,2.836952790691098070e+00
2.674165377049184666e+00,1.684978177942376421e-01,-3.968446807296346912e-01,1.684978177942376421e-01,2.837899991106513475e+00
2.674950969110597043e+00,1.681860993696080442e-01,-3.967438298224744697e-01,1.681860993696080442e-01,2.838845996267025829e+00
2.675736561172009864e+00,1.678744602186670876e-01,-3.966428617729103046e-01,1.678744602186670876e-01,2.839790804722984952e+00
2.676522153233422685e+00,1.675629004334190375e-01,-3.965417766370344932e-01,1.675629004334190375e-01,2.840734415025133686e+00
2.677307745294835506e+00,1.672514201058239447e-01,-3.964405744709839641e-01,1.672514201058239447e-01,2.841676825724614552e+00
2.678093337356248327e+00,1.669400193277976729e-01,-3.963392553309402766e-01,1.669400193277976729e-01,2.842618035372966201e+00
2.678878929417661148e+00,1.666286981912120380e-01,-3.962378192731300097e-01,1.666286981912120380e-01,2.843558042522130069e+00
2.679664521479073969e+00,1.663174567878945576e-01,-3.961362663538242623e-01,1.663174567878945576e-01,2.844496845724448164e+00
2.680450113540486790e+00,1.660062952096286182e-01,-3.960345966293388753e-01,1.660062952096286182e-01,2.845434443532663948e+00
2.681235705601899610e+00,1.656952135481533084e-01,-3.959328101560343205e-01,1.656952135481533084e-01,2.846370834499928115e+00
2.682021297663312431e+00,1.653842118951633910e-01,-3.958309069903158117e-01,1.653842118951633910e-01,2.847306017179794591e+00
2.682806889724725252e+00,1.650732903423093312e-01,-3.957288871886329717e-01,1.650732903423093312e-01,2.848239990126225862e+00
2.683592481786138073e+00,1.647624489811972404e-01,-3.956267508074801653e-01,1.647624489811972404e-01,2.849172751893593869e+00
2.684378073847550894e+00,1.644516879033888213e-01,-3.955244979033961661e-01,1.644516879033888213e-01,2.850104301036679111e+00
2.685163665908963715e+00,1.641410072004013676e-01,-3.954221285329644342e-01,1.641410072004013676e-01,2.851034636110674203e+00
2.685949257970376536e+00,1.638304069637075977e-01,-3.953196427528127277e-01,1.638304069637075977e-01,2.851963755671185208e+00
2.686734850031789357e+00,1.635198872847358764e-01,-3.952170406196133245e-01,1.635198872847358764e-01,2.852891658274231634e+00
2.687520442093202178e+00,1.632094482548699654e-01,-3.951143221900830227e-01,1.632094482548699654e-01,2.853818342476250436e+00
2.688306034154614998e+00,1.628990899654489954e-01,-3.950114875209829179e-01,1.628990899654489954e-01,2.854743806834094677e+00
2.689091626216027819e+00,1.625888125077675495e-01,-3.949085366691184595e-01,1.625888125077675495e-01,2.855668049905034866e+00
2.689877218277440640e+00,1.622786159730755795e-01,-3.948054696913395056e-01,1.622786159730755795e-01,2.856591070246765174e+00
2.690662810338853461e+00,1.619685004525783234e-01,-3.947022866445401568e-01,1.619685004525783234e-01,2.857512866417397657e+00
2.691448402400266282e+00,1.616584660374363325e-01,-3.945989875856588669e-01,1.616584660374363325e-01,2.858433436975470254e+00
2.692233994461679103e+00,1.613485128187653606e-01,-3.944955725716783324e-01,1.613485128187653606e-01,2.859352780479942790e+00
2.693019586523091924e+00,1.610386408876364750e-01,-3.943920416596254364e-01,1.610386408876364750e-01,2.860270895490203191e+00
2.693805178584504745e+00,1.607288503350758069e-01,-3.942883949065712490e-01,1.607288503350758069e-01,2.861187780566065264e+00
2.694590770645917566e+00,1.604191412520647175e-01,-3.941846323696310272e-01,1.604191412520647175e-01,2.862103434267771362e+00
2.695376362707329942e+00,1.601095137295398541e-01,-3.940807541059642150e-01,1.601095137295398541e-01,2.863017855155994607e+00
2.696161954768742763e+00,1.597999678583923722e-01,-3.939767601727742763e-01,1.597999678583923722e-01,2.863931041791840215e+00
2.696947546830155584e+00,1.594905037294690464e-01,-3.938726506273086958e-01,1.594905037294690464e-01,2.864842992736845062e+00
2.697733138891568405e+00,1.591811214335714098e-01,-3.937684255268592559e-01,1.591811214335714098e-01,2.865753706552981672e+00
2.698518730952981226e+00,1.588718210614560866e-01,-3.936640849287615374e-01,1.588718210614560866e-01,2.866663181802658222e+00
2.699304323014394047e+00,1.585626027038345154e-01,-3.935596288903951967e-01,1.585626027038345154e-01,2.867571417048718541e+00
2.700089915075806868e+00,1.582534664513731426e-01,-3.934550574691837999e-01,1.582534664513731426e-01,2.868478410854446548e+00
2.700875507137219689e+00,1.579444123946932566e-01,-3.933503707225948776e-01,1.579444123946932566e-01,2.869384161783566700e+00
2.701661099198632510e+00,1.576354406243709039e-01,-3.932455687081398699e-01,1.576354406243709039e-01,2.870288668400243548e+00
2.702446691260045331e+00,1.573265512309370562e-01,-3.931406514833741261e-01,1.573265512309370562e-01,2.871191929269086618e+00
2.703232283321458151e+00,1.570177443048773880e-01,-3.930356191058967941e-01,1.570177443048773880e-01,2.872093942955148638e+00
2.704017875382870972e+00,1.567090199366322767e-01,-3.929304716333508196e-01,1.567090199366322767e-01,2.872994708023927313e+00
2.704803467444283793e+00,1.564003782165969136e-01,-3.928252091234228915e-01,1.564003782165969136e-01,2.873894223041368434e+00
2.705589059505696614e+00,1.560918192351209988e-01,-3.927198316338436079e-01,1.560918192351209988e-01,2.874792486573867656e+00
2.706374651567109435e+00,1.557833430825090182e-01,-3.926143392223871986e-01,1.557833430825090182e-01,2.875689497188269161e+00
2.707160243628522256e+00,1.554749498490199111e-01,-3.925087319468715252e-01,1.554749498490199111e-01,2.876585253451868773e+00
2.707945835689935077e+00,1.551666396248672641e-01,-3.924030098651583032e-01,1.551666396248672641e-01,2.877479753932416173e+00
2.708731427751347898e+00,1.548584125002192002e-01,-3.922971730351526576e-01,1.548584125002192002e-01,2.878372997198114458e+00
2.709517019812760719e+00,1.545502685651982677e-01,-3.921912215148034564e-01,1.545502685651982677e-01,2.879264981817623248e+00
2.710302611874173540e+00,1.542422079098815235e-01,-3.920851553621031993e-01,1.542422079098815235e-01,2.880155706360059575e+00
2.711088203935586360e+00,1.539342306243004777e-01,-3.919789746350877957e-01,1.539342306243004777e-01,2.881045169394998329e+00
2.711873795996999181e+00,1.536263367984409545e-01,-3.918726793918367313e-01,1.536263367984409545e-01,2.881933369492474473e+00
2.712659388058412002e+00,1.533185265222431759e-01,-3.917662696904730679e-01,1.533185265222431759e-01,2.882820305222986157e+00
2.713444980119824823e+00,1.530107998856016782e-01,-3.916597455891632218e-01,1.530107998856016782e-01,2.883705975157492052e+00
2.714230572181237644e+00,1.527031569783653397e-01,-3.915531071461170187e-01,1.527031569783653397e-01,2.884590377867416677e+00
2.715016164242650465e+00,1.523955978903371866e-01,-3.914463544195878053e-01,1.523955978903371866e-01,2.885473511924650403e+00
2.715801756304062842e+00,1.520881227112746981e-01,-3.913394874678723379e-01,1.520881227112746981e-01,2.886355375901550335e+00
2.716587348365475663e+00,1.517807315308890292e-01,-3.912325063493103938e-01,1.517807315308890292e-01,2.887235968370942540e+00
2.717372940426888484e+00,1.514734244388459827e-01,-3.911254111222853824e-01,1.514734244388459827e-01,2.888115287906122930e+00
2.718158532488301304e+00,1.511662015247653701e-01,-3.910182018452239561e-01,1.511662015247653701e-01,2.888993333080859038e+00
2.718944124549714125e+00,1.508590628782209564e-01,-3.909108785765958993e-01,1.508590628782209564e-01,2.889870102469391355e+00
2.719729716611126946e+00,1.505520085887406823e-01,-3.908034413749143510e-01,1.505520085887406823e-01,2.890745594646435102e+00
2.720515308672539767e+00,1.502450387458064418e-01,-3.906958902987355264e-01,1.502450387458064418e-01,2.891619808187180229e+00
2.721300900733952588e+00,1.499381534388541104e-01,-3.905882254066588843e-01,1.499381534388541104e-01,2.892492741667294975e+00
2.722086492795365409e+00,1.496313527572735724e-01,-3.904804467573269600e-01,1.496313527572735724e-01,2.893364393662924972e+00
2.722872084856778230e+00,1.493246367904085270e-01,-3.903725544094254762e-01,1.493246367904085270e-01,2.894234762750697243e+00
2.723657676918191051e+00,1.490180056275566267e-01,-3.902645484216831773e-01,1.490180056275566267e-01,2.895103847507720207e+00
2.724443268979603872e+00,1.487114593579693667e-01,-3.901564288528718838e-01,1.487114593579693667e-01,2.895971646511585007e+00
2.725228861041016692e+00,1.484049980708520011e-01,-3.900481957618063267e-01,1.484049980708520011e-01,2.896838158340365954e+00
2.726014453102429513e+00,1.480986218553635991e-01,-3.899398492073443134e-01,1.480986218553635991e-01,2.897703381572623194e+00
2.726800045163842334e+00,1.477923308006169334e-01,-3.898313892483866172e-01,1.477923308006169334e-01,2.898567314787406701e+00
2.727585637225255155e+00,1.474861249956785636e-01,-3.897228159438769213e-01,1.474861249956785636e-01,2.899429956564252286e+00
2.728371229286667976e+00,1.471800045295686976e-01,-3.896141293528017080e-01,1.471800045295686976e-01,2.900291305483186033e+00
2.729156821348080797e+00,1.468739694912611360e-01,-3.895053295341905364e-01,1.468739694912611360e-01,2.901151360124726963e+00
2.729942413409493618e+00,1.465680199696833275e-01,-3.893964165471155980e-01,1.465680199696833275e-01,2.902010119069885707e+00
2.730728005470906439e+00,1.462621560537163690e-01,-3.892873904506919946e-01,1.462621560537163690e-01,2.902867580900168054e+00
2.731513597532319260e+00,1.459563778321947558e-01,-3.891782513040775715e-01,1.459563778321947558e-01,2.903723744197574952e+00
2.732299189593732081e+00,1.456506853939066037e-01,-3.890689991664729175e-01,1.456506853939066037e-01,2.904578607544604285e+00
2.733084781655144901e+00,1.453450788275934824e-01,-3.889596340971214206e-01,1.453450788275934824e-01,2.905432169524253094e+00
2.733870373716557722e+00,1.450395582219503876e-01,-3.888501561553090458e-01,1.450395582219503876e-01,2.906284428720018909e+00
2.734655965777970543e+00,1.447341236656257135e-01,-3.887405654003644462e-01,1.447341236656257135e-01,2.907135383715899302e+00
2.735441557839383364e+00,1.444287752472212527e-01,-3.886308618916589075e-01,1.444287752472212527e-01,2.907985033096395000e+00
2.736227149900795741e+00,1.441235130552922794e-01,-3.885210456886063479e-01,1.441235130552922794e-01,2.908833375446511660e+00
2.737012741962208562e+00,1.438183371783469111e-01,-3.884111168506631517e-01,1.438183371783469111e-01,2.909680409351760311e+00
2.737798334023621383e+00,1.435132477048469968e-01,-3.883010754373283357e-01,1.435132477048469968e-01,2.910526133398160020e+00
2.738583926085034204e+00,1.432082447232075340e-01,-3.881909215081433828e-01,1.432082447232075340e-01,2.911370546172236118e+00
2.739369518146447025e+00,1.429033283217966133e-01,-3.880806551226922418e-01,1.429033283217966133e-01,2.912213646261025524e+00
2.740155110207859845e+00,1.425984985889356405e-01,-3.879702763406013277e-01,1.425984985889356405e-01,2.913055432252076304e+00
2.740940702269272666e+00,1.422937556128990311e-01,-3.878597852215394659e-01,1.422937556128990311e-01,2.913895902733449450e+00
2.741726294330685487e+00,1.419890994819143770e-01,-3.877491818252178923e-01,1.419890994819143770e-01,2.914735056293719762e+00
2.742511886392098308e+00,1.416845302841623633e-01,-3.876384662113900870e-01,1.416845302841623633e-01,2.915572891521978072e+00
2.743297478453511129e+00,1.413800481077766569e-01,-3.875276384398520513e-01,1.413800481077766569e-01,2.916409407007831689e+00
2.744083070514923950e+00,1.410756530408439624e-01,-3.874166985704419197e-01,1.410756530408439624e-01,2.917244601341407950e+00
2.744868662576336771e+00,1.407713451714039665e-01,-3.873056466630400707e-01,1.407713451714039665e-01,2.918078473113351556e+00
2.745654254637749592e+00,1.404671245874493102e-01,-3.871944827775692932e-01,1.404671245874493102e-01,2.918911020914830790e+00
2.746439846699162413e+00,1.401629913769255054e-01,-3.870832069739943426e-01,1.401629913769255054e-01,2.919742243337535292e+00
2.747225438760575233e+00,1.398589456277309351e-01,-3.869718193123223848e-01,1.398589456277309351e-01,2.920572138973680065e+00
2.748011030821988054e+00,1.395549874277169089e-01,-3.868603198526025522e-01,1.395549874277169089e-01,2.921400706416005022e+00
2.748796622883400875e+00,1.392511168646874409e-01,-3.867487086549261099e-01,1.392511168646874409e-01,2.922227944257776322e+00
2.749582214944813696e+00,1.389473340263993606e-01,-3.866369857794265674e-01,1.389473340263993606e-01,2.923053851092790367e+00
2.750367807006226517e+00,1.386436390005622576e-01,-3.865251512862792338e-01,1.386436390005622576e-01,2.923878425515372026e+00
2.751153399067639338e+00,1.383400318748384261e-01,-3.864132052357016622e-01,1.383400318748384261e-01,2.924701666120377741e+00
2.751938991129052159e+00,1.380365127368428091e-01,-3.863011476879532058e-01,1.380365127368428091e-01,2.925523571503196862e+00
2.752724583190464980e+00,1.377330816741430541e-01,-3.861889787033353505e-01,1.377330816741430541e-01,2.926344140259752979e+00
2.753510175251877801e+00,1.374297387742593468e-01,-3.860766983421914378e-01,1.374297387742593468e-01,2.927163370986504365e+00
2.754295767313290622e+00,1.371264841246644939e-01,-3.859643066649066090e-01,1.371264841246644939e-01,2.927981262280447528e+00
2.755081359374703442e+00,1.368233178127838401e-01,-3.858518037319080829e-01,1.368233178127838401e-01,2.928797812739116768e+00
2.755866951436116263e+00,1.365202399259952404e-01,-3.857391896036647116e-01,1.365202399259952404e-01,2.929613020960585512e+00
2.756652543497528640e+00,1.362172505516292265e-01,-3.856264643406873138e-01,1.362172505516292265e-01,2.930426885543468973e+00
2.757438135558941461e+00,1.359143497769682019e-01,-3.855136280035283414e-01,1.359143497769682019e-01,2.931239405086925487e+00
2.758223727620354282e+00,1.356115376892475521e-01,-3.854006806527820461e-01,1.356115376892475521e-01,2.932050578190656953e+00
2.759009319681767103e+00,1.353088143756548400e-01,-3.852876223490845353e-01,1.353088143756548400e-01,2.932860403454911058e+00
2.759794911743179924e+00,1.350061799233300275e-01,-3.851744531531133275e-01,1.350061799233300275e-01,2.933668879480481273e+00
2.760580503804592745e+00,1.347036344193653368e-01,-3.850611731255878523e-01,1.347036344193653368e-01,2.934476004868711296e+00
2.761366095866005566e+00,1.344011779508052784e-01,-3.849477823272689503e-01,1.344011779508052784e-01,2.935281778221492388e+00
2.762151687927418386e+00,1.340988106046466510e-01,-3.848342808189592623e-01,1.340988106046466510e-01,2.936086198141268255e+00
2.762937279988831207e+00,1.337965324678384582e-01,-3.847206686615028404e-01,1.337965324678384582e-01,2.936889263231035940e+00
2.763722872050244028e+00,1.334943436272818251e-01,-3.846069459157853143e-01,1.334943436272818251e-01,2.937690972094344488e+00
2.764508464111656849e+00,1.331922441698301374e-01,-3.844931126427337809e-01,1.331922441698301374e-01,2.938491323335299388e+00
2.765294056173069670e+00,1.328902341822888189e-01,-3.843791689033169146e-01,1.328902341822888189e-01,2.939290315558563016e+00
2.766079648234482491e+00,1.325883137514154431e-01,-3.842651147585446347e-01,1.325883137514154431e-01,2.940087947369355970e+00
2.766865240295895312e+00,1.322864829639195383e-01,-3.841509502694684941e-01,1.322864829639195383e-01,2.940884217373458842e+00
2.767650832357308133e+00,1.319847419064627825e-01,-3.840366754971812346e-01,1.319847419064627825e-01,2.941679124177211779e+00
2.768436424418720954e+00,1.316830906656587530e-01,-3.839222905028171207e-01,1.316830906656587530e-01,2.942472666387519808e+00
2.769222016480133775e+00,1.313815293280730101e-01,-3.838077953475514947e-01,1.313815293280730101e-01,2.943264842611849286e+00
2.770007608541546595e+00,1.310800579802230414e-01,-3.836931900926012218e-01,1.310800579802230414e-01,2.944055651458234113e+00
2.770793200602959416e+00,1.307786767085782342e-01,-3.835784747992243005e-01,1.307786767085782342e-01,2.944845091535273074e+00
2.771578792664372237e+00,1.304773855995598197e-01,-3.834636495287199187e-01,1.304773855995598197e-01,2.945633161452134274e+00
2.772364384725785058e+00,1.301761847395409011e-01,-3.833487143424285648e-01,1.301761847395409011e-01,2.946419859818555587e+00
2.773149976787197879e+00,1.298750742148462867e-01,-3.832336693017318052e-01,1.298750742148462867e-01,2.947205185244844650e+00
2.773935568848610700e+00,1.295740541117526012e-01,-3.831185144680523957e-01,1.295740541117526012e-01,2.947989136341882865e+00
2.774721160910023521e+00,1.292731245164882581e-01,-3.830032499028541149e-01,1.292731245164882581e-01,2.948771711721124511e+00
2.775506752971436342e+00,1.289722855152332648e-01,-3.828878756676418749e-01,1.289722855152332648e-01,2.949552909994599847e+00
2.776292345032849163e+00,1.286715371941193342e-01,-3.827723918239616108e-01,1.286715371941193342e-01,2.950332729774914675e+00
2.777077937094261983e+00,1.283708796392298568e-01,-3.826567984334001693e-01,1.283708796392298568e-01,2.951111169675253443e+00
2.777863529155674360e+00,1.280703129365999282e-01,-3.825410955575856420e-01,1.280703129365999282e-01,2.951888228309380580e+00
2.778649121217087181e+00,1.277698371722157666e-01,-3.824252832581866435e-01,1.277698371722157666e-01,2.952663904291641384e+00
2.779434713278500002e+00,1.274694524320155731e-01,-3.823093615969130332e-01,1.274694524320155731e-01,2.953438196236962021e+00
2.780220305339912823e+00,1.271691588018889485e-01,-3.821933306355154714e-01,1.271691588018889485e-01,2.954211102760854413e+00
2.781005897401325644e+00,1.268689563676768939e-01,-3.820771904357854187e-01,1.268689563676768939e-01,2.954982622479414012e+00
2.781791489462738465e+00,1.265688452151719212e-01,-3.819609410595551924e-01,1.265688452151719212e-01,2.955752754009323802e+00
2.782577081524151286e+00,1.262688254301178870e-01,-3.818445825686979100e-01,1.262688254301178870e-01,2.956521495967854296e+00
2.783362673585564107e+00,1.259688970982101031e-01,-3.817281150251273791e-01,1.259688970982101031e-01,2.957288846972864427e+00
2.784148265646976927e+00,1.256690603050951704e-01,-3.816115384907982078e-01,1.256690603050951704e-01,2.958054805642805984e+00
2.784933857708389748e+00,1.253693151363709790e-01,-3.814948530277056937e-01,1.253693151363709790e-01,2.958819370596721843e+00
2.785719449769802569e+00,1.250696616775867631e-01,-3.813780586978857134e-01,1.250696616775867631e-01,2.959582540454248178e+00
2.786505041831215390e+00,1.247701000142429906e-01,-3.812611555634148330e-01,1.247701000142429906e-01,2.960344313835616248e+00
2.787290633892628211e+00,1.244706302317913210e-01,-3.811441436864103083e-01,1.244706302317913210e-01,2.961104689361655495e+00
2.788076225954041032e+00,1.241712524156346198e-01,-3.810270231290297516e-01,1.241712524156346198e-01,2.961863665653789557e+00
2.788861818015453853e+00,1.238719666511268747e-01,-3.809097939534715205e-01,1.238719666511268747e-01,2.962621241334045141e+00
2.789647410076866674e+00,1.235727730235732374e-01,-3.807924562219743847e-01,1.235727730235732374e-01,2.963377415025047590e+00
2.790433002138279495e+00,1.232736716182299408e-01,-3.806750099968175816e-01,1.232736716182299408e-01,2.964132185350025317e+00
2.791218594199692316e+00,1.229746625203042426e-01,-3.805574553403208160e-01,1.229746625203042426e-01,2.964885550932808478e+00
2.792004186261105136e+00,1.226757458149544677e-01,-3.804397923148441496e-01,1.226757458149544677e-01,2.965637510397833854e+00
2.792789778322517957e+00,1.223769215872899108e-01,-3.803220209827881670e-01,1.223769215872899108e-01,2.966388062370144407e+00
2.793575370383930778e+00,1.220781899223708500e-01,-3.802041414065936431e-01,1.220781899223708500e-01,2.967137205475390171e+00
2.794360962445343599e+00,1.217795509052084502e-01,-3.800861536487417092e-01,1.217795509052084502e-01,2.967884938339830025e+00
2.795146554506756420e+00,1.214810046207648320e-01,-3.799680577717539087e-01,1.214810046207648320e-01,2.968631259590335247e+00
2.795932146568169241e+00,1.211825511539529332e-01,-3.798498538381919198e-01,1.211825511539529332e-01,2.969376167854387738e+00
2.796717738629582062e+00,1.208841905896365920e-01,-3.797315419106575551e-01,1.208841905896365920e-01,2.970119661760080465e+00
2.797503330690994883e+00,1.205859230126303666e-01,-3.796131220517930949e-01,1.205859230126303666e-01,2.970861739936126789e+00
2.798288922752407260e+00,1.202877485076998404e-01,-3.794945943242807318e-01,1.202877485076998404e-01,2.971602401011850247e+00
2.799074514813820080e+00,1.199896671595607756e-01,-3.793759587908428488e-01,1.199896671595607756e-01,2.972341643617196993e+00
2.799860106875232901e+00,1.196916790528801677e-01,-3.792572155142419632e-01,1.196916790528801677e-01,2.973079466382728686e+00
2.800645698936645722e+00,1.193937842722755244e-01,-3.791383645572806715e-01,1.193937842722755244e-01,2.973815867939628710e+00
2.801431290998058543e+00,1.190959829023150035e-01,-3.790194059828015938e-01,1.190959829023150035e-01,2.974550846919702618e+00
2.802216883059471364e+00,1.187982750275173860e-01,-3.789003398536872624e-01,1.187982750275173860e-01,2.975284401955378133e+00
2.803002475120884185e+00,1.185006607323520061e-01,-3.787811662328603446e-01,1.185006607323520061e-01,2.976016531679709143e+00
2.803788067182297006e+00,1.182031401012387795e-01,-3.786618851832833643e-01,1.182031401012387795e-01,2.976747234726374813e+00
2.804573659243709827e+00,1.179057132185481194e-01,-3.785424967679586472e-01,1.179057132185481194e-01,2.977476509729680032e+00
2.805359251305122648e+00,1.176083801686009650e-01,-3.784230010499285979e-01,1.176083801686009650e-01,2.978204355324562069e+00
2.806144843366535468e+00,1.173111410356686979e-01,-3.783033980922753114e-01,1.173111410356686979e-01,2.978930770146586138e+00
2.806930435427948289e+00,1.170139959039731004e-01,-3.781836879581207400e-01,1.170139959039731004e-01,2.979655752831948057e+00
2.807716027489361110e+00,1.167169448576863833e-01,-3.780638707106266927e-01,1.167169448576863833e-01,2.980379302017480470e+00
2.808501619550773931e+00,1.164199879809311028e-01,-3.779439464129946136e-01,1.164199879809311028e-01,2.981101416340647070e+00
2.809287211612186752e+00,1.161231253577801881e-01,-3.778239151284657482e-01,1.161231253577801881e-01,2.981822094439549264e+00
2.810072803673599573e+00,1.158263570722568025e-01,-3.777037769203209772e-01,1.158263570722568025e-01,2.982541334952924394e+00
2.810858395735012394e+00,1.155296832083344549e-01,-3.775835318518808159e-01,1.155296832083344549e-01,2.983259136520149735e+00
2.811643987796425215e+00,1.152331038499368326e-01,-3.774631799865054704e-01,1.152331038499368326e-01,2.983975497781242048e+00
2.812429579857838036e+00,1.149366190809378852e-01,-3.773427213875947261e-01,1.149366190809378852e-01,2.984690417376860250e+00
2.813215171919250857e+00,1.146402289851617129e-01,-3.772221561185878924e-01,1.146402289851617129e-01,2.985403893948305853e+00
2.814000763980663677e+00,1.143439336463825395e-01,-3.771014842429638025e-01,1.143439336463825395e-01,2.986115926137523413e+00
2.814786356042076498e+00,1.140477331483247536e-01,-3.769807058242408693e-01,1.140477331483247536e-01,2.986826512587105853e+00
2.815571948103489319e+00,1.137516275746627975e-01,-3.768598209259768073e-01,1.137516275746627975e-01,2.987535651940290915e+00
2.816357540164902140e+00,1.134556170090211813e-01,-3.767388296117689661e-01,1.134556170090211813e-01,2.988243342840965600e+00
2.817143132226314961e+00,1.131597015349744412e-01,-3.766177319452538863e-01,1.131597015349744412e-01,2.988949583933667942e+00
2.817928724287727782e+00,1.128638812360470700e-01,-3.764965279901076323e-01,1.128638812360470700e-01,2.989654373863585235e+00
2.818714316349140159e+00,1.125681561957137672e-01,-3.763752178100456258e-01,1.125681561957137672e-01,2.990357711276558916e+00
2.819499908410552980e+00,1.122725264973985643e-01,-3.762538014688223686e-01,1.122725264973985643e-01,2.991059594819085454e+00
2.820285500471965801e+00,1.119769922244759630e-01,-3.761322790302318309e-01,1.119769922244759630e-01,2.991760023138315017e+00
2.821071092533378621e+00,1.116815534602701443e-01,-3.760106505581072289e-01,1.116815534602701443e-01,2.992458994882055023e+00
2.821856684594791442e+00,1.113862102880551347e-01,-3.758889161163209147e-01,1.113862102880551347e-01,2.993156508698772811e+00
2.822642276656204263e+00,1.110909627910547509e-01,-3.757670757687843754e-01,1.110909627910547509e-01,2.993852563237593412e+00
2.823427868717617084e+00,1.107958110524425999e-01,-3.756451295794483447e-01,1.107958110524425999e-01,2.994547157148303995e+00
2.824213460779029905e+00,1.105007551553420231e-01,-3.755230776123026915e-01,1.105007551553420231e-01,2.995240289081355201e+00
2.824999052840442726e+00,1.102057951828261106e-01,-3.754009199313761980e-01,1.102057951828261106e-01,2.995931957687860248e+00
2.825784644901855547e+00,1.099109312179175624e-01,-3.752786566007367819e-01,1.099109312179175624e-01,2.996622161619598046e+00
2.826570236963268368e+00,1.096161633435887572e-01,-3.751562876844914407e-01,1.096161633435887572e-01,2.997310899529014527e+00
2.827355829024681189e+00,1.093214916427617395e-01,-3.750338132467860297e-01,1.093214916427617395e-01,2.997998170069223089e+00
2.828141421086094009e+00,1.090269161983081075e-01,-3.749112333518054285e-01,1.090269161983081075e-01,2.998683971894007705e+00
2.828927013147506830e+00,1.087324370930490419e-01,-3.747885480637734856e-01,1.087324370930490419e-01,2.999368303657823365e+00
2.829712605208919651e+00,1.084380544097552357e-01,-3.746657574469527963e-01,1.084380544097552357e-01,3.000051164015796523e+00
2.830498197270332472e+00,1.081437682311469223e-01,-3.745428615656449800e-01,1.081437682311469223e-01,3.000732551623727762e+00
2.831283789331745293e+00,1.078495786398937506e-01,-3.744198604841903477e-01,1.078495786398937506e-01,3.001412465138093122e+00
2.832069381393158114e+00,1.075554857186148405e-01,-3.742967542669680681e-01,1.075554857186148405e-01,3.002090903216045437e+00
2.832854973454570935e+00,1.072614895498787274e-01,-3.741735429783960010e-01,1.072614895498787274e-01,3.002767864515414331e+00
2.833640565515983756e+00,1.069675902162032927e-01,-3.740502266829308087e-01,1.069675902162032927e-01,3.003443347694710219e+00
2.834426157577396577e+00,1.066737878000558193e-01,-3.739268054450678447e-01,1.066737878000558193e-01,3.004117351413123860e+00
2.835211749638809398e+00,1.063800823838528392e-01,-3.738032793293410427e-01,1.063800823838528392e-01,3.004789874330526356e+00
2.835997341700222218e+00,1.060864740499602304e-01,-3.736796484003230279e-01,1.060864740499602304e-01,3.005460915107476261e+00
2.836782933761635039e+00,1.057929628806931061e-01,-3.735559127226250609e-01,1.057929628806931061e-01,3.006130472405213361e+00
2.837568525823047860e+00,1.054995489583158003e-01,-3.734320723608968162e-01,1.054995489583158003e-01,3.006798544885664892e+00
2.838354117884460681e+00,1.052062323650418546e-01,-3.733081273798266597e-01,1.052062323650418546e-01,3.007465131211446874e+00
2.839139709945873058e+00,1.049130131830341289e-01,-3.731840778441414264e-01,1.049130131830341289e-01,3.008130230045863218e+00
2.839925302007285879e+00,1.046198914944041353e-01,-3.730599238186063094e-01,1.046198914944041353e-01,3.008793840052909729e+00
2.840710894068698700e+00,1.043268673812129677e-01,-3.729356653680250266e-01,1.043268673812129677e-01,3.009455959897273214e+00
2.841496486130111521e+00,1.040339409254706776e-01,-3.728113025572396544e-01,1.040339409254706776e-01,3.010116588244333258e+00
2.842282078191524342e+00,1.037411122091363019e-01,-3.726868354511307935e-01,1.037411122091363019e-01,3.010775723760165334e+00
2.843067670252937162e+00,1.034483813141179320e-01,-3.725622641146171254e-01,1.034483813141179320e-01,3.011433365111540361e+00
2.843853262314349983e+00,1.031557483222726446e-01,-3.724375886126558566e-01,1.031557483222726446e-01,3.012089510965927364e+00
2.844638854375762804e+00,1.028632133154064321e-01,-3.723128090102423293e-01,1.028632133154064321e-01,3.012744159991493031e+00
2.845424446437175625e+00,1.025707763752742724e-01,-3.721879253724101888e-01,1.025707763752742724e-01,3.013397310857105715e+00
2.846210038498588446e+00,1.022784375835799897e-01,-3.720629377642312163e-01,1.022784375835799897e-01,3.014048962232334983e+00
2.846995630560001267e+00,1.019861970219762826e-01,-3.719378462508154959e-01,1.019861970219762826e-01,3.014699112787453839e+00
2.847781222621414088e+00,1.016940547720647098e-01,-3.718126508973111921e-01,1.016940547720647098e-01,3.015347761193439169e+00
2.848566814682826909e+00,1.014020109153956212e-01,-3.716873517689044948e-01,1.014020109153956212e-01,3.015994906121973518e+00
2.849352406744239730e+00,1.011100655334681159e-01,-3.715619489308197854e-01,1.011100655334681159e-01,3.016640546245447307e+00
2.850137998805652551e+00,1.008182187077300840e-01,-3.714364424483194149e-01,1.008182187077300840e-01,3.017284680236960170e+00
2.850923590867065371e+00,1.005264705195780817e-01,-3.713108323867038152e-01,1.005264705195780817e-01,3.017927306770319618e+00
2.851709182928478192e+00,1.002348210503574144e-01,-3.711851188113113875e-01,1.002348210503574144e-01,3.018568424520048143e+00
2.852494774989891013e+00,9.994327038136197050e-02,-3.710593017875183364e-01,9.994327038136197050e-02,3.019208032161377009e+00
2.853280367051303834e+00,9.965181859383433205e-02,-3.709333813807390579e-01,9.965181859383433205e-02,3.019846128370255123e+00
2.854065959112716655e+00,9.936046576896562232e-02,-3.708073576564255291e-01,9.936046576896562232e-02,3.020482711823344601e+00
2.854851551174129476e+00,9.906921198789556127e-02,-3.706812306800677526e-01,9.906921198789556127e-02,3.021117781198026542e+00
2.855637143235542297e+00,9.877805733171239611e-02,-3.705550005171935335e-01,9.877805733171239611e-02,3.021751335172399244e+00
2.856422735296955118e+00,9.848700188145288748e-02,-3.704286672333683694e-01,9.848700188145288748e-02,3.022383372425279546e+00
2.857208327358367939e+00,9.819604571810226779e-02,-3.703022308941956720e-01,9.819604571810226779e-02,3.023013891636209483e+00
2.857993919419780759e+00,9.790518892259422734e-02,-3.701756915653163782e-01,9.790518892259422734e-02,3.023642891485449180e+00
2.858779511481193580e+00,9.761443157581085883e-02,-3.700490493124092839e-01,9.761443157581085883e-02,3.024270370653986184e+00
2.859565103542605957e+00,9.732377375858280999e-02,-3.699223042011907658e-01,9.732377375858280999e-02,3.024896327823530129e+00
2.860350695604018778e+00,9.703321555168861745e-02,-3.697954562974146153e-01,9.703321555168861745e-02,3.025520761676519843e+00
2.861136287665431599e+00,9.674275703585559494e-02,-3.696685056668725933e-01,9.674275703585559494e-02,3.026143670896122462e+00
2.861921879726844420e+00,9.645239829175925039e-02,-3.695414523753937641e-01,9.645239829175925039e-02,3.026765054166232538e+00
2.862707471788257241e+00,9.616213940002331373e-02,-3.694142964888448288e-01,9.616213940002331373e-02,3.027384910171477372e+00
2.863493063849670062e+00,9.587198044121976459e-02,-3.692870380731297919e-01,9.587198044121976459e-02,3.028003237597215680e+00
2.864278655911082883e+00,9.558192149586883235e-02,-3.691596771941903499e-01,9.558192149586883235e-02,3.028620035129540256e+00
2.865064247972495703e+00,9.529196264443887121e-02,-3.690322139180054473e-01,9.529196264443887121e-02,3.029235301455277973e+00
2.865849840033908524e+00,9.500210396734644347e-02,-3.689046483105914986e-01,9.500210396734644347e-02,3.029849035261994228e+00
2.866635432095321345e+00,9.471234554495618074e-02,-3.687769804380022776e-01,9.471234554495618074e-02,3.030461235237988937e+00
2.867421024156734166e+00,9.442268745758083948e-02,-3.686492103663288611e-01,9.442268745758083948e-02,3.031071900072305425e+00
2.868206616218146987e+00,9.413312978548125931e-02,-3.685213381616995743e-01,9.413312978548125931e-02,3.031681028454724203e+00
2.868992208279559808e+00,9.384367260886626594e-02,-3.683933638902801011e-01,9.384367260886626594e-02,3.032288619075769631e+00
2.869777800340972629e+00,9.355431600789274049e-02,-3.682652876182732071e-01,9.355431600789274049e-02,3.032894670626707700e+00
2.870563392402385450e+00,9.326506006266549464e-02,-3.681371094119190168e-01,9.326506006266549464e-02,3.033499181799551803e+00
2.871348984463798271e+00,9.297590485323732612e-02,-3.680088293374946251e-01,9.297590485323732612e-02,3.034102151287058291e+00
2.872134576525211092e+00,9.268685045960894930e-02,-3.678804474613144304e-01,9.268685045960894930e-02,3.034703577782733586e+00
2.872920168586623912e+00,9.239789696172892586e-02,-3.677519638497298571e-01,9.239789696172892586e-02,3.035303459980832397e+00
2.873705760648036733e+00,9.210904443949372022e-02,-3.676233785691292999e-01,9.210904443949372022e-02,3.035901796576357725e+00
2.874491352709449554e+00,9.182029297274763024e-02,-3.674946916859383461e-01,9.182029297274763024e-02,3.036498586265067967e+00
2.875276944770862375e+00,9.153164264128273164e-02,-3.673659032666193869e-01,9.153164264128273164e-02,3.037093827743471142e+00
2.876062536832275196e+00,9.124309352483887803e-02,-3.672370133776719503e-01,9.124309352483887803e-02,3.037687519708831996e+00
2.876848128893688017e+00,9.095464570310367314e-02,-3.671080220856323129e-01,9.095464570310367314e-02,3.038279660859168452e+00
2.877633720955100838e+00,9.066629925571242921e-02,-3.669789294570738880e-01,9.066629925571242921e-02,3.038870249893259601e+00
2.878419313016513659e+00,9.037805426224815308e-02,-3.668497355586066710e-01,9.037805426224815308e-02,3.039459285510639042e+00
2.879204905077926480e+00,9.008991080224151848e-02,-3.667204404568776832e-01,9.008991080224151848e-02,3.040046766411603318e+00
2.879990497139338856e+00,8.980186895517094925e-02,-3.665910442185706941e-01,8.980186895517094925e-02,3.040632691297207923e+00
2.880776089200751677e+00,8.951392880046203648e-02,-3.664615469104061107e-01,8.951392880046203648e-02,3.041217058869272627e+00
2.881561681262164498e+00,8.922609041748838510e-02,-3.663319485991412550e-01,8.922609041748838510e-02,3.041799867830381476e+00
2.882347273323577319e+00,8.893835388557098931e-02,-3.662022493515700305e-01,8.893835388557098931e-02,3.042381116883883241e+00
2.883132865384990140e+00,8.865071928397837142e-02,-3.660724492345230341e-01,8.865071928397837142e-02,3.042960804733893188e+00
2.883918457446402961e+00,8.836318669192652631e-02,-3.659425483148674441e-01,8.836318669192652631e-02,3.043538930085295746e+00
2.884704049507815782e+00,8.807575618857890754e-02,-3.658125466595070763e-01,8.807575618857890754e-02,3.044115491643744509e+00
2.885489641569228603e+00,8.778842785304638574e-02,-3.656824443353823839e-01,8.778842785304638574e-02,3.044690488115663562e+00
2.886275233630641424e+00,8.750120176438724862e-02,-3.655522414094701800e-01,8.750120176438724862e-02,3.045263918208250153e+00
2.887060825692054244e+00,8.721407800160713153e-02,-3.654219379487838593e-01,8.721407800160713153e-02,3.045835780629475131e+00
2.887846417753467065e+00,8.692705664365903140e-02,-3.652915340203732875e-01,8.692705664365903140e-02,3.046406074088084281e+00
2.888632009814879886e+00,8.664013776944323730e-02,-3.651610296913248010e-01,8.664013776944323730e-02,3.046974797293599657e+00
2.889417601876292707e+00,8.635332145780731661e-02,-3.650304250287610408e-01,8.635332145780731661e-02,3.047541948956321800e+00
2.890203193937705528e+00,8.606660778754612884e-02,-3.648997200998410073e-01,8.606660778754612884e-02,3.048107527787329740e+00
2.890988785999118349e+00,8.577999683740171466e-02,-3.647689149717600610e-01,8.577999683740171466e-02,3.048671532498482772e+00
2.891774378060531170e+00,8.549348868606333751e-02,-3.646380097117499219e-01,8.549348868606333751e-02,3.049233961802424897e+00
2.892559970121943991e+00,8.520708341216744197e-02,-3.645070043870784482e-01,8.520708341216744197e-02,3.049794814412579491e+00
2.893345562183356812e+00,8.492078109429758437e-02,-3.643758990650498020e-01,8.492078109429758437e-02,3.050354089043157302e+00
2.894131154244769633e+00,8.463458181098444666e-02,-3.642446938130042833e-01,8.463458181098444666e-02,3.050911784409154670e+00
2.894916746306182453e+00,8.434848564070578092e-02,-3.641133886983184964e-01,8.434848564070578092e-02,3.051467899226355307e+00
2.895702338367595274e+00,8.406249266188642322e-02,-3.639819837884049059e-01,8.406249266188642322e-02,3.052022432211331182e+00
2.896487930429008095e+00,8.377660295289821035e-02,-3.638504791507123359e-01,8.377660295289821035e-02,3.052575382081445188e+00
2.897273522490420916e+00,8.349081659206000761e-02,-3.637188748527255822e-01,8.349081659206000761e-02,3.053126747554852916e+00
2.898059114551833737e+00,8.320513365763759772e-02,-3.635871709619653558e-01,8.320513365763759772e-02,3.053676527350499992e+00
2.898844706613246558e+00,8.291955422784375029e-02,-3.634553675459884503e-01,8.291955422784375029e-02,3.054224720188128739e+00
2.899630298674659379e+00,8.263407838083815238e-02,-3.633234646723877415e-01,8.263407838083815238e-02,3.054771324788276843e+00
2.900415890736071756e+00,8.234870619472750564e-02,-3.631914624087917987e-01,8.234870619472750564e-02,3.055316339872277798e+00
2.901201482797484577e+00,8.206343774756491571e-02,-3.630593608228652180e-01,8.206343774756491571e-02,3.055859764162266234e+00
2.901987074858897397e+00,8.177827311735078042e-02,-3.629271599823083450e-01,8.177827311735078042e-02,3.056401596381173480e+00
2.902772666920310218e+00,8.149321238203213746e-02,-3.627948599548574959e-01,8.149321238203213746e-02,3.056941835252733330e+00
2.903558258981723039e+00,8.120825561950281712e-02,-3.626624608082847367e-01,8.120825561950281712e-02,3.057480479501482939e+00
2.904343851043135860e+00,8.092340290760335897e-02,-3.625299626103978268e-01,8.092340290760335897e-02,3.058017527852762818e+00
2.905129443104548681e+00,8.063865432412108125e-02,-3.623973654290403301e-01,8.063865432412108125e-02,3.058552979032719055e+00
2.905915035165961502e+00,8.035400994678990050e-02,-3.622646693320913935e-01,8.035400994678990050e-02,3.059086831768302872e+00
2.906700627227374323e+00,8.006946985329049804e-02,-3.621318743874659130e-01,8.006946985329049804e-02,3.059619084787275511e+00
2.907486219288787144e+00,7.978503412125009797e-02,-3.619989806631143114e-01,7.978503412125009797e-02,3.060149736818205568e+00
2.908271811350199965e+00,7.950070282824259205e-02,-3.618659882270228167e-01,7.950070282824259205e-02,3.060678786590475653e+00
2.909057403411612786e+00,7.921647605178838702e-02,-3.617328971472129062e-01,7.921647605178838702e-02,3.061206232834276619e+00
2.909842995473025606e+00,7.893235386935451570e-02,-3.615997074917418064e-01,7.893235386935451570e-02,3.061732074280616001e+00
2.910628587534438427e+00,7.864833635835445647e-02,-3.614664193287021043e-01,7.864833635835445647e-02,3.062256309661314457e+00
2.911414179595851248e+00,7.836442359614823050e-02,-3.613330327262219144e-01,7.836442359614823050e-02,3.062778937709008442e+00
2.912199771657264069e+00,7.808061566004231846e-02,-3.611995477524647669e-01,7.808061566004231846e-02,3.063299957157154640e+00
2.912985363718676890e+00,7.779691262728963275e-02,-3.610659644756295528e-01,7.779691262728963275e-02,3.063819366740025529e+00
2.913770955780089711e+00,7.751331457508946199e-02,-3.609322829639505237e-01,7.751331457508946199e-02,3.064337165192715151e+00
2.914556547841502532e+00,7.722982158058752655e-02,-3.607985032856972363e-01,7.722982158058752655e-02,3.064853351251141333e+00
2.915342139902915353e+00,7.694643372087588140e-02,-3.606646255091744968e-01,7.694643372087588140e-02,3.065367923652040361e+00
2.916127731964328174e+00,7.666315107299290221e-02,-3.605306497027224166e-01,7.666315107299290221e-02,3.065880881132977187e+00
2.916913324025740994e+00,7.637997371392328538e-02,-3.603965759347163567e-01,7.637997371392328538e-02,3.066392222432340553e+00
2.917698916087153815e+00,7.609690172059796476e-02,-3.602624042735668164e-01,7.609690172059796476e-02,3.066901946289347425e+00
2.918484508148566636e+00,7.581393516989415327e-02,-3.601281347877193784e-01,7.581393516989415327e-02,3.067410051444041219e+00
2.919270100209979457e+00,7.553107413863524577e-02,-3.599937675456548747e-01,7.553107413863524577e-02,3.067916536637297575e+00
2.920055692271392278e+00,7.524831870359084685e-02,-3.598593026158891095e-01,7.524831870359084685e-02,3.068421400610821692e+00
2.920841284332804655e+00,7.496566894147688176e-02,-3.597247400669730810e-01,7.496566894147688176e-02,3.068924642107152767e+00
2.921626876394217476e+00,7.468312492895493038e-02,-3.595900799674924819e-01,7.468312492895493038e-02,3.069426259869662665e+00
2.922412468455630297e+00,7.440068674263315696e-02,-3.594553223860682545e-01,7.440068674263315696e-02,3.069926252642559028e+00
2.923198060517043118e+00,7.411835445906561626e-02,-3.593204673913563130e-01,7.411835445906561626e-02,3.070424619170886160e+00
2.923983652578455938e+00,7.383612815475248947e-02,-3.591855150520473217e-01,7.383612815475248947e-02,3.070921358200526807e+00
2.924769244639868759e+00,7.355400790613987605e-02,-3.590504654368669168e-01,7.355400790613987605e-02,3.071416468478202155e+00
2.925554836701281580e+00,7.327199378961994636e-02,-3.589153186145755403e-01,7.327199378961994636e-02,3.071909948751475383e+00
2.926340428762694401e+00,7.299008588153077515e-02,-3.587800746539684393e-01,7.299008588153077515e-02,3.072401797768749887e+00
2.927126020824107222e+00,7.270828425815642482e-02,-3.586447336238756112e-01,7.270828425815642482e-02,3.072892014279274164e+00
2.927911612885520043e+00,7.242658899572687603e-02,-3.585092955931618031e-01,7.242658899572687603e-02,3.073380597033140482e+00
2.928697204946932864e+00,7.214500017041797220e-02,-3.583737606307265677e-01,7.214500017041797220e-02,3.073867544781287986e+00
2.929482797008345685e+00,7.186351785835141948e-02,-3.582381288055039859e-01,7.186351785835141948e-02,3.074352856275504031e+00
2.930268389069758506e+00,7.158214213559480066e-02,-3.581024001864628326e-01,7.158214213559480066e-02,3.074836530268421964e+00
2.931053981131171327e+00,7.130087307816143638e-02,-3.579665748426065774e-01,7.130087307816143638e-02,3.075318565513528668e+00
2.931839573192584147e+00,7.101971076201048227e-02,-3.578306528429731626e-01,7.101971076201048227e-02,3.075798960765161905e+00
2.932625165253996968e+00,7.073865526304680407e-02,-3.576946342566350023e-01,7.073865526304680407e-02,3.076277714778509864e+00
2.933410757315409789e+00,7.045770665712101921e-02,-3.575585191526991502e-01,7.045770665712101921e-02,3.076754826309618274e+00
2.934196349376822610e+00,7.017686502002942750e-02,-3.574223076003070210e-01,7.017686502002942750e-02,3.077230294115385956e+00
2.934981941438235431e+00,6.989613042751398331e-02,-3.572859996686345574e-01,6.989613042751398331e-02,3.077704116953570601e+00
2.935767533499648252e+00,6.961550295526232335e-02,-3.571495954268920081e-01,6.961550295526232335e-02,3.078176293582787437e+00
2.936553125561061073e+00,6.933498267890766953e-02,-3.570130949443240942e-01,6.933498267890766953e-02,3.078646822762512336e+00
2.937338717622473894e+00,6.905456967402884283e-02,-3.568764982902096761e-01,6.905456967402884283e-02,3.079115703253079595e+00
2.938124309683886715e+00,6.877426401615022167e-02,-3.567398055338621421e-01,6.877426401615022167e-02,3.079582933815688151e+00
2.938909901745299535e+00,6.849406578074170027e-02,-3.566030167446290200e-01,6.849406578074170027e-02,3.080048513212401140e+00
2.939695493806712356e+00,6.821397504321873029e-02,-3.564661319918919768e-01,6.821397504321873029e-02,3.080512440206144564e+00
2.940481085868125177e+00,6.793399187894219593e-02,-3.563291513450670411e-01,6.793399187894219593e-02,3.080974713560712619e+00
2.941266677929537554e+00,6.765411636321862210e-02,-3.561920748736044362e-01,6.765411636321862210e-02,3.081435332040767250e+00
2.942052269990950375e+00,6.737434857129948051e-02,-3.560549026469881362e-01,6.737434857129948051e-02,3.081894294411838597e+00
2.942837862052363196e+00,6.709468857838209177e-02,-3.559176347347366987e-01,6.709468857838209177e-02,3.082351599440328549e+00
2.943623454113776017e+00,6.681513645960901471e-02,-3.557802712064023765e-01,6.681513645960901471e-02,3.082807245893508963e+00
2.944409046175188838e+00,6.653569229006818520e-02,-3.556428121315715618e-01,6.653569229006818520e-02,3.083261232539526553e+00
2.945194638236601659e+00,6.625635614479279123e-02,-3.555052575798647307e-01,6.625635614479279123e-02,3.083713558147402445e+00
2.945980230298014479e+00,6.597712809876137008e-02,-3.553676076209362211e-01,6.597712809876137008e-02,3.084164221487033508e+00
2.946765822359427300e+00,6.569800822689769726e-02,-3.552298623244741771e-01,6.569800822689769726e-02,3.084613221329191468e+00
2.947551414420840121e+00,6.541899660407081429e-02,-3.550920217602008822e-01,6.541899660407081429e-02,3.085060556445531343e+00
2.948337006482252942e+00,6.514009330509494544e-02,-3.549540859978722041e-01,6.514009330509494544e-02,3.085506225608584341e+00
2.949122598543665763e+00,6.486129840472951158e-02,-3.548160551072779834e-01,6.486129840472951158e-02,3.085950227591763184e+00
2.949908190605078584e+00,6.458261197767911632e-02,-3.546779291582418114e-01,6.458261197767911632e-02,3.086392561169366111e+00
2.950693782666491405e+00,6.430403409859346275e-02,-3.545397082206209749e-01,6.430403409859346275e-02,3.086833225116571544e+00
2.951479374727904226e+00,6.402556484206738119e-02,-3.544013923643065667e-01,6.402556484206738119e-02,3.087272218209445196e+00
2.952264966789317047e+00,6.374720428264078753e-02,-3.542629816592232639e-01,6.374720428264078753e-02,3.087709539224940514e+00
2.953050558850729868e+00,6.346895249479864165e-02,-3.541244761753293835e-01,6.346895249479864165e-02,3.088145186940895570e+00
2.953836150912142688e+00,6.319080955297093349e-02,-3.539858759826169377e-01,6.319080955297093349e-02,3.088579160136041057e+00
2.954621742973555509e+00,6.291277553153265534e-02,-3.538471811511114118e-01,6.291277553153265534e-02,3.089011457589997178e+00
2.955407335034968330e+00,6.263485050480377403e-02,-3.537083917508718756e-01,6.263485050480377403e-02,3.089442078083274534e+00
2.956192927096381151e+00,6.235703454704920323e-02,-3.535695078519908718e-01,6.235703454704920323e-02,3.089871020397279455e+00
2.956978519157793972e+00,6.207932773247878955e-02,-3.534305295245944722e-01,6.207932773247878955e-02,3.090298283314312666e+00
2.957764111219206793e+00,6.180173013524726394e-02,-3.532914568388421661e-01,6.180173013524726394e-02,3.090723865617569288e+00
2.958549703280619614e+00,6.152424182945423481e-02,-3.531522898649268050e-01,6.152424182945423481e-02,3.091147766091144167e+00
2.959335295342032435e+00,6.124686288914416021e-02,-3.530130286730745470e-01,6.124686288914416021e-02,3.091569983520027431e+00
2.960120887403445256e+00,6.096959338830629238e-02,-3.528736733335450793e-01,6.096959338830629238e-02,3.091990516690112933e+00
2.960906479464858077e+00,6.069243340087470545e-02,-3.527342239166311177e-01,6.069243340087470545e-02,3.092409364388193804e+00
2.961692071526270453e+00,6.041538300072837181e-02,-3.525946804926589628e-01,6.041538300072837181e-02,3.092826525401966009e+00
2.962477663587683274e+00,6.013844226169055146e-02,-3.524550431319877219e-01,6.013844226169055146e-02,3.093241998520030567e+00
2.963263255649096095e+00,5.986161125752966633e-02,-3.523153119050100313e-01,5.986161125752966633e-02,3.093655782531892218e+00
2.964048847710508916e+00,5.958489006195868964e-02,-3.521754868821516116e-01,5.958489006195868964e-02,3.094067876227965641e+00
2.964834439771921737e+00,5.930827874863525001e-02,-3.520355681338712128e-01,5.930827874863525001e-02,3.094478278399568794e+00
2.965620031833334558e+00,5.903177739116160366e-02,-3.518955557306607251e-01,5.903177739116160366e-02,3.094886987838933123e+00
2.966405623894747379e+00,5.875538606308461365e-02,-3.517554497430451788e-01,5.875538606308461365e-02,3.095294003339198685e+00
2.967191215956160200e+00,5.847910483789574981e-02,-3.516152502415824110e-01,5.847910483789574981e-02,3.095699323694419025e+00
2.967976808017573020e+00,5.820293378903100556e-02,-3.514749572968633995e-01,5.820293378903100556e-02,3.096102947699559405e+00
2.968762400078985841e+00,5.792687298987093947e-02,-3.513345709795120952e-01,5.792687298987093947e-02,3.096504874150500797e+00
2.969547992140398662e+00,5.765092251374059201e-02,-3.511940913601852565e-01,5.765092251374059201e-02,3.096905101844041663e+00
2.970333584201811483e+00,5.737508243390948559e-02,-3.510535185095725041e-01,5.737508243390948559e-02,3.097303629577893513e+00
2.971119176263224304e+00,5.709935282359160369e-02,-3.509128524983964326e-01,5.709935282359160369e-02,3.097700456150692006e+00
2.971904768324637125e+00,5.682373375594536313e-02,-3.507720933974123323e-01,5.682373375594536313e-02,3.098095580361988954e+00
2.972690360386049946e+00,5.654822530407356551e-02,-3.506312412774083009e-01,5.654822530407356551e-02,3.098489001012258992e+00
2.973475952447462767e+00,5.627282754102340412e-02,-3.504902962092051877e-01,5.627282754102340412e-02,3.098880716902899568e+00
2.974261544508875588e+00,5.599754053978642232e-02,-3.503492582636565378e-01,5.599754053978642232e-02,3.099270726836232281e+00
2.975047136570288409e+00,5.572236437329846498e-02,-3.502081275116485370e-01,5.572236437329846498e-02,3.099659029615503769e+00
2.975832728631701229e+00,5.544729911443971315e-02,-3.500669040241000118e-01,5.544729911443971315e-02,3.100045624044886594e+00
2.976618320693114050e+00,5.517234483603460082e-02,-3.499255878719623736e-01,5.517234483603460082e-02,3.100430508929481910e+00
2.977403912754526871e+00,5.489750161085181490e-02,-3.497841791262197297e-01,5.489750161085181490e-02,3.100813683075322125e+00
2.978189504815939692e+00,5.462276951160426053e-02,-3.496426778578884953e-01,5.462276951160426053e-02,3.101195145289367794e+00
2.978975096877352513e+00,5.434814861094904026e-02,-3.495010841380177258e-01,5.434814861094904026e-02,3.101574894379511615e+00
2.979760688938765334e+00,5.407363898148744019e-02,-3.493593980376888952e-01,5.407363898148744019e-02,3.101952929154581540e+00
2.980546281000178155e+00,5.379924069576487444e-02,-3.492176196280159517e-01,5.379924069576487444e-02,3.102329248424338992e+00
2.981331873061590976e+00,5.352495382627089904e-02,-3.490757489801450952e-01,5.352495382627089904e-02,3.102703850999480206e+00
2.982117465123003353e+00,5.325077844543929517e-02,-3.489337861652551109e-01,5.325077844543929517e-02,3.103076735691641552e+00
2.982903057184416173e+00,5.297671462564747247e-02,-3.487917312545567583e-01,5.297671462564747247e-02,3.103447901313395096e+00
2.983688649245828994e+00,5.270276243921732939e-02,-3.486495843192933264e-01,5.270276243921732939e-02,3.103817346678254374e+00
2.984474241307241815e+00,5.242892195841464265e-02,-3.485073454307403562e-01,5.242892195841464265e-02,3.104185070600675722e+00
2.985259833368654636e+00,5.215519325544918511e-02,-3.483650146602055853e-01,5.215519325544918511e-02,3.104551071896055170e+00
2.986045425430067457e+00,5.188157640247469116e-02,-3.482225920790287810e-01,5.188157640247469116e-02,3.104915349380733325e+00
2.986831017491480278e+00,5.160807147158882890e-02,-3.480800777585820183e-01,5.160807147158882890e-02,3.105277901871997148e+00
2.987616609552893099e+00,5.133467853483320020e-02,-3.479374717702694020e-01,5.133467853483320020e-02,3.105638728188079956e+00
2.988402201614305920e+00,5.106139766419330595e-02,-3.477947741855271779e-01,5.106139766419330595e-02,3.105997827148163193e+00
2.989187793675718741e+00,5.078822893159848362e-02,-3.476519850758234553e-01,5.078822893159848362e-02,3.106355197572375992e+00
2.989973385737131562e+00,5.051517240892194893e-02,-3.475091045126585954e-01,5.051517240892194893e-02,3.106710838281799614e+00
2.990758977798544382e+00,5.024222816798071256e-02,-3.473661325675647671e-01,5.024222816798071256e-02,3.107064748098466556e+00
2.991544569859957203e+00,4.996939628053558013e-02,-3.472230693121060585e-01,4.996939628053558013e-02,3.107416925845362332e+00
2.992330161921370024e+00,4.969667681829113837e-02,-3.470799148178785321e-01,4.969667681829113837e-02,3.107767370346426805e+00
2.993115753982782845e+00,4.942406985289569954e-02,-3.469366691565100580e-01,4.942406985289569954e-02,3.108116080426557293e+00
2.993901346044195666e+00,4.915157545594130151e-02,-3.467933323996603145e-01,4.915157545594130151e-02,3.108463054911605461e+00
2.994686938105608487e+00,4.887919369896366606e-02,-3.466499046190208433e-01,4.887919369896366606e-02,3.108808292628383985e+00
2.995472530167021308e+00,4.860692465344218505e-02,-3.465063858863148827e-01,4.860692465344218505e-02,3.109151792404662995e+00
2.996258122228434129e+00,4.833476839079992038e-02,-3.463627762732974236e-01,4.833476839079992038e-02,3.109493553069176741e+00
2.997043714289846950e+00,4.806272498240350688e-02,-3.462190758517550981e-01,4.806272498240350688e-02,3.109833573451618260e+00
2.997829306351259770e+00,4.779079449956319392e-02,-3.460752846935062355e-01,4.779079449956319392e-02,3.110171852382647373e+00
2.998614898412672591e+00,4.751897701353278991e-02,-3.459314028704006949e-01,4.751897701353278991e-02,3.110508388693885795e+00
2.999400490474085412e+00,4.724727259550967617e-02,-3.457874304543200328e-01,4.724727259550967617e-02,3.110843181217925135e+00
3.000186082535498233e+00,4.697568131663470287e-02,-3.456433675171773356e-01,4.697568131663470287e-02,3.111176228788322895e+00
3.000971674596911054e+00,4.670420324799225836e-02,-3.454992141309169984e-01,4.670420324799225836e-02,3.111507530239604247e+00
3.001757266658323875e+00,4.643283846061016518e-02,-3.453549703675152238e-01,4.643283846061016518e-02,3.111837084407267362e+00
3.002542858719736696e+00,4.616158702545972159e-02,-3.452106362989793009e-01,4.616158702545972159e-02,3.112164890127779859e+00
3.003328450781149073e+00,4.589044901345577104e-02,-3.450662119973482711e-01,4.589044901345577104e-02,3.112490946238581913e+00
3.004114042842561894e+00,4.561942449545610540e-02,-3.449216975346921510e-01,4.561942449545610540e-02,3.112815251578090692e+00
3.004899634903974714e+00,4.534851354226233922e-02,-3.447770929831125986e-01,4.534851354226233922e-02,3.113137804985695922e+00
3.005685226965387535e+00,4.507771622461929917e-02,-3.446323984147424135e-01,4.507771622461929917e-02,3.113458605301765214e+00
3.006470819026800356e+00,4.480703261321510034e-02,-3.444876139017457595e-01,4.480703261321510034e-02,3.113777651367645394e+00
3.007256411088213177e+00,4.453646277868117398e-02,-3.443427395163179416e-01,4.453646277868117398e-02,3.114094942025661172e+00
3.008042003149625998e+00,4.426600679159221896e-02,-3.441977753306854626e-01,4.426600679159221896e-02,3.114410476119118698e+00
3.008827595211038819e+00,4.399566472246618787e-02,-3.440527214171060222e-01,4.399566472246618787e-02,3.114724252492306000e+00
3.009613187272451640e+00,4.372543664176425232e-02,-3.439075778478684065e-01,4.372543664176425232e-02,3.115036269990493878e+00
3.010398779333864461e+00,4.345532261989076828e-02,-3.437623446952924322e-01,4.345532261989076828e-02,3.115346527459939452e+00
3.011184371395277282e+00,4.318532272719329684e-02,-3.436170220317290580e-01,4.318532272719329684e-02,3.115655023747883501e+00
3.011969963456690103e+00,4.291543703396251408e-02,-3.434716099295602731e-01,4.291543703396251408e-02,3.115961757702557122e+00
3.012755555518102923e+00,4.264566561043224568e-02,-3.433261084611988756e-01,4.264566561043224568e-02,3.116266728173176848e+00
3.013541147579515744e+00,4.237600852677940455e-02,-3.431805176990887496e-01,4.237600852677940455e-02,3.116569934009950416e+00
3.014326739640928565e+00,4.210646585312399076e-02,-3.430348377157046436e-01,4.210646585312399076e-02,3.116871374064077216e+00
3.015112331702341386e+00,4.183703765952904996e-02,-3.428890685835521701e-01,4.183703765952904996e-02,3.117171047187749178e+00
3.015897923763754207e+00,4.156772401600065947e-02,-3.427432103751678061e-01,4.156772401600065947e-02,3.117468952234150326e+00
3.016683515825167028e+00,4.129852499248789360e-02,-3.425972631631187815e-01,4.129852499248789360e-02,3.117765088057462552e+00
3.017469107886579849e+00,4.102944065888282366e-02,-3.424512270200030239e-01,4.102944065888282366e-02,3.118059453512860735e+00
3.018254699947992670e+00,4.076047108502046240e-02,-3.423051020184494364e-01,4.076047108502046240e-02,3.118352047456520726e+00
3.019040292009405491e+00,4.049161634067875715e-02,-3.421588882311172863e-01,4.049161634067875715e-02,3.118642868745614916e+00
3.019825884070818311e+00,4.022287649557855505e-02,-3.420125857306967054e-01,4.022287649557855505e-02,3.118931916238317559e+00
3.020611476132231132e+00,3.995425161938360309e-02,-3.418661945899084120e-01,3.995425161938360309e-02,3.119219188793803887e+00
3.021397068193643953e+00,3.968574178170049260e-02,-3.417197148815037111e-01,3.968574178170049260e-02,3.119504685272252331e+00
3.022182660255056774e+00,3.941734705207867312e-02,-3.415731466782643277e-01,3.941734705207867312e-02,3.119788404534844073e+00
3.022968252316469595e+00,3.914906750001037605e-02,-3.414264900530027402e-01,3.914906750001037605e-02,3.120070345443767934e+00
3.023753844377881972e+00,3.888090319493078817e-02,-3.412797450785617914e-01,3.888090319493078817e-02,3.120350506862219042e+00
3.024539436439294793e+00,3.861285420621740627e-02,-3.411329118278145223e-01,3.861285420621740627e-02,3.120628887654398387e+00
3.025325028500707614e+00,3.834492060319091844e-02,-3.409859903736647269e-01,3.834492060319091844e-02,3.120905486685519925e+00
3.026110620562120435e+00,3.807710245511452402e-02,-3.408389807890463974e-01,3.807710245511452402e-02,3.121180302821804364e+00
3.026896212623533255e+00,3.780939983119417647e-02,-3.406918831469238906e-01,3.780939983119417647e-02,3.121453334930486712e+00
3.027681804684946076e+00,3.754181280057847236e-02,-3.405446975202918725e-01,3.754181280057847236e-02,3.121724581879814941e+00
3.028467396746358897e+00,3.727434143235867220e-02,-3.403974239821752623e-01,3.727434143235867220e-02,3.121994042539051772e+00
3.029252988807771718e+00,3.700698579556864487e-02,-3.402500626056291777e-01,3.700698579556864487e-02,3.122261715778475111e+00
3.030038580869184539e+00,3.673974595918485381e-02,-3.401026134637389897e-01,3.673974595918485381e-02,3.122527600469381159e+00
3.030824172930597360e+00,3.647262199212634309e-02,-3.399550766296201565e-01,3.647262199212634309e-02,3.122791695484081753e+00
3.031609764992010181e+00,3.620561396325470277e-02,-3.398074521764182787e-01,3.620561396325470277e-02,3.123053999695912353e+00
3.032395357053423002e+00,3.593872194137404108e-02,-3.396597401773090996e-01,3.593872194137404108e-02,3.123314511979226271e+00
3.033180949114835823e+00,3.567194599523098447e-02,-3.395119407054982830e-01,3.567194599523098447e-02,3.123573231209400003e+00
3.033966541176248644e+00,3.540528619351462208e-02,-3.393640538342216351e-01,3.540528619351462208e-02,3.123830156262834556e+00
3.034752133237661464e+00,3.513874260485650575e-02,-3.392160796367448827e-01,3.513874260485650575e-02,3.124085286016956342e+00
3.035537725299074285e+00,3.487231529783061529e-02,-3.390680181863636178e-01,3.487231529783061529e-02,3.124338619350213619e+00
3.036323317360487106e+00,3.460600434095334466e-02,-3.389198695564034081e-01,3.460600434095334466e-02,3.124590155142087600e+00
3.037108909421899927e+00,3.433980980268346028e-02,-3.387716338202197419e-01,3.433980980268346028e-02,3.124839892273084896e+00
3.037894501483312748e+00,3.407373175142210109e-02,-3.386233110511978062e-01,3.407373175142210109e-02,3.125087829624743296e+00
3.038680093544725569e+00,3.380777025551273685e-02,-3.384749013227527081e-01,3.380777025551273685e-02,3.125333966079631320e+00
3.039465685606138390e+00,3.354192538324114736e-02,-3.383264047083292536e-01,3.354192538324114736e-02,3.125578300521350439e+00
3.040251277667551211e+00,3.327619720283541555e-02,-3.381778212814019469e-01,3.327619720283541555e-02,3.125820831834536406e+00
3.041036869728964032e+00,3.301058578246588576e-02,-3.380291511154750461e-01,3.301058578246588576e-02,3.126061558904859261e+00
3.041822461790376853e+00,3.274509119024513609e-02,-3.378803942840823415e-01,3.274509119024513609e-02,3.126300480619024214e+00
3.042608053851789673e+00,3.247971349422798526e-02,-3.377315508607874328e-01,3.247971349422798526e-02,3.126537595864779195e+00
3.043393645913202494e+00,3.221445276241143713e-02,-3.375826209191833405e-01,3.221445276241143713e-02,3.126772903530905090e+00
3.044179237974614871e+00,3.194930906273481253e-02,-3.374336045328927280e-01,3.194930906273481253e-02,3.127006402507225946e+00
3.044964830036027692e+00,3.168428246307915253e-02,-3.372845017755675689e-01,3.168428246307915253e-02,3.127238091684608090e+00
3.045750422097440513e+00,3.141937303126806497e-02,-3.371353127208894795e-01,3.141937303126806497e-02,3.127467969954958793e+00
3.046536014158853334e+00,3.115458083506710343e-02,-3.369860374425696081e-01,3.115458083506710343e-02,3.127696036211231601e+00
3.047321606220266155e+00,3.088990594218392338e-02,-3.368366760143482463e-01,3.088990594218392338e-02,3.127922289347423224e+00
3.048107198281678976e+00,3.062534842026822662e-02,-3.366872285099952178e-01,3.062534842026822662e-02,3.128146728258577980e+00
3.048892790343091797e+00,3.036090833691175439e-02,-3.365376950033096559e-01,3.036090833691175439e-02,3.128369351840788681e+00
3.049678382404504617e+00,3.009658575964824917e-02,-3.363880755681199486e-01,3.009658575964824917e-02,3.128590158991197079e+00
3.050463974465917438e+00,2.983238075595346511e-02,-3.362383702782837380e-01,2.983238075595346511e-02,3.128809148607995638e+00
3.051249566527330259e+00,2.956829339324510558e-02,-3.360885792076878653e-01,2.956829339324510558e-02,3.129026319590426208e+00
3.052035158588743080e+00,2.930432373888281622e-02,-3.359387024302484259e-01,2.930432373888281622e-02,3.129241670838788458e+00
3.052820750650155901e+00,2.904047186016817800e-02,-3.357887400199106032e-01,2.904047186016817800e-02,3.129455201254430996e+00
3.053606342711568722e+00,2.877673782434465866e-02,-3.356386920506486682e-01,2.877673782434465866e-02,3.129666909739762470e+00
3.054391934772981543e+00,2.851312169859759882e-02,-3.354885585964660910e-01,2.851312169859759882e-02,3.129876795198245798e+00
3.055177526834394364e+00,2.824962355005420506e-02,-3.353383397313952075e-01,2.824962355005420506e-02,3.130084856534403492e+00
3.055963118895807185e+00,2.798624344578349438e-02,-3.351880355294974412e-01,2.798624344578349438e-02,3.130291092653816776e+00
3.056748710957220005e+00,2.772298145279630810e-02,-3.350376460648631927e-01,2.772298145279630810e-02,3.130495502463127355e+00
3.057534303018632826e+00,2.745983763804525982e-02,-3.348871714116117837e-01,2.745983763804525982e-02,3.130698084870038755e+00
3.058319895080045647e+00,2.719681206842472845e-02,-3.347366116438913464e-01,2.719681206842472845e-02,3.130898838783318539e+00
3.059105487141458468e+00,2.693390481077082704e-02,-3.345859668358790451e-01,2.693390481077082704e-02,3.131097763112799193e+00
3.059891079202871289e+00,2.667111593186139579e-02,-3.344352370617807435e-01,2.667111593186139579e-02,3.131294856769377688e+00
3.060676671264284110e+00,2.640844549841595695e-02,-3.342844223958310046e-01,2.640844549841595695e-02,3.131490118665017697e+00
3.061462263325696931e+00,2.614589357709570447e-02,-3.341335229122933126e-01,2.614589357709570447e-02,3.131683547712753590e+00
3.062247855387109752e+00,2.588346023450349004e-02,-3.339825386854597400e-01,2.588346023450349004e-02,3.131875142826686886e+00
3.063033447448522573e+00,2.562114553718376764e-02,-3.338314697896511696e-01,2.562114553718376764e-02,3.132064902921991134e+00
3.063819039509935394e+00,2.535894955162262820e-02,-3.336803162992169614e-01,2.535894955162262820e-02,3.132252826914911914e+00
3.064604631571347770e+00,2.509687234424786556e-02,-3.335290782885351746e-01,2.509687234424786556e-02,3.132438913722767282e+00
3.065390223632760591e+00,2.483491398142839354e-02,-3.333777558320123457e-01,2.483491398142839354e-02,3.132623162263950878e+00
3.066175815694173412e+00,2.457307452947510990e-02,-3.332263490040836551e-01,2.457307452947510990e-02,3.132805571457932370e+00
3.066961407755586233e+00,2.431135405464026483e-02,-3.330748578792127046e-01,2.431135405464026483e-02,3.132986140225259231e+00
3.067746999816999054e+00,2.404975262311762757e-02,-3.329232825318915734e-01,2.404975262311762757e-02,3.133164867487554073e+00
3.068532591878411875e+00,2.378827030104239959e-02,-3.327716230366407624e-01,2.378827030104239959e-02,3.133341752167523975e+00
3.069318183939824696e+00,2.352690715449125280e-02,-3.326198794680091386e-01,2.352690715449125280e-02,3.133516793188952487e+00
3.070103776001237517e+00,2.326566324948228098e-02,-3.324680519005739354e-01,2.326566324948228098e-02,3.133689989476708071e+00
3.070889368062650338e+00,2.300453865197496506e-02,-3.323161404089406412e-01,2.300453865197496506e-02,3.133861339956742320e+00
3.071674960124063158e+00,2.274353342787019047e-02,-3.321641450677431662e-01,2.274353342787019047e-02,3.134030843556091295e+00
3.072460552185475979e+00,2.248264764301016738e-02,-3.320120659516434536e-01,2.248264764301016738e-02,3.134198499202876409e+00
3.073246144246888800e+00,2.222188136317846535e-02,-3.318599031353318130e-01,2.222188136317846535e-02,3.134364305826307540e+00
3.074031736308301621e+00,2.196123465409996131e-02,-3.317076566935266424e-01,2.196123465409996131e-02,3.134528262356681694e+00
3.074817328369714442e+00,2.170070758144082221e-02,-3.315553267009744842e-01,2.170070758144082221e-02,3.134690367725387894e+00
3.075602920431127263e+00,2.144030021080847725e-02,-3.314029132324499693e-01,2.144030021080847725e-02,3.134850620864903625e+00
3.076388512492540084e+00,2.118001260775160752e-02,-3.312504163627557618e-01,2.118001260775160752e-02,3.135009020708799721e+00
3.077174104553952905e+00,2.091984483776012510e-02,-3.310978361667226144e-01,2.091984483776012510e-02,3.135165566191740361e+00
3.077959696615365726e+00,2.065979696626513498e-02,-3.309451727192091464e-01,2.065979696626513498e-02,3.135320256249485293e+00
3.078745288676778546e+00,2.039986905863892114e-02,-3.307924260951020656e-01,2.039986905863892114e-02,3.135473089818889836e+00
3.079530880738191367e+00,2.014006118019493613e-02,-3.306395963693158357e-01,2.014006118019493613e-02,3.135624065837905761e+00
3.080316472799604188e+00,1.988037339618776295e-02,-3.304866836167929534e-01,1.988037339618776295e-02,3.135773183245585294e+00
3.081102064861017009e+00,1.962080577181310459e-02,-3.303336879125036152e-01,1.962080577181310459e-02,3.135920440982078894e+00
3.081887656922429830e+00,1.936135837220774938e-02,-3.301806093314458845e-01,1.936135837220774938e-02,3.136065837988637472e+00
3.082673248983842651e+00,1.910203126244955363e-02,-3.300274479486455803e-01,1.910203126244955363e-02,3.136209373207616835e+00
3.083458841045255472e+00,1.884282450755744506e-02,-3.298742038391562215e-01,1.884282450755744506e-02,3.136351045582473684e+00
3.084244433106668293e+00,1.858373817249135002e-02,-3.297208770780590825e-01,1.858373817249135002e-02,3.136490854057771394e+00
3.085030025168080670e+00,1.832477232215237034e-02,-3.295674677404630271e-01,1.832477232215237034e-02,3.136628797579178229e+00
3.085815617229493490e+00,1.806592702138213463e-02,-3.294139759015045077e-01,1.806592702138213463e-02,3.136764875093470017e+00
3.086601209290906311e+00,1.780720233496368987e-02,-3.292604016363476216e-01,1.780720233496368987e-02,3.136899085548532362e+00
3.087386801352319132e+00,1.754859832762086652e-02,-3.291067450201839995e-01,1.754859832762086652e-02,3.137031427893357538e+00
3.088172393413731953e+00,1.729011506401842077e-02,-3.289530061282326945e-01,1.729011506401842077e-02,3.137161901078052484e+00
3.088957985475144774e+00,1.703175260876199290e-02,-3.287991850357404044e-01,1.703175260876199290e-02,3.137290504053835249e+00
3.089743577536557595e+00,1.677351102639812463e-02,-3.286452818179811386e-01,1.677351102639812463e-02,3.137417235773035884e+00
3.090529169597970416e+00,1.651539038141418281e-02,-3.284912965502562732e-01,1.651539038141418281e-02,3.137542095189100433e+00
3.091314761659383237e+00,1.625739073823838712e-02,-3.283372293078946624e-01,1.625739073823838712e-02,3.137665081256591826e+00
3.092100353720796058e+00,1.599951216123976505e-02,-3.281830801662523056e-01,1.599951216123976505e-02,3.137786192931188545e+00
3.092885945782208879e+00,1.574175471472812754e-02,-3.280288492007126799e-01,1.574175471472812754e-02,3.137905429169688176e+00
3.093671537843621699e+00,1.548411846295407249e-02,-3.278745364866864076e-01,1.548411846295407249e-02,3.138022788930009188e+00
3.094457129905034520e+00,1.522660347010890841e-02,-3.277201420996113113e-01,1.522660347010890841e-02,3.138138271171188709e+00
3.095242721966447341e+00,1.496920980032470996e-02,-3.275656661149524140e-01,1.496920980032470996e-02,3.138251874853388745e+00
3.096028314027860162e+00,1.471193751767422772e-02,-3.274111086082019950e-01,1.471193751767422772e-02,3.138363598937893517e+00
3.096813906089272983e+00,1.445478668617091594e-02,-3.272564696548791452e-01,1.445478668617091594e-02,3.138473442387109902e+00
3.097599498150685804e+00,1.419775736976888400e-02,-3.271017493305303225e-01,1.419775736976888400e-02,3.138581404164575428e+00
3.098385090212098625e+00,1.394084963236286862e-02,-3.269469477107288524e-01,1.394084963236286862e-02,3.138687483234950282e+00
3.099170682273511446e+00,1.368406353778824427e-02,-3.267920648710751497e-01,1.368406353778824427e-02,3.138791678564026633e+00
3.099956274334924267e+00,1.342739914982097812e-02,-3.266371008871963855e-01,1.342739914982097812e-02,3.138893989118722860e+00
3.100741866396337088e+00,1.317085653217761262e-02,-3.264820558347469315e-01,1.317085653217761262e-02,3.138994413867090660e+00
3.101527458457749908e+00,1.291443574851524126e-02,-3.263269297894078047e-01,1.291443574851524126e-02,3.139092951778313267e+00
3.102313050519162729e+00,1.265813686243151201e-02,-3.261717228268870006e-01,1.265813686243151201e-02,3.139189601822707232e+00
3.103098642580575550e+00,1.240195993746455796e-02,-3.260164350229192709e-01,1.240195993746455796e-02,3.139284362971723752e+00
3.103884234641988371e+00,1.214590503709302161e-02,-3.258610664532661239e-01,1.214590503709302161e-02,3.139377234197949118e+00
3.104669826703401192e+00,1.188997222473602705e-02,-3.257056171937158240e-01,1.188997222473602705e-02,3.139468214475107377e+00
3.105455418764813569e+00,1.163416156375327720e-02,-3.255500873200835033e-01,1.163416156375327720e-02,3.139557302778061665e+00
3.106241010826226390e+00,1.137847311744447781e-02,-3.253944769082104949e-01,1.137847311744447781e-02,3.139644498082813318e+00
3.107026602887639211e+00,1.112290694905017016e-02,-3.252387860339651660e-01,1.112290694905017016e-02,3.139729799366504093e+00
3.107812194949052031e+00,1.086746312175114818e-02,-3.250830147732424180e-01,1.086746312175114818e-02,3.139813205607419722e+00
3.108597787010464852e+00,1.061214169866857640e-02,-3.249271632019635203e-01,1.061214169866857640e-02,3.139894715784987689e+00
3.109383379071877673e+00,1.035694274286395877e-02,-3.247712313960764430e-01,1.035694274286395877e-02,3.139974328879779009e+00
3.110168971133290494e+00,1.010186631733911433e-02,-3.246152194315555239e-01,1.010186631733911433e-02,3.140052043873512666e+00
3.110954563194703315e+00,9.846912485036191098e-03,-3.244591273844015800e-01,9.846912485036191098e-03,3.140127859749053840e+00
3.111740155256116136e+00,9.592081308837596687e-03,-3.243029553306417956e-01,9.592081308837596687e-03,3.140201775490414349e+00
3.112525747317528957e+00,9.337372851566029530e-03,-3.241467033463297231e-01,9.337372851566029530e-03,3.140273790082755756e+00
3.113311339378941778e+00,9.082787175984406020e-03,-3.239903715075453383e-01,9.082787175984406020e-03,3.140343902512392482e+00
3.114096931440354599e+00,8.828324344795874384e-03,-3.238339598903948180e-01,8.828324344795874384e-03,3.140412111766788694e+00
3.114882523501767420e+00,8.573984420643779997e-03,-3.236774685710104849e-01,8.573984420643779997e-03,3.140478416834560527e+00
3.115668115563180240e+00,8.319767466111665372e-03,-3.235208976255511404e-01,8.319767466111665372e-03,3.140542816705482299e+00
3.116453707624593061e+00,8.065673543723211186e-03,-3.233642471302015653e-01,8.065673543723211186e-03,3.140605310370478964e+00
3.117239299686005882e+00,7.811702715942250158e-03,-3.232075171611727415e-01,7.811702715942250158e-03,3.140665896821635439e+00
3.118024891747418703e+00,7.557855045172735819e-03,-3.230507077947017414e-01,7.557855045172735819e-03,3.140724575052193934e+00
3.118810483808831524e+00,7.304130593758714762e-03,-3.228938191070517272e-01,7.304130593758714762e-03,3.140781344056554403e+00
3.119596075870244345e+00,7.050529423984312760e-03,-3.227368511745118962e-01,7.050529423984312760e-03,3.140836202830278978e+00
3.120381667931657166e+00,6.797051598073713952e-03,-3.225798040733974248e-01,6.797051598073713952e-03,3.140889150370090643e+00
3.121167259993069987e+00,6.543697178191136554e-03,-3.224226778800494131e-01,6.543697178191136554e-03,3.140940185673873675e+00
3.121952852054482808e+00,6.290466226440832864e-03,-3.222654726708349959e-01,6.290466226440832864e-03,3.140989307740679415e+00
3.122738444115895629e+00,6.037358804867033746e-03,-3.221081885221470098e-01,6.037358804867033746e-03,3.141036515570721832e+00
3.123524036177308449e+00,5.784374975453948631e-03,-3.219508255104043259e-01,5.784374975453948631e-03,3.141081808165382849e+00
3.124309628238721270e+00,5.531514800125751641e-03,-3.217933837120514617e-01,5.531514800125751641e-03,3.141125184527209679e+00
3.125095220300134091e+00,5.278778340746546026e-03,-3.216358632035588583e-01,5.278778340746546026e-03,3.141166643659922375e+00
3.125880812361546468e+00,5.026165659120461308e-03,-3.214782640614226028e-01,5.026165659120461308e-03,3.141206184568406723e+00
3.126666404422959289e+00,4.773676816991118121e-03,-3.213205863621643177e-01,4.773676816991118121e-03,3.141243806258722682e+00
3.127451996484372110e+00,4.521311876042446130e-03,-3.211628301823315490e-01,4.521311876042446130e-03,3.141279507738101273e+00
3.128237588545784931e+00,4.269070897898082084e-03,-3.210049955984973780e-01,4.269070897898082084e-03,3.141313288014947691e+00
3.129023180607197752e+00,4.016953944121501655e-03,-3.208470826872604764e-01,4.016953944121501655e-03,3.141345146098842633e+00
3.129808772668610573e+00,3.764961076215993414e-03,-3.206890915252449958e-01,3.764961076215993414e-03,3.141375081000542302e+00
3.130594364730023393e+00,3.513092355624643660e-03,-3.205310221891006228e-01,3.513092355624643660e-03,3.141403091731978847e+00
3.131379956791436214e+00,3.261347843730315593e-03,-3.203728747555026346e-01,3.261347843730315593e-03,3.141429177306266585e+00
3.132165548852849035e+00,3.009727601855620265e-03,-3.202146493011516215e-01,3.009727601855620265e-03,3.141453336737695778e+00
3.132951140914261856e+00,2.758231691262905301e-03,-3.200563459027735425e-01,2.758231691262905301e-03,3.141475569041739746e+00
3.133736732975674677e+00,2.506860173154232783e-03,-3.198979646371198915e-01,2.506860173154232783e-03,3.141495873235053971e+00
3.134522325037087498e+00,2.255613108671359300e-03,-3.197395055809672537e-01,2.255613108671359300e-03,3.141514248335475656e+00
3.135307917098500319e+00,2.004490558895716430e-03,-3.195809688111177493e-01,2.004490558895716430e-03,3.141530693362028170e+00
3.136093509159913140e+00,1.753492584848393831e-03,-3.194223544043985341e-01,1.753492584848393831e-03,3.141545207334920597e+00
3.136879101221325961e+00,1.502619247490115167e-03,-3.192636624376620769e-01,1.502619247490115167e-03,3.141557789275548185e+00
3.137664693282738781e+00,1.251870607721220332e-03,-3.191048929877859930e-01,1.251870607721220332e-03,3.141568438206495006e+00
3.138450285344151602e+00,1.001246726381642242e-03,-3.189460461316730999e-01,1.001246726381642242e-03,3.141577153151533519e+00
3.139235877405564423e+00,7.507476642508876521e-04,-3.187871219462512506e-01,7.507476642508876521e-04,3.141583933135628559e+00
3.140021469466977244e+00,5.003734820480214285e-04,-3.186281205084733892e-01,5.003734820480214285e-04,3.141588777184934678e+00
3.140807061528390065e+00,2.501242404316502896e-04,-3.184690418953174396e-01,2.501242404316502896e-04,3.141591684326801026e+00
3.141592653589802886e+00,0.000000000000000000e+00,-3.183098861916608402e-01,0.000000000000000000e+00,3.141592653667487856e+00
