xi,theta,dtheta_dxi,rho_over_rhoc,dimensionless_mass
0.000000000000000000e+00,1.000000000000000000e+00,0.000000000000000000e+00,1.000000000000000000e+00,-0.000000000000000000e+00
1.000000000000000082e-05,9.999999999833333320e-01,-3.333333333166666886e-06,9.999999999166666598e-01,3.333333333166667498e-16
1.001249812453113182e-02,9.999832920656263058e-01,-3.337332089472817322e-03,9.999164631196355568e-01,3.345679380900753848e-07
2.001499624906226404e-02,9.999332400067985072e-01,-6.670329304541870903e-03,9.996662445999840996e-01,2.672134418673465227e-06
3.001749437359339454e-02,9.998498588255837483e-01,-1.000132527262466604e-02,9.992495195177985012e-01,9.011693821543779033e-06
4.001999249812453197e-02,9.997331735326271396e-01,-1.332932195516320015e-02,9.986665794368272397e-01,2.134823937152604536e-05
5.002249062265566593e-02,9.995832191096530872e-01,-1.665332381068921480e-02,9.979178318875471243e-01,4.167077231262118303e-05
6.002498874718679295e-02,9.994000404803575766e-01,-1.997233862073106297e-02,9.970037997571248312e-01,7.196032155257144373e-05
7.002748687171791997e-02,9.991836924730591596e-01,-2.328537831001980390e-02,9.959251205077707114e-01,1.141879772207665699e-04
8.002998499624905393e-02,9.989342397751739266e-01,-2.659145975995378525e-02,9.946825452255044775e-01,1.703129415434711646e-04
9.003248312078018789e-02,9.986517568796252631e-01,-2.988960561485994732e-02,9.932769375019419034e-01,2.422806003989433896e-04
1.000349812453113219e-01,9.983363280231700720e-01,-3.317884507712378500e-02,9.917092721514192410e-01,3.320206188355344476e-04
1.100374793698424558e-01,9.979880471168940392e-01,-3.645821469376504809e-02,9.899806337674699197e-01,4.414450638082333274e-04
1.200399774943735759e-01,9.976070176689370017e-01,-3.972675913116337221e-02,9.880922151220413729e-01,5.724465572895763577e-04
1.300424756189047237e-01,9.971933526991703101e-01,-4.298353193092698671e-02,9.860453154094870332e-01,7.268964627342014212e-04
1.400449737434358577e-01,9.967471746471089356e-01,-4.622759626428034341e-02,9.838413383454067684e-01,9.066431081367019038e-04
1.500474718679669917e-01,9.962686152717035171e-01,-4.945802565850673099e-02,9.814817901176295933e-01,1.113510048233123072e-03
1.600499699924981256e-01,9.957578155439409384e-01,-5.267390470976973660e-02,9.789682771982409770e-01,1.349294368776275373e-03
1.700524681170292596e-01,9.952149255330352551e-01,-5.587432978592813543e-02,9.763025040250429276e-01,1.615765035727157687e-03
1.800549662415603935e-01,9.946401042849882801e-01,-5.905840970181525790e-02,9.734862705512243863e-01,1.914661291544245353e-03
1.900574643660915275e-01,9.940335196951044505e-01,-6.222526638204045613e-02,9.705214696760566806e-01,2.247691101354291291e-03
2.000599624906226615e-01,9.933953483732380629e-01,-6.537403549620855736e-02,9.674100845558433193e-01,2.616529650896868339e-03
2.100624606151537954e-01,9.927257755027972808e-01,-6.850386707306749257e-02,9.641541858055832082e-01,3.022817898523036482e-03
2.200649587396849294e-01,9.920249946958296094e-01,-7.161392611387303042e-02,9.607559286081912564e-01,3.468161184265357300e-03
2.300674568642160633e-01,9.912932078382902246e-01,-7.470339314473652126e-02,9.572175497083191820e-01,3.954127895347021339e-03
2.400699549887471695e-01,9.905306249336490731e-01,-7.777146478197489998e-02,9.535413643362814495e-01,4.482248192964969832e-03
2.500724531132783035e-01,9.897374639385478901e-01,-8.081735425154852603e-02,9.497297630374778032e-01,5.054012799429956349e-03
2.600749512378094375e-01,9.889139505925678142e-01,-8.384029187839525665e-02,9.457852084234781298e-01,5.670871847468512104e-03
2.700774493623405714e-01,9.880603182483623792e-01,-8.683952559048740971e-02,9.417102318807838435e-01,6.334233796021854213e-03
2.800799474868717054e-01,9.871768076908795653e-01,-8.981432134967648473e-02,9.375074301892644124e-01,7.045464408267029105e-03
2.900824456114028393e-01,9.862636669545058465e-01,-9.276396357499684664e-02,9.331794620989580791e-01,7.805885796581754806e-03
3.000849437359339733e-01,9.853211511381051446e-01,-9.568775555176277370e-02,9.287290448710219248e-01,8.616775535351565291e-03
3.100874418604651073e-01,9.843495222140679068e-01,-9.858501980054934499e-02,9.241589507704899287e-01,9.479365840299753404e-03
3.200899399849962412e-01,9.833490488320946188e-01,-1.014550984096922459e-01,9.194720035206072062e-01,1.039484281466156700e-02
3.300924381095273752e-01,9.823200061221730728e-01,-1.042973533552977589e-01,9.146710747457929003e-01,1.136434576470647315e-02
3.400949362340585092e-01,9.812626754991662370e-01,-1.071111668213915458e-01,9.097590804200849091e-01,1.238896658688034245e-02
3.500974343585896431e-01,9.801773444539095825e-01,-1.098959414304419707e-01,9.047389772565833654e-01,1.346974921691664745e-02
3.600999324831207771e-01,9.790643063483467357e-01,-1.126511004857492643e-01,8.996137591257229449e-01,1.460768915096588919e-02
3.701024306076519110e-01,9.779238602088854426e-01,-1.153760881875668942e-01,8.943864534804859545e-01,1.580373303509516325e-02
3.801049287321830450e-01,9.767563105173791005e-01,-1.180703698192227258e-01,8.890601177912776931e-01,1.705877832225738758e-02
3.901074268567141790e-01,9.755619669981240305e-01,-1.207334318966219178e-01,8.836378359885666001e-01,1.837367299501332929e-02
4.001099249812453129e-01,9.743411444029597135e-01,-1.233647822890219237e-01,8.781227149282256894e-01,1.974921535402560102e-02
4.101124231057764469e-01,9.730941622971134297e-01,-1.259639503219139867e-01,8.725178808964919597e-01,2.118615387314547183e-02
4.201149212303075808e-01,9.718213448484284145e-01,-1.285304868728460170e-01,8.668264761708122101e-01,2.268518712247203847e-02
4.301174193548387148e-01,9.705230206135475601e-01,-1.310639644315054197e-01,8.610516556119326426e-01,2.424696375408988067e-02
4.401199174793698488e-01,9.691995223114187041e-01,-1.335639770797137360e-01,8.551965832494741182e-01,2.587208254011962028e-02
4.501224156039009827e-01,9.678511866141152886e-01,-1.360301405247401896e-01,8.492644289988307005e-01,2.756109248537141898e-02
4.601249137284321167e-01,9.664783539298351656e-01,-1.384620920716302939e-01,8.432583654006867713e-01,2.931449299371565939e-02
4.701274118529632506e-01,9.650813681879745198e-01,-1.408594905795655661e-01,8.371815644311090265e-01,3.113273409428812463e-02
4.801299099774943291e-01,9.636605766230303960e-01,-1.432220163890418896e-01,8.310371943713485976e-01,3.301621672330501411e-02
4.901324081020254630e-01,9.622163295587499166e-01,-1.455493712245239379e-01,8.248284167469357442e-01,3.496529306044095925e-02
5.001349062265565415e-01,9.607489801939872454e-01,-1.478412780774180091e-01,8.185583833453431435e-01,3.698026691897465107e-02
5.101374043510876755e-01,9.592588843917307928e-01,-1.500974810742053134e-01,8.122302333209843184e-01,3.906139418916123457e-02
5.201399024756188094e-01,9.577464004727599400e-01,-1.523177453345783416e-01,8.058470903957714038e-01,4.120888333457902591e-02
5.301424006001499434e-01,9.562118890065778309e-01,-1.545018567953327371e-01,7.994120601260771286e-01,4.342289593334679870e-02
5.401448987246810773e-01,9.546557125938006649e-01,-1.566496219799954348e-01,7.929282272146753741e-01,4.570354725520820588e-02
5.501473968492122113e-01,9.530782356701681390e-01,-1.587608678151865016e-01,7.863986529957893712e-01,4.805090690016929067e-02
5.601498949737433453e-01,9.514798243017021928e-01,-1.608354413923357151e-01,7.798263729660724897e-01,5.046499946954435128e-02
5.701523930982744792e-01,9.498608459846413776e-01,-1.628732097202776063e-01,7.732143944202956032e-01,5.294580527911256496e-02
5.801548912228056132e-01,9.482216694471189422e-01,-1.648740594594280962e-01,7.665656941799786628e-01,5.549326110952030461e-02
5.901573893473367471e-01,9.465626644532907363e-01,-1.668378966398379737e-01,7.598832164186801741e-01,5.810726099217953383e-02
6.001598874718678811e-01,9.448842016106653308e-01,-1.687646463655510243e-01,7.531698705874847466e-01,6.078765702907609064e-02
6.101623855963990151e-01,9.431866521813854209e-01,-1.706542525076941152e-01,7.464285294438531837e-01,6.353426024504615910e-02
6.201648837209301490e-01,9.414703878982103591e-01,-1.725066773887274363e-01,7.396620271866385377e-01,6.634684147124191023e-02
6.301673818454612830e-01,9.397357807816083541e-01,-1.743219014489541252e-01,7.328731576827833827e-01,6.922513225418794325e-02
6.401698799699924169e-01,9.379832029552073180e-01,-1.760999228882041412e-01,7.260646727751177698e-01,7.216882578462041620e-02
6.501723780945235509e-01,9.362130264742654084e-01,-1.778407573219338844e-01,7.192392807280383327e-01,7.517757785905274104e-02
6.601748762190546849e-01,9.344256231523621059e-01,-1.795444374135246324e-01,7.123996447519732600e-01,7.825100785722868824e-02
6.701773743435858188e-01,9.326213643929438524e-01,-1.812110125005823025e-01,7.055483816318948165e-01,8.138869973979662165e-02
6.801798724681169528e-01,9.308006210242393275e-01,-1.828405482120552539e-01,6.986880604529773775e-01,8.459020306261971767e-02
6.901823705926480867e-01,9.289637631378971916e-01,-1.844331260775874115e-01,6.918212014235466389e-01,8.785503400594606160e-02
7.001848687171792207e-01,9.271111599317207741e-01,-1.859888431305715961e-01,6.849502747953283288e-01,9.118267641679198010e-02
7.101873668417103547e-01,9.252431795568721862e-01,-1.875078115063694151e-01,6.780776998807855893e-01,9.457258286301448158e-02
7.201898649662414886e-01,9.233601889699207810e-01,-1.889901580371624035e-01,6.712058441671309161e-01,9.802417569768051564e-02
7.301923630907726226e-01,9.214625537878849970e-01,-1.904360238399107619e-01,6.643370225183804489e-01,1.015368481298238590e-01
7.401948612153037566e-01,9.195506381448682598e-01,-1.918455638946647002e-01,6.574734964587668484e-01,1.051099652976679177e-01
7.501973593398348905e-01,9.176248045577009016e-01,-1.932189466306246384e-01,6.506174735623093675e-01,1.087428653513672488e-01
7.601998574643660245e-01,9.156854137930378057e-01,-1.945563535037346803e-01,6.437711069188848390e-01,1.124348605349438368e-01
7.702023555888971584e-01,9.137328247392710878e-01,-1.958579785737979417e-01,6.369364946868930621e-01,1.161852382695106184e-01
7.802048537134282924e-01,9.117673942824835454e-01,-1.971240280799991806e-01,6.301156797274551913e-01,1.199932622352766765e-01
7.902073518379594264e-01,9.097894771865797647e-01,-1.983547200157300128e-01,6.233106493183235841e-01,1.238581734509414251e-01
8.002098499624905603e-01,9.077994259777442121e-01,-1.995502837036333965e-01,6.165233349456396006e-01,1.277791913492028752e-01
8.102123480870216943e-01,9.057975908333713022e-01,-2.007109593717828488e-01,6.097556121715768107e-01,1.317555148472194515e-01
8.202148462115528282e-01,9.037843194756165488e-01,-2.018369977319128816e-01,6.030093005758419000e-01,1.357863234109857320e-01
8.302173443360839622e-01,9.017599570686368748e-01,-2.029286595582063257e-01,5.962861637653684710e-01,1.398707781110476722e-01
8.402198424606150962e-01,8.997248461188077640e-01,-2.039862152654582372e-01,5.895879094474463233e-01,1.440080226670178987e-01
8.502223405851462301e-01,8.976793263814535351e-01,-2.050099444950649608e-01,5.829161895754774170e-01,1.481971844851535935e-01
8.602248387096773641e-01,8.956237347703822627e-01,-2.060001357012740120e-01,5.762726005523830519e-01,1.524373756825644910e-01
8.702273368342084980e-01,8.935584052718267278e-01,-2.069570857416148657e-01,5.696586834944854516e-01,1.567276940993116430e-01
8.802298349587396320e-01,8.914836688623851702e-01,-2.078810994710881543e-01,5.630759245519650902e-01,1.610672242968430035e-01
8.902323330832707660e-01,8.893998534309719428e-01,-2.087724893406328885e-01,5.565257552833938748e-01,1.654550385419229774e-01
9.002348312078018999e-01,8.873072837047870642e-01,-2.096315750003999168e-01,5.500095530818475131e-01,1.698901977753144443e-01
9.102373293323330339e-01,8.852062811793188768e-01,-2.104586829083600064e-01,5.435286416501245998e-01,1.743717525645737954e-01
9.202398274568641678e-01,8.830971640523904709e-01,-2.112541459447750958e-01,5.370842915226037295e-01,1.788987440404225804e-01
9.302423255813953018e-01,8.809802471618283226e-01,-2.120183030317981387e-01,5.306777206299864158e-01,1.834702048151751752e-01
9.402448237059264358e-01,8.788558419264111965e-01,-2.127514987575923333e-01,5.243100949035328640e-01,1.880851598817359638e-01
9.502473218304575697e-01,8.767242562914839832e-01,-2.134540830093562824e-01,5.179825289206064776e-01,1.927426274961263342e-01
9.602498199549885927e-01,8.745857946776568470e-01,-2.141264106113439369e-01,5.116960865843824813e-01,1.974416200395467114e-01
9.702523180795197266e-01,8.724407579332114082e-01,-2.147688409699057277e-01,5.054517818373500671e-01,2.021811448610152939e-01
9.802548162040508606e-01,8.702894432900093458e-01,-2.153817377253202658e-01,4.992505794057659485e-01,2.069602050997982612e-01
9.902573143285819945e-01,8.681321443228426915e-01,-2.159654684106570022e-01,4.930933955727070939e-01,2.117778004873138720e-01
1.000259812453113240e+00,8.659691509121637543e-01,-2.165204041179159544e-01,4.869810989774262522e-01,2.166329281282727282e-01
1.010262310577644485e+00,8.638007492101327234e-01,-2.170469191716888901e-01,4.809145114387718967e-01,2.215245832608949417e-01
1.020264808702175507e+00,8.616272216099243320e-01,-2.175453908105881851e-01,4.748944088005013775e-01,2.264517599961263228e-01
1.030267306826706752e+00,8.594488467181453650e-01,-2.180161988759798664e-01,4.689215217961341664e-01,2.314134520351072977e-01
1.040269804951237775e+00,8.572658993302272323e-01,-2.184597255076194677e-01,4.629965369311064283e-01,2.364086533641769905e-01
1.050272303075769020e+00,8.550786504090198692e-01,-2.188763548485530008e-01,4.571200973810353729e-01,2.414363589297254531e-01
1.060274801200300043e+00,8.528873670661640816e-01,-2.192664727570350636e-01,4.512928039031858241e-01,2.464955652904519678e-01
1.070277299324831288e+00,8.506923125463339286e-01,-2.196304665265204070e-01,4.455152157597213058e-01,2.515852712480510234e-01
1.080279797449362311e+00,8.484937462142592146e-01,-2.199687246135249019e-01,4.397878516508853530e-01,2.567044784560882920e-01
1.090282295573893556e+00,8.462919235444329447e-01,-2.202816363734056426e-01,4.341111906563136502e-01,2.618521920071500420e-01
1.100284793698424579e+00,8.440870961134170347e-01,-2.205695918041119252e-01,4.284856731827744181e-01,2.670274209983944935e-01
1.110287291822955824e+00,8.418795115946501317e-01,-2.208329812979592244e-01,4.229117019166800939e-01,2.722291790756973251e-01
1.120289789947486847e+00,8.396694137556701687e-01,-2.210721954014778778e-01,4.173896427798067243e-01,2.774564849566293900e-01
1.130292288072018092e+00,8.374570424577436611e-01,-2.212876245829754895e-01,4.119198258869233853e-01,2.827083629320367719e-01
1.140294786196549115e+00,8.352426336578706589e-01,-2.214796590074986637e-01,4.065025465040304486e-01,2.879838433460297220e-01
1.150297284321080360e+00,8.330264194128390587e-01,-2.216486883204603631e-01,4.011380660052508151e-01,2.932819630562685242e-01
1.160299782445611383e+00,8.308086278854769358e-01,-2.217951014385309561e-01,3.958266128276683449e-01,2.986017658731119906e-01
1.170302280570142628e+00,8.285894833529412473e-01,-2.219192863483153977e-01,3.905683834226920115e-01,3.039423029786234576e-01
1.180304778694673651e+00,8.263692062170104879e-01,-2.220216299126058779e-01,3.853635432029102192e-01,3.093026333255409210e-01
1.190307276819204896e+00,8.241480130162873730e-01,-2.221025176841444071e-01,3.802122274833072968e-01,3.146818240165320524e-01
1.200309774943735919e+00,8.219261164402158482e-01,-2.221623337268306131e-01,3.751145424157788510e-01,3.200789506640813187e-01
1.210312273068267164e+00,8.197037253448177241e-01,-2.222014604443109387e-01,3.700705659159456151e-01,3.254930977313929552e-01
1.220314771192798187e+00,8.174810447700548988e-01,-2.222202784158842093e-01,3.650803485813323146e-01,3.309233588547143001e-01
1.230317269317329432e+00,8.152582759588724581e-01,-2.222191662394178979e-01,3.601439146003652114e-01,3.363688371471554861e-01
1.240319767441860455e+00,8.130356163779359768e-01,-2.221985003810154624e-01,3.552612626515838645e-01,3.418286454841255595e-01
1.250322265566391700e+00,8.108132597395445451e-01,-2.221586550320756026e-01,3.504323667913488149e-01,3.473019067719081976e-01
1.260324763690922723e+00,8.085913960250905586e-01,-2.221000019728311126e-01,3.456571773303679374e-01,3.527877541985915411e-01
1.270327261815453967e+00,8.063702115098176915e-01,-2.220229104425889277e-01,3.409356216980181653e-01,3.582853314682603596e-01
1.280329759939984990e+00,8.041498887888728353e-01,-2.219277470164631727e-01,3.362676052940350435e-01,3.637937930187306601e-01
1.290332258064516013e+00,8.019306068045689573e-01,-2.218148754884797791e-01,3.316530123270146624e-01,3.693123042232493991e-01
1.300334756189047258e+00,7.997125408747745023e-01,-2.216846567609323526e-01,3.270917066392160510e-01,3.748400415765921201e-01
1.310337254313578281e+00,7.974958627223480701e-01,-2.215374487398681647e-01,3.225835325172091705e-01,3.803761928660031599e-01
1.320339752438109526e+00,7.952807405055316581e-01,-2.213736062365840029e-01,3.181283154879435138e-01,3.859199573274331163e-01
1.330342250562640549e+00,7.930673388493781895e-01,-2.211934808748738102e-01,3.137258631001818010e-01,3.914705457872914018e-01
1.340344748687171794e+00,7.908558188782406351e-01,-2.209974210038179177e-01,3.093759656911590494e-01,3.970271807900004890e-01
1.350347246811702817e+00,7.886463382488020368e-01,-2.207857716163937889e-01,3.050783971372916792e-01,4.025890967125133613e-01
1.360349744936234062e+00,7.864390511840529951e-01,-2.205588742733117780e-01,3.008329155896489193e-01,4.081555398654328481e-01
1.370352243060765085e+00,7.842341085079705953e-01,-2.203170670321313585e-01,2.966392641936182462e-01,4.137257685814884622e-01
1.380354741185296330e+00,7.820316576809029918e-01,-2.200606843814687519e-01,2.924971717927278836e-01,4.192990532917138524e-01
1.390357239309827353e+00,7.798318428355970333e-01,-2.197900571801599812e-01,2.884063536164866437e-01,4.248746765897459809e-01
1.400359737434358598e+00,7.776348048138010949e-01,-2.195055126012439295e-01,2.843665119521224804e-01,4.304519332846767909e-01
1.410362235558889621e+00,7.754406812033769469e-01,-2.192073740806295412e-01,2.803773368001321042e-01,4.360301304428766955e-01
1.420364733683420866e+00,7.732496063758567129e-01,-2.188959612703115787e-01,2.764385065135880892e-01,4.416085874192122174e-01
1.430367231807951889e+00,7.710617115245083086e-01,-2.185715899959264630e-01,2.725496884213993165e-01,4.471866358779207351e-01
1.440369729932483134e+00,7.688771247029451139e-01,-2.182345722184848291e-01,2.687105394356772980e-01,4.527636198034820092e-01
1.450372228057014157e+00,7.666959708638374504e-01,-2.178852160003603433e-01,2.649207066425444124e-01,4.583388955023176559e-01
1.460374726181545402e+00,7.645183718980838039e-01,-2.175238254751529765e-01,2.611798278771680359e-01,4.639118315952139859e-01
1.470377224306076425e+00,7.623444466742347325e-01,-2.171507008213976186e-01,2.574875322828061863e-01,4.694818090010551836e-01
1.480379722430607670e+00,7.601743110781771229e-01,-2.167661382399601044e-01,2.538434408540527487e-01,4.750482209121905663e-01
1.490382220555138693e+00,7.580080780530352724e-01,-2.163704299349940297e-01,2.502471669643920316e-01,4.806104727618078498e-01
1.500384718679669938e+00,7.558458576392376171e-01,-2.159638640983321811e-01,2.466983168781773650e-01,4.861679821836838444e-01
1.510387216804200960e+00,7.536877570147026972e-01,-2.155467248971867089e-01,2.431964902471711043e-01,4.917201789646645227e-01
1.520389714928732205e+00,7.515338805350969542e-01,-2.151192924650319749e-01,2.397412805917945033e-01,4.972665049902237899e-01
1.530392213053263228e+00,7.493843297742165399e-01,-2.146818428955090952e-01,2.363322757674075070e-01,5.028064141833483713e-01
1.540394711177794473e+00,7.472392035645191166e-01,-2.142346482392313844e-01,2.329690584158941868e-01,5.083393724370772748e-01
1.550397209302325496e+00,7.450985980374805751e-01,-2.137779765034702462e-01,2.296512064022905864e-01,5.138648575412451125e-01
1.560399707426856741e+00,7.429626066640451221e-01,-2.133120916544841150e-01,2.263782932371451173e-01,5.193823591034685272e-01
1.570402205551387764e+00,7.408313202950170817e-01,-2.128372536224286404e-01,2.231498884846352115e-01,5.248913784647991632e-01
1.580404703675919009e+00,7.387048272014030692e-01,-2.123537183087230162e-01,2.199655581567253604e-01,5.303914286103107445e-01
1.590407201800450032e+00,7.365832131146731188e-01,-2.118617375957682070e-01,2.168248650935939159e-01,5.358820340749224087e-01
1.600409699924981277e+00,7.344665612669091237e-01,-2.113615593589114328e-01,2.137273693305617728e-01,5.413627308447449549e-01
1.610412198049512300e+00,7.323549524308095027e-01,-2.108534274805530240e-01,2.106726284517609071e-01,5.468330662542240095e-01
1.620414696174043545e+00,7.302484649595168964e-01,-2.103375818662899244e-01,2.076601979307833301e-01,5.522925988793411234e-01
1.630417194298574568e+00,7.281471748263086408e-01,-2.098142584629785756e-01,2.046896314586566790e-01,5.577408984270794123e-01
1.640419692423105813e+00,7.260511556641674469e-01,-2.092836892786310576e-01,2.017604812594566144e-01,5.631775456214344056e-01
1.650422190547636836e+00,7.239604788050123529e-01,-2.087461024040843938e-01,1.988722983935361788e-01,5.686021320862996165e-01
1.660424688672168081e+00,7.218752133187775755e-01,-2.082017220363016063e-01,1.960246330489332500e-01,5.740142602253367476e-01
1.670427186796699104e+00,7.197954260522334557e-01,-2.076507685032365769e-01,1.932170348210965338e-01,5.794135430991069757e-01
1.680429684921230349e+00,7.177211816675591605e-01,-2.070934582901703680e-01,1.904490529812359889e-01,5.847996042996730370e-01
1.690432183045761372e+00,7.156525426806480406e-01,-2.065300040674392101e-01,1.877202367335612798e-01,5.901720778228910502e-01
1.700434681170292617e+00,7.135895694991266636e-01,-2.059606147194733838e-01,1.850301354616717131e-01,5.955306079386041285e-01
1.710437179294823640e+00,7.115323204600682017e-01,-2.053854953750668400e-01,1.823782989643605579e-01,6.008748490589268521e-01
1.720439677419354885e+00,7.094808518673824116e-01,-2.048048474387975659e-01,1.797642776810966514e-01,6.062044656048092284e-01
1.730442175543885908e+00,7.074352180289055214e-01,-2.042188686235154593e-01,1.771876229074965670e-01,6.115191318710281321e-01
1.740444673668417153e+00,7.053954712932041238e-01,-2.036277529838405320e-01,1.746478870010829132e-01,6.168185318898322667e-01
1.750447171792948176e+00,7.033616620859580726e-01,-2.030316909506044154e-01,1.721446235774358735e-01,6.221023592934101787e-01
1.760449669917479421e+00,7.013338389460389566e-01,-2.024308693661543146e-01,1.696773876971612027e-01,6.273703171753132191e-01
1.770452168042010443e+00,6.993120485612224213e-01,-2.018254715204606253e-01,1.672457360438665830e-01,6.326221179509969872e-01
1.780454666166541688e+00,6.972963358035384474e-01,-2.012156771879626549e-01,1.648492270934193427e-01,6.378574832176305831e-01
1.790457164291072711e+00,6.952867437642515913e-01,-2.006016626650964640e-01,1.624874212747385305e-01,6.430761436133234366e-01
1.800459662415603956e+00,6.932833137884618635e-01,-1.999836008084463213e-01,1.601598811223696461e-01,6.482778386759119327e-01
1.810462160540134979e+00,6.912860855093165835e-01,-1.993616610734634809e-01,1.578661714210859990e-01,6.534623167014317335e-01
1.820464658664666224e+00,6.892950968818239987e-01,-1.987360095536941373e-01,1.556058593427574743e-01,6.586293346023920359e-01
1.830467156789197247e+00,6.873103842162822108e-01,-1.981068090204620713e-01,1.533785145757486090e-01,6.637786577659587905e-01
1.840469654913728492e+00,6.853319822113325133e-01,-1.974742189629686562e-01,1.511837094470973586e-01,6.689100599122042023e-01
1.850472153038259515e+00,6.833599239865674191e-01,-1.968383956287533265e-01,1.490210190376330956e-01,6.740233229525012248e-01
1.860474651162790760e+00,6.813942411147563272e-01,-1.961994920644703211e-01,1.468900212903385960e-01,6.791182368481722964e-01
1.870477149287321783e+00,6.794349636536561876e-01,-1.955576581569367922e-01,1.447902971121465820e-01,6.841945994694887956e-01
1.880479647411853028e+00,6.774821201774116064e-01,-1.949130406744088995e-01,1.427214304693994462e-01,6.892522164551090347e-01
1.890482145536384051e+00,6.755357378075431685e-01,-1.942657833080486396e-01,1.406830084771885647e-01,6.942909010720551555e-01
1.900484643660915296e+00,6.735958422435180948e-01,-1.936160267135426105e-01,1.386746214827809520e-01,6.993104740763137483e-01
1.910487141785446319e+00,6.716624577929038997e-01,-1.929639085528352671e-01,1.366958631433425053e-01,7.043107635741350236e-01
1.920489639909977342e+00,6.697356074011006077e-01,-1.923095635359380051e-01,1.347463304981569299e-01,7.092916048840989252e-01
1.930492138034508587e+00,6.678153126806570805e-01,-1.916531234627796287e-01,1.328256240355451812e-01,7.142528404000099140e-01
1.940494636159039610e+00,6.659015939401782269e-01,-1.909947172650760250e-01,1.309333477546861524e-01,7.191943194547272267e-01
1.950497134283570855e+00,6.639944702127985598e-01,-1.903344710481773283e-01,1.290691092225023928e-01,7.241158981849536991e-01
1.960499632408101878e+00,6.620939592842449706e-01,-1.896725081328697604e-01,1.272325196258193847e-01,7.290174393970605404e-01
1.970502130532633123e+00,6.602000777204810600e-01,-1.890089490971012254e-01,1.254231938189691031e-01,7.338988124339983488e-01
1.980504628657164146e+00,6.583128408949335819e-01,-1.883439118176045146e-01,1.236407503670138158e-01,7.387598930433392219e-01
1.990507126781695391e+00,6.564322630153035520e-01,-1.876775115113944181e-01,1.218848115847625535e-01,7.436005632465091386e-01
2.000509624906226414e+00,6.545583571499635767e-01,-1.870098607771162325e-01,1.201550035717468268e-01,7.484207112092546854e-01
2.010512123030757436e+00,6.526911352539420674e-01,-1.863410696362216012e-01,1.184509562433171959e-01,7.532202311133844308e-01
2.020514621155288904e+00,6.508306081944974508e-01,-1.856712455739492895e-01,1.167723033580196773e-01,7.579990230298154774e-01
2.030517119279819926e+00,6.489767857762809289e-01,-1.850004935800896588e-01,1.151186825414022702e-01,7.627569927929542803e-01
2.040519617404350949e+00,6.471296767660943416e-01,-1.843289161895215189e-01,1.134897353064049097e-01,7.674940518764813424e-01
2.050522115528881972e+00,6.452892889172440194e-01,-1.836566135224948215e-01,1.118851070704763306e-01,7.722101172705249095e-01
2.060524613653413439e+00,6.434556289934931783e-01,-1.829836833246479555e-01,1.103044471695587281e-01,7.769051113602820635e-01
2.070527111777944462e+00,6.416287027926157460e-01,-1.823102210067415740e-01,1.087474088690767865e-01,7.815789618060950961e-01
2.080529609902475485e+00,6.398085151695522832e-01,-1.816363196840936056e-01,1.072136493720620143e-01,7.862316014250093632e-01
2.090532108027006508e+00,6.379950700591738855e-01,-1.809620702157034300e-01,1.057028298245433345e-01,7.908629680738332723e-01
2.100534606151537975e+00,6.361883704986555088e-01,-1.802875612430527019e-01,1.042146153183272222e-01,7.954730045337237154e-01
2.110537104276068998e+00,6.343884186494663791e-01,-1.796128792285702214e-01,1.027486748912917192e-01,8.000616583963076067e-01
2.120539602400600021e+00,6.325952158189764862e-01,-1.789381084937485267e-01,1.013046815253075550e-01,8.046288819513514046e-01
2.130542100525131044e+00,6.308087624816818284e-01,-1.782633312569011363e-01,9.988231214189918772e-02,8.091746320759812816e-01
2.140544598649662511e+00,6.290290583000481828e-01,-1.775886276705559430e-01,9.848124759575221931e-02,8.136988701254888046e-01
2.150547096774193534e+00,6.272561021449940544e-01,-1.769140758584709094e-01,9.710117266618699394e-02,8.182015618257070244e-01
2.160549594898724557e+00,6.254898921159988134e-01,-1.762397519522664047e-01,9.574177604668646091e-02,8.226826771669755178e-01
2.170552093023255580e+00,6.237304255608485670e-01,-1.755657301276667970e-01,9.440275033258427317e-02,8.271421902996941578e-01
2.180554591147787047e+00,6.219776990950194318e-01,-1.748920826403426165e-01,9.308379200700575562e-02,8.315800794314642808e-01
2.190557089272318070e+00,6.202317086207042029e-01,-1.742188798613499567e-01,9.178460142515569575e-02,8.359963267258274655e-01
2.200559587396849093e+00,6.184924493454864169e-01,-1.735461903121601757e-01,9.050488279704217709e-02,8.403909182025991464e-01
2.210562085521380116e+00,6.167599158006692450e-01,-1.728740806992767332e-01,8.924434416872499554e-02,8.447638436397981732e-01
2.220564583645911583e+00,6.150341018592622166e-01,-1.722026159484326691e-01,8.800269740217085690e-02,8.491150964771673193e-01
2.230567081770442606e+00,6.133150007536233295e-01,-1.715318592383646978e-01,8.677965815379044823e-02,8.534446737212685319e-01
2.240569579894973629e+00,6.116026050927568791e-01,-1.708618720341635311e-01,8.557494585173236468e-02,8.577525758521765686e-01
2.250572078019504652e+00,6.098969068792975401e-01,-1.701927141201955984e-01,8.438828367202669267e-02,8.620388067317407144e-01
2.260574576144036119e+00,6.081978975261570497e-01,-1.695244436325948068e-01,8.321939851362994411e-02,8.663033735134219038e-01
2.270577074268567142e+00,6.065055678728517030e-01,-1.688571170913220620e-01,8.206802097245018135e-02,8.705462865536912620e-01
2.280579572393098164e+00,6.048199082015079941e-01,-1.681907894317903329e-01,8.093388531441374212e-02,8.747675593249805148e-01
2.290582070517629187e+00,6.031409082525541754e-01,-1.675255140360554507e-01,7.981672944764002520e-02,8.789672083301758310e-01
2.300584568642160654e+00,6.014685572401029523e-01,-1.668613427635719515e-01,7.871629489378591249e-02,8.831452530186513217e-01
2.310587066766691677e+00,5.998028438670310880e-01,-1.661983259815139335e-01,7.763232675861990451e-02,8.873017157038251002e-01
2.320589564891222700e+00,5.981437563397599133e-01,-1.655365125946604565e-01,7.656457370188207712e-02,8.914366214822321277e-01
2.330592063015753723e+00,5.964912823827347443e-01,-1.648759500748445128e-01,7.551278790648023598e-02,8.955499981540863130e-01
2.340594561140285190e+00,5.948454092526026526e-01,-1.642166844899682898e-01,7.447672504707136820e-02,8.996418761453348623e-01
2.350597059264816213e+00,5.932061237521206731e-01,-1.635587605325861116e-01,7.345614425809621206e-02,9.037122884311893367e-01
2.360599557389347236e+00,5.915734122437698028e-01,-1.629022215480547819e-01,7.245080810129629623e-02,9.077612704611183192e-01
2.370602055513878259e+00,5.899472606630922211e-01,-1.622471095622536330e-01,7.146048253276762741e-02,9.117888600852828151e-01
2.380604553638409726e+00,5.883276545317518424e-01,-1.615934653088756667e-01,7.048493686959278470e-02,9.157950974824030643e-01
2.390607051762940749e+00,5.867145789703231973e-01,-1.609413282562918990e-01,6.952394375609374788e-02,9.197800250890399987e-01
2.400609549887471772e+00,5.851080187108141928e-01,-1.602907366339914597e-01,6.857727912974671824e-02,9.237436875302792449e-01
2.410612048012002795e+00,5.835079581089290812e-01,-1.596417274586005852e-01,6.764472218679876137e-02,9.276861315518034612e-01
2.420614546136534262e+00,5.819143811560764101e-01,-1.589943365594821967e-01,6.672605534762326984e-02,9.316074059533334673e-01
2.430617044261065285e+00,5.803272714911170693e-01,-1.583485986039184223e-01,6.582106422184418049e-02,9.355075615234157427e-01
2.440619542385596308e+00,5.787466124118543220e-01,-1.577045471218783967e-01,6.492953757326164199e-02,9.393866509755431915e-01
2.450622040510127331e+00,5.771723868862961293e-01,-1.570622145303784689e-01,6.405126728462608166e-02,9.432447288856060652e-01
2.460624538634658798e+00,5.756045775636658979e-01,-1.564216321574339874e-01,6.318604832227513179e-02,9.470818516306386270e-01
2.470627036759189821e+00,5.740431667851775277e-01,-1.557828302656078245e-01,6.233367870066949812e-02,9.508980773288503441e-01
2.480629534883720844e+00,5.724881365945763134e-01,-1.551458380751586097e-01,6.149395944685407539e-02,9.546934657809263980e-01
2.490632033008251867e+00,5.709394687484480313e-01,-1.545106837867923355e-01,6.066669456486994960e-02,9.584680784125717556e-01
2.500634531132783334e+00,5.693971447263054264e-01,-1.538773946040219998e-01,5.985169100014536142e-02,9.622219782182949155e-01
2.510637029257314357e+00,5.678611457404528773e-01,-1.532459967551385860e-01,5.904875860388763414e-02,9.659552297064022408e-01
2.520639527381845379e+00,5.663314527456370095e-01,-1.526165155147980734e-01,5.825771009750096291e-02,9.696678988451984393e-01
2.530642025506376402e+00,5.648080464484783736e-01,-1.519889752252265858e-01,5.747836103704690586e-02,9.733600530103545534e-01
2.540644523630907869e+00,5.632909073166847413e-01,-1.513633993170481751e-01,5.671052977776666615e-02,9.770317609334344677e-01
2.550647021755438892e+00,5.617800155880744439e-01,-1.507398103297428738e-01,5.595403743869706986e-02,9.806830926515777147e-01
2.560649519879969915e+00,5.602753512793881008e-01,-1.501182299317350421e-01,5.520870786738545088e-02,9.843141194583033826e-01
2.570652018004500938e+00,5.587768941949027290e-01,-1.494986789401187288e-01,5.447436760472621625e-02,9.879249138554214715e-01
2.580654516129031961e+00,5.572846239348495656e-01,-1.488811773400232907e-01,5.375084584993416320e-02,9.915155495060335999e-01
2.590657014253563428e+00,5.557985199036391544e-01,-1.482657443036235756e-01,5.303797442567016046e-02,9.950861011886059648e-01
2.600659512378094451e+00,5.543185613178988058e-01,-1.476523982088004672e-01,5.233558774333443159e-02,9.986366447520979017e-01
2.610662010502625474e+00,5.528447272143264257e-01,-1.470411566574550133e-01,5.164352276854141527e-02,1.002167257072131390e+00
2.620664508627156497e+00,5.513769964573658200e-01,-1.464320364934820762e-01,5.096161898678980978e-02,1.005678016008183961e+00
2.630667006751687964e+00,5.499153477466994788e-01,-1.458250538204057256e-01,5.028971836933635031e-02,1.009169000361777924e+00
2.640669504876218987e+00,5.484597596245601725e-01,-1.452202240186812321e-01,4.962766533928406054e-02,1.012640289835646579e+00
2.650672003000750010e+00,5.470102104828837852e-01,-1.446175617626713483e-01,4.897530673790419925e-02,1.016091964993887764e+00
2.660674501125281033e+00,5.455666785702883992e-01,-1.440170810372982391e-01,4.833249179119347011e-02,1.019524107223060083e+00
2.670676999249812500e+00,5.441291419988883993e-01,-1.434187951543767492e-01,4.769907207667827692e-02,1.022936798694213945e+00
2.680679497374343523e+00,5.426975787509468185e-01,-1.428227167686331456e-01,4.707490149047471178e-02,1.026330122325840755e+00
2.690681995498874546e+00,5.412719666853672562e-01,-1.422288578934140235e-01,4.645983621461146490e-02,1.029704161747721614e+00
2.700684493623405569e+00,5.398522835440320300e-01,-1.416372299160902903e-01,4.585373468462473207e-02,1.033059001265662635e+00
2.710686991747937036e+00,5.384385069579882277e-01,-1.410478436131606950e-01,4.525645755743125387e-02,1.036394725827099794e+00
2.720689489872468059e+00,5.370306144534873205e-01,-1.404607091650599549e-01,4.466786767948692505e-02,1.039711420987561308e+00
2.730691987996999082e+00,5.356285834578734528e-01,-1.398758361706742004e-01,4.408783005523348592e-02,1.043009172877960244e+00
2.740694486121530105e+00,5.342323913053220741e-01,-1.392932336615682609e-01,4.351621181583817388e-02,1.046288068172698482e+00
2.750696984246061572e+00,5.328420152424512279e-01,-1.387129101159328415e-01,4.295288218823928306e-02,1.049548194058594897e+00
2.760699482370592595e+00,5.314574324337862921e-01,-1.381348734722520899e-01,4.239771246449274000e-02,1.052789638204592260e+00
2.770701980495123617e+00,5.300786199670920462e-01,-1.375591311426976049e-01,4.185057597142827213e-02,1.056012488732242849e+00
2.780704478619654640e+00,5.287055548585704035e-01,-1.369856900262530208e-01,4.131134804061704913e-02,1.059216834186950340e+00
2.790706976744186107e+00,5.273382140579285782e-01,-1.364145565215731937e-01,4.077990597865464861e-02,1.062402763509954884e+00
2.800709474868717130e+00,5.259765744533198006e-01,-1.358457365395830674e-01,4.025612903776194101e-02,1.065570366011050485e+00
2.810711972993248153e+00,5.246206128761605747e-01,-1.352792355158198845e-01,3.973989838670696773e-02,1.068719731342017809e+00
2.820714471117779176e+00,5.232703061058275873e-01,-1.347150584225243752e-01,3.923109708204985252e-02,1.071850949470763759e+00
2.830716969242310643e+00,5.219256308742321604e-01,-1.341532097804824797e-01,3.872961003971090582e-02,1.074964110656140059e+00
2.840719467366841666e+00,5.205865638702720233e-01,-1.335936936706228761e-01,3.823532400686239369e-02,1.078059305423426650e+00
2.850721965491372689e+00,5.192530817441790569e-01,-1.330365137453764501e-01,3.774812753415112548e-02,1.081136624540492308e+00
2.860724463615903712e+00,5.179251611117481335e-01,-1.324816732397996466e-01,3.726791094824628142e-02,1.084196158994591652e+00
2.870726961740435179e+00,5.166027785584580423e-01,-1.319291749824661741e-01,3.679456632471632405e-02,1.087237999969796753e+00
2.880729459864966202e+00,5.152859106434835024e-01,-1.313790214061312522e-01,3.632798746123414024e-02,1.090262238825043140e+00
2.890731957989497225e+00,5.139745339036008165e-01,-1.308312145581721486e-01,3.586806985111058027e-02,1.093268967072787090e+00
2.900734456114028248e+00,5.126686248569911619e-01,-1.302857561108094475e-01,3.541471065715704608e-02,1.096258276358252459e+00
2.910736954238559715e+00,5.113681600069434063e-01,-1.297426473711125183e-01,3.496780868587655300e-02,1.099230258439261032e+00
2.920739452363090738e+00,5.100731158454597791e-01,-1.292018892907939032e-01,3.452726436198318150e-02,1.102185005166634868e+00
2.930741950487621761e+00,5.087834688567616226e-01,-1.286634824757948992e-01,3.409297970324753901e-02,1.105122608465153311e+00
2.940744448612152784e+00,5.074991955206961114e-01,-1.281274271956656663e-01,3.366485829566691346e-02,1.108043160315039133e+00
2.950746946736684251e+00,5.062202723160593720e-01,-1.275937233927470493e-01,3.324280526896365023e-02,1.110946752734000897e+00
2.960749444861215274e+00,5.049466757238232351e-01,-1.270623706911541695e-01,3.282672727240545929e-02,1.113833477759781587e+00
2.970751942985746297e+00,5.036783822302746128e-01,-1.265333684055670038e-01,3.241653245094861663e-02,1.116703427433224594e+00
2.980754441110277320e+00,5.024153683300671691e-01,-1.260067155498309222e-01,3.201213042170184681e-02,1.119556693781831536e+00
2.990756939234808787e+00,5.011576105291871697e-01,-1.254824108453710951e-01,3.161343225070919333e-02,1.122393368803811020e+00
3.000759437359339810e+00,4.999050853478375633e-01,-1.249604527294239931e-01,3.122035043005077018e-02,1.125213544452601466e+00
3.010761935483870833e+00,4.986577693232400188e-01,-1.244408393630896670e-01,3.083279885525888955e-02,1.128017312621863999e+00
3.020764433608401855e+00,4.974156390123595228e-01,-1.239235686392084618e-01,3.045069280304830636e-02,1.130804765130932532e+00
3.030766931732933323e+00,4.961786709945484874e-01,-1.234086381900645762e-01,3.007394890935704765e-02,1.133575993710706387e+00
3.040769429857464345e+00,4.949468418741114761e-01,-1.228960453949190651e-01,2.970248514769541909e-02,1.136331089989966348e+00
3.050771927981995368e+00,4.937201282828024285e-01,-1.223857873873786112e-01,2.933622080780400737e-02,1.139070145482137697e+00
3.060774426106526391e+00,4.924985068822448908e-01,-1.218778610626001790e-01,2.897507647461484287e-02,1.141793251572455370e+00
3.070776924231057858e+00,4.912819543662820254e-01,-1.213722630843361294e-01,2.861897400751484480e-02,1.144500499505539226e+00
3.080779422355588881e+00,4.900704474632566754e-01,-1.208689898918222788e-01,2.826783651990858251e-02,1.147191980373364339e+00
3.090781920480119904e+00,4.888639629382224294e-01,-1.203680377065121238e-01,2.792158835907762940e-02,1.149867785103620754e+00
3.100784418604650927e+00,4.876624775950887392e-01,-1.198694025386603107e-01,2.758015508633420571e-02,1.152528004448447385e+00
3.110786916729182394e+00,4.864659682787016992e-01,-1.193730801937584463e-01,2.724346345746649078e-02,1.155172728973542284e+00
3.120789414853713417e+00,4.852744118768622106e-01,-1.188790662788262870e-01,2.691144140347279459e-02,1.157802049047633730e+00
3.130791912978244440e+00,4.840877853222795291e-01,-1.183873562085602932e-01,2.658401801158089342e-02,1.160416054832301480e+00
3.140794411102775463e+00,4.829060655944622527e-01,-1.178979452113420034e-01,2.626112350654979596e-02,1.163014836272133312e+00
3.150796909227306930e+00,4.817292297215546859e-01,-1.174108283351116416e-01,2.594268923225291623e-02,1.165598483085234394e+00
3.160799407351837953e+00,4.805572547821130858e-01,-1.169260004531068597e-01,2.562864763353774056e-02,1.168167084754053509e+00
3.170801905476368976e+00,4.793901179068243423e-01,-1.164434562694703912e-01,2.531893223835941439e-02,1.170720730516534802e+00
3.180804403600899999e+00,4.782277962801702587e-01,-1.159631903247292789e-01,2.501347764018576475e-02,1.173259509357579056e+00
3.190806901725431466e+00,4.770702671420363750e-01,-1.154851970011478990e-01,2.471221948067008414e-02,1.175783510000810272e+00
3.200809399849962489e+00,4.759175077892691674e-01,-1.150094705279576662e-01,2.441509443258939663e-02,1.178292820900637805e+00
3.210811897974493512e+00,4.747694955771807335e-01,-1.145360049864657531e-01,2.412204018304451442e-02,1.180787530234614913e+00
3.220814396099024535e+00,4.736262079210049047e-01,-1.140647943150457089e-01,2.383299541691959178e-02,1.183267725896077538e+00
3.230816894223555558e+00,4.724876222973022344e-01,-1.135958323140116438e-01,2.354789980059711352e-02,1.185733495487061084e+00
3.240819392348087025e+00,4.713537162453144136e-01,-1.131291126503777417e-01,2.326669396592511915e-02,1.188184926311474099e+00
3.250821890472618048e+00,4.702244673682767773e-01,-1.126646288625080539e-01,2.298931949443548325e-02,1.190622105368553507e+00
3.260824388597149071e+00,4.690998533346813493e-01,-1.122023743646559379e-01,2.271571890180793668e-02,1.193045119346564320e+00
3.270826886721680093e+00,4.679798518794967555e-01,-1.117423424513972474e-01,2.244583562257811485e-02,1.195454054616754469e+00
3.280829384846211561e+00,4.668644408053429506e-01,-1.112845263019583558e-01,2.217961399508573683e-02,1.197848997227548784e+00
3.290831882970742583e+00,4.657535979836238127e-01,-1.108289189844419431e-01,2.191699924666034097e-02,1.200230032898982557e+00
3.300834381095273606e+00,4.646473013556175480e-01,-1.103755134599519877e-01,2.165793747904123934e-02,1.202597247017365811e+00
3.310836879219804629e+00,4.635455289335270179e-01,-1.099243025866209061e-01,2.140237565402891215e-02,1.204950724630173609e+00
3.320839377344336096e+00,4.624482588014910966e-01,-1.094752791235404088e-01,2.115026157936474374e-02,1.207290550441159516e+00
3.330841875468867119e+00,4.613554691165556165e-01,-1.090284357345979310e-01,2.090154389483555447e-02,1.209616808805679344e+00
3.340844373593398142e+00,4.602671381096051784e-01,-1.085837649922199721e-01,2.065617205859997599e-02,1.211929583726217174e+00
3.350846871717929165e+00,4.591832440862609888e-01,-1.081412593810263945e-01,2.041409633373458821e-02,1.214228958848126982e+00
3.360849369842460632e+00,4.581037654277411719e-01,-1.077009113013954883e-01,2.017526777499582119e-02,1.216515017455565451e+00
3.370851867966991655e+00,4.570286805916862760e-01,-1.072627130729427031e-01,1.993963821579501985e-02,1.218787842467617955e+00
3.380854366091522678e+00,4.559579681129494189e-01,-1.068266569379143355e-01,1.970716025538342062e-02,1.221047516434613289e+00
3.390856864216053701e+00,4.548916066043535711e-01,-1.063927350644984088e-01,1.947778724624444485e-02,1.223294121534619361e+00
3.400859362340585168e+00,4.538295747574160321e-01,-1.059609395500541867e-01,1.925147328169017971e-02,1.225527739570116958e+00
3.410861860465116191e+00,4.527718513430411540e-01,-1.055312624242624453e-01,1.902817318365922217e-02,1.227748451964848941e+00
3.420864358589647214e+00,4.517184152121827001e-01,-1.051036956521979038e-01,1.880784249071310033e-02,1.229956339760838180e+00
3.430866856714178237e+00,4.506692452964748408e-01,-1.046782311373254948e-01,1.859043744622803848e-02,1.232151483615568921e+00
3.440869354838709704e+00,4.496243206088321176e-01,-1.042548607244214720e-01,1.837591498677911689e-02,1.234333963799319811e+00
3.450871852963240727e+00,4.485836202440237064e-01,-1.038335762024227282e-01,1.816423273071501171e-02,1.236503860192664783e+00
3.460874351087771750e+00,4.475471233792175374e-01,-1.034143693072039905e-01,1.795534896691938775e-02,1.238661252284117609e+00
3.470876849212302773e+00,4.465148092744976593e-01,-1.029972317242855429e-01,1.774922264375674436e-02,1.240806219167926328e+00
3.480879347336834240e+00,4.454866572733545138e-01,-1.025821550914725183e-01,1.754581335819978619e-02,1.242938839542008012e+00
3.490881845461365263e+00,4.444626468031492861e-01,-1.021691310014274240e-01,1.734508134513566488e-02,1.245059191706022972e+00
3.500884343585896286e+00,4.434427573755523877e-01,-1.017581510041770942e-01,1.714698746684830896e-02,1.247167353559585523e+00
3.510886841710427309e+00,4.424269685869580138e-01,-1.013492066095559724e-01,1.695149320267439960e-02,1.249263402600602868e+00
3.520889339834958776e+00,4.414152601188748859e-01,-1.009422892895869700e-01,1.675856063883027561e-02,1.251347415923749207e+00
3.530891837959489798e+00,4.404076117382925704e-01,-1.005373904808008756e-01,1.656815245840690537e-02,1.253419470219055754e+00
3.540894336084020821e+00,4.394040032980239263e-01,-1.001345015864954918e-01,1.638023193153037571e-02,1.255479641770621102e+00
3.550896834208551844e+00,4.384044147370274591e-01,-9.973361397893704128e-02,1.619476290568586455e-02,1.257528006455443936e+00
3.560899332333083311e+00,4.374088260807070250e-01,-9.933471900150389611e-02,1.601170979620209628e-02,1.259564639742368097e+00
3.570901830457614334e+00,4.364172174411900529e-01,-9.893780797077443567e-02,1.583103757689379235e-02,1.261589616691134452e+00
3.580904328582145357e+00,4.354295690175855604e-01,-9.854287217855993430e-02,1.565271177085984441e-02,1.263603011951544897e+00
3.590906826706676380e+00,4.344458610962215750e-01,-9.814990289388411671e-02,1.547669844143460122e-02,1.265604899762726054e+00
3.600909324831207847e+00,4.334660740508633481e-01,-9.775889136491015818e-02,1.530296418328997224e-02,1.267595353952495341e+00
3.610911822955738870e+00,4.324901883429130289e-01,-9.736982882081668400e-02,1.513147611368605844e-02,1.269574447936827166e+00
3.620914321080269893e+00,4.315181845215904088e-01,-9.698270647362368380e-02,1.496220186386776167e-02,1.271542254719413290e+00
3.630916819204800916e+00,4.305500432240957909e-01,-9.659751551996942354e-02,1.479510957060514026e-02,1.273498846891315095e+00
3.640919317329332383e+00,4.295857451757539858e-01,-9.621424714283914603e-02,1.463016786787501612e-02,1.275444296630702246e+00
3.650921815453863406e+00,4.286252711901436530e-01,-9.583289251324761393e-02,1.446734587868216300e-02,1.277378675702683264e+00
3.660924313578394429e+00,4.276686021692083228e-01,-9.545344279187545355e-02,1.430661320701717178e-02,1.279302055459217158e+00
3.670926811702925452e+00,4.267157191033518204e-01,-9.507588913066102043e-02,1.414793992994916802e-02,1.281214506839109646e+00
3.680929309827456919e+00,4.257666030715180350e-01,-9.470022267434839713e-02,1.399129658985110922e-02,1.283116100368083989e+00
3.690931807951987942e+00,4.248212352412552573e-01,-9.432643456199278631e-02,1.383665418675551241e-02,1.285006906158931317e+00
3.700934306076518965e+00,4.238795968687653626e-01,-9.395451592842395117e-02,1.368398417083845249e-02,1.286886993911734667e+00
3.710936804201049988e+00,4.229416692989392268e-01,-9.358445790566904954e-02,1.353325843502990386e-02,1.288756432914164307e+00
3.720939302325581455e+00,4.220074339653782647e-01,-9.321625162433562484e-02,1.338444930774830739e-02,1.290615292041845885e+00
3.730941800450112478e+00,4.210768723904015909e-01,-9.284988821495544775e-02,1.323752954575715263e-02,1.292463639758790972e+00
3.740944298574643501e+00,4.201499661850395806e-01,-9.248535880929006914e-02,1.309247232714168090e-02,1.294301544117894220e+00
3.750946796699174524e+00,4.192266970490158839e-01,-9.212265454159955513e-02,1.294925124440397465e-02,1.296129072761495138e+00
3.760949294823705991e+00,4.183070467707160067e-01,-9.176176654987461268e-02,1.280784029767413797e-02,1.297946292922000922e+00
3.770951792948237014e+00,4.173909972271442337e-01,-9.140268597703327114e-02,1.266821388803589590e-02,1.299753271422566581e+00
3.780954291072768036e+00,4.164785303838681174e-01,-9.104540397208270297e-02,1.253034681096451206e-02,1.301550074677833679e+00
3.790956789197299059e+00,4.155696282949521425e-01,-9.068991169124714091e-02,1.239421424987539704e-02,1.303336768694721925e+00
3.800959287321830526e+00,4.146642731028797879e-01,-9.033620029906266891e-02,1.225979176978138699e-02,1.305113419073276493e+00
3.810961785446361549e+00,4.137624470384652642e-01,-8.998426096943973329e-02,1.212705531105701985e-02,1.306880091007564415e+00
3.820964283570892572e+00,4.128641324207547036e-01,-8.963408488669384611e-02,1.199598118330797575e-02,1.308636849286624715e+00
3.830966781695423595e+00,4.119693116569171365e-01,-8.928566324654552133e-02,1.186654605934390518e-02,1.310383758295462275e+00
3.840969279819954618e+00,4.110779672421247533e-01,-8.893898725708972164e-02,1.173872696925281831e-02,1.312120882016086565e+00
3.850971777944486085e+00,4.101900817594252291e-01,-8.859404813973624504e-02,1.161250129457569100e-02,1.313848284028601210e+00
3.860974276069017108e+00,4.093056378796035566e-01,-8.825083713012102371e-02,1.148784676257919891e-02,1.315566027512329539e+00
3.870976774193548131e+00,4.084246183610356074e-01,-8.790934547898940354e-02,1.136474144062521799e-02,1.317274175246988088e+00
3.880979272318079154e+00,4.075470060495323121e-01,-8.756956445305189018e-02,1.124316373063525415e-02,1.318972789613894747e+00
3.890981770442610621e+00,4.066727838781761806e-01,-8.723148533581309705e-02,1.112309236364842843e-02,1.320661932597217314e+00
3.900984268567141644e+00,4.058019348671488835e-01,-8.689509942837454759e-02,1.100450639447121161e-02,1.322341665785258913e+00
3.910986766691672667e+00,4.049344421235515079e-01,-8.656039805021170652e-02,1.088738519641756219e-02,1.324012050371777827e+00
3.920989264816203690e+00,4.040702888412173177e-01,-8.622737253992639184e-02,1.077170845613786669e-02,1.325673147157345300e+00
3.930991762940735157e+00,4.032094583005165211e-01,-8.589601425597452600e-02,1.065745616853509999e-02,1.327325016550731984e+00
3.940994261065266180e+00,4.023519338681538771e-01,-8.556631457737003121e-02,1.054460863176678517e-02,1.328967718570325918e+00
3.950996759189797203e+00,4.014976989969599175e-01,-8.523826490436568759e-02,1.043314644233140666e-02,1.330601312845583584e+00
3.960999257314328226e+00,4.006467372256752868e-01,-8.491185665911119007e-02,1.032305049023770835e-02,1.332225858618507175e+00
3.971001755438859693e+00,3.997990321787281975e-01,-8.458708128628907030e-02,1.021430195425546833e-02,1.333841414745152498e+00
3.981004253563390716e+00,3.989545675660063906e-01,-8.426393025372910794e-02,1.010688229724650972e-02,1.335448039697161304e+00
3.991006751687921739e+00,3.981133271826223230e-01,-8.394239505300139792e-02,1.000077326157438468e-02,1.337045791563319153e+00
4.001009249812452317e+00,3.972752949086726382e-01,-8.362246719998904509e-02,9.895956864591508653e-03,1.338634728051137923e+00
4.011011747936983340e+00,3.964404547089925290e-01,-8.330413823544066676e-02,9.792415394202478446e-03,1.340214906488463420e+00
4.021014246061514363e+00,3.956087906329043280e-01,-8.298739972550338295e-02,9.690131404502155127e-03,1.341786383825102513e+00
4.031016744186046274e+00,3.947802868139608790e-01,-8.267224326223661379e-02,9.589087711487294038e-03,1.343349216634474708e+00
4.041019242310577297e+00,3.939549274696838022e-01,-8.235866046410707242e-02,9.489267388840439896e-03,1.344903461115277921e+00
4.051021740435108320e+00,3.931326969012965966e-01,-8.204664297646571680e-02,9.390653763784851879e-03,1.346449173093181351e+00
4.061024238559639343e+00,3.923135794934540788e-01,-8.173618247200685472e-02,9.293230413009364102e-03,1.347986408022531002e+00
4.071026736684170366e+00,3.914975597139661034e-01,-8.142727065120998475e-02,9.196981158661752045e-03,1.349515220988075193e+00
4.081029234808701389e+00,3.906846221135178987e-01,-8.111989924276459540e-02,9.101890064409675143e-03,1.351035666706704941e+00
4.091031732933232412e+00,3.898747513253855712e-01,-8.081406000397858835e-02,9.007941431567833765e-03,1.352547799529212558e+00
4.101034231057763435e+00,3.890679320651479478e-01,-8.050974472117047864e-02,8.915119795290351798e-03,1.354051673442061121e+00
4.111036729182295346e+00,3.882641491303944203e-01,-8.020694521004598232e-02,8.823409920827189612e-03,1.355547342069170602e+00
4.121039227306826369e+00,3.874633874004295708e-01,-7.990565331605944954e-02,8.732796799843562177e-03,1.357034858673719091e+00
4.131041725431357392e+00,3.866656318359734668e-01,-7.960586091476005988e-02,8.643265646801135890e-03,1.358514276159952239e+00
4.141044223555888415e+00,3.858708674788590698e-01,-7.930755991212359857e-02,8.554801895400107256e-03,1.359985647075005577e+00
4.151046721680419438e+00,3.850790794517261473e-01,-7.901074224487016073e-02,8.467391195081002894e-03,1.361449023610739717e+00
4.161049219804950461e+00,3.842902529577126303e-01,-7.871539988076782512e-02,8.381019407585284936e-03,1.362904457605582875e+00
4.171051717929481484e+00,3.835043732801421412e-01,-7.842152481892303295e-02,8.295672603573592610e-03,1.364352000546386945e+00
4.181054216054012507e+00,3.827214257822094123e-01,-7.812910909005767179e-02,8.211337059300801225e-03,1.365791703570287341e+00
4.191056714178544418e+00,3.819413959066627062e-01,-7.783814475677336420e-02,8.127999253346793532e-03,1.367223617466575947e+00
4.201059212303075441e+00,3.811642691754834611e-01,-7.754862391380336339e-02,8.045645863402031001e-03,1.368647792678576502e+00
4.211061710427606464e+00,3.803900311895639375e-01,-7.726053868825211168e-02,7.964263763107012548e-03,1.370064279305532429e+00
4.221064208552137487e+00,3.796186676283820338e-01,-7.697388123982314145e-02,7.883840018944621511e-03,1.371473127104497758e+00
4.231066706676668510e+00,3.788501642496745481e-01,-7.668864376103527725e-02,7.804361887184552496e-03,1.372874385492234284e+00
4.241069204801199533e+00,3.780845068891073302e-01,-7.640481847742751353e-02,7.725816810878759038e-03,1.374268103547112929e+00
4.251071702925730555e+00,3.773216814599444358e-01,-7.612239764775313722e-02,7.648192416907243808e-03,1.375654330011022886e+00
4.261074201050261578e+00,3.765616739527147816e-01,-7.584137356416295606e-02,7.571476513073165278e-03,1.377033113291281419e+00
4.271076699174793490e+00,3.758044704348773024e-01,-7.556173855237820203e-02,7.495657085246488008e-03,1.378404501462549891e+00
4.281079197299324512e+00,3.750500570504843867e-01,-7.528348497185342880e-02,7.420722294555329168e-03,1.379768542268751563e+00
4.291081695423855535e+00,3.742984200198435363e-01,-7.500660521592913965e-02,7.346660474624136516e-03,1.381125283124992498e+00
4.301084193548386558e+00,3.735495456391778046e-01,-7.473109171197522826e-02,7.273460128857968388e-03,1.382474771119483581e+00
4.311086691672917581e+00,3.728034202802845698e-01,-7.445693692152485776e-02,7.201109927771993588e-03,1.383817053015466314e+00
4.321089189797448604e+00,3.720600303901935857e-01,-7.418413334039922202e-02,7.129598706365545061e-03,1.385152175253139051e+00
4.331091687921979627e+00,3.713193624908229795e-01,-7.391267349882349458e-02,7.058915461539798375e-03,1.386480183951583456e+00
4.341094186046510650e+00,3.705814031786349161e-01,-7.364254996153403454e-02,6.989049349558498249e-03,1.387801124910690964e+00
4.351096684171042561e+00,3.698461391242895413e-01,-7.337375532787725196e-02,6.919989683550837982e-03,1.389115043613090350e+00
4.361099182295573584e+00,3.691135570722988701e-01,-7.310628223190043795e-02,6.851725931055916742e-03,1.390421985226076185e+00
4.371101680420104607e+00,3.683836438406786762e-01,-7.284012334243428199e-02,6.784247711607882189e-03,1.391721994603533963e+00
4.381104178544635630e+00,3.676563863206005478e-01,-7.257527136316799243e-02,6.717544794361227610e-03,1.393015116287865895e+00
4.391106676669166653e+00,3.669317714760428339e-01,-7.231171903271663148e-02,6.651607095755446460e-03,1.394301394511912928e+00
4.401109174793697676e+00,3.662097863434408129e-01,-7.204945912468134483e-02,6.586424677218386849e-03,1.395580873200880534e+00
4.411111672918228699e+00,3.654904180313367501e-01,-7.178848444770220827e-02,6.521987742907678874e-03,1.396853595974254292e+00
4.421114171042759722e+00,3.647736537200290119e-01,-7.152878784550439906e-02,6.458286637489521823e-03,1.398119606147720129e+00
4.431116669167291633e+00,3.640594806612208467e-01,-7.127036219693744235e-02,6.395311843954211949e-03,1.399378946735080120e+00
4.441119167291822656e+00,3.633478861776692770e-01,-7.101320041600799049e-02,6.333053981467830565e-03,1.400631660450160298e+00
4.451121665416353679e+00,3.626388576628326588e-01,-7.075729545190617698e-02,6.271503803259326562e-03,1.401877789708724009e+00
4.461124163540884702e+00,3.619323825805192407e-01,-7.050264028902580860e-02,6.210652194542586567e-03,1.403117376630372171e+00
4.471126661665415725e+00,3.612284484645346128e-01,-7.024922794697859019e-02,6.150490170472704306e-03,1.404350463040448860e+00
4.481129159789946748e+00,3.605270429183295988e-01,-6.999705148060240967e-02,6.091008874135982534e-03,1.405577090471934243e+00
4.491131657914477771e+00,3.598281536146478721e-01,-6.974610397996403033e-02,6.032199574573029154e-03,1.406797300167340170e+00
4.501134156039008793e+00,3.591317682951732926e-01,-6.949637857035619037e-02,5.974053664834368983e-03,1.408011133080597332e+00
4.511136654163539816e+00,3.584378747701780221e-01,-6.924786841228940115e-02,5.916562660068100214e-03,1.409218629878937534e+00
4.521139152288071728e+00,3.577464609181699173e-01,-6.900056670147848570e-02,5.859718195638909458e-03,1.410419830944772412e+00
4.531141650412602750e+00,3.570575146855410886e-01,-6.875446666882426006e-02,5.803512025278067220e-03,1.411614776377567937e+00
4.541144148537133773e+00,3.563710240862152934e-01,-6.850956158038994104e-02,5.747936019263665680e-03,1.412803505995709363e+00
4.551146646661664796e+00,3.556869772012968833e-01,-6.826584473737315473e-02,5.692982162630809070e-03,1.413986059338364631e+00
4.561149144786195819e+00,3.550053621787193081e-01,-6.802330947607312939e-02,5.638642553411070575e-03,1.415162475667338438e+00
4.571151642910726842e+00,3.543261672328944512e-01,-6.778194916785353075e-02,5.584909400900812428e-03,1.416332793968924753e+00
4.581154141035257865e+00,3.536493806443616883e-01,-6.754175721910087027e-02,5.531775023957782866e-03,1.417497052955748904e+00
4.591156639159788888e+00,3.529749907594382785e-01,-6.730272707117869457e-02,5.479231849325636068e-03,1.418655291068604551e+00
4.601159137284320799e+00,3.523029859898692551e-01,-6.706485220037775030e-02,5.427272409985735811e-03,1.419807546478284666e+00
4.611161635408851822e+00,3.516333548124787600e-01,-6.682812611786222157e-02,5.375889343535937559e-03,1.420953857087405625e+00
4.621164133533382845e+00,3.509660857688212676e-01,-6.659254236961199835e-02,5.325075390595756554e-03,1.422094260532224208e+00
4.631166631657913868e+00,3.503011674648338070e-01,-6.635809453636133670e-02,5.274823393237558500e-03,1.423228794184447921e+00
4.641169129782444891e+00,3.496385885704883512e-01,-6.612477623353392453e-02,5.225126293443247208e-03,1.424357495153037556e+00
4.651171627906975914e+00,3.489783378194455388e-01,-6.589258111117436700e-02,5.175977131586125685e-03,1.425480400286001759e+00
4.661174126031506937e+00,3.483204040087085618e-01,-6.566150285387648000e-02,5.127369044937377281e-03,1.426597546172188702e+00
4.671176624156037960e+00,3.476647759982778862e-01,-6.543153518070807251e-02,5.079295266196823429e-03,1.427708969143062001e+00
4.681179122280569871e+00,3.470114427108069721e-01,-6.520267184513277303e-02,5.031749122047534696e-03,1.428814705274477070e+00
4.691181620405100894e+00,3.463603931312586037e-01,-6.497490663492878904e-02,4.984724031733865808e-03,1.429914790388445711e+00
4.701184118529631917e+00,3.457116163065619974e-01,-6.474823337210450225e-02,4.938213505662518259e-03,1.431009260054892485e+00
4.711186616654162940e+00,3.450651013452707971e-01,-6.452264591281152428e-02,4.892211144026256675e-03,1.432098149593405534e+00
4.721189114778693963e+00,3.444208374172221809e-01,-6.429813814725468535e-02,4.846710635449890357e-03,1.433181494074976303e+00
4.731191612903224986e+00,3.437788137531966881e-01,-6.407470399959963592e-02,4.801705755658127947e-03,1.434259328323733929e+00
4.741194111027756009e+00,3.431390196445787688e-01,-6.385233742787765898e-02,4.757190366164914912e-03,1.435331686918670746e+00
4.751196609152287031e+00,3.425014444430188321e-01,-6.363103242388810921e-02,4.713158412983954604e-03,1.436398604195357143e+00
4.761199107276818943e+00,3.418660775600956270e-01,-6.341078301309836796e-02,4.669603925359965338e-03,1.437460114247650633e+00
4.771201605401349966e+00,3.412329084669805113e-01,-6.319158325454168890e-02,4.626521014520421950e-03,1.438516250929395612e+00
4.781204103525880988e+00,3.406019266941017198e-01,-6.297342724071253173e-02,4.583903872447313461e-03,1.439567047856114668e+00
4.791206601650412011e+00,3.399731218308103542e-01,-6.275630909745991137e-02,4.541746770668680065e-03,1.440612538406691456e+00
4.801209099774943034e+00,3.393464835250474820e-01,-6.254022298387869327e-02,4.500044059069568600e-03,1.441652755725042701e+00
4.811211597899474057e+00,3.387220014830118475e-01,-6.232516309219885559e-02,4.458790164722019680e-03,1.442687732721786409e+00
4.821214096024005080e+00,3.380996654688292469e-01,-6.211112364767280153e-02,4.417979590733854892e-03,1.443717502075895887e+00
4.831216594148536103e+00,3.374794653042227366e-01,-6.189809890846089541e-02,4.377606915115879807e-03,1.444742096236347972e+00
4.841219092273068014e+00,3.368613908681838964e-01,-6.168608316551514592e-02,4.337666789667197521e-03,1.445761547423762394e+00
4.851221590397599037e+00,3.362454320966457022e-01,-6.147507074246132130e-02,4.298153938878382027e-03,1.446775887632029578e+00
4.861224088522130060e+00,3.356315789821560647e-01,-6.126505599547924646e-02,4.259063158852121125e-03,1.447785148629933794e+00
4.871226586646661083e+00,3.350198215735528118e-01,-6.105603331318167071e-02,4.220389316241108559e-03,1.448789361962763200e+00
4.881229084771192106e+00,3.344101499756400031e-01,-6.084799711649159504e-02,4.182127347202866177e-03,1.449788558953913231e+00
4.891231582895723129e+00,3.338025543488654656e-01,-6.064094185851814228e-02,4.144272256371214248e-03,1.450782770706480429e+00
4.901234081020254152e+00,3.331970249089991620e-01,-6.043486202443106720e-02,4.106819115844081991e-03,1.451772028104846513e+00
4.911236579144785175e+00,3.325935519268133911e-01,-6.022975213133391348e-02,4.069763064187440632e-03,1.452756361816253561e+00
4.921239077269317086e+00,3.319921257277638760e-01,-6.002560672813595649e-02,4.033099305455031987e-03,1.453735802292371426e+00
4.931241575393848109e+00,3.313927366916725181e-01,-5.982242039542295248e-02,3.996823108223674856e-03,1.454710379770853379e+00
4.941244073518379132e+00,3.307953752524109281e-01,-5.962018774532661797e-02,3.960929804643830918e-03,1.455680124276884424e+00
4.951246571642910155e+00,3.302000318975855109e-01,-5.941890342139316550e-02,3.925414789505215878e-03,1.456645065624721624e+00
4.961249069767441178e+00,3.296066971682241609e-01,-5.921856209845072216e-02,3.890273519317218216e-03,1.457605233419220214e+00
4.971251567891972201e+00,3.290153616584638452e-01,-5.901915848247576285e-02,3.855501511403818492e-03,1.458560657057357712e+00
4.981254066016503224e+00,3.284260160152398522e-01,-5.882068731045860671e-02,3.821094343012825315e-03,1.459511365729742050e+00
4.991256564141034247e+00,3.278386509379760949e-01,-5.862314335026801854e-02,3.787047650439140899e-03,1.460457388422113700e+00
5.001259062265566158e+00,3.272532571782769684e-01,-5.842652140051497051e-02,3.753357128161857563e-03,1.461398753916840709e+00
5.011261560390097181e+00,3.266698255396207617e-01,-5.823081629041564761e-02,3.720018527994950995e-03,1.462335490794398174e+00
5.021264058514628204e+00,3.260883468770537919e-01,-5.803602287965355794e-02,3.687027658251292288e-03,1.463267627434845064e+00
5.031266556639159226e+00,3.255088120968867571e-01,-5.784213605824111565e-02,3.654380382919847348e-03,1.464195192019288383e+00
5.041269054763690249e+00,3.249312121563917577e-01,-5.764915074638041897e-02,3.622072620855747941e-03,1.465118212531337782e+00
5.051271552888221272e+00,3.243555380635012586e-01,-5.745706189432348010e-02,3.590100344983097359e-03,1.466036716758552627e+00
5.061274051012752295e+00,3.237817808765081629e-01,-5.726586448223183745e-02,3.558459581510250470e-03,1.466950732293879067e+00
5.071276549137283318e+00,3.232099317037671060e-01,-5.707555352003562676e-02,3.527146409157363039e-03,1.467860286537077563e+00
5.081279047261815229e+00,3.226399817033976936e-01,-5.688612404729210398e-02,3.496156958396048550e-03,1.468765406696141751e+00
5.091281545386346252e+00,3.220719220829889595e-01,-5.669757113304384200e-02,3.465487410700903142e-03,1.469666119788707759e+00
5.101284043510877275e+00,3.215057440993047133e-01,-5.650988987567626826e-02,3.435133997812678339e-03,1.470562452643454643e+00
5.111286541635408298e+00,3.209414390579910514e-01,-5.632307540277498026e-02,3.405093001012982762e-03,1.471454431901494608e+00
5.121289039759939321e+00,3.203789983132849795e-01,-5.613712287098263781e-02,3.375360750410260832e-03,1.472342084017756569e+00
5.131291537884470344e+00,3.198184132677244773e-01,-5.595202746585552916e-02,3.345933624236878054e-03,1.473225435262356608e+00
5.141294036009001367e+00,3.192596753718599523e-01,-5.576778440171981793e-02,3.316808048157135046e-03,1.474104511721964661e+00
5.151296534133532390e+00,3.187027761239671353e-01,-5.558438892152754024e-02,3.287980494586017349e-03,1.474979339301155656e+00
5.161299032258063413e+00,3.181477070697617537e-01,-5.540183629671237980e-02,3.259447482018536148e-03,1.475849943723757551e+00
5.171301530382595324e+00,3.175944598021149257e-01,-5.522012182704518629e-02,3.231205574369419228e-03,1.476716350534187150e+00
5.181304028507126347e+00,3.170430259607709411e-01,-5.503924084048942428e-02,3.203251380323072356e-03,1.477578585098776154e+00
5.191306526631657370e+00,3.164933972320655431e-01,-5.485918869305630996e-02,3.175581552693544380e-03,1.478436672607091662e+00
5.201309024756188393e+00,3.159455653486463733e-01,-5.467996076865995481e-02,3.148192787794415384e-03,1.479290638073244457e+00
5.211311522880719416e+00,3.153995220891945284e-01,-5.450155247897236349e-02,3.121081824818389746e-03,1.480140506337188411e+00
5.221314021005250439e+00,3.148552592781475035e-01,-5.432395926327839714e-02,3.094245445226452736e-03,1.480986302066014337e+00
5.231316519129781462e+00,3.143127687854240238e-01,-5.414717658833063940e-02,3.067680472146452723e-03,1.481828049755231413e+00
5.241319017254312485e+00,3.137720425261497637e-01,-5.397119994820427646e-02,3.041383769780909956e-03,1.482665773730039938e+00
5.251321515378844396e+00,3.132330724603847316e-01,-5.379602486415198392e-02,3.015352242823934794e-03,1.483499498146598761e+00
5.261324013503375419e+00,3.126958505928525978e-01,-5.362164688445884841e-02,2.989582835887124451e-03,1.484329246993278506e+00
5.271326511627906442e+00,3.121603689726704101e-01,-5.344806158429726839e-02,2.964072532934207936e-03,1.485155044091911680e+00
5.281329009752437464e+00,3.116266196930808086e-01,-5.327526456558202839e-02,2.938818356724406684e-03,1.485976913099029018e+00
5.291331507876968487e+00,3.110945948911851278e-01,-5.310325145682539411e-02,2.913817368264286656e-03,1.486794877507090717e+00
5.301334006001499510e+00,3.105642867476780533e-01,-5.293201791299235320e-02,2.889066666267994798e-03,1.487608960645707468e+00
5.311336504126030533e+00,3.100356874865837775e-01,-5.276155961535598793e-02,2.864563386625740629e-03,1.488419185682853030e+00
5.321339002250561556e+00,3.095087893749936536e-01,-5.259187227135295878e-02,2.840304701880392441e-03,1.489225575626067943e+00
5.331341500375093467e+00,3.089835847228050159e-01,-5.242295161443921020e-02,2.816287820712033707e-03,1.490028153323655458e+00
5.341343998499624490e+00,3.084600658824618868e-01,-5.225479340394589139e-02,2.792509987430389935e-03,1.490826941465868583e+00
5.351346496624155513e+00,3.079382252486967397e-01,-5.208739342493533264e-02,2.768968481474955948e-03,1.491621962586087591e+00
5.361348994748686536e+00,3.074180552582738146e-01,-5.192074748805743101e-02,2.745660616922723004e-03,1.492413239061990637e+00
5.371351492873217559e+00,3.068995483897339338e-01,-5.175485142940616790e-02,2.722583742003379520e-03,1.493200793116716163e+00
5.381353990997748582e+00,3.063826971631408158e-01,-5.158970111037641804e-02,2.699735238621865738e-03,1.493984646820014639e+00
5.391356489122279605e+00,3.058674941398286107e-01,-5.142529241752100133e-02,2.677112521888147002e-03,1.494764822089394318e+00
5.401358987246810628e+00,3.053539319221508785e-01,-5.126162126240806777e-02,2.654713039654102869e-03,1.495541340691258547e+00
5.411361485371342539e+00,3.048420031532312890e-01,-5.109868358147871131e-02,2.632534272057430146e-03,1.496314224242031310e+00
5.421363983495873562e+00,3.043317005167154865e-01,-5.093647533590502097e-02,2.610573731072414558e-03,1.497083494209281884e+00
5.431366481620404585e+00,3.038230167365242873e-01,-5.077499251144827752e-02,2.588828960067478691e-03,1.497849171912831956e+00
5.441368979744935608e+00,3.033159445766086537e-01,-5.061423111831767768e-02,2.567297533369406869e-03,1.498611278525863399e+00
5.451371477869466631e+00,3.028104768407056113e-01,-5.045418719102928024e-02,2.545977055834109520e-03,1.499369835076011848e+00
5.461373975993997654e+00,3.023066063720960539e-01,-5.029485678826541017e-02,2.524865162423860221e-03,1.500124862446455376e+00
5.471376474118528677e+00,3.018043260533636030e-01,-5.013623599273436121e-02,2.503959517790863617e-03,1.500876381376993418e+00
5.481378972243059700e+00,3.013036288061549106e-01,-4.997832091103054236e-02,2.483257815867074420e-03,1.501624412465119685e+00
5.491381470367591611e+00,3.008045075909415722e-01,-4.982110767349501312e-02,2.462757779460171201e-03,1.502368976167085091e+00
5.501383968492122634e+00,3.003069554067834268e-01,-4.966459243407644886e-02,2.442457159855573965e-03,1.503110092798954245e+00
5.511386466616653657e+00,2.998109652910928014e-01,-4.950877137019243229e-02,2.422353736424399679e-03,1.503847782537653499e+00
5.521388964741184679e+00,2.993165303194004756e-01,-4.935364068259131404e-02,2.402445316237280300e-03,1.504582065422011450e+00
5.531391462865715702e+00,2.988236436051234235e-01,-4.919919659521443389e-02,2.382729733683963506e-03,1.505312961353791001e+00
5.541393960990246725e+00,2.983322982993328876e-01,-4.904543535505880014e-02,2.363204850098540432e-03,1.506040490098715878e+00
5.551396459114777748e+00,2.978424875905250624e-01,-4.889235323204022682e-02,2.343868553390297815e-03,1.506764671287485591e+00
5.561398957239308771e+00,2.973542047043921110e-01,-4.873994651885698443e-02,2.324718757680024547e-03,1.507485524416787959e+00
5.571401455363840682e+00,2.968674429035950690e-01,-4.858821153085383232e-02,2.305753402941738799e-03,1.508203068850298756e+00
5.581403953488371705e+00,2.963821954875381359e-01,-4.843714460588666865e-02,2.286970454649731640e-03,1.508917323819678247e+00
5.591406451612902728e+00,2.958984557921440217e-01,-4.828674210418752027e-02,2.268367903430834782e-03,1.509628308425556398e+00
5.601408949737433751e+00,2.954162171896307920e-01,-4.813700040823014337e-02,2.249943764721840014e-03,1.510336041638514981e+00
5.611411447861964774e+00,2.949354730882903231e-01,-4.798791592259610966e-02,2.231696078431996168e-03,1.511040542300059020e+00
5.621413945986495797e+00,2.944562169322675338e-01,-4.783948507384134380e-02,2.213622908610474345e-03,1.511741829123580239e+00
5.631416444111026820e+00,2.939784422013412279e-01,-4.769170431036327124e-02,2.195722343118746735e-03,1.512439920695317408e+00
5.641418942235557843e+00,2.935021424107067123e-01,-4.754457010226841029e-02,2.177992493307818328e-03,1.513134835475305362e+00
5.651421440360089754e+00,2.930273111107587480e-01,-4.739807894124053317e-02,2.160431493700169271e-03,1.513826591798318466e+00
5.661423938484620777e+00,2.925539418868768893e-01,-4.725222734040942368e-02,2.143037501676420004e-03,1.514515207874807201e+00
5.671426436609151800e+00,2.920820283592112099e-01,-4.710701183422000282e-02,2.125808697166565661e-03,1.515200701791826976e+00
5.681428934733682823e+00,2.916115641824700844e-01,-4.696242897830220364e-02,2.108743282345769323e-03,1.515883091513960279e+00
5.691431432858213846e+00,2.911425430457086350e-01,-4.681847534934124866e-02,2.091839481334593995e-03,1.516562394884231058e+00
5.701433930982744869e+00,2.906749586721190104e-01,-4.667514754494859336e-02,2.075095539903644686e-03,1.517238629625013990e+00
5.711436429107275892e+00,2.902088048188216085e-01,-4.653244218353333461e-02,2.058509725182517368e-03,1.517911813338934435e+00
5.721438927231806915e+00,2.897440752766576311e-01,-4.639035590417427829e-02,2.042080325373007554e-03,1.518581963509763488e+00
5.731441425356338826e+00,2.892807638699831929e-01,-4.624888536649245097e-02,2.025805649466511267e-03,1.519249097503303947e+00
5.741443923480869849e+00,2.888188644564642082e-01,-4.610802725052437490e-02,2.009684026965532534e-03,1.519913232568272932e+00
5.751446421605400872e+00,2.883583709268729978e-01,-4.596777825659570382e-02,1.993713807609262707e-03,1.520574385837174747e+00
5.761448919729931895e+00,2.878992772048858950e-01,-4.582813510519559430e-02,1.977893361103143146e-03,1.521232574327167075e+00
5.771451417854462917e+00,2.874415772468822960e-01,-4.568909453685158356e-02,1.962221076852366589e-03,1.521887814940922956e+00
5.781453915978993940e+00,2.869852650417445972e-01,-4.555065331200510576e-02,1.946695363699235898e-03,1.522540124467484768e+00
5.791456414103524963e+00,2.865303346106600202e-01,-4.541280821088756331e-02,1.931314649664350692e-03,1.523189519583109774e+00
5.801458912228055986e+00,2.860767800069227706e-01,-4.527555603339698115e-02,1.916077381691517990e-03,1.523836016852113007e+00
5.811461410352587009e+00,2.856245953157385276e-01,-4.513889359897528541e-02,1.900982025396386879e-03,1.524479632727700151e+00
5.821463908477118920e+00,2.851737746540290441e-01,-4.500281774648615812e-02,1.886027064818682078e-03,1.525120383552795778e+00
5.831466406601649943e+00,2.847243121702388025e-01,-4.486732533409354406e-02,1.871211002178042480e-03,1.525758285560866012e+00
5.841468904726180966e+00,2.842762020441424453e-01,-4.473241323914062262e-02,1.856532357633367079e-03,1.526393354876731889e+00
5.851471402850711989e+00,2.838294384866535958e-01,-4.459807835802954284e-02,1.841989669045633821e-03,1.527025607517378702e+00
5.861473900975243012e+00,2.833840157396347870e-01,-4.446431760610169981e-02,1.827581491744128704e-03,1.527655059392760251e+00
5.871476399099774035e+00,2.829399280757085022e-01,-4.433112791751854520e-02,1.813306398296034815e-03,1.528281726306593313e+00
5.881478897224305058e+00,2.824971697980698249e-01,-4.419850624514314041e-02,1.799162978279341633e-03,1.528905623957148796e+00
5.891481395348836081e+00,2.820557352402996432e-01,-4.406644956042221617e-02,1.785149838058992626e-03,1.529526767938035547e+00
5.901483893473367992e+00,2.816156187661795762e-01,-4.393495485326885663e-02,1.771265600566258131e-03,1.530145173738978404e+00
5.911486391597899015e+00,2.811768147695077324e-01,-4.380401913194588437e-02,1.757508905081254808e-03,1.530760856746590681e+00
5.921488889722430038e+00,2.807393176739157448e-01,-4.367363942294967549e-02,1.743878407018578268e-03,1.531373832245139122e+00
5.931491387846961061e+00,2.803031219326870271e-01,-4.354381277089479363e-02,1.730372777715999443e-03,1.531984115417306391e+00
5.941493885971492084e+00,2.798682220285761413e-01,-4.341453623839907489e-02,1.716990704226173088e-03,1.532591721344940927e+00
5.951496384096023107e+00,2.794346124736292181e-01,-4.328580690596944835e-02,1.703730889111313741e-03,1.533196665009810777e+00
5.961498882220554130e+00,2.790022878090054892e-01,-4.315762187188825622e-02,1.690592050240790354e-03,1.533798961294340346e+00
5.971501380345085153e+00,2.785712426048004287e-01,-4.302997825210027466e-02,1.677572920591616614e-03,1.534398624982352466e+00
5.981503878469617064e+00,2.781414714598691718e-01,-4.290287318010032463e-02,1.664672248051746748e-03,1.534995670759794928e+00
5.991506376594148087e+00,2.777129690016519326e-01,-4.277630380682149319e-02,1.651888795226189380e-03,1.535590113215468344e+00
6.001508874718679110e+00,2.772857298859998654e-01,-4.265026730052393772e-02,1.639221339245849245e-03,1.536181966841745572e+00
6.011511372843210133e+00,2.768597487970024251e-01,-4.252476084668435630e-02,1.626668671579086130e-03,1.536771246035284477e+00
6.021513870967741155e+00,2.764350204468157268e-01,-4.239978164788606174e-02,1.614229597845935095e-03,1.537357965097737367e+00
6.031516369092272178e+00,2.760115395754918488e-01,-4.227532692370962464e-02,1.601902937634946782e-03,1.537942138236453093e+00
6.041518867216803201e+00,2.755893009508095237e-01,-4.215139391062420332e-02,1.589687524322620261e-03,1.538523779565176497e+00
6.051521365341334224e+00,2.751682993681056622e-01,-4.202797986187940815e-02,1.577582204895374004e-03,1.539102903104737852e+00
6.061523863465866135e+00,2.747485296501080421e-01,-4.190508204739781806e-02,1.565585839774024605e-03,1.539679522783739873e+00
6.071526361590397158e+00,2.743299866467691639e-01,-4.178269775366815625e-02,1.553697302640737058e-03,1.540253652439240728e+00
6.081528859714928181e+00,2.739126652351009938e-01,-4.166082428363895862e-02,1.541915480268401259e-03,1.540825305817428603e+00
6.091531357839459204e+00,2.734965603190107619e-01,-4.153945895661294990e-02,1.530239272352401127e-03,1.541394496574291839e+00
6.101533855963990227e+00,2.730816668291382032e-01,-4.141859910814199575e-02,1.518667591344752916e-03,1.541961238276284840e+00
6.111536354088521250e+00,2.726679797226932433e-01,-4.129824208992267931e-02,1.507199362290550290e-03,1.542525544400988879e+00
6.121538852213052273e+00,2.722554939832950716e-01,-4.117838526969242602e-02,1.495833522666703769e-03,1.543087428337766465e+00
6.131541350337583296e+00,2.718442046208124352e-01,-4.105902603112632915e-02,1.484569022222939887e-03,1.543646903388410152e+00
6.141543848462115207e+00,2.714341066712045447e-01,-4.094016177373448889e-02,1.473404822825006687e-03,1.544203982767788697e+00
6.151546346586646230e+00,2.710251951963632000e-01,-4.082178991276003144e-02,1.462339898300069963e-03,1.544758679604487206e+00
6.161548844711177253e+00,2.706174652839559713e-01,-4.070390787907765540e-02,1.451373234284263373e-03,1.545311006941440191e+00
6.171551342835708276e+00,2.702109120472703796e-01,-4.058651311909283743e-02,1.440503828072358392e-03,1.545860977736561725e+00
6.181553840960239299e+00,2.698055306250589647e-01,-4.046960309464159300e-02,1.429730688469518958e-03,1.546408604863371616e+00
6.191556339084770322e+00,2.694013161813855195e-01,-4.035317528289089628e-02,1.419052835645119148e-03,1.546953901111613350e+00
6.201558837209301345e+00,2.689982639054722124e-01,-4.023722717623962053e-02,1.408469300988581582e-03,1.547496879187870267e+00
6.211561335333832368e+00,2.685963690115477087e-01,-4.012175628222012375e-02,1.397979126967215319e-03,1.548037551716175964e+00
6.221563833458364279e+00,2.681956267386962356e-01,-4.000676012340040333e-02,1.387581366986017023e-03,1.548575931238618919e+00
6.231566331582895302e+00,2.677960323507079243e-01,-3.989223623728688217e-02,1.377275085249417405e-03,1.549112030215943792e+00
6.241568829707426325e+00,2.673975811359295407e-01,-3.977818217622770131e-02,1.367059356624919812e-03,1.549645861028146276e+00
6.251571327831957348e+00,2.670002684071166033e-01,-3.966459550731667866e-02,1.356933266508630973e-03,1.550177435975065965e+00
6.261573825956488371e+00,2.666040895012865564e-01,-3.955147381229783682e-02,1.346895910692644423e-03,1.550706767276972764e+00
6.271576324081019393e+00,2.662090397795724983e-01,-3.943881468747047897e-02,1.336946395234237797e-03,1.551233867075147321e+00
6.281578822205550416e+00,2.658151146270781306e-01,-3.932661574359488932e-02,1.327083836326875110e-03,1.551758747432460339e+00
6.291581320330081439e+00,2.654223094527337068e-01,-3.921487460579857476e-02,1.317307360172981050e-03,1.552281420333943895e+00
6.301583818454613350e+00,2.650306196891524246e-01,-3.910358891348313104e-02,1.307616102858444361e-03,1.552801897687362320e+00
6.311586316579144373e+00,2.646400407924885956e-01,-3.899275632023165017e-02,1.298009210228865057e-03,1.553320191323773303e+00
6.321588814703675396e+00,2.642505682422959801e-01,-3.888237449371668986e-02,1.288485837767471952e-03,1.553836312998089220e+00
6.331591312828206419e+00,2.638621975413872889e-01,-3.877244111560886053e-02,1.279045150474715942e-03,1.554350274389632469e+00
6.341593810952737442e+00,2.634749242156946836e-01,-3.866295388148592582e-02,1.269686322749508881e-03,1.554862087102684365e+00
6.351596309077268465e+00,2.630887438141311652e-01,-3.855391050074252757e-02,1.260408538272080525e-03,1.555371762667034030e+00
6.361598807201799488e+00,2.627036519084527955e-01,-3.844530869650045896e-02,1.251210989888428817e-03,1.555879312538520187e+00
6.371601305326330511e+00,2.623196440931218065e-01,-3.833714620551943036e-02,1.242092879496342920e-03,1.556384748099566728e+00
6.381603803450862422e+00,2.619367159851705984e-01,-3.822942077810852213e-02,1.233053417932973832e-03,1.556888080659719398e+00
6.391606301575393445e+00,2.615548632240668470e-01,-3.812213017803810222e-02,1.224091824863936554e-03,1.557389321456173592e+00
6.401608799699924468e+00,2.611740814715790004e-01,-3.801527218245231293e-02,1.215207328673904548e-03,1.557888481654300605e+00
6.411611297824455491e+00,2.607943664116431637e-01,-3.790884458178214039e-02,1.206399166358697794e-03,1.558385572348168324e+00
6.421613795948986514e+00,2.604157137502305375e-01,-3.780284517965901842e-02,1.197666583418823243e-03,1.558880604561058814e+00
6.431616294073517537e+00,2.600381192152159127e-01,-3.769727179282898050e-02,1.189008833754457914e-03,1.559373589245980574e+00
6.441618792198048560e+00,2.596615785562467194e-01,-3.759212225106736693e-02,1.180425179561844264e-03,1.559864537286180131e+00
6.451621290322579583e+00,2.592860875446133528e-01,-3.748739439709405236e-02,1.171914891231089608e-03,1.560353459495642969e+00
6.461623788447110606e+00,2.589116419731199437e-01,-3.738308608648925613e-02,1.163477247245334667e-03,1.560840366619599351e+00
6.471626286571642517e+00,2.585382376559561823e-01,-3.727919518760983153e-02,1.155111534081283220e-03,1.561325269335016586e+00
6.481628784696173540e+00,2.581658704285700323e-01,-3.717571958150619332e-02,1.146817046111069669e-03,1.561808178251097523e+00
6.491631282820704563e+00,2.577945361475411090e-01,-3.707265716183964083e-02,1.138593085505438911e-03,1.562289103909766164e+00
6.501633780945235586e+00,2.574242306904549471e-01,-3.697000583480032632e-02,1.130438962138228349e-03,1.562768056786154602e+00
6.511636279069766609e+00,2.570549499557780448e-01,-3.686776351902570914e-02,1.122353993492126003e-03,1.563245047289084866e+00
6.521638777194297631e+00,2.566866898627337967e-01,-3.676592814551953026e-02,1.114337504565692579e-03,1.563720085761547640e+00
6.531641275318828654e+00,2.563194463511793142e-01,-3.666449765757132800e-02,1.106388827781627131e-03,1.564193182481174116e+00
6.541643773443359677e+00,2.559532153814827460e-01,-3.656347001067646735e-02,1.098507302896251352e-03,1.564664347660709387e+00
6.551646271567891588e+00,2.555879929344016532e-01,-3.646284317245668261e-02,1.090692276910205797e-03,1.565133591448478745e+00
6.561648769692422611e+00,2.552237750109623282e-01,-3.636261512258117529e-02,1.082943103980339153e-03,1.565600923928848864e+00
6.571651267816953634e+00,2.548605576323393351e-01,-3.626278385268813520e-02,1.075259145332758482e-03,1.566066355122689879e+00
6.581653765941484657e+00,2.544983368397362722e-01,-3.616334736630687913e-02,1.067639769177042806e-03,1.566529894987829907e+00
6.591656264066015680e+00,2.541371086942675328e-01,-3.606430367878043358e-02,1.060084350621602264e-03,1.566991553419508909e+00
6.601658762190546703e+00,2.537768692768400114e-01,-3.596565081718863799e-02,1.052592271590140549e-03,1.567451340250825886e+00
6.611661260315077726e+00,2.534176146880364744e-01,-3.586738682027176134e-02,1.045162920739244484e-03,1.567909265253185191e+00
6.621663758439608749e+00,2.530593410479992089e-01,-3.576950973835459763e-02,1.037795693377051949e-03,1.568365338136738174e+00
6.631666256564140660e+00,2.527020444963144485e-01,-3.567201763327109559e-02,1.030489991382997714e-03,1.568819568550822385e+00
6.641668754688671683e+00,2.523457211918977428e-01,-3.557490857828944641e-02,1.023245223128620715e-03,1.569271966084395009e+00
6.651671252813202706e+00,2.519903673128798260e-01,-3.547818065803769183e-02,1.016060803399411721e-03,1.569722540266466737e+00
6.661673750937733729e+00,2.516359790564934862e-01,-3.538183196842979716e-02,1.008936153317695986e-03,1.570171300566528094e+00
6.671676249062264752e+00,2.512825526389609321e-01,-3.528586061659222395e-02,1.001870700266525513e-03,1.570618256394974876e+00
6.681678747186795775e+00,2.509300842953821054e-01,-3.519026472079100909e-02,9.948638778145757131e-04,1.571063417103530480e+00
6.691681245311326798e+00,2.505785702796235470e-01,-3.509504241035929506e-02,9.879151256420263139e-04,1.571506791985663343e+00
6.701683743435857821e+00,2.502280068642082078e-01,-3.500019182562534581e-02,9.810238894674167421e-04,1.571948390277002394e+00
6.711686241560389732e+00,2.498783903402054807e-01,-3.490571111784105535e-02,9.741896209754520282e-04,1.572388221155749166e+00
6.721688739684920755e+00,2.495297170171227874e-01,-3.481159844911091428e-02,9.674117777457684475e-04,1.572826293743084802e+00
6.731691237809451778e+00,2.491819832227969433e-01,-3.471785199232146207e-02,9.606898231826133594e-04,1.573262617103578398e+00
6.741693735933982801e+00,2.488351853032868544e-01,-3.462446993107118343e-02,9.540232264454555095e-04,1.573697200245586236e+00
6.751696234058513824e+00,2.484893196227667411e-01,-3.453145045960090420e-02,9.474114623804964124e-04,1.574130052121652801e+00
6.761698732183044847e+00,2.481443825634199463e-01,-3.443879178272463842e-02,9.408540114530730561e-04,1.574561181628906459e+00
6.771701230307575869e+00,2.478003705253336297e-01,-3.434649211576086547e-02,9.343503596809433652e-04,1.574990597609451592e+00
6.781703728432106892e+00,2.474572799263938527e-01,-3.425454968446433462e-02,9.278999985684340370e-04,1.575418308850759175e+00
6.791706226556638804e+00,2.471151072021817441e-01,-3.416296272495824432e-02,9.215024250414512955e-04,1.575844324086054238e+00
6.801708724681169826e+00,2.467738488058700552e-01,-3.407172948366694876e-02,9.151571413833285403e-04,1.576268651994697123e+00
6.811711222805700849e+00,2.464335012081203813e-01,-3.398084821724906002e-02,9.088636551715066625e-04,1.576691301202568729e+00
6.821713720930231872e+00,2.460940608969811871e-01,-3.389031719253100816e-02,9.026214792150353194e-04,1.577112280282443546e+00
6.831716219054762895e+00,2.457555243777864162e-01,-3.380013468644109398e-02,8.964301314928817222e-04,1.577531597754368908e+00
6.841718717179293918e+00,2.454178881730548212e-01,-3.371029898594389562e-02,8.902891350930369633e-04,1.577949262086032700e+00
6.851721215303824941e+00,2.450811488223898216e-01,-3.362080838797523730e-02,8.841980181524062210e-04,1.578365281693137501e+00
6.861723713428355964e+00,2.447453028823801668e-01,-3.353166119937743550e-02,8.781563137974763384e-04,1.578779664939761851e+00
6.871726211552887875e+00,2.444103469265010986e-01,-3.344285573683515589e-02,8.721635600857441861e-04,1.579192420138727959e+00
6.881728709677418898e+00,2.440762775450163458e-01,-3.335439032681156851e-02,8.662192999479025567e-04,1.579603555551959637e+00
6.891731207801949921e+00,2.437430913448804526e-01,-3.326626330548497490e-02,8.603230811307631008e-04,1.580013079390840458e+00
6.901733705926480944e+00,2.434107849496420506e-01,-3.317847301868589310e-02,8.544744561409167369e-04,1.580420999816570582e+00
6.911736204051011967e+00,2.430793549993475744e-01,-3.309101782183453133e-02,8.486729821891138628e-04,1.580827324940516920e+00
6.921738702175542990e+00,2.427487981504456716e-01,-3.300389607987867790e-02,8.429182211353572138e-04,1.581232062824564188e+00
6.931741200300074013e+00,2.424191110756921952e-01,-3.291710616723205612e-02,8.372097394346972830e-04,1.581635221481461295e+00
6.941743698424605036e+00,2.420902904640558628e-01,-3.283064646771301914e-02,8.315471080837200058e-04,1.582036808875164846e+00
6.951746196549136947e+00,2.417623330206243870e-01,-3.274451537448375832e-02,8.259299025677165149e-04,1.582436832921182424e+00
6.961748694673667970e+00,2.414352354665115219e-01,-3.265871128998983075e-02,8.203577028085301971e-04,1.582835301486909207e+00
6.971751192798198993e+00,2.411089945387643041e-01,-3.257323262590015173e-02,8.148300931130621856e-04,1.583232222391966593e+00
6.981753690922730016e+00,2.407836069902711262e-01,-3.248807780304735493e-02,8.093466621224352890e-04,1.583627603408534146e+00
6.991756189047261039e+00,2.404590695896705044e-01,-3.240324525136861061e-02,8.039070027618057303e-04,1.584021452261681562e+00
7.001758687171792062e+00,2.401353791212601507e-01,-3.231873340984679072e-02,7.985107121908075183e-04,1.584413776629697734e+00
7.011761185296323085e+00,2.398125323849068791e-01,-3.223454072645204338e-02,7.931573917546285834e-04,1.584804584144414497e+00
7.021763683420854107e+00,2.394905261959569820e-01,-3.215066565808381155e-02,7.878466469357055593e-04,1.585193882391533471e+00
7.031766181545386019e+00,2.391693573851471633e-01,-3.206710667051314995e-02,7.825780873060289708e-04,1.585581678910944037e+00
7.041768679669917042e+00,2.388490227985161640e-01,-3.198386223832556247e-02,7.773513264800529718e-04,1.585967981197043963e+00
7.051771177794448064e+00,2.385295192973168055e-01,-3.190093084486410324e-02,7.721659820681977095e-04,1.586352796699054490e+00
7.061773675918979087e+00,2.382108437579287252e-01,-3.181831098217292875e-02,7.670216756309398672e-04,1.586736132821334744e+00
7.071776174043510110e+00,2.378929930717715580e-01,-3.173600115094123847e-02,7.619180326334792442e-04,1.587117996923692154e+00
7.081778672168041133e+00,2.375759641452188098e-01,-3.165399986044755559e-02,7.568546824009787701e-04,1.587498396321691096e+00
7.091781170292572156e+00,2.372597538995122324e-01,-3.157230562850444483e-02,7.518312580743659193e-04,1.587877338286961315e+00
7.101783668417103179e+00,2.369443592706766688e-01,-3.149091698140354945e-02,7.468473965666873934e-04,1.588254830047499677e+00
7.111786166541634202e+00,2.366297772094355656e-01,-3.140983245386103073e-02,7.419027385200142530e-04,1.588630878787973932e+00
7.121788664666166113e+00,2.363160046811269011e-01,-3.132905058896337525e-02,7.369969282628842724e-04,1.589005491650020696e+00
7.131791162790697136e+00,2.360030386656199186e-01,-3.124856993811358022e-02,7.321296137682808654e-04,1.589378675732542989e+00
7.141793660915228159e+00,2.356908761572319433e-01,-3.116838906097769285e-02,7.273004466121312352e-04,1.589750438092006890e+00
7.151796159039759182e+00,2.353795141646462530e-01,-3.108850652543170348e-02,7.225090819323302547e-04,1.590120785742731302e+00
7.161798657164290205e+00,2.350689497108300052e-01,-3.100892090750883082e-02,7.177551783882686089e-04,1.590489725657180831e+00
7.171801155288821228e+00,2.347591798329530244e-01,-3.092963079134714716e-02,7.130383981208701866e-04,1.590857264766252444e+00
7.181803653413352251e+00,2.344502015823070329e-01,-3.085063476913755751e-02,7.083584067131263630e-04,1.591223409959561907e+00
7.191806151537883274e+00,2.341420120242252434e-01,-3.077193144107215339e-02,7.037148731511177384e-04,1.591588168085728894e+00
7.201808649662415185e+00,2.338346082380026447e-01,-3.069351941529288932e-02,6.991074697855238773e-04,1.591951545952656311e+00
7.211811147786946208e+00,2.335279873168167875e-01,-3.061539730784065827e-02,6.945358722936097705e-04,1.592313550327811411e+00
7.221813645911477231e+00,2.332221463676489581e-01,-3.053756374260463424e-02,6.899997596416819739e-04,1.592674187938502683e+00
7.231816144036008254e+00,2.329170825112058807e-01,-3.046001735127205554e-02,6.854988140480101954e-04,1.593033465472155186e+00
7.241818642160539277e+00,2.326127928818421120e-01,-3.038275677327827856e-02,6.810327209462097757e-04,1.593391389576583439e+00
7.251821140285070300e+00,2.323092746274826870e-01,-3.030578065575721333e-02,6.766011689490737885e-04,1.593747966860263210e+00
7.261823638409601323e+00,2.320065249095463744e-01,-3.022908765349207466e-02,6.722038498128528067e-04,1.594103203892599518e+00
7.271826136534132345e+00,2.317045409028694047e-01,-3.015267642886648378e-02,6.678404584019744222e-04,1.594457107204194202e+00
7.281828634658664257e+00,2.314033197956297250e-01,-3.007654565181589953e-02,6.635106926541991558e-04,1.594809683287111257e+00
7.291831132783195280e+00,2.311028587892717534e-01,-3.000069399977938964e-02,6.592142535462036526e-04,1.595160938595138411e+00
7.301833630907726302e+00,2.308031550984313562e-01,-2.992512015765170369e-02,6.549508450595846552e-04,1.595510879544049354e+00
7.311836129032257325e+00,2.305042059508617125e-01,-2.984982281773571403e-02,6.507201741472851651e-04,1.595859512511862199e+00
7.321838627156788348e+00,2.302060085873594286e-01,-2.977480067969514796e-02,6.465219507004295665e-04,1.596206843839096834e+00
7.331841125281319371e+00,2.299085602616910695e-01,-2.970005245050766698e-02,6.423558875155648907e-04,1.596552879829028715e+00
7.341843623405850394e+00,2.296118582405202169e-01,-2.962557684441824435e-02,6.382217002623022601e-04,1.596897626747943333e+00
7.351846121530381417e+00,2.293158998033351381e-01,-2.955137258289289651e-02,6.341191074513577528e-04,1.597241090825387344e+00
7.361848619654913328e+00,2.290206822423766775e-01,-2.947743839457267478e-02,6.300478304029789173e-04,1.597583278254416150e+00
7.371851117779444351e+00,2.287262028625667576e-01,-2.940377301522805256e-02,6.260075932157593229e-04,1.597924195191843699e+00
7.381853615903975374e+00,2.284324589814373252e-01,-2.933037518771352756e-02,6.219981227358324736e-04,1.598263847758486289e+00
7.391856114028506397e+00,2.281394479290595745e-01,-2.925724366192261963e-02,6.180191485264390112e-04,1.598602242039406596e+00
7.401858612153037420e+00,2.278471670479740030e-01,-2.918437719474312533e-02,6.140704028378680783e-04,1.598939384084156146e+00
7.411861110277568443e+00,2.275556136931204398e-01,-2.911177455001269856e-02,6.101516205777587432e-04,1.599275279907014680e+00
7.421863608402099466e+00,2.272647852317689066e-01,-2.903943449847474004e-02,6.062625392817662601e-04,1.599609935487227963e+00
7.431866106526630489e+00,2.269746790434507000e-01,-2.896735581773457122e-02,6.024028990845808028e-04,1.599943356769245595e+00
7.441868604651162400e+00,2.266852925198899193e-01,-2.889553729221590664e-02,5.985724426912981304e-04,1.600275549662953933e+00
7.451871102775693423e+00,2.263966230649356592e-01,-2.882397771311766971e-02,5.947709153491383908e-04,1.600606520043909908e+00
7.461873600900224446e+00,2.261086680944942306e-01,-2.875267587837103400e-02,5.909980648195027608e-04,1.600936273753572392e+00
7.471876099024755469e+00,2.258214250364622144e-01,-2.868163059259679765e-02,5.872536413503710688e-04,1.601264816599530239e+00
7.481878597149286492e+00,2.255348913306596537e-01,-2.861084066706306300e-02,5.835373976490303150e-04,1.601592154355731434e+00
7.491881095273817515e+00,2.252490644287638011e-01,-2.854030491964317309e-02,5.798490888551314885e-04,1.601918292762708251e+00
7.501883593398348538e+00,2.249639417942433106e-01,-2.847002217477395680e-02,5.761884725140727298e-04,1.602243237527801289e+00
7.511886091522879561e+00,2.246795209022927342e-01,-2.839999126341425512e-02,5.725553085506992958e-04,1.602566994325382410e+00
7.521888589647411472e+00,2.243957992397674350e-01,-2.833021102300371102e-02,5.689493592433206553e-04,1.602889568797075226e+00
7.531891087771942495e+00,2.241127743051192223e-01,-2.826068029742189597e-02,5.653703891980427611e-04,1.603210966551974925e+00
7.541893585896473517e+00,2.238304436083317639e-01,-2.819139793694764445e-02,5.618181653233994544e-04,1.603531193166865432e+00
7.551896084021004540e+00,2.235488046708571097e-01,-2.812236279821871826e-02,5.582924568052966604e-04,1.603850254186434787e+00
7.561898582145535563e+00,2.232678550255521033e-01,-2.805357374419172739e-02,5.547930350822504039e-04,1.604168155123490758e+00
7.571901080270066586e+00,2.229875922166153768e-01,-2.798502964410232857e-02,5.513196738209216784e-04,1.604484901459172885e+00
7.581903578394597609e+00,2.227080137995248732e-01,-2.791672937342569438e-02,5.478721488919456768e-04,1.604800498643162987e+00
7.591906076519128632e+00,2.224291173409755351e-01,-2.784867181383724952e-02,5.444502383460457333e-04,1.605114952093895653e+00
7.601908574643660543e+00,2.221509004188174374e-01,-2.778085585317368114e-02,5.410537223904331693e-04,1.605428267198766079e+00
7.611911072768191566e+00,2.218733606219945032e-01,-2.771328038539423722e-02,5.376823833654890321e-04,1.605740449314336349e+00
7.621913570892722589e+00,2.215964955504833023e-01,-2.764594431054221563e-02,5.343360057217203538e-04,1.606051503766540156e+00
7.631916069017253612e+00,2.213203028152325169e-01,-2.757884653470681069e-02,5.310143759969922304e-04,1.606361435850886199e+00
7.641918567141784635e+00,2.210447800381024619e-01,-2.751198596998515739e-02,5.277172827940268323e-04,1.606670250832660685e+00
7.651921065266315658e+00,2.207699248518054658e-01,-2.744536153444465665e-02,5.244445167581745495e-04,1.606977953947126947e+00
7.661923563390846681e+00,2.204957348998460576e-01,-2.737897215208555737e-02,5.211958705554404657e-04,1.607284550399724843e+00
7.671926061515377704e+00,2.202222078364620417e-01,-2.731281675280378823e-02,5.179711388507778720e-04,1.607590045366267262e+00
7.681928559639908727e+00,2.199493413265654895e-01,-2.724689427235404623e-02,5.147701182866320146e-04,1.607894443993137523e+00
7.691931057764440638e+00,2.196771330456845084e-01,-2.718120365231313854e-02,5.115926074617419906e-04,1.608197751397482111e+00
7.701933555888971661e+00,2.194055806799051489e-01,-2.711574384004358795e-02,5.084384069101892997e-04,1.608499972667405631e+00
7.711936054013502684e+00,2.191346819258136180e-01,-2.705051378865744663e-02,5.053073190806928357e-04,1.608801112862160654e+00
7.721938552138033707e+00,2.188644344904390193e-01,-2.698551245698039419e-02,5.021991483161492324e-04,1.609101177012338679e+00
7.731941050262564730e+00,2.185948360911963706e-01,-2.692073880951607878e-02,4.991137008334120594e-04,1.609400170120059759e+00
7.741943548387095753e+00,2.183258844558300382e-01,-2.685619181641066971e-02,4.960507847033097592e-04,1.609698097159157681e+00
7.751946046511626776e+00,2.180575773223573377e-01,-2.679187045341769116e-02,4.930102098308949531e-04,1.609994963075368268e+00
7.761948544636157798e+00,2.177899124390128283e-01,-2.672777370186307788e-02,4.899917879359290190e-04,1.610290772786512781e+00
7.771951042760689710e+00,2.175228875641925241e-01,-2.666390054861044606e-02,4.869953325335908819e-04,1.610585531182681107e+00
7.781953540885220733e+00,2.172565004663988553e-01,-2.660024998602667293e-02,4.840206589154143007e-04,1.610879243126414506e+00
7.791956039009751755e+00,2.169907489241856835e-01,-2.653682101194759779e-02,4.810675841304457891e-04,1.611171913452885018e+00
7.801958537134282778e+00,2.167256307261037906e-01,-2.647361262964406659e-02,4.781359269666229017e-04,1.611463546970075766e+00
7.811961035258813801e+00,2.164611436706467551e-01,-2.641062384778814984e-02,4.752255079323703898e-04,1.611754148458958591e+00
7.821963533383344824e+00,2.161972855661969950e-01,-2.634785368041959314e-02,4.723361492384081021e-04,1.612043722673669910e+00
7.831966031507875847e+00,2.159340542309722832e-01,-2.628530114691251390e-02,4.694676747797727444e-04,1.612332274341687244e+00
7.841968529632406870e+00,2.156714474929725955e-01,-2.622296527194232021e-02,4.666199101180474804e-04,1.612619808164002633e+00
7.851971027756938781e+00,2.154094631899271528e-01,-2.616084508545282739e-02,4.637926824637966100e-04,1.612906328815294721e+00
7.861973525881469804e+00,2.151480991692420464e-01,-2.609893962262365905e-02,4.609858206592070047e-04,1.613191840944101507e+00
7.871976024006000827e+00,2.148873532879478354e-01,-2.603724792383779740e-02,4.581991551609256746e-04,1.613476349172989766e+00
7.881978522130531850e+00,2.146272234126478107e-01,-2.597576903464940065e-02,4.554325180231004076e-04,1.613759858098723798e+00
7.891981020255062873e+00,2.143677074194663412e-01,-2.591450200575182855e-02,4.526857428806133413e-04,1.614042372292434191e+00
7.901983518379593896e+00,2.141088031939977210e-01,-2.585344589294588311e-02,4.499586649325100713e-04,1.614323896299783456e+00
7.911986016504124919e+00,2.138505086312551262e-01,-2.579259975710826436e-02,4.472511209256175191e-04,1.614604434641131459e+00
7.921988514628655942e+00,2.135928216356200726e-01,-2.573196266416023781e-02,4.445629491383525653e-04,1.614883991811699504e+00
7.931991012753187853e+00,2.133357401207920945e-01,-2.567153368503651695e-02,4.418939893647160270e-04,1.615162572281733766e+00
7.941993510877718876e+00,2.130792620097387846e-01,-2.561131189565438171e-02,4.392440828984708412e-04,1.615440180496666267e+00
7.951996009002249899e+00,2.128233852346460286e-01,-2.555129637688294264e-02,4.366130725175010937e-04,1.615716820877275861e+00
7.961998507126780922e+00,2.125681077368687666e-01,-2.549148621451267221e-02,4.340008024683525965e-04,1.615992497819846774e+00
7.972001005251311945e+00,2.123134274668817267e-01,-2.543188049922513044e-02,4.314071184509469387e-04,1.616267215696328252e+00
7.982003503375842968e+00,2.120593423842307979e-01,-2.537247832656288130e-02,4.288318676034743216e-04,1.616540978854489996e+00
7.992006001500373991e+00,2.118058504574845680e-01,-2.531327879689962077e-02,4.262748984874576981e-04,1.616813791618079366e+00
8.002008499624905014e+00,2.115529496641859741e-01,-2.525428101541050269e-02,4.237360610729852886e-04,1.617085658286975480e+00
8.012010997749436925e+00,2.113006379908046739e-01,-2.519548409204267619e-02,4.212152067241164066e-04,1.617356583137342652e+00
8.022013495873967059e+00,2.110489134326893335e-01,-2.513688714148602441e-02,4.187121881844493724e-04,1.617626570421783594e+00
8.032015993998498971e+00,2.107977739940201656e-01,-2.507848928314405229e-02,4.162268595628539005e-04,1.617895624369489749e+00
8.042018492123029105e+00,2.105472176877623558e-01,-2.502028964110507986e-02,4.137590763193711046e-04,1.618163749186393607e+00
8.052020990247561016e+00,2.102972425356187947e-01,-2.496228734411347697e-02,4.113086952512646946e-04,1.618430949055315704e+00
8.062023488372092928e+00,2.100478465679841422e-01,-2.490448152554125549e-02,4.088755744792401704e-04,1.618697228136113386e+00
8.072025986496623062e+00,2.097990278238984763e-01,-2.484687132335974130e-02,4.064595734338141784e-04,1.618962590565828918e+00
8.082028484621154973e+00,2.095507843510012735e-01,-2.478945588011144049e-02,4.040605528418379322e-04,1.619227040458834477e+00
8.092030982745685108e+00,2.093031142054861959e-01,-2.473223434288220057e-02,4.016783747131791446e-04,1.619490581906977589e+00
8.102033480870217019e+00,2.090560154520553215e-01,-2.467520586327339588e-02,3.993129023275458810e-04,1.619753218979725018e+00
8.112035978994747154e+00,2.088094861638746524e-01,-2.461836959737448080e-02,3.969640002214690861e-04,1.620014955724305095e+00
8.122038477119279065e+00,2.085635244225287621e-01,-2.456172470573554992e-02,3.946315341754211238e-04,1.620275796165850046e+00
8.132040975243810976e+00,2.083181283179768861e-01,-2.450527035334023468e-02,3.923153712010905500e-04,1.620535744307536552e+00
8.142043473368341111e+00,2.080732959485083466e-01,-2.444900570957871111e-02,3.900153795287915988e-04,1.620794804130726963e+00
8.152045971492873022e+00,2.078290254206986432e-01,-2.439292994822083935e-02,3.877314285950187334e-04,1.621052979595105414e+00
8.162048469617403157e+00,2.075853148493660150e-01,-2.433704224738961891e-02,3.854633890301431749e-04,1.621310274638817273e+00
8.172050967741935068e+00,2.073421623575276429e-01,-2.428134178953468211e-02,3.832111326462415393e-04,1.621566693178606799e+00
8.182053465866465203e+00,2.070995660763569890e-01,-2.422582776140607547e-02,3.809745324250693801e-04,1.621822239109951047e+00
8.192055963990997114e+00,2.068575241451403590e-01,-2.417049935402812780e-02,3.787534625061595751e-04,1.622076916307196193e+00
8.202058462115527249e+00,2.066160347112348528e-01,-2.411535576267358205e-02,3.765477981750644794e-04,1.622330728623690099e+00
8.212060960240059160e+00,2.063750959300254539e-01,-2.406039618683779996e-02,3.743574158517192917e-04,1.622583679891917541e+00
8.222063458364591071e+00,2.061347059648833691e-01,-2.400561983021325119e-02,3.721821930789443616e-04,1.622835773923628988e+00
8.232065956489121206e+00,2.058948629871239222e-01,-2.395102590066409270e-02,3.700220085110695234e-04,1.623087014509974502e+00
8.242068454613653117e+00,2.056555651759649772e-01,-2.389661361020091121e-02,3.678767419026878838e-04,1.623337405421632296e+00
8.252070952738183252e+00,2.054168107184856928e-01,-2.384238217495573964e-02,3.657462740975350518e-04,1.623586950408937968e+00
8.262073450862715163e+00,2.051785978095853058e-01,-2.378833081515709102e-02,3.636304870174909376e-04,1.623835653202013951e+00
8.272075948987245297e+00,2.049409246519423577e-01,-2.373445875510530809e-02,3.615292636517046087e-04,1.624083517510895414e+00
8.282078447111777209e+00,2.047037894559740334e-01,-2.368076522314794402e-02,3.594424880458395462e-04,1.624330547025657712e+00
8.292080945236309120e+00,2.044671904397958595e-01,-2.362724945165542087e-02,3.573700452914386518e-04,1.624576745416540291e+00
8.302083443360839254e+00,2.042311258291816256e-01,-2.357391067699678849e-02,3.553118215154069440e-04,1.624822116334074584e+00
8.312085941485371166e+00,2.039955938575232497e-01,-2.352074813951561538e-02,3.532677038696085308e-04,1.625066663409203471e+00
8.322088439609901300e+00,2.037605927657915594e-01,-2.346776108350616397e-02,3.512375805205839811e-04,1.625310390253408288e+00
8.332090937734433211e+00,2.035261208024964630e-01,-2.341494875718956592e-02,3.492213406393742748e-04,1.625553300458827177e+00
8.342093435858963346e+00,2.032921762236481744e-01,-2.336231041269030279e-02,3.472188743914639600e-04,1.625795397598379877e+00
8.352095933983495257e+00,2.030587572927179396e-01,-2.330984530601270741e-02,3.452300729268289363e-04,1.626036685225884959e+00
8.362098432108025392e+00,2.028258622805996780e-01,-2.325755269701776720e-02,3.432548283700997049e-04,1.626277166876179514e+00
8.372100930232557303e+00,2.025934894655712082e-01,-2.320543184939993439e-02,3.412930338108272933e-04,1.626516846065240829e+00
8.382103428357089214e+00,2.023616371332562502e-01,-2.315348203066421376e-02,3.393445832938608527e-04,1.626755726290299853e+00
8.392105926481619349e+00,2.021303035765864009e-01,-2.310170251210334758e-02,3.374093718098287423e-04,1.626993811029961545e+00
8.402108424606151260e+00,2.018994870957631083e-01,-2.305009256877510460e-02,3.354872952857223417e-04,1.627231103744319007e+00
8.412110922730681395e+00,2.016691859982205626e-01,-2.299865147947985355e-02,3.335782505755882296e-04,1.627467607875068722e+00
8.422113420855213306e+00,2.014393985985878655e-01,-2.294737852673813319e-02,3.316821354513151761e-04,1.627703326845627130e+00
8.432115918979743441e+00,2.012101232186524202e-01,-2.289627299676849637e-02,3.297988485935296086e-04,1.627938264061241425e+00
8.442118417104275352e+00,2.009813581873227117e-01,-2.284533417946540274e-02,3.279282895825840491e-04,1.628172422909103689e+00
8.452120915228805487e+00,2.007531018405917800e-01,-2.279456136837735777e-02,3.260703588896474658e-04,1.628405806758464136e+00
8.462123413353337398e+00,2.005253525215007215e-01,-2.274395386068507607e-02,3.242249578678917392e-04,1.628638418960739909e+00
8.472125911477869309e+00,2.002981085801026073e-01,-2.269351095717992220e-02,3.223919887437751652e-04,1.628870262849627437e+00
8.482128409602399444e+00,2.000713683734263171e-01,-2.264323196224240012e-02,3.205713546084188728e-04,1.629101341741211240e+00
8.492130907726931355e+00,1.998451302654407347e-01,-2.259311618382079181e-02,3.187629594090780568e-04,1.629331658934073612e+00
8.502133405851461490e+00,1.996193926270193597e-01,-2.254316293341001795e-02,3.169667079407073726e-04,1.629561217709402099e+00
8.512135903975993401e+00,1.993941538359046972e-01,-2.249337152603051240e-02,3.151825058376145306e-04,1.629790021331097627e+00
8.522138402100523535e+00,1.991694122766733688e-01,-2.244374128020737089e-02,3.134102595652085428e-04,1.630018073045879312e+00
8.532140900225055447e+00,1.989451663407007798e-01,-2.239427151794951693e-02,3.116498764118317221e-04,1.630245376083393927e+00
8.542143398349587358e+00,1.987214144261267856e-01,-2.234496156472909681e-02,3.099012644806868762e-04,1.630471933656316263e+00
8.552145896474117492e+00,1.984981549378209698e-01,-2.229581074946097169e-02,3.081643326818467917e-04,1.630697748960458160e+00
8.562148394598649404e+00,1.982753862873481432e-01,-2.224681840448231376e-02,3.064389907243501290e-04,1.630922825174869972e+00
8.572150892723179538e+00,1.980531068929345939e-01,-2.219798386553243144e-02,3.047251491083869811e-04,1.631147165461943604e+00
8.582153390847711449e+00,1.978313151794337810e-01,-2.214930647173259451e-02,3.030227191175624947e-04,1.631370772967514204e+00
8.592155888972241584e+00,1.976100095782928889e-01,-2.210078556556614726e-02,3.013316128112493962e-04,1.631593650820963859e+00
8.602158387096773495e+00,1.973891885275190494e-01,-2.205242049285859388e-02,2.996517430170180375e-04,1.631815802135320403e+00
8.612160885221303630e+00,1.971688504716463120e-01,-2.200421060275796481e-02,2.979830233231526367e-04,1.632037230007358231e+00
8.622163383345835541e+00,1.969489938617021152e-01,-2.195615524771516933e-02,2.963253680712420570e-04,1.632257937517698210e+00
8.632165881470367452e+00,1.967296171551748130e-01,-2.190825378346460822e-02,2.946786923488569428e-04,1.632477927730905609e+00
8.642168379594897587e+00,1.965107188159805340e-01,-2.186050556900483166e-02,2.930429119822983586e-04,1.632697203695588239e+00
8.652170877719429498e+00,1.962922973144307637e-01,-2.181290996657932885e-02,2.914179435294287734e-04,1.632915768444495264e+00
8.662173375843959633e+00,1.960743511272001194e-01,-2.176546634165750851e-02,2.898037042725786676e-04,1.633133624994612232e+00
8.672175873968491544e+00,1.958568787372938769e-01,-2.171817406291568983e-02,2.882001122115268664e-04,1.633350776347257005e+00
8.682178372093021679e+00,1.956398786340163842e-01,-2.167103250221837432e-02,2.866070860565597483e-04,1.633567225488177455e+00
8.692180870217553590e+00,1.954233493129388100e-01,-2.162404103459946228e-02,2.850245452215992466e-04,1.633782975387642722e+00
8.702183368342085501e+00,1.952072892758679457e-01,-2.157719903824376062e-02,2.834524098174095639e-04,1.633998029000540919e+00
8.712185866466615636e+00,1.949916970308145925e-01,-2.153050589446849072e-02,2.818906006448724079e-04,1.634212389266469279e+00
8.722188364591147547e+00,1.947765710919622251e-01,-2.148396098770496282e-02,2.803390391883338393e-04,1.634426059109830076e+00
8.732190862715677682e+00,1.945619099796361828e-01,-2.143756370548039955e-02,2.787976476090249533e-04,1.634639041439919893e+00
8.742193360840209593e+00,1.943477122202725005e-01,-2.139131343839979771e-02,2.772663487385477760e-04,1.634851339151021987e+00
8.752195858964739728e+00,1.941339763463875434e-01,-2.134520958012802588e-02,2.757450660724349955e-04,1.635062955122499329e+00
8.762198357089271639e+00,1.939207008965471435e-01,-2.129925152737189784e-02,2.742337237637732265e-04,1.635273892218881420e+00
8.772200855213801773e+00,1.937078844153365675e-01,-2.125343867986250954e-02,2.727322466168980494e-04,1.635484153289955778e+00
8.782203353338333685e+00,1.934955254533301250e-01,-2.120777044033755540e-02,2.712405600811522042e-04,1.635693741170857862e+00
8.792205851462865596e+00,1.932836225670613306e-01,-2.116224621452387697e-02,2.697585902447118726e-04,1.635902658682156563e+00
8.802208349587395730e+00,1.930721743189930395e-01,-2.111686541112005322e-02,2.682862638284774152e-04,1.636110908629945238e+00
8.812210847711927642e+00,1.928611792774877487e-01,-2.107162744177909844e-02,2.668235081800275892e-04,1.636318493805926533e+00
8.822213345836457776e+00,1.926506360167783150e-01,-2.102653172109135438e-02,2.653702512676399568e-04,1.636525416987500980e+00
8.832215843960989687e+00,1.924405431169383396e-01,-2.098157766656736853e-02,2.639264216743700026e-04,1.636731680937850264e+00
8.842218342085519822e+00,1.922308991638534692e-01,-2.093676469862103609e-02,2.624919485921979058e-04,1.636937288406025592e+00
8.852220840210051733e+00,1.920217027491920025e-01,-2.089209224055267947e-02,2.610667618162309861e-04,1.637142242127030967e+00
8.862223338334583644e+00,1.918129524703764133e-01,-2.084755971853240186e-02,2.596507917389717429e-04,1.637346544821906447e+00
8.872225836459113779e+00,1.916046469305546784e-01,-2.080316656158344435e-02,2.582439693446437925e-04,1.637550199197814527e+00
8.882228334583645690e+00,1.913967847385716070e-01,-2.075891220156566783e-02,2.568462262035757547e-04,1.637753207948122292e+00
8.892230832708175825e+00,1.911893645089409177e-01,-2.071479607315918417e-02,2.554574944666481860e-04,1.637955573752480243e+00
8.902233330832707736e+00,1.909823848618166786e-01,-2.067081761384804289e-02,2.540777068597928801e-04,1.638157299276911560e+00
8.912235828957237871e+00,1.907758444229657457e-01,-2.062697626390407046e-02,2.527067966785552142e-04,1.638358387173886488e+00
8.922238327081769782e+00,1.905697418237396745e-01,-2.058327146637074778e-02,2.513446977827087005e-04,1.638558840082406931e+00
8.932240825206299917e+00,1.903640757010472695e-01,-2.053970266704729583e-02,2.499913445909287884e-04,1.638758660628086616e+00
8.942243323330831828e+00,1.901588446973268842e-01,-2.049626931447274050e-02,2.486466720755193594e-04,1.638957851423229251e+00
8.952245821455363739e+00,1.899540474605193596e-01,-2.045297085991018560e-02,2.473106157571971185e-04,1.639156415066909123e+00
8.962248319579893874e+00,1.897496826440406847e-01,-2.040980675733114480e-02,2.459831116999274848e-04,1.639354354145049708e+00
8.972250817704425785e+00,1.895457489067549350e-01,-2.036677646339992570e-02,2.446640965058149097e-04,1.639551671230501162e+00
8.982253315828955920e+00,1.893422449129475993e-01,-2.032387943745824280e-02,2.433535073100474583e-04,1.639748368883118479e+00
8.992255813953487831e+00,1.891391693322986567e-01,-2.028111514150976805e-02,2.420512817758912658e-04,1.639944449649837876e+00
9.002258312078017966e+00,1.889365208398562923e-01,-2.023848304020494163e-02,2.407573580897399068e-04,1.640139916064754511e+00
9.012260810202549877e+00,1.887342981160101962e-01,-2.019598260082573413e-02,2.394716749562113896e-04,1.640334770649197971e+00
9.022263308327080011e+00,1.885324998464656676e-01,-2.015361329327064119e-02,2.381941715932997668e-04,1.640529015911807331e+00
9.032265806451611923e+00,1.883311247222170526e-01,-2.011137459003965039e-02,2.369247877275717942e-04,1.640722654348607312e+00
9.042268304576143834e+00,1.881301714395223201e-01,-2.006926596621941283e-02,2.356634635894191824e-04,1.640915688443081999e+00
9.052270802700673968e+00,1.879296386998769164e-01,-2.002728689946843554e-02,2.344101399083544333e-04,1.641108120666248338e+00
9.062273300825205880e+00,1.877295252099881184e-01,-1.998543687000238836e-02,2.331647579083571194e-04,1.641299953476731854e+00
9.072275798949736014e+00,1.875298296817497767e-01,-1.994371536057954961e-02,2.319272593032696290e-04,1.641491189320837041e+00
9.082278297074267925e+00,1.873305508322166135e-01,-1.990212185648625176e-02,2.306975862922365516e-04,1.641681830632621297e+00
9.092280795198798060e+00,1.871316873835794092e-01,-1.986065584552254570e-02,2.294756815551952911e-04,1.641871879833967762e+00
9.102283293323329971e+00,1.869332380631394674e-01,-1.981931681798780945e-02,2.282614882484077705e-04,1.642061339334654813e+00
9.112285791447861882e+00,1.867352016032841344e-01,-1.977810426666660321e-02,2.270549500000434192e-04,1.642250211532429338e+00
9.122288289572392017e+00,1.865375767414617358e-01,-1.973701768681449670e-02,2.258560109058027913e-04,1.642438498813075354e+00
9.132290787696923928e+00,1.863403622201569299e-01,-1.969605657614402136e-02,2.246646155245878040e-04,1.642626203550485942e+00
9.142293285821454063e+00,1.861435567868663932e-01,-1.965522043481076828e-02,2.234807088742172686e-04,1.642813328106732085e+00
9.152295783945985974e+00,1.859471591940742574e-01,-1.961450876539946528e-02,2.223042364271837301e-04,1.642999874832131724e+00
9.162298282070516109e+00,1.857511681992280173e-01,-1.957392107291026917e-02,2.211351441064555719e-04,1.643185846065318367e+00
9.172300780195048020e+00,1.855555825647142720e-01,-1.953345686474503018e-02,2.199733782813202384e-04,1.643371244133311038e+00
9.182303278319578155e+00,1.853604010578350503e-01,-1.949311565069374030e-02,2.188188857632721008e-04,1.643556071351579995e+00
9.192305776444110066e+00,1.851656224507836068e-01,-1.945289694292097471e-02,2.176716138019383500e-04,1.643740330024115348e+00
9.202308274568641977e+00,1.849712455206211359e-01,-1.941280025595251355e-02,2.165315100810509693e-04,1.643924022443492783e+00
9.212310772693172112e+00,1.847772690492529568e-01,-1.937282510666199845e-02,2.153985227144554601e-04,1.644107150890942393e+00
9.222313270817704023e+00,1.845836918234051161e-01,-1.933297101425763762e-02,2.142726002421618532e-04,1.644289717636412185e+00
9.232315768942234158e+00,1.843905126346012946e-01,-1.929323750026909479e-02,2.131536916264366473e-04,1.644471724938634916e+00
9.242318267066766069e+00,1.841977302791393822e-01,-1.925362408853436430e-02,2.120417462479314756e-04,1.644653175045194482e+00
9.252320765191296204e+00,1.840053435580686625e-01,-1.921413030518679885e-02,2.109367139018540290e-04,1.644834070192587427e+00
9.262323263315828115e+00,1.838133512771668032e-01,-1.917475567864215455e-02,2.098385447941753272e-04,1.645014412606290444e+00
9.272325761440360026e+00,1.836217522469171803e-01,-1.913549973958580258e-02,2.087471895378766712e-04,1.645194204500822543e+00
9.282328259564890161e+00,1.834305452824861737e-01,-1.909636202095993732e-02,2.076625991492335953e-04,1.645373448079809231e+00
9.292330757689422072e+00,1.832397292037006020e-01,-1.905734205795090244e-02,2.065847250441370871e-04,1.645552145536045341e+00
9.302333255813952206e+00,1.830493028350255735e-01,-1.901843938797663502e-02,2.055135190344536500e-04,1.645730299051557655e+00
9.312335753938484117e+00,1.828592650055418378e-01,-1.897965355067409571e-02,2.044489333244182711e-04,1.645907910797667517e+00
9.322338252063014252e+00,1.826696145489241085e-01,-1.894098408788688973e-02,2.033909205070684261e-04,1.646084982935051233e+00
9.332340750187546163e+00,1.824803503034186647e-01,-1.890243054365286016e-02,2.023394335607092546e-04,1.646261517613803793e+00
9.342343248312076298e+00,1.822914711118217013e-01,-1.886399246419186160e-02,2.012944258454174150e-04,1.646437516973497939e+00
9.352345746436608209e+00,1.821029758214574301e-01,-1.882566939789350607e-02,2.002558510995779530e-04,1.646612983143245224e+00
9.362348244561140120e+00,1.819148632841565416e-01,-1.878746089530508590e-02,1.992236634364573280e-04,1.646787918241757520e+00
9.372350742685670255e+00,1.817271323562346386e-01,-1.874936650911951039e-02,1.981978173408096167e-04,1.646962324377404308e+00
9.382353240810202166e+00,1.815397818984707812e-01,-1.871138579416331549e-02,1.971782676655166246e-04,1.647136203648274622e+00
9.392355738934732301e+00,1.813528107760863373e-01,-1.867351830738480517e-02,1.961649696282626921e-04,1.647309558142234565e+00
9.402358237059264212e+00,1.811662178587236383e-01,-1.863576360784219635e-02,1.951578788082406716e-04,1.647482389936986369e+00
9.412360735183794347e+00,1.809800020204250792e-01,-1.859812125669190949e-02,1.941569511428927342e-04,1.647654701100127017e+00
9.422363233308326258e+00,1.807941621396121634e-01,-1.856059081717684883e-02,1.931621429246824023e-04,1.647826493689204863e+00
9.432365731432858169e+00,1.806086970990646301e-01,-1.852317185461485952e-02,1.921734107978988085e-04,1.647997769751779140e+00
9.442368229557388304e+00,1.804236057858998321e-01,-1.848586393638716741e-02,1.911907117554930216e-04,1.648168531325475250e+00
9.452370727681920215e+00,1.802388870915520858e-01,-1.844866663192691950e-02,1.902140031359454068e-04,1.648338780438042273e+00
9.462373225806450350e+00,1.800545399117522705e-01,-1.841157951270783882e-02,1.892432426201644008e-04,1.648508519107409809e+00
9.472375723930982261e+00,1.798705631465074006e-01,-1.837460215223286203e-02,1.882783882284154550e-04,1.648677749341742382e+00
9.482378222055512396e+00,1.796869557000804751e-01,-1.833773412602296773e-02,1.873193983172811766e-04,1.648846473139497393e+00
9.492380720180044307e+00,1.795037164809702435e-01,-1.830097501160593554e-02,1.863662315766505262e-04,1.649014692489477962e+00
9.502383218304574442e+00,1.793208444018912773e-01,-1.826432438850531664e-02,1.854188470267386171e-04,1.649182409370890667e+00
9.512385716429106353e+00,1.791383383797540141e-01,-1.822778183822934203e-02,1.844772040151354086e-04,1.649349625753397275e+00
9.522388214553638264e+00,1.789561973356449676e-01,-1.819134694426000759e-02,1.835412622138836187e-04,1.649516343597169810e+00
9.532390712678168398e+00,1.787744201948071043e-01,-1.815501929204217310e-02,1.826109816165858281e-04,1.649682564852946065e+00
9.542393210802700310e+00,1.785930058866201098e-01,-1.811879846897271329e-02,1.816863225355387721e-04,1.649848291462081340e+00
9.552395708927230444e+00,1.784119533445811256e-01,-1.808268406438979722e-02,1.807672455988978261e-04,1.650013525356601507e+00
9.562398207051762355e+00,1.782312615062850991e-01,-1.804667566956216426e-02,1.798537117478667265e-04,1.650178268459256969e+00
9.572400705176292490e+00,1.780509293134059368e-01,-1.801077287767855264e-02,1.789456822339183543e-04,1.650342522683574620e+00
9.582403203300824401e+00,1.778709557116769091e-01,-1.797497528383707605e-02,1.780431186160386385e-04,1.650506289933909798e+00
9.592405701425356312e+00,1.776913396508719156e-01,-1.793928248503478748e-02,1.771459827580009535e-04,1.650669572105497807e+00
9.602408199549886447e+00,1.775120800847864444e-01,-1.790369408015724320e-02,1.762542368256655068e-04,1.650832371084506534e+00
9.612410697674418358e+00,1.773331759712186428e-01,-1.786820966996811172e-02,1.753678432843047209e-04,1.650994688748086636e+00
9.622413195798948493e+00,1.771546262719508325e-01,-1.783282885709892851e-02,1.744867648959569123e-04,1.651156526964422611e+00
9.632415693923480404e+00,1.769764299527304685e-01,-1.779755124603880911e-02,1.736109647168021161e-04,1.651317887592782752e+00
9.642418192048010539e+00,1.767985859832520990e-01,-1.776237644312432876e-02,1.727404060945681320e-04,1.651478772483570001e+00
9.652420690172542450e+00,1.766210933371385183e-01,-1.772730405652938462e-02,1.718750526659574955e-04,1.651639183478371908e+00
9.662423188297072585e+00,1.764439509919227544e-01,-1.769233369625517957e-02,1.710148683541027205e-04,1.651799122410009701e+00
9.672425686421604496e+00,1.762671579290295554e-01,-1.765746497412020583e-02,1.701598173660437126e-04,1.651958591102586693e+00
9.682428184546136407e+00,1.760907131337575149e-01,-1.762269750375036748e-02,1.693098641902321259e-04,1.652117591371539573e+00
9.692430682670666542e+00,1.759146155952609203e-01,-1.758803090056910295e-02,1.684649735940581348e-04,1.652276125023683706e+00
9.702433180795198453e+00,1.757388643065317668e-01,-1.755346478178756997e-02,1.676251106214015198e-04,1.652434193857264200e+00
9.712435678919728588e+00,1.755634582643820774e-01,-1.751899876639495535e-02,1.667902405902076080e-04,1.652591799662002758e+00
9.722438177044260499e+00,1.753883964694260278e-01,-1.748463247514874669e-02,1.659603290900850067e-04,1.652748944219144533e+00
9.732440675168790634e+00,1.752136779260624333e-01,-1.745036553056516712e-02,1.651353419799281102e-04,1.652905629301506751e+00
9.742443173293322545e+00,1.750393016424570125e-01,-1.741619755690957880e-02,1.643152453855608577e-04,1.653061856673525343e+00
9.752445671417852679e+00,1.748652666305251790e-01,-1.738212818018701131e-02,1.635000056974054820e-04,1.653217628091300906e+00
9.762448169542384591e+00,1.746915719059145000e-01,-1.734815702813270050e-02,1.626895895681714779e-04,1.653372945302646668e+00
9.772450667666916502e+00,1.745182164879875153e-01,-1.731428373020272443e-02,1.618839639105683424e-04,1.653527810047132673e+00
9.782453165791446636e+00,1.743451993998046123e-01,-1.728050791756468446e-02,1.610830958950399175e-04,1.653682224056133521e+00
9.792455663915978548e+00,1.741725196681068455e-01,-1.724682922308840710e-02,1.602869529475200647e-04,1.653836189052872330e+00
9.802458162040508682e+00,1.740001763232990606e-01,-1.721324728133678122e-02,1.594955027472107819e-04,1.653989706752467814e+00
9.812460660165040593e+00,1.738281683994328808e-01,-1.717976172855655709e-02,1.587087132243804603e-04,1.654142778861976915e+00
9.822463158289570728e+00,1.736564949341900810e-01,-1.714637220266929801e-02,1.579265525581849091e-04,1.654295407080441427e+00
9.832465656414102639e+00,1.734851549688657124e-01,-1.711307834326228350e-02,1.571489891745074887e-04,1.654447593098930858e+00
9.842468154538634550e+00,1.733141475483515881e-01,-1.707987979157958927e-02,1.563759917438211733e-04,1.654599338600589054e+00
9.852470652663164685e+00,1.731434717211197960e-01,-1.704677619051311183e-02,1.556075291790709133e-04,1.654750645260675279e+00
9.862473150787696596e+00,1.729731265392060457e-01,-1.701376718459368664e-02,1.548435706335750275e-04,1.654901514746608182e+00
9.872475648912226731e+00,1.728031110581935981e-01,-1.698085241998231742e-02,1.540840854989487113e-04,1.655051948718011534e+00
9.882478147036758642e+00,1.726334243371967780e-01,-1.694803154446133941e-02,1.533290434030453266e-04,1.655201948826753755e+00
9.892480645161288777e+00,1.724640654388449879e-01,-1.691530420742577354e-02,1.525784142079190237e-04,1.655351516716993654e+00
9.902483143285820688e+00,1.722950334292664420e-01,-1.688267005987461114e-02,1.518321680078051972e-04,1.655500654025221063e+00
9.912485641410350823e+00,1.721263273780723191e-01,-1.685012875440224794e-02,1.510902751271215975e-04,1.655649362380299028e+00
9.922488139534882734e+00,1.719579463583406909e-01,-1.681767994518989368e-02,1.503527061184870321e-04,1.655797643403508213e+00
9.932490637659414645e+00,1.717898894466008686e-01,-1.678532328799708928e-02,1.496194317607604232e-04,1.655945498708584207e+00
9.942493135783944780e+00,1.716221557228175820e-01,-1.675305844015326923e-02,1.488904230570974572e-04,1.656092929901763711e+00
9.952495633908476691e+00,1.714547442703751590e-01,-1.672088506054930646e-02,1.481656512330250142e-04,1.656239938581821836e+00
9.962498132033006826e+00,1.712876541760623150e-01,-1.668880280962923776e-02,1.474450877345364144e-04,1.656386526340114962e+00
9.972500630157538737e+00,1.711208845300561943e-01,-1.665681134938189895e-02,1.467287042262009221e-04,1.656532694760621371e+00
9.982503128282068872e+00,1.709544344259074367e-01,-1.662491034333272652e-02,1.460164725892953129e-04,1.656678445419980550e+00
9.992505626406600783e+00,1.707883029605244407e-01,-1.659309945653552471e-02,1.453083649199491290e-04,1.656823779887535153e+00
1.000250812453113269e+01,1.706224892341584309e-01,-1.656137835556433999e-02,1.446043535273106972e-04,1.656968699725368310e+00
1.001251062265566283e+01,1.704569923503880535e-01,-1.652974670850535649e-02,1.439044109317280001e-04,1.657113206488345147e+00
1.002251312078019474e+01,1.702918114161044438e-01,-1.649820418494883298e-02,1.432085098629483854e-04,1.657257301724152532e+00
1.003251561890472487e+01,1.701269455414961551e-01,-1.646675045598112661e-02,1.425166232583342134e-04,1.657400986973335932e+00
1.004251811702925679e+01,1.699623938400342538e-01,-1.643538519417670971e-02,1.418287242610958242e-04,1.657544263769341164e+00
1.005252061515378692e+01,1.697981554284574701e-01,-1.640410807359030457e-02,1.411447862185408490e-04,1.657687133638550359e+00
1.006252311327831883e+01,1.696342294267574324e-01,-1.637291876974898003e-02,1.404647826803400021e-04,1.657829598100322155e+00
1.007252561140284897e+01,1.694706149581639842e-01,-1.634181695964438685e-02,1.397886873968092706e-04,1.657971658667029669e+00
1.008252810952738088e+01,1.693073111491305016e-01,-1.631080232172495842e-02,1.391164743172077715e-04,1.658113316844097351e+00
1.009253060765191279e+01,1.691443171293195435e-01,-1.627987453588822242e-02,1.384481175880526846e-04,1.658254574130039849e+00
1.010253310577644292e+01,1.689816320315882248e-01,-1.624903328347312645e-02,1.377835915514484153e-04,1.658395432016498861e+00
1.011253560390097483e+01,1.688192549919738383e-01,-1.621827824725239134e-02,1.371228707434321299e-04,1.658535891988280442e+00
1.012253810202550497e+01,1.686571851496796726e-01,-1.618760911142497899e-02,1.364659298923352271e-04,1.658675955523392975e+00
1.013254060015003688e+01,1.684954216470606614e-01,-1.615702556160850470e-02,1.358127439171591768e-04,1.658815624093081142e+00
1.014254309827456701e+01,1.683339636296093678e-01,-1.612652728483180906e-02,1.351632879259674039e-04,1.658954899161866114e+00
1.015254559639909893e+01,1.681728102459417173e-01,-1.609611396952747089e-02,1.345175372142908877e-04,1.659093782187579080e+00
1.016254809452363084e+01,1.680119606477831484e-01,-1.606578530552444165e-02,1.338754672635501873e-04,1.659232274621398995e+00
1.017255059264816097e+01,1.678514139899546509e-01,-1.603554098404067971e-02,1.332370537394910186e-04,1.659370377907887883e+00
1.018255309077269288e+01,1.676911694303588329e-01,-1.600538069767582644e-02,1.326022724906346048e-04,1.659508093485024594e+00
1.019255558889722302e+01,1.675312261299662930e-01,-1.597530414040398625e-02,1.319710995467429334e-04,1.659645422784244762e+00
1.020255808702175493e+01,1.673715832528016589e-01,-1.594531100756645461e-02,1.313435111172969435e-04,1.659782367230471678e+00
1.021256058514628506e+01,1.672122399659302650e-01,-1.591540099586458146e-02,1.307194835899909207e-04,1.659918928242152480e+00
1.022256308327081697e+01,1.670531954394443019e-01,-1.588557380335260324e-02,1.300989935292385486e-04,1.660055107231294347e+00
1.023256558139534711e+01,1.668944488464494669e-01,-1.585582912943058614e-02,1.294820176746943002e-04,1.660190905603497580e+00
1.024256807951987902e+01,1.667359993630515291e-01,-1.582616667483733794e-02,1.288685329397881122e-04,1.660326324757990468e+00
1.025257057764441093e+01,1.665778461683428968e-01,-1.579658614164343097e-02,1.282585164102731498e-04,1.660461366087662816e+00
1.026257307576894107e+01,1.664199884443894883e-01,-1.576708723324422509e-02,1.276519453427879926e-04,1.660596030979100579e+00
1.027257557389347298e+01,1.662624253762172710e-01,-1.573766965435293916e-02,1.270487971634304475e-04,1.660730320812620953e+00
1.028257807201800311e+01,1.661051561517993824e-01,-1.570833311099377114e-02,1.264490494663464599e-04,1.660864236962301010e+00
1.029258057014253502e+01,1.659481799620428633e-01,-1.567907731049505635e-02,1.258526800123304084e-04,1.660997780796017675e+00
1.030258306826706516e+01,1.657914960007757232e-01,-1.564990196148247081e-02,1.252596667274391150e-04,1.661130953675474586e+00
1.031258556639159707e+01,1.656351034647339238e-01,-1.562080677387225544e-02,1.246699877016179986e-04,1.661263756956240512e+00
1.032258806451612720e+01,1.654790015535486936e-01,-1.559179145886451998e-02,1.240836211873410516e-04,1.661396191987777105e+00
1.033259056264065912e+01,1.653231894697334559e-01,-1.556285572893652790e-02,1.235005455982613875e-04,1.661528260113475319e+00
1.034259306076519103e+01,1.651676664186712828e-01,-1.553399929783608711e-02,1.229207395078758835e-04,1.661659962670684498e+00
1.035259555888972116e+01,1.650124316086021836e-01,-1.550522188057493547e-02,1.223441816482012884e-04,1.661791300990747233e+00
1.036259805701425307e+01,1.648574842506103921e-01,-1.547652319342216268e-02,1.217708509084621752e-04,1.661922276399029341e+00
1.037260055513878321e+01,1.647028235586119882e-01,-1.544790295389771896e-02,1.212007263337917145e-04,1.662052890214953393e+00
1.038260305326331512e+01,1.645484487493422132e-01,-1.541936088076589252e-02,1.206337871239431951e-04,1.662183143752027581e+00
1.039260555138784525e+01,1.643943590423432854e-01,-1.539089669402889625e-02,1.200700126320146909e-04,1.662313038317879466e+00
1.040260804951237716e+01,1.642405536599518823e-01,-1.536251011492042497e-02,1.195093823631840401e-04,1.662442575214286178e+00
1.041261054763690908e+01,1.640870318272868722e-01,-1.533420086589932022e-02,1.189518759734559420e-04,1.662571755737205281e+00
1.042261304576143921e+01,1.639337927722372690e-01,-1.530596867064321250e-02,1.183974732684210467e-04,1.662700581176805636e+00
1.043261554388597112e+01,1.637808357254497416e-01,-1.527781325404221728e-02,1.178461542020245315e-04,1.662829052817497599e+00
1.044261804201050126e+01,1.636281599203168735e-01,-1.524973434219270910e-02,1.172978988753482576e-04,1.662957171937964995e+00
1.045262054013503317e+01,1.634757645929648118e-01,-1.522173166239105917e-02,1.167526875354016948e-04,1.663084939811192653e+00
1.046262303825956330e+01,1.633236489822415816e-01,-1.519380494312748929e-02,1.162105005739258299e-04,1.663212357704498823e+00
1.047262553638409521e+01,1.631718123297049572e-01,-1.516595391407988061e-02,1.156713185262061953e-04,1.663339426879563598e+00
1.048262803450862535e+01,1.630202538796107214e-01,-1.513817830610770208e-02,1.151351220698977840e-04,1.663466148592459559e+00
1.049263053263315726e+01,1.628689728789008140e-01,-1.511047785124589385e-02,1.146018920238600197e-04,1.663592524093680636e+00
1.050263303075768917e+01,1.627179685771917017e-01,-1.508285228269885640e-02,1.140716093470027325e-04,1.663718554628170532e+00
1.051263552888221930e+01,1.625672402267626382e-01,-1.505530133483443458e-02,1.135442551371420948e-04,1.663844241435354032e+00
1.052263802700675122e+01,1.624167870825440341e-01,-1.502782474317793104e-02,1.130198106298668987e-04,1.663969585749164537e+00
1.053264052513128135e+01,1.622666084021059663e-01,-1.500042224440619430e-02,1.124982571974154574e-04,1.664094588798072261e+00
1.054264302325581326e+01,1.621167034456466038e-01,-1.497309357634169467e-02,1.119795763475621030e-04,1.664219251805114430e+00
1.055264552138034340e+01,1.619670714759810226e-01,-1.494583847794668345e-02,1.114637497225147694e-04,1.664343575987922597e+00
1.056264801950487531e+01,1.618177117585294089e-01,-1.491865668931732433e-02,1.109507590978203007e-04,1.664467562558750835e+00
1.057265051762940722e+01,1.616686235613061517e-01,-1.489154795167793414e-02,1.104405863812823498e-04,1.664591212724504832e+00
1.058265301575393735e+01,1.615198061549084074e-01,-1.486451200737519580e-02,1.099332136118870011e-04,1.664714527686768752e+00
1.059265551387846926e+01,1.613712588125048586e-01,-1.483754859987241638e-02,1.094286229587385729e-04,1.664837508641832997e+00
1.060265801200299940e+01,1.612229808098246953e-01,-1.481065747374386669e-02,1.089267967200054061e-04,1.664960156780723288e+00
1.061266051012753131e+01,1.610749714251464293e-01,-1.478383837466906887e-02,1.084277173218744361e-04,1.665082473289225984e+00
1.062266300825206145e+01,1.609272299392869587e-01,-1.475709104942721228e-02,1.079313673175157258e-04,1.665204459347916277e+00
1.063266550637659336e+01,1.607797556355904378e-01,-1.473041524589151392e-02,1.074377293860553462e-04,1.665326116132186618e+00
1.064266800450112349e+01,1.606325477999176465e-01,-1.470381071302368468e-02,1.069467863315590726e-04,1.665447444812270472e+00
1.065267050262565540e+01,1.604856057206347497e-01,-1.467727720086836780e-02,1.064585210820227892e-04,1.665568446553272741e+00
1.066267300075018731e+01,1.603389286886028609e-01,-1.465081446054765542e-02,1.059729166883744404e-04,1.665689122515192855e+00
1.067267549887471745e+01,1.601925159971670787e-01,-1.462442224425562418e-02,1.054899563234829610e-04,1.665809473852955191e+00
1.068267799699924936e+01,1.600463669421458013e-01,-1.459810030525286392e-02,1.050096232811767081e-04,1.665929501716430838e+00
1.069268049512377949e+01,1.599004808218201790e-01,-1.457184839786111394e-02,1.045319009752709855e-04,1.666049207250467568e+00
1.070268299324831140e+01,1.597548569369234006e-01,-1.454566627745785060e-02,1.040567729386034155e-04,1.666168591594913595e+00
1.071268549137284154e+01,1.596094945906303408e-01,-1.451955370047097391e-02,1.035842228220788791e-04,1.666287655884644670e+00
1.072268798949737345e+01,1.594643930885468741e-01,-1.449351042437346630e-02,1.031142343937217602e-04,1.666406401249588942e+00
1.073269048762190536e+01,1.593195517386995774e-01,-1.446753620767813123e-02,1.026467915377375688e-04,1.666524828814752279e+00
1.074269298574643550e+01,1.591749698515254052e-01,-1.444163080993233692e-02,1.021818782535826280e-04,1.666642939700244908e+00
1.075269548387096741e+01,1.590306467398611423e-01,-1.441579399171277580e-02,1.017194786550412549e-04,1.666760735021305173e+00
1.076269798199549754e+01,1.588865817189333840e-01,-1.439002551462030370e-02,1.012595769693123748e-04,1.666878215888325743e+00
1.077270048012002945e+01,1.587427741063481557e-01,-1.436432514127474434e-02,1.008021575361031419e-04,1.666995383406877140e+00
1.078270297824455959e+01,1.585992232220808651e-01,-1.433869263530979619e-02,1.003472048067312599e-04,1.667112238677735059e+00
1.079270547636909150e+01,1.584559283884660608e-01,-1.431312776136788555e-02,9.989470334323459510e-05,1.667228782796901676e+00
1.080270797449362163e+01,1.583128889301874398e-01,-1.428763028509513755e-02,9.944463781748909650e-05,1.667345016855632744e+00
1.081271047261815355e+01,1.581701041742678560e-01,-1.426219997313629001e-02,9.899699301033450857e-05,1.667460941940460684e+00
1.082271297074268546e+01,1.580275734500593277e-01,-1.423683659312971299e-02,9.855175381070748397e-05,1.667576559133219449e+00
1.083271546886721559e+01,1.578852960892331014e-01,-1.421153991370240934e-02,9.810890521478236685e-05,1.667691869511067626e+00
1.084271796699174750e+01,1.577432714257697710e-01,-1.418630970446504297e-02,9.766843232511957917e-05,1.667806874146513518e+00
1.085272046511627764e+01,1.576014987959495905e-01,-1.416114573600703828e-02,9.723032034982188095e-05,1.667921574107438021e+00
1.086272296324080955e+01,1.574599775383425104e-01,-1.413604777989164833e-02,9.679455460169702748e-05,1.668035970457118822e+00
1.087272546136533968e+01,1.573187069937987126e-01,-1.411101560865111494e-02,9.636112049742920837e-05,1.668150064254253939e+00
1.088272795948987159e+01,1.571776865054386185e-01,-1.408604899578178374e-02,9.593000355675588068e-05,1.668263856552983704e+00
1.089273045761440173e+01,1.570369154186435912e-01,-1.406114771573933192e-02,9.550118940165383118e-05,1.668377348402916294e+00
1.090273295573893364e+01,1.568963930810461649e-01,-1.403631154393393185e-02,9.507466375553075462e-05,1.668490540849148607e+00
1.091273545386346555e+01,1.567561188425205809e-01,-1.401154025672552914e-02,9.465041244242470588e-05,1.668603434932290908e+00
1.092273795198799569e+01,1.566160920551733782e-01,-1.398683363141908775e-02,9.422842138621050469e-05,1.668716031688488588e+00
1.093274045011252760e+01,1.564763120733337620e-01,-1.396219144625987160e-02,9.380867660981225247e-05,1.668828332149445481e+00
1.094274294823705773e+01,1.563367782535444728e-01,-1.393761348042879197e-02,9.339116423442411622e-05,1.668940337342445845e+00
1.095274544636158964e+01,1.561974899545522377e-01,-1.391309951403771686e-02,9.297587047873651989e-05,1.669052048290376788e+00
1.096274794448611978e+01,1.560584465372987228e-01,-1.388864932812488434e-02,9.256278165817026396e-05,1.669163466011751584e+00
1.097275044261065169e+01,1.559196473649109571e-01,-1.386426270465025180e-02,9.215188418411583563e-05,1.669274591520730100e+00
1.098275294073518360e+01,1.557810918026924507e-01,-1.383993942649096656e-02,9.174316456318104031e-05,1.669385425827142555e+00
1.099275543885971373e+01,1.556427792181139524e-01,-1.381567927743679140e-02,9.133660939644402694e-05,1.669495969936510615e+00
1.100275793698424565e+01,1.555047089808041239e-01,-1.379148204218557001e-02,9.093220537871247978e-05,1.669606224850068488e+00
1.101276043510877578e+01,1.553668804625408795e-01,-1.376734750633876181e-02,9.052993929779090101e-05,1.669716191564785790e+00
1.102276293323330769e+01,1.552292930372420054e-01,-1.374327545639693511e-02,9.012979803375216242e-05,1.669825871073388424e+00
1.103276543135783783e+01,1.550919460809564165e-01,-1.371926567975534535e-02,8.973176855821691751e-05,1.669935264364380334e+00
1.104276792948236974e+01,1.549548389718550800e-01,-1.369531796469949068e-02,8.933583793363828558e-05,1.670044372422064383e+00
1.105277042760689987e+01,1.548179710902223005e-01,-1.367143210040073879e-02,8.894199331259352887e-05,1.670153196226563219e+00
1.106277292573143178e+01,1.546813418184466715e-01,-1.364760787691192412e-02,8.855022193708079841e-05,1.670261736753841708e+00
1.107277542385596369e+01,1.545449505410124436e-01,-1.362384508516303015e-02,8.816051113782298132e-05,1.670369994975725358e+00
1.108277792198049383e+01,1.544087966444908089e-01,-1.360014351695685263e-02,8.777284833357726736e-05,1.670477971859924304e+00
1.109278042010502574e+01,1.542728795175309364e-01,-1.357650296496468525e-02,8.738722103044964851e-05,1.670585668370051069e+00
1.110278291822955588e+01,1.541371985508516174e-01,-1.355292322272208354e-02,8.700361682121711643e-05,1.670693085465642547e+00
1.111278541635408779e+01,1.540017531372323556e-01,-1.352940408462456785e-02,8.662202338465385795e-05,1.670800224102180431e+00
1.112278791447861792e+01,1.538665426715051243e-01,-1.350594534592343930e-02,8.624242848486505348e-05,1.670907085231111422e+00
1.113279041260314983e+01,1.537315665505454287e-01,-1.348254680272153831e-02,8.586481997062426683e-05,1.671013669799866319e+00
1.114279291072768174e+01,1.535968241732641459e-01,-1.345920825196910038e-02,8.548918577471865488e-05,1.671119978751882451e+00
1.115279540885221188e+01,1.534623149405989484e-01,-1.343592949145958233e-02,8.511551391329847337e-05,1.671226013026620993e+00
1.116279790697674379e+01,1.533280382555057275e-01,-1.341271031982551633e-02,8.474379248523190888e-05,1.671331773559588285e+00
1.117280040510127392e+01,1.531939935229505723e-01,-1.338955053653443847e-02,8.437400967146709355e-05,1.671437261282356035e+00
1.118280290322580584e+01,1.530601801499010817e-01,-1.336644994188475669e-02,8.400615373439738608e-05,1.671542477122579529e+00
1.119280540135033597e+01,1.529265975453183157e-01,-1.334340833700173139e-02,8.364021301723383549e-05,1.671647422004017614e+00
1.120280789947486788e+01,1.527932451201483854e-01,-1.332042552383339885e-02,8.327617594338188685e-05,1.671752096846553126e+00
1.121281039759939802e+01,1.526601222873144592e-01,-1.329750130514657791e-02,8.291403101582437536e-05,1.671856502566210434e+00
1.122281289572392993e+01,1.525272284617082974e-01,-1.327463548452285751e-02,8.255376681650841003e-05,1.671960640075176086e+00
1.123281539384846184e+01,1.523945630601823420e-01,-1.325182786635463808e-02,8.219537200573892523e-05,1.672064510281817240e+00
1.124281789197299197e+01,1.522621255015415842e-01,-1.322907825584117118e-02,8.183883532157650118e-05,1.672168114090699875e+00
1.125282039009752388e+01,1.521299152065354598e-01,-1.320638645898462860e-02,8.148414557924055137e-05,1.672271452402610104e+00
1.126282288822205402e+01,1.519979315978498557e-01,-1.318375228258620614e-02,8.113129167051744302e-05,1.672374526114569271e+00
1.127282538634658593e+01,1.518661741000991716e-01,-1.316117553424222403e-02,8.078026256317398437e-05,1.672477336119856162e+00
1.128282788447111606e+01,1.517346421398183820e-01,-1.313865602234027923e-02,8.043104730037551979e-05,1.672579883308022319e+00
1.129283038259564798e+01,1.516033351454550704e-01,-1.311619355605538571e-02,8.008363500010895811e-05,1.672682168564913585e+00
1.130283288072017989e+01,1.514722525473616577e-01,-1.309378794534617196e-02,7.973801485461103208e-05,1.672784192772685641e+00
1.131283537884471002e+01,1.513413937777875751e-01,-1.307143900095107322e-02,7.939417612980105739e-05,1.672885956809824881e+00
1.132283787696924193e+01,1.512107582708714093e-01,-1.304914653438453767e-02,7.905210816471848923e-05,1.672987461551163069e+00
1.133284037509377207e+01,1.510803454626332698e-01,-1.302691035793330718e-02,7.871180037096553396e-05,1.673088707867899094e+00
1.134284287321830398e+01,1.509501547909668784e-01,-1.300473028465263213e-02,7.837324223215374520e-05,1.673189696627614298e+00
1.135284537134283411e+01,1.508201856956322695e-01,-1.298260612836260250e-02,7.803642330335673215e-05,1.673290428694291121e+00
1.136284786946736602e+01,1.506904376182477134e-01,-1.296053770364441471e-02,7.770133321056536151e-05,1.673390904928331091e+00
1.137285036759189616e+01,1.505609100022824998e-01,-1.293852482583672699e-02,7.736796165014969511e-05,1.673491126186571698e+00
1.138285286571642807e+01,1.504316022930491104e-01,-1.291656731103197481e-02,7.703629838832373278e-05,1.673591093322305046e+00
1.139285536384095998e+01,1.503025139376958363e-01,-1.289466497607276614e-02,7.670633326061576608e-05,1.673690807185293394e+00
1.140285786196549012e+01,1.501736443851993674e-01,-1.287281763854825241e-02,7.637805617134297393e-05,1.673790268621788035e+00
1.141286036009002203e+01,1.500449930863570480e-01,-1.285102511679052720e-02,7.605145709308944700e-05,1.673889478474547055e+00
1.142286285821455216e+01,1.499165594937798274e-01,-1.282928722987107008e-02,7.572652606619032433e-05,1.673988437582848876e+00
1.143286535633908407e+01,1.497883430618845713e-01,-1.280760379759717134e-02,7.540325319821850492e-05,1.674087146782514912e+00
1.144286785446361421e+01,1.496603432468870121e-01,-1.278597464050842264e-02,7.508162866347717335e-05,1.674185606905921331e+00
1.145287035258814612e+01,1.495325595067941438e-01,-1.276439957987316777e-02,7.476164270249509010e-05,1.674283818782017708e+00
1.146287285071267803e+01,1.494049913013971165e-01,-1.274287843768504187e-02,7.444328562152724871e-05,1.674381783236345900e+00
1.147287534883720816e+01,1.492776380922641033e-01,-1.272141103665947251e-02,7.412654779205958512e-05,1.674479501091052702e+00
1.148287784696174008e+01,1.491504993427328063e-01,-1.269999720023021889e-02,7.381141965031674985e-05,1.674576973164908944e+00
1.149288034508627021e+01,1.490235745179035454e-01,-1.267863675254595444e-02,7.349789169677542326e-05,1.674674200273326585e+00
1.150288284321080212e+01,1.488968630846319863e-01,-1.265732951846681650e-02,7.318595449568065289e-05,1.674771183228371818e+00
1.151288534133533226e+01,1.487703645115221185e-01,-1.263607532356104089e-02,7.287559867456679878e-05,1.674867922838785717e+00
1.152288783945986417e+01,1.486440782689191775e-01,-1.261487399410154281e-02,7.256681492378217857e-05,1.674964419909995561e+00
1.153289033758439430e+01,1.485180038289025395e-01,-1.259372535706258442e-02,7.225959399601749374e-05,1.675060675244135489e+00
1.154289283570892621e+01,1.483921406652787822e-01,-1.257262924011639908e-02,7.195392670583863339e-05,1.675156689640059593e+00
1.155289533383345812e+01,1.482664882535747464e-01,-1.255158547162989364e-02,7.164980392922311000e-05,1.675252463893358357e+00
1.156289783195798826e+01,1.481410460710306243e-01,-1.253059388066132124e-02,7.134721660310037127e-05,1.675347998796375526e+00
1.157290033008252017e+01,1.480158135965928268e-01,-1.250965429695698530e-02,7.104615572489535104e-05,1.675443295138221655e+00
1.158290282820705031e+01,1.478907903109075161e-01,-1.248876655094799046e-02,7.074661235207727853e-05,1.675538353704793204e+00
1.159290532633158222e+01,1.477659756963133897e-01,-1.246793047374695693e-02,7.044857760171034428e-05,1.675633175278784304e+00
1.160290782445611235e+01,1.476413692368351571e-01,-1.244714589714480957e-02,7.015204265000963809e-05,1.675727760639704522e+00
1.161291032258064426e+01,1.475169704181766017e-01,-1.242641265360753741e-02,6.985699873189974319e-05,1.675822110563894185e+00
1.162291282070517440e+01,1.473927787277138912e-01,-1.240573057627300871e-02,6.956343714057740973e-05,1.675916225824538142e+00
1.163291531882970631e+01,1.472687936544889442e-01,-1.238509949894776689e-02,6.927134922707794170e-05,1.676010107191682419e+00
1.164291781695423822e+01,1.471450146892026578e-01,-1.236451925610388379e-02,6.898072639984474154e-05,1.676103755432248876e+00
1.165292031507876835e+01,1.470214413242083018e-01,-1.234398968287579897e-02,6.869156012430270369e-05,1.676197171310050527e+00
1.166292281320330027e+01,1.468980730535049128e-01,-1.232351061505717292e-02,6.840384192243503694e-05,1.676290355585805525e+00
1.167292531132783040e+01,1.467749093727307719e-01,-1.230308188909780449e-02,6.811756337236366465e-05,1.676383309017153378e+00
1.168292780945236231e+01,1.466519497791566873e-01,-1.228270334210048928e-02,6.783271610793263357e-05,1.676476032358668933e+00
1.169293030757689245e+01,1.465291937716797499e-01,-1.226237481181798213e-02,6.754929181829584604e-05,1.676568526361876366e+00
1.170293280570142436e+01,1.464066408508165329e-01,-1.224209613664988677e-02,6.726728224750687911e-05,1.676660791775266501e+00
1.171293530382595627e+01,1.462842905186968745e-01,-1.222186715563964091e-02,6.698667919411342524e-05,1.676752829344307250e+00
1.172293780195048640e+01,1.461621422790574387e-01,-1.220168770847147345e-02,6.670747451075445696e-05,1.676844639811462478e+00
1.173294030007501831e+01,1.460401956372350818e-01,-1.218155763546736881e-02,6.642966010376021046e-05,1.676936223916202451e+00
1.174294279819954845e+01,1.459184501001608569e-01,-1.216147677758410046e-02,6.615322793275676353e-05,1.677027582395020477e+00
1.175294529632408036e+01,1.457969051763533253e-01,-1.214144497641021780e-02,6.587817001027222621e-05,1.677118715981447572e+00
1.176294779444861049e+01,1.456755603759125051e-01,-1.212146207416310052e-02,6.560447840134755288e-05,1.677209625406064664e+00
1.177295029257314241e+01,1.455544152105134603e-01,-1.210152791368598185e-02,6.533214522314960404e-05,1.677300311396517252e+00
1.178295279069767254e+01,1.454334691934001111e-01,-1.208164233844504637e-02,6.506116264458778600e-05,1.677390774677531393e+00
1.179295528882220445e+01,1.453127218393790165e-01,-1.206180519252647056e-02,6.479152288593367206e-05,1.677481015970923250e+00
1.180295778694673636e+01,1.451921726648131294e-01,-1.204201632063355530e-02,6.452321821844372732e-05,1.677571035995618853e+00
1.181296028507126650e+01,1.450718211876157737e-01,-1.202227556808381503e-02,6.425624096398524531e-05,1.677660835467661871e+00
1.182296278319579841e+01,1.449516669272443159e-01,-1.200258278080610155e-02,6.399058349466491393e-05,1.677750415100232262e+00
1.183296528132032854e+01,1.448317094046942533e-01,-1.198293780533777296e-02,6.372623823246099982e-05,1.677839775603656491e+00
1.184296777944486045e+01,1.447119481424929965e-01,-1.196334048882181054e-02,6.346319764885783676e-05,1.677928917685422405e+00
1.185297027756939059e+01,1.445923826646939858e-01,-1.194379067900403282e-02,6.320145426448408156e-05,1.678017842050192332e+00
1.186297277569392250e+01,1.444730124968704454e-01,-1.192428822423025232e-02,6.294100064875284028e-05,1.678106549399818181e+00
1.187297527381845441e+01,1.443538371661096387e-01,-1.190483297344349829e-02,6.268182941950586017e-05,1.678195040433351881e+00
1.188297777194298455e+01,1.442348562010067892e-01,-1.188542477618122553e-02,6.242393324265976806e-05,1.678283315847059809e+00
1.189298027006751646e+01,1.441160691316591136e-01,-1.186606348257254057e-02,6.216730483185541230e-05,1.678371376334437226e+00
1.190298276819204659e+01,1.439974754896600206e-01,-1.184674894333547467e-02,6.191193694811021326e-05,1.678459222586220267e+00
1.191298526631657850e+01,1.438790748080931159e-01,-1.182748100977421002e-02,6.165782239947291280e-05,1.678546855290398154e+00
1.192298776444110864e+01,1.437608666215264841e-01,-1.180825953377639091e-02,6.140495404068167101e-05,1.678634275132227627e+00
1.193299026256564055e+01,1.436428504660066940e-01,-1.178908436781038807e-02,6.115332477282420958e-05,1.678721482794245379e+00
1.194299276069017068e+01,1.435250258790532474e-01,-1.176995536492262892e-02,6.090292754300158032e-05,1.678808478956280714e+00
1.195299525881470259e+01,1.434073923996525279e-01,-1.175087237873489142e-02,6.065375534399352616e-05,1.678895264295467538e+00
1.196299775693923451e+01,1.432899495682523061e-01,-1.173183526344166554e-02,6.040580121392768434e-05,1.678981839486259231e+00
1.197300025506376464e+01,1.431726969267558824e-01,-1.171284387380748700e-02,6.015905823595054454e-05,1.679068205200438868e+00
1.198300275318829655e+01,1.430556340185164255e-01,-1.169389806516429008e-02,5.991351953790151065e-05,1.679154362107132092e+00
1.199300525131282669e+01,1.429387603883313096e-01,-1.167499769340881594e-02,5.966917829198939514e-05,1.679240310872822217e+00
1.200300774943735860e+01,1.428220755824364807e-01,-1.165614261499996543e-02,5.942602771447159688e-05,1.679326052161358662e+00
1.201301024756188873e+01,1.427055791485009328e-01,-1.163733268695623692e-02,5.918406106533600299e-05,1.679411586633972275e+00
1.202301274568642064e+01,1.425892706356209627e-01,-1.161856776685311898e-02,5.894327164798487614e-05,1.679496914949286657e+00
1.203301524381095255e+01,1.424731495943146742e-01,-1.159984771282054385e-02,5.870365280892177087e-05,1.679582037763330149e+00
1.204301774193548269e+01,1.423572155765165936e-01,-1.158117238354031825e-02,5.846519793744115357e-05,1.679666955729547384e+00
1.205302024006001460e+01,1.422414681355718691e-01,-1.156254163824358208e-02,5.822790046531949298e-05,1.679751669498813271e+00
1.206302273818454474e+01,1.421259068262310798e-01,-1.154395533670829650e-02,5.799175386651009794e-05,1.679836179719443212e+00
1.207302523630907665e+01,1.420105312046445745e-01,-1.152541333925670951e-02,5.775675165683936458e-05,1.679920487037205756e+00
1.208302773443360678e+01,1.418953408283571693e-01,-1.150691550675287701e-02,5.752288739370605932e-05,1.680004592095334814e+00
1.209303023255813869e+01,1.417803352563025976e-01,-1.148846170060014750e-02,5.729015467578249917e-05,1.680088495534539650e+00
1.210303273068266883e+01,1.416655140487983744e-01,-1.147005178273872127e-02,5.705854714271886270e-05,1.680172197993020200e+00
1.211303522880720074e+01,1.415508767675401069e-01,-1.145168561564315762e-02,5.682805847484872754e-05,1.680255700106474404e+00
1.212303772693173265e+01,1.414364229755964708e-01,-1.143336306231994975e-02,5.659868239289814499e-05,1.680339002508113744e+00
1.213304022505626278e+01,1.413221522374037142e-01,-1.141508398630507876e-02,5.637041265769611068e-05,1.680422105828672574e+00
1.214304272318079470e+01,1.412080641187604402e-01,-1.139684825166158502e-02,5.614324306988780660e-05,1.680505010696419443e+00
1.215304522130532483e+01,1.410941581868223049e-01,-1.137865572297717780e-02,5.591716746964988283e-05,1.680587717737170417e+00
1.216304771942985674e+01,1.409804340100968556e-01,-1.136050626536180830e-02,5.569217973640821942e-05,1.680670227574297959e+00
1.217305021755438688e+01,1.408668911584382843e-01,-1.134239974444532263e-02,5.546827378855774142e-05,1.680752540828744701e+00
1.218305271567891879e+01,1.407535292030421270e-01,-1.132433602637504880e-02,5.524544358318425326e-05,1.680834658119032321e+00
1.219305521380344892e+01,1.406403477164403504e-01,-1.130631497781347909e-02,5.502368311578920048e-05,1.680916580061275534e+00
1.220305771192798083e+01,1.405273462724959399e-01,-1.128833646593587967e-02,5.480298642001555634e-05,1.680998307269190528e+00
1.221306021005251274e+01,1.404145244463979869e-01,-1.127040035842799201e-02,5.458334756737685253e-05,1.681079840354107624e+00
1.222306270817704288e+01,1.403018818146564706e-01,-1.125250652348369455e-02,5.436476066698763302e-05,1.681161179924981930e+00
1.223306520630157479e+01,1.401894179550972341e-01,-1.123465482980267986e-02,5.414721986529640149e-05,1.681242326588403557e+00
1.224306770442610492e+01,1.400771324468569612e-01,-1.121684514658818563e-02,5.393071934582062199e-05,1.681323280948610055e+00
1.225307020255063684e+01,1.399650248703780409e-01,-1.119907734354467534e-02,5.371525332888354238e-05,1.681404043607496179e+00
1.226307270067516697e+01,1.398530948074037661e-01,-1.118135129087559354e-02,5.350081607135364031e-05,1.681484615164624108e+00
1.227307519879969888e+01,1.397413418409731156e-01,-1.116366685928107602e-02,5.328740186638534972e-05,1.681564996217236319e+00
1.228307769692423079e+01,1.396297655554159800e-01,-1.114602391995572067e-02,5.307500504316253867e-05,1.681645187360263805e+00
1.229308019504876093e+01,1.395183655363481934e-01,-1.112842234458634276e-02,5.286361996664365405e-05,1.681725189186338287e+00
1.230308269317329284e+01,1.394071413706665097e-01,-1.111086200534972673e-02,5.265324103730866201e-05,1.681805002285801764e+00
1.231308519129782297e+01,1.392960926465438287e-01,-1.109334277491044914e-02,5.244386269090842785e-05,1.681884627246718278e+00
1.232308768942235488e+01,1.391852189534242834e-01,-1.107586452641863388e-02,5.223547939821572903e-05,1.681964064654882796e+00
1.233309018754688502e+01,1.390745198820184658e-01,-1.105842713350779251e-02,5.202808566477847035e-05,1.682043315093833646e+00
1.234309268567141693e+01,1.389639950242984312e-01,-1.104103047029261590e-02,5.182167603067429519e-05,1.682122379144860069e+00
1.235309518379594707e+01,1.388536439734930905e-01,-1.102367441136682495e-02,5.161624507026789361e-05,1.682201257387014870e+00
1.236309768192047898e+01,1.387434663240832977e-01,-1.100635883180099348e-02,5.141178739196948950e-05,1.682279950397123747e+00
1.237310018004501089e+01,1.386334616717971591e-01,-1.098908360714041799e-02,5.120829763799566564e-05,1.682358458749795727e+00
1.238310267816954102e+01,1.385236296136052869e-01,-1.097184861340297184e-02,5.100577048413184206e-05,1.682436783017432491e+00
1.239310517629407293e+01,1.384139697477160535e-01,-1.095465372707697151e-02,5.080420063949660442e-05,1.682514923770239923e+00
1.240310767441860307e+01,1.383044816735708726e-01,-1.093749882511908106e-02,5.060358284630787543e-05,1.682592881576236987e+00
1.241311017254313498e+01,1.381951649918396197e-01,-1.092038378495218537e-02,5.040391187965104469e-05,1.682670657001264614e+00
1.242311267066766511e+01,1.380860193044159689e-01,-1.090330848446332580e-02,5.020518254724883999e-05,1.682748250608999463e+00
1.243311516879219703e+01,1.379770442144125364e-01,-1.088627280200158559e-02,5.000738968923243194e-05,1.682825662960959257e+00
1.244311766691672894e+01,1.378682393261566608e-01,-1.086927661637604632e-02,4.981052817791558105e-05,1.682902894616515432e+00
1.245312016504125907e+01,1.377596042451855185e-01,-1.085231980685371495e-02,4.961459291756917792e-05,1.682979946132901361e+00
1.246312266316579098e+01,1.376511385782415442e-01,-1.083540225315746640e-02,4.941957884419809411e-05,1.683056818065224114e+00
1.247312516129032112e+01,1.375428419332681285e-01,-1.081852383546402438e-02,4.922548092532022171e-05,1.683133510966471347e+00
1.248312765941485303e+01,1.374347139194048162e-01,-1.080168443440190917e-02,4.903229415974625835e-05,1.683210025387523068e+00
1.249313015753938316e+01,1.373267541469830044e-01,-1.078488393104944099e-02,4.884001357736206716e-05,1.683286361877160298e+00
1.250313265566391507e+01,1.372189622275212517e-01,-1.076812220693271205e-02,4.864863423891197864e-05,1.683362520982074617e+00
1.251313515378844521e+01,1.371113377737210315e-01,-1.075139914402360557e-02,4.845815123578453196e-05,1.683438503246877938e+00
1.252313765191297712e+01,1.370038803994620968e-01,-1.073471462473779385e-02,4.826855968979911756e-05,1.683514309214111160e+00
1.253314015003750903e+01,1.368965897197981507e-01,-1.071806853193277460e-02,4.807985475299476777e-05,1.683589939424254611e+00
1.254314264816203917e+01,1.367894653509524883e-01,-1.070146074890589334e-02,4.789203160742051954e-05,1.683665394415736039e+00
1.255314514628657108e+01,1.366825069103133616e-01,-1.068489115939238662e-02,4.770508546492682072e-05,1.683740674724941710e+00
1.256314764441110121e+01,1.365757140164299277e-01,-1.066835964756344783e-02,4.751901156695955878e-05,1.683815780886223301e+00
1.257315014253563312e+01,1.364690862890076684e-01,-1.065186609802426521e-02,4.733380518435467899e-05,1.683890713431909436e+00
1.258315264066016326e+01,1.363626233489042272e-01,-1.063541039581212579e-02,4.714946161713512695e-05,1.683965472892312576e+00
1.259315513878469517e+01,1.362563248181248576e-01,-1.061899242639446732e-02,4.696597619430854998e-05,1.684040059795739674e+00
1.260315763690922708e+01,1.361501903198184538e-01,-1.060261207566699608e-02,4.678334427366761421e-05,1.684114474668501060e+00
1.261316013503375721e+01,1.360442194782729985e-01,-1.058626922995177522e-02,4.660156124159074855e-05,1.684188718034917764e+00
1.262316263315828913e+01,1.359384119189114282e-01,-1.056996377599533216e-02,4.642062251284511802e-05,1.684262790417332845e+00
1.263316513128281926e+01,1.358327672682874132e-01,-1.055369560096679898e-02,4.624052353039093208e-05,1.684336692336118935e+00
1.264316762940735117e+01,1.357272851540810288e-01,-1.053746459245601987e-02,4.606125976518697938e-05,1.684410424309686682e+00
1.265317012753188131e+01,1.356219652050948132e-01,-1.052127063847171570e-02,4.588282671599837163e-05,1.684483986854495186e+00
1.266317262565641322e+01,1.355168070512491607e-01,-1.050511362743960717e-02,4.570521990920447039e-05,1.684557380485057765e+00
1.267317512378094335e+01,1.354118103235786297e-01,-1.048899344820060364e-02,4.552843489860988356e-05,1.684630605713954843e+00
1.268317762190547526e+01,1.353069746542274465e-01,-1.047290999000894188e-02,4.535246726525548212e-05,1.684703663051837941e+00
1.269318012003000717e+01,1.352022996764455642e-01,-1.045686314253039227e-02,4.517731261723173443e-05,1.684776553007443001e+00
1.270318261815453731e+01,1.350977850245845269e-01,-1.044085279584043048e-02,4.500296658949313826e-05,1.684849276087594827e+00
1.271318511627906922e+01,1.349934303340932784e-01,-1.042487884042242463e-02,4.482942484367393349e-05,1.684921832797218189e+00
1.272318761440359935e+01,1.348892352415142493e-01,-1.040894116716586937e-02,4.465668306790559702e-05,1.684994223639345368e+00
1.273319011252813127e+01,1.347851993844791652e-01,-1.039303966736456961e-02,4.448473697663531346e-05,1.685066449115124154e+00
1.274319261065266140e+01,1.346813224017051058e-01,-1.037717423271489019e-02,4.431358231044612629e-05,1.685138509723827616e+00
1.275319510877719331e+01,1.345776039329904528e-01,-1.036134475531396391e-02,4.414321483587827492e-05,1.685210405962861202e+00
1.276319760690172522e+01,1.344740436192108368e-01,-1.034555112765795683e-02,4.397363034525188019e-05,1.685282138327770740e+00
1.277320010502625536e+01,1.343706411023153080e-01,-1.032979324264030919e-02,4.380482465649122230e-05,1.685353707312252869e+00
1.278320260315078727e+01,1.342673960253221721e-01,-1.031407099354997997e-02,4.363679361294986578e-05,1.685425113408160591e+00
1.279320510127531740e+01,1.341643080323152160e-01,-1.029838427406974503e-02,4.346953308323766148e-05,1.685496357105512821e+00
1.280320759939984931e+01,1.340613767684395996e-01,-1.028273297827444338e-02,4.330303896104847363e-05,1.685567438892503045e+00
1.281321009752437945e+01,1.339586018798981926e-01,-1.026711700062929097e-02,4.313730716498993974e-05,1.685638359255505758e+00
1.282321259564891136e+01,1.338559830139473827e-01,-1.025153623598814602e-02,4.297233363841357616e-05,1.685709118679086016e+00
1.283321509377344150e+01,1.337535198188934404e-01,-1.023599057959184190e-02,4.280811434924707909e-05,1.685779717646006537e+00
1.284321759189797341e+01,1.336512119440885216e-01,-1.022047992706646632e-02,4.264464528982728290e-05,1.685850156637236363e+00
1.285322009002250532e+01,1.335490590399268929e-01,-1.020500417442171334e-02,4.248192247673461601e-05,1.685920436131958189e+00
1.286322258814703545e+01,1.334470607578410462e-01,-1.018956321804919025e-02,4.231994195062872908e-05,1.685990556607576352e+00
1.287322508627156736e+01,1.333452167502978958e-01,-1.017415695472075575e-02,4.215869977608534291e-05,1.686060518539725495e+00
1.288322758439609750e+01,1.332435266707950872e-01,-1.015878528158687712e-02,4.199819204143455322e-05,1.686130322402276560e+00
1.289323008252062941e+01,1.331419901738569722e-01,-1.014344809617496838e-02,4.183841485859973177e-05,1.686199968667346782e+00
1.290323258064515954e+01,1.330406069150311954e-01,-1.012814529638776662e-02,4.167936436293862300e-05,1.686269457805305683e+00
1.291323507876969146e+01,1.329393765508846137e-01,-1.011287678050168566e-02,4.152103671308450837e-05,1.686338790284783506e+00
1.292323757689422159e+01,1.328382987389997716e-01,-1.009764244716521153e-02,4.136342809078944431e-05,1.686407966572678996e+00
1.293324007501875350e+01,1.327373731379711264e-01,-1.008244219539727003e-02,4.120653470076823875e-05,1.686476987134166272e+00
1.294324257314328541e+01,1.326365994074013566e-01,-1.006727592458563775e-02,4.105035277054368124e-05,1.686545852432703496e+00
1.295324507126781555e+01,1.325359772078976428e-01,-1.005214353448533569e-02,4.089487855029289796e-05,1.686614562930039529e+00
1.296324756939234746e+01,1.324355062010680872e-01,-1.003704492521703510e-02,4.074010831269498067e-05,1.686683119086221483e+00
1.297325006751687759e+01,1.323351860495179666e-01,-1.002197999726548404e-02,4.058603835277954398e-05,1.686751521359602490e+00
1.298325256564140950e+01,1.322350164168461240e-01,-1.000694865147792878e-02,4.043266498777655656e-05,1.686819770206849034e+00
1.299325506376593964e+01,1.321349969676414993e-01,-9.991950789062550853e-03,4.027998455696745991e-05,1.686887866082948495e+00
1.300325756189047155e+01,1.320351273674792436e-01,-9.976986311586900566e-03,4.012799342153678842e-05,1.686955809441216259e+00
1.301326006001500346e+01,1.319354072829173607e-01,-9.962055120976356579e-03,3.997668796442561246e-05,1.687023600733302819e+00
1.302326255813953360e+01,1.318358363814930712e-01,-9.947157119512578527e-03,3.982606459018567919e-05,1.687091240409201109e+00
1.303326505626406551e+01,1.317364143317192038e-01,-9.932292209831966590e-03,3.967611972483459711e-05,1.687158728917254935e+00
1.304326755438859564e+01,1.316371408030807821e-01,-9.917460294924145339e-03,3.952684981571242319e-05,1.687226066704164529e+00
1.305327005251312755e+01,1.315380154660313050e-01,-9.902661278130426778e-03,3.937825133133877859e-05,1.687293254214993876e+00
1.306327255063765769e+01,1.314390379919894158e-01,-9.887895063142316740e-03,3.923032076127161774e-05,1.687360291893178488e+00
1.307327504876218960e+01,1.313402080533353500e-01,-9.873161553999993539e-03,3.908305461596666157e-05,1.687427180180533615e+00
1.308327754688671973e+01,1.312415253234073820e-01,-9.858460655090824781e-03,3.893644942663787421e-05,1.687493919517257579e+00
1.309328004501125164e+01,1.311429894764984672e-01,-9.843792271147861622e-03,3.879050174511920691e-05,1.687560510341943987e+00
1.310328254313578356e+01,1.310446001878527444e-01,-9.829156307248365990e-03,3.864520814372715508e-05,1.687626953091583060e+00
1.311328504126031369e+01,1.309463571336620946e-01,-9.814552668812341271e-03,3.850056521512438596e-05,1.687693248201574292e+00
1.312328753938484560e+01,1.308482599910626987e-01,-9.799981261601040453e-03,3.835656957218433537e-05,1.687759396105727783e+00
1.313329003750937574e+01,1.307503084381317349e-01,-9.785441991715534971e-03,3.821321784785701052e-05,1.687825397236276004e+00
1.314329253563390765e+01,1.306525021538838260e-01,-9.770934765595233260e-03,3.807050669503537571e-05,1.687891252023877353e+00
1.315329503375843778e+01,1.305548408182677922e-01,-9.756459490016460012e-03,3.792843278642314063e-05,1.687956960897624592e+00
1.316329753188296969e+01,1.304573241121632365e-01,-9.742016072090992074e-03,3.778699281440325337e-05,1.688022524285050840e+00
1.317330003000750160e+01,1.303599517173772149e-01,-9.727604419264642907e-03,3.764618349090750486e-05,1.688087942612136017e+00
1.318330252813203174e+01,1.302627233166409049e-01,-9.713224439315836650e-03,3.750600154728700052e-05,1.688153216303316162e+00
1.319330502625656365e+01,1.301656385936061922e-01,-9.698876040354171765e-03,3.736644373418347904e-05,1.688218345781485441e+00
1.320330752438109378e+01,1.300686972328425617e-01,-9.684559130819038464e-03,3.722750682140200674e-05,1.688283331468007242e+00
1.321331002250562570e+01,1.299718989198335728e-01,-9.670273619478185825e-03,3.708918759778394970e-05,1.688348173782718620e+00
1.322331252063015583e+01,1.298752433409738338e-01,-9.656019415426346161e-03,3.695148287108160611e-05,1.688412873143936066e+00
1.323331501875468774e+01,1.297787301835654494e-01,-9.641796428083828155e-03,3.681438946783294707e-05,1.688477429968465060e+00
1.324331751687921788e+01,1.296823591358150507e-01,-9.627604567195146429e-03,3.667790423323811236e-05,1.688541844671603398e+00
1.325332001500374979e+01,1.295861298868303813e-01,-9.613443742827630298e-03,3.654202403103615026e-05,1.688606117667149187e+00
1.326332251312828170e+01,1.294900421266171053e-01,-9.599313865370068949e-03,3.640674574338292955e-05,1.688670249367407283e+00
1.327332501125281183e+01,1.293940955460756992e-01,-9.585214845531337541e-03,3.627206627073009519e-05,1.688734240183195734e+00
1.328332750937734374e+01,1.292982898369980649e-01,-9.571146594339037181e-03,3.613798253170441007e-05,1.688798090523850881e+00
1.329333000750187388e+01,1.292026246920645605e-01,-9.557109023138159187e-03,3.600449146298864196e-05,1.688861800797236468e+00
1.330333250562640579e+01,1.291070998048406693e-01,-9.543102043589723332e-03,3.587159001920268742e-05,1.688925371409746967e+00
1.331333500375093593e+01,1.290117148697740024e-01,-9.529125567669457716e-03,3.573927517278611889e-05,1.688988802766315578e+00
1.332333750187546784e+01,1.289164695821909401e-01,-9.515179507666449155e-03,3.560754391388095530e-05,1.689052095270419329e+00
1.333333999999999975e+01,1.288213636382936900e-01,-9.501263776181840398e-03,3.547639325021591673e-05,1.689115249324087298e+00
1.334334249812452988e+01,1.287263967351571503e-01,-9.487378286127497867e-03,3.534582020699122111e-05,1.689178265327904604e+00
1.335334499624906179e+01,1.286315685707256906e-01,-9.473522950724698466e-03,3.521582182676403832e-05,1.689241143681019741e+00
1.336334749437359193e+01,1.285368788438102094e-01,-9.459697683502840682e-03,3.508639516933520459e-05,1.689303884781150566e+00
1.337334999249812384e+01,1.284423272540849703e-01,-9.445902398298122726e-03,3.495753731163637736e-05,1.689366489024590079e+00
1.338335249062265397e+01,1.283479135020845208e-01,-9.432137009252276189e-03,3.482924534761812531e-05,1.689428956806212856e+00
1.339335498874718589e+01,1.282536372892007503e-01,-9.418401430811254582e-03,3.470151638813902804e-05,1.689491288519480605e+00
1.340335748687171602e+01,1.281594983176797542e-01,-9.404695577723979141e-03,3.457434756085523651e-05,1.689553484556449270e+00
1.341335998499624793e+01,1.280654962906188077e-01,-9.391019365041036043e-03,3.444773601011100249e-05,1.689615545307773692e+00
1.342336248312077984e+01,1.279716309119634521e-01,-9.377372708113439551e-03,3.432167889683013641e-05,1.689677471162714273e+00
1.343336498124530998e+01,1.278779018865044137e-01,-9.363755522591350050e-03,3.419617339840798690e-05,1.689739262509142748e+00
1.344336747936984189e+01,1.277843089198746063e-01,-9.350167724422821583e-03,3.407121670860429452e-05,1.689800919733547957e+00
1.345336997749437202e+01,1.276908517185462166e-01,-9.336609229852563252e-03,3.394680603743691289e-05,1.689862443221042065e+00
1.346337247561890393e+01,1.275975299898276794e-01,-9.323079955420681547e-03,3.382293861107614632e-05,1.689923833355365890e+00
1.347337497374343407e+01,1.275043434418608457e-01,-9.309579817961459100e-03,3.369961167174008373e-05,1.689985090518895561e+00
1.348337747186796598e+01,1.274112917836178749e-01,-9.296108734602103948e-03,3.357682247759026447e-05,1.690046215092646964e+00
1.349337996999249611e+01,1.273183747248984310e-01,-9.282666622761550843e-03,3.345456830262854360e-05,1.690107207456282623e+00
1.350338246811702803e+01,1.272255919763267684e-01,-9.269253400149213978e-03,3.333284643659446540e-05,1.690168067988117695e+00
1.351338496624155994e+01,1.271329432493487899e-01,-9.255868984763791774e-03,3.321165418486339576e-05,1.690228797065123301e+00
1.352338746436609007e+01,1.270404282562291598e-01,-9.242513294892061235e-03,3.309098886834535260e-05,1.690289395062936295e+00
1.353338996249062198e+01,1.269480467100484455e-01,-9.229186249107654977e-03,3.297084782338468326e-05,1.690349862355860822e+00
1.354339246061515212e+01,1.268557983247003140e-01,-9.215887766269892020e-03,3.285122840166041278e-05,1.690410199316875417e+00
1.355339495873968403e+01,1.267636828148884787e-01,-9.202617765522570423e-03,3.273212797008705975e-05,1.690470406317641006e+00
1.356339745686421416e+01,1.266716998961241181e-01,-9.189376166292789402e-03,3.261354391071667860e-05,1.690530483728501565e+00
1.357339995498874607e+01,1.265798492847229062e-01,-9.176162888289764522e-03,3.249547362064113238e-05,1.690590431918493675e+00
1.358340245311327799e+01,1.264881306978022091e-01,-9.162977851503667157e-03,3.237791451189522601e-05,1.690650251255351177e+00
1.359340495123780812e+01,1.263965438532783092e-01,-9.149820976204444886e-03,3.226086401136062570e-05,1.690709942105508956e+00
1.360340744936234003e+01,1.263050884698635190e-01,-9.136692182940660961e-03,3.214431956067018484e-05,1.690769504834110704e+00
1.361340994748687017e+01,1.262137642670635995e-01,-9.123591392538349387e-03,3.202827861611344225e-05,1.690828939805012920e+00
1.362341244561140208e+01,1.261225709651747073e-01,-9.110518526099845721e-03,3.191273864854210008e-05,1.690888247380790688e+00
1.363341494373593221e+01,1.260315082852809798e-01,-9.097473505002661234e-03,3.179769714327701957e-05,1.690947427922742552e+00
1.364341744186046412e+01,1.259405759492514543e-01,-9.084456250898322385e-03,3.168315160001499326e-05,1.691006481790896299e+00
1.365341993998499426e+01,1.258497736797375699e-01,-9.071466685711262329e-03,3.156909953273687912e-05,1.691065409344015391e+00
1.366342243810952617e+01,1.257591012001703090e-01,-9.058504731637663857e-03,3.145553846961599909e-05,1.691124210939601857e+00
1.367342493623405808e+01,1.256685582347575325e-01,-9.045570311144359582e-03,3.134246595292732355e-05,1.691182886933903617e+00
1.368342743435858821e+01,1.255781445084813430e-01,-9.032663346967700901e-03,3.122987953895734701e-05,1.691241437681918702e+00
1.369342993248312013e+01,1.254878597470952262e-01,-9.019783762112444300e-03,3.111777679791437719e-05,1.691299863537401249e+00
1.370343243060765026e+01,1.253977036771215803e-01,-9.006931479850653274e-03,3.100615531383982694e-05,1.691358164852865054e+00
1.371343492873218217e+01,1.253076760258488576e-01,-8.994106423720584637e-03,3.089501268451970266e-05,1.691416341979590676e+00
1.372343742685671231e+01,1.252177765213290106e-01,-8.981308517525606050e-03,3.078434652139707534e-05,1.691474395267629882e+00
1.373343992498124422e+01,1.251280048923748833e-01,-8.968537685333085804e-03,3.067415444948505977e-05,1.691532325065810749e+00
1.374344242310577613e+01,1.250383608685574632e-01,-8.955793851473320757e-03,3.056443410728024775e-05,1.691590131721741441e+00
1.375344492123030626e+01,1.249488441802033140e-01,-8.943076940538455602e-03,3.045518314667696469e-05,1.691647815581818648e+00
1.376344741935483817e+01,1.248594545583919940e-01,-8.930386877381388255e-03,3.034639923288208515e-05,1.691705376991228471e+00
1.377344991747936831e+01,1.247701917349533923e-01,-8.917723587114722086e-03,3.023808004433032617e-05,1.691762816293953975e+00
1.378345241560390022e+01,1.246810554424651746e-01,-8.905086995109685183e-03,3.013022327260028260e-05,1.691820133832780959e+00
1.379345491372843036e+01,1.245920454142502160e-01,-8.892477026995075640e-03,3.002282662233101131e-05,1.691877329949299291e+00
1.380345741185296227e+01,1.245031613843739365e-01,-8.879893608656198173e-03,2.991588781113907274e-05,1.691934404983912454e+00
1.381345990997749240e+01,1.244144030876419005e-01,-8.867336666233826756e-03,2.980940456953645005e-05,1.691991359275838880e+00
1.382346240810202431e+01,1.243257702595970959e-01,-8.854806126123137763e-03,2.970337464084866813e-05,1.692048193163118386e+00
1.383346490622655622e+01,1.242372626365175342e-01,-8.842301914972693425e-03,2.959779578113384097e-05,1.692104906982617507e+00
1.384346740435108636e+01,1.241488799554136269e-01,-8.829823959683387111e-03,2.949266575910201380e-05,1.692161501070032381e+00
1.385346990247561827e+01,1.240606219540257016e-01,-8.817372187407416378e-03,2.938798235603522349e-05,1.692217975759896742e+00
1.386347240060014840e+01,1.239724883708215181e-01,-8.804946525547266423e-03,2.928374336570811463e-05,1.692274331385583475e+00
1.387347489872468032e+01,1.238844789449937145e-01,-8.792546901754665772e-03,2.917994659430899271e-05,1.692330568279310388e+00
1.388347739684921045e+01,1.237965934164573928e-01,-8.780173243929599233e-03,2.907658986036160901e-05,1.692386686772146875e+00
1.389347989497374236e+01,1.237088315258475374e-01,-8.767825480219272258e-03,2.897367099464726755e-05,1.692442687194016582e+00
1.390348239309827427e+01,1.236211930145166560e-01,-8.755503539017111744e-03,2.887118784012773147e-05,1.692498569873701841e+00
1.391348489122280441e+01,1.235336776245322815e-01,-8.743207348961770306e-03,2.876913825186848186e-05,1.692554335138850341e+00
1.392348738934733632e+01,1.234462850986744603e-01,-8.730936838936114927e-03,2.866752009696249838e-05,1.692609983315978450e+00
1.393348988747186645e+01,1.233590151804334206e-01,-8.718691938066246844e-03,2.856633125445476825e-05,1.692665514730475662e+00
1.394349238559639836e+01,1.232718676140070607e-01,-8.706472575720497140e-03,2.846556961526707652e-05,1.692720929706609700e+00
1.395349488372092850e+01,1.231848421442986036e-01,-8.694278681508469178e-03,2.836523308212354511e-05,1.692776228567532071e+00
1.396349738184546041e+01,1.230979385169141127e-01,-8.682110185280025524e-03,2.826531956947646659e-05,1.692831411635280059e+00
1.397349987996999054e+01,1.230111564781601607e-01,-8.669967017124345990e-03,2.816582700343285965e-05,1.692886479230784058e+00
1.398350237809452246e+01,1.229244957750413730e-01,-8.657849107368930167e-03,2.806675332168135322e-05,1.692941431673870456e+00
1.399350487621905437e+01,1.228379561552581239e-01,-8.645756386578653738e-03,2.796809647341976513e-05,1.692996269283266741e+00
1.400350737434358450e+01,1.227515373672041221e-01,-8.633688785554797032e-03,2.786985441928301288e-05,1.693050992376606390e+00
1.401350987246811641e+01,1.226652391599640096e-01,-8.621646235334080519e-03,2.777202513127156641e-05,1.693105601270431748e+00
1.402351237059264655e+01,1.225790612833111554e-01,-8.609628667187734993e-03,2.767460659268057858e-05,1.693160096280200699e+00
1.403351486871717846e+01,1.224930034877051294e-01,-8.597636012620526666e-03,2.757759679802913757e-05,1.693214477720288658e+00
1.404351736684170859e+01,1.224070655242894962e-01,-8.585668203369844695e-03,2.748099375299037990e-05,1.693268745903996342e+00
1.405351986496624050e+01,1.223212471448894556e-01,-8.573725171404728007e-03,2.738479547432186770e-05,1.693322901143549997e+00
1.406352236309077242e+01,1.222355481020095530e-01,-8.561806848924961508e-03,2.728899998979655213e-05,1.693376943750109165e+00
1.407352486121530255e+01,1.221499681488313199e-01,-8.549913168360132390e-03,2.719360533813409598e-05,1.693430874033769351e+00
1.408352735933983446e+01,1.220645070392110121e-01,-8.538044062368695120e-03,2.709860956893278235e-05,1.693484692303566463e+00
1.409352985746436460e+01,1.219791645276773889e-01,-8.526199463837074582e-03,2.700401074260192145e-05,1.693538398867482364e+00
1.410353235558889651e+01,1.218939403694292989e-01,-8.514379305878722395e-03,2.690980693029451483e-05,1.693591994032447534e+00
1.411353485371342664e+01,1.218088343203335422e-01,-8.502583521833225258e-03,2.681599621384064814e-05,1.693645478104346180e+00
1.412353735183795855e+01,1.217238461369225394e-01,-8.490812045265376876e-03,2.672257668568115148e-05,1.693698851388019788e+00
1.413353984996248869e+01,1.216389755763921388e-01,-8.479064809964296720e-03,2.662954644880183240e-05,1.693752114187272895e+00
1.414354234808702060e+01,1.215542223965992846e-01,-8.467341749942505422e-03,2.653690361666801039e-05,1.693805266804875753e+00
1.415354484621155251e+01,1.214695863560598943e-01,-8.455642799435048734e-03,2.644464631315973242e-05,1.693858309542568996e+00
1.416354734433608265e+01,1.213850672139466097e-01,-8.443967892898593744e-03,2.635277267250724938e-05,1.693911242701067854e+00
1.417354984246061456e+01,1.213006647300864937e-01,-8.432316965010542426e-03,2.626128083922689565e-05,1.693964066580066818e+00
1.418355234058514469e+01,1.212163786649589625e-01,-8.420689950668155607e-03,2.617016896805765652e-05,1.694016781478242306e+00
1.419355483870967660e+01,1.211322087796934954e-01,-8.409086784987663057e-03,2.607943522389789823e-05,1.694069387693258877e+00
1.420355733683420674e+01,1.210481548360674842e-01,-8.397507403303396123e-03,2.598907778174268070e-05,1.694121885521771453e+00
1.421355983495873865e+01,1.209642165965040539e-01,-8.385951741166909959e-03,2.589909482662148036e-05,1.694174275259430873e+00
1.422356233308326878e+01,1.208803938240698983e-01,-8.374419734346123106e-03,2.580948455353629229e-05,1.694226557200885663e+00
1.423356483120780069e+01,1.207966862824731008e-01,-8.362911318824443191e-03,2.572024516740019329e-05,1.694278731639789148e+00
1.424356732933233260e+01,1.207130937360610112e-01,-8.351426430799923847e-03,2.563137488297634193e-05,1.694330798868801891e+00
1.425356982745686274e+01,1.206296159498180809e-01,-8.339965006684393889e-03,2.554287192481731741e-05,1.694382759179594355e+00
1.426357232558139465e+01,1.205462526893637393e-01,-8.328526983102610762e-03,2.545473452720497010e-05,1.694434612862853795e+00
1.427357482370592479e+01,1.204630037209502569e-01,-8.317112296891417469e-03,2.536696093409059730e-05,1.694486360208285580e+00
1.428357732183045670e+01,1.203798688114606497e-01,-8.305720885098890824e-03,2.527954939903558651e-05,1.694538001504619196e+00
1.429357981995498683e+01,1.202968477284065418e-01,-8.294352684983508778e-03,2.519249818515242133e-05,1.694589537039609795e+00
1.430358231807951874e+01,1.202139402399260842e-01,-8.283007634013310819e-03,2.510580556504611756e-05,1.694640967100045748e+00
1.431358481620405065e+01,1.201311461147818588e-01,-8.271685669865063567e-03,2.501946982075603886e-05,1.694692291971747533e+00
1.432358731432858079e+01,1.200484651223588384e-01,-8.260386730423441987e-03,2.493348924369816633e-05,1.694743511939576175e+00
1.433358981245311270e+01,1.199658970326621804e-01,-8.249110753780191513e-03,2.484786213460755451e-05,1.694794627287435684e+00
1.434359231057764283e+01,1.198834416163153394e-01,-8.237857678233316203e-03,2.476258680348154286e-05,1.694845638298274615e+00
1.435359480870217475e+01,1.198010986445578185e-01,-8.226627442286258210e-03,2.467766156952291653e-05,1.694896545254093390e+00
1.436359730682670488e+01,1.197188678892433245e-01,-8.215419984647089405e-03,2.459308476108390385e-05,1.694947348435945855e+00
1.437359980495123679e+01,1.196367491228375185e-01,-8.204235244227692583e-03,2.450885471561010283e-05,1.694998048123944168e+00
1.438360230307576693e+01,1.195547421184161713e-01,-8.193073160142965231e-03,2.442496977958520711e-05,1.695048644597260790e+00
1.439360480120029884e+01,1.194728466496629421e-01,-8.181933671710009404e-03,2.434142830847569813e-05,1.695099138134134931e+00
1.440360729932483075e+01,1.193910624908675472e-01,-8.170816718447340699e-03,2.425822866667631653e-05,1.695149529011873879e+00
1.441360979744936088e+01,1.193093894169236363e-01,-8.159722240074090277e-03,2.417536922745559455e-05,1.695199817506858775e+00
1.442361229557389279e+01,1.192278272033267944e-01,-8.148650176509203424e-03,2.409284837290184242e-05,1.695250003894545276e+00
1.443361479369842293e+01,1.191463756261726403e-01,-8.137600467870678006e-03,2.401066449386965316e-05,1.695300088449471554e+00
1.444361729182295484e+01,1.190650344621546619e-01,-8.126573054474743943e-03,2.392881598992641751e-05,1.695350071445257623e+00
1.445361978994748497e+01,1.189838034885624535e-01,-8.115567876835122485e-03,2.384730126929966563e-05,1.695399953154612227e+00
1.446362228807201689e+01,1.189026824832795648e-01,-8.104584875662212626e-03,2.376611874882431384e-05,1.695449733849334395e+00
1.447362478619654880e+01,1.188216712247816415e-01,-8.093623991862343436e-03,2.368526685389057550e-05,1.695499413800318100e+00
1.448362728432107893e+01,1.187407694921344542e-01,-8.082685166536996910e-03,2.360474401839209550e-05,1.695548993277555816e+00
1.449362978244561084e+01,1.186599770649918589e-01,-8.071768340982029069e-03,2.352454868467436933e-05,1.695598472550140956e+00
1.450363228057014098e+01,1.185792937235940203e-01,-8.060873456686930977e-03,2.344467930348373137e-05,1.695647851886273427e+00
1.451363477869467289e+01,1.184987192487653301e-01,-8.050000455334044638e-03,2.336513433391641432e-05,1.695697131553261849e+00
1.452363727681920302e+01,1.184182534219125754e-01,-8.039149278797827480e-03,2.328591224336815752e-05,1.695746311817526442e+00
1.453363977494373493e+01,1.183378960250229539e-01,-8.028319869144082133e-03,2.320701150748401181e-05,1.695795392944604352e+00
1.454364227306826507e+01,1.182576468406622283e-01,-8.017512168629226110e-03,2.312843061010860508e-05,1.695844375199152321e+00
1.455364477119279698e+01,1.181775056519727557e-01,-8.006726119699521596e-03,2.305016804323660107e-05,1.695893258844948681e+00
1.456364726931732889e+01,1.180974722426716556e-01,-7.995961664990360734e-03,2.297222230696364934e-05,1.695942044144899796e+00
1.457364976744185903e+01,1.180175463970489225e-01,-7.985218747325507557e-03,2.289459190943754876e-05,1.695990731361040726e+00
1.458365226556639094e+01,1.179377278999654277e-01,-7.974497309716362461e-03,2.281727536680967864e-05,1.696039320754540558e+00
1.459365476369092107e+01,1.178580165368512261e-01,-7.963797295361245768e-03,2.274027120318699568e-05,1.696087812585704624e+00
1.460365726181545298e+01,1.177784120937035300e-01,-7.953118647644644851e-03,2.266357795058405463e-05,1.696136207113978944e+00
1.461365975993998312e+01,1.176989143570850022e-01,-7.942461310136511576e-03,2.258719414887563543e-05,1.696184504597951559e+00
1.462366225806451503e+01,1.176195231141217157e-01,-7.931825226591523309e-03,2.251111834574935001e-05,1.696232705295359411e+00
1.463366475618904694e+01,1.175402381525015028e-01,-7.921210340948373410e-03,2.243534909665895050e-05,1.696280809463088568e+00
1.464366725431357708e+01,1.174610592604720116e-01,-7.910616597329051328e-03,2.235988496477764071e-05,1.696328817357178442e+00
1.465366975243810899e+01,1.173819862268388609e-01,-7.900043940038124421e-03,2.228472452095181460e-05,1.696376729232826008e+00
1.466367225056263912e+01,1.173030188409639185e-01,-7.889492313562040601e-03,2.220986634365516065e-05,1.696424545344387580e+00
1.467367474868717103e+01,1.172241568927633315e-01,-7.878961662568410157e-03,2.213530901894289501e-05,1.696472265945383917e+00
1.468367724681170117e+01,1.171454001727058880e-01,-7.868451931905310129e-03,2.206105114040654341e-05,1.696519891288501558e+00
1.469367974493623308e+01,1.170667484718110885e-01,-7.857963066600578278e-03,2.198709130912878762e-05,1.696567421625597705e+00
1.470368224306076321e+01,1.169882015816474247e-01,-7.847495011861124400e-03,2.191342813363877592e-05,1.696614857207702887e+00
1.471368474118529512e+01,1.169097592943305064e-01,-7.837047713072226029e-03,2.184006022986757938e-05,1.696662198285024070e+00
1.472368723930982704e+01,1.168314214025214098e-01,-7.826621115796843220e-03,2.176698622110416305e-05,1.696709445106946879e+00
1.473368973743435717e+01,1.167531876994248041e-01,-7.816215165774936802e-03,2.169420473795140127e-05,1.696756597922041587e+00
1.474369223555888908e+01,1.166750579787871889e-01,-7.805829808922766684e-03,2.162171441828252997e-05,1.696803656978063124e+00
1.475369473368341922e+01,1.165970320348952011e-01,-7.795464991332233529e-03,2.154951390719788028e-05,1.696850622521956842e+00
1.476369723180795113e+01,1.165191096625737693e-01,-7.785120659270177920e-03,2.147760185698181871e-05,1.696897494799860295e+00
1.477369972993248126e+01,1.164412906571844486e-01,-7.774796759177720305e-03,2.140597692706007027e-05,1.696944274057105462e+00
1.478370222805701317e+01,1.163635748146236298e-01,-7.764493237669580113e-03,2.133463778395724484e-05,1.696990960538224513e+00
1.479370472618154331e+01,1.162859619313208470e-01,-7.754210041533413957e-03,2.126358310125470578e-05,1.697037554486950928e+00
1.480370722430607522e+01,1.162084518042370146e-01,-7.743947117729137360e-03,2.119281155954865531e-05,1.697084056146223041e+00
1.481370972243060713e+01,1.161310442308627067e-01,-7.733704413388274232e-03,2.112232184640850115e-05,1.697130465758187379e+00
1.482371222055513726e+01,1.160537390092164917e-01,-7.723481875813291604e-03,2.105211265633560267e-05,1.697176783564201319e+00
1.483371471867966918e+01,1.159765359378431698e-01,-7.713279452476934361e-03,2.098218269072210844e-05,1.697223009804837091e+00
1.484371721680419931e+01,1.158994348158120941e-01,-7.703097091021585997e-03,2.091253065781021732e-05,1.697269144719883327e+00
1.485371971492873122e+01,1.158224354427155045e-01,-7.692934739258598144e-03,2.084315527265164631e-05,1.697315188548349507e+00
1.486372221305326136e+01,1.157455376186667800e-01,-7.682792345167661734e-03,2.077405525706733200e-05,1.697361141528467732e+00
1.487372471117779327e+01,1.156687411442988145e-01,-7.672669856896142601e-03,2.070522933960747107e-05,1.697407003897697830e+00
1.488372720930232518e+01,1.155920458207623097e-01,-7.662567222758450911e-03,2.063667625551175367e-05,1.697452775892726917e+00
1.489372970742685531e+01,1.155154514497241519e-01,-7.652484391235399308e-03,2.056839474666992903e-05,1.697498457749476053e+00
1.490373220555138722e+01,1.154389578333656630e-01,-7.642421310973555870e-03,2.050038356158249972e-05,1.697544049703100910e+00
1.491373470367591736e+01,1.153625647743810739e-01,-7.632377930784623073e-03,2.043264145532189366e-05,1.697589551987994883e+00
1.492373720180044927e+01,1.152862720759757209e-01,-7.622354199644794208e-03,2.036516718949358192e-05,1.697634964837793525e+00
1.493373969992497940e+01,1.152100795418645601e-01,-7.612350066694135824e-03,2.029795953219779622e-05,1.697680288485375444e+00
1.494374219804951132e+01,1.151339869762703916e-01,-7.602365481235946743e-03,2.023101725799117525e-05,1.697725523162867178e+00
1.495374469617404145e+01,1.150579941839223602e-01,-7.592400392736153511e-03,2.016433914784893626e-05,1.697770669101644314e+00
1.496374719429857336e+01,1.149821009700541935e-01,-7.582454750822668552e-03,2.009792398912703967e-05,1.697815726532335701e+00
1.497374969242310527e+01,1.149063071404027303e-01,-7.572528505284791683e-03,2.003177057552485199e-05,1.697860695684825671e+00
1.498375219054763541e+01,1.148306125012062140e-01,-7.562621606072583887e-03,1.996587770704783899e-05,1.697905576788257376e+00
1.499375468867216732e+01,1.147550168592026687e-01,-7.552734003296252344e-03,1.990024418997058092e-05,1.697950370071034332e+00
1.500375718679669745e+01,1.146795200216284144e-01,-7.542865647225553694e-03,1.983486883680011967e-05,1.697995075760825756e+00
1.501375968492122936e+01,1.146041217962163322e-01,-7.533016488289170400e-03,1.976975046623935002e-05,1.698039694084566564e+00
1.502376218304575950e+01,1.145288219911944072e-01,-7.523186477074120942e-03,1.970488790315085473e-05,1.698084225268462477e+00
1.503376468117029141e+01,1.144536204152840353e-01,-7.513375564325146597e-03,1.964027997852079040e-05,1.698128669537991353e+00
1.504376717929482332e+01,1.143785168776985384e-01,-7.503583700944119889e-03,1.957592552942316984e-05,1.698173027117906297e+00
1.505376967741935346e+01,1.143035111881415683e-01,-7.493810837989447853e-03,1.951182339898426633e-05,1.698217298232239214e+00
1.506377217554388537e+01,1.142286031568054833e-01,-7.484056926675469214e-03,1.944797243634724152e-05,1.698261483104302361e+00
1.507377467366841550e+01,1.141537925943699044e-01,-7.474321918371876726e-03,1.938437149663712908e-05,1.698305581956692567e+00
1.508377717179294741e+01,1.140790793120000368e-01,-7.464605764603112620e-03,1.932101944092585568e-05,1.698349595011291679e+00
1.509377966991747755e+01,1.140044631213452675e-01,-7.454908417047801349e-03,1.925791513619770230e-05,1.698393522489272112e+00
1.510378216804200946e+01,1.139299438345374726e-01,-7.445229827538146772e-03,1.919505745531475551e-05,1.698437364611097733e+00
1.511378466616653959e+01,1.138555212641896297e-01,-7.435569948059367502e-03,1.913244527698281942e-05,1.698481121596526533e+00
1.512378716429107151e+01,1.137811952233941520e-01,-7.425928730749103632e-03,1.907007748571730744e-05,1.698524793664614840e+00
1.513378966241560342e+01,1.137069655257215012e-01,-7.416306127896855546e-03,1.900795297180961159e-05,1.698568381033717545e+00
1.514379216054013355e+01,1.136328319852185770e-01,-7.406702091943400193e-03,1.894607063129344487e-05,1.698611883921493648e+00
1.515379465866466546e+01,1.135587944164072188e-01,-7.397116575480220356e-03,1.888442936591153587e-05,1.698655302544906265e+00
1.516379715678919560e+01,1.134848526342827485e-01,-7.387549531248945207e-03,1.882302808308255050e-05,1.698698637120227062e+00
1.517379965491372751e+01,1.134110064543124158e-01,-7.378000912140770910e-03,1.876186569586812879e-05,1.698741887863037814e+00
1.518380215303825764e+01,1.133372556924339691e-01,-7.368470671195912446e-03,1.870094112294025724e-05,1.698785054988234622e+00
1.519380465116278955e+01,1.132636001650540597e-01,-7.358958761603026817e-03,1.864025328854868171e-05,1.698828138710027691e+00
1.520380714928732147e+01,1.131900396890469090e-01,-7.349465136698667481e-03,1.857980112248876429e-05,1.698871139241946659e+00
1.521380964741185160e+01,1.131165740817527132e-01,-7.339989749966722293e-03,1.851958356006930950e-05,1.698914056796841932e+00
1.522381214553638351e+01,1.130432031609761995e-01,-7.330532555037858403e-03,1.845959954208072274e-05,1.698956891586888007e+00
1.523381464366091365e+01,1.129699267449851968e-01,-7.321093505688975808e-03,1.839984801476339215e-05,1.698999643823584149e+00
1.524381714178544556e+01,1.128967446525091234e-01,-7.311672555842651383e-03,1.834032792977616886e-05,1.699042313717759933e+00
1.525381963990997569e+01,1.128236567027376125e-01,-7.302269659566601977e-03,1.828103824416518942e-05,1.699084901479574583e+00
1.526382213803450760e+01,1.127506627153189306e-01,-7.292884771073130171e-03,1.822197792033271511e-05,1.699127407318522298e+00
1.527382463615903774e+01,1.126777625103587144e-01,-7.283517844718590852e-03,1.816314592600640839e-05,1.699169831443432699e+00
1.528382713428356965e+01,1.126049559084183332e-01,-7.274168835002843905e-03,1.810454123420851105e-05,1.699212174062474601e+00
1.529382963240810156e+01,1.125322427305136125e-01,-7.264837696568724260e-03,1.804616282322551706e-05,1.699254435383158013e+00
1.530383213053263169e+01,1.124596227981133761e-01,-7.255524384201505854e-03,1.798800967657786571e-05,1.699296615612336803e+00
1.531383462865716361e+01,1.123870959331379205e-01,-7.246228852828362141e-03,1.793008078298979064e-05,1.699338714956210694e+00
1.532383712678169374e+01,1.123146619579577371e-01,-7.236951057517845669e-03,1.787237513635953138e-05,1.699380733620328376e+00
1.533383962490622565e+01,1.122423206953920005e-01,-7.227690953479350318e-03,1.781489173572956184e-05,1.699422671809589058e+00
1.534384212303075579e+01,1.121700719687072495e-01,-7.218448496062599556e-03,1.775762958525716099e-05,1.699464529728246909e+00
1.535384462115528770e+01,1.120979156016158884e-01,-7.209223640757104340e-03,1.770058769418499710e-05,1.699506307579911057e+00
1.536384711927981783e+01,1.120258514182748549e-01,-7.200016343191660909e-03,1.764376507681206436e-05,1.699548005567548703e+00
1.537384961740434974e+01,1.119538792432842184e-01,-7.190826559133817360e-03,1.758716075246471094e-05,1.699589623893488888e+00
1.538385211552888165e+01,1.118819989016858057e-01,-7.181654244489365374e-03,1.753077374546788055e-05,1.699631162759423164e+00
1.539385461365341179e+01,1.118102102189618002e-01,-7.172499355301826737e-03,1.747460308511652677e-05,1.699672622366409591e+00
1.540385711177794370e+01,1.117385130210333394e-01,-7.163361847751930321e-03,1.741864780564717643e-05,1.699714002914872957e+00
1.541385960990247384e+01,1.116669071342592523e-01,-7.154241678157116820e-03,1.736290694620979801e-05,1.699755304604609218e+00
1.542386210802700575e+01,1.115953923854345192e-01,-7.145138802971017465e-03,1.730737955083962249e-05,1.699796527634787280e+00
1.543386460615153588e+01,1.115239686017891058e-01,-7.136053178782962234e-03,1.725206466842942168e-05,1.699837672203950545e+00
1.544386710427606779e+01,1.114526356109864641e-01,-7.126984762317461163e-03,1.719696135270171200e-05,1.699878738510020026e+00
1.545386960240059970e+01,1.113813932411222563e-01,-7.117933510433716027e-03,1.714206866218129024e-05,1.699919726750296567e+00
1.546387210052512984e+01,1.113102413207230079e-01,-7.108899380125117268e-03,1.708738566016789818e-05,1.699960637121463281e+00
1.547387459864966175e+01,1.112391796787446790e-01,-7.099882328518740057e-03,1.703291141470897856e-05,1.700001469819587330e+00
1.548387709677419188e+01,1.111682081445714981e-01,-7.090882312874862044e-03,1.697864499857281061e-05,1.700042225040122368e+00
1.549387959489872379e+01,1.110973265480144356e-01,-7.081899290586457681e-03,1.692458548922152697e-05,1.700082902977911870e+00
1.550388209302325393e+01,1.110265347193100383e-01,-7.072933219178719443e-03,1.687073196878458462e-05,1.700123503827189353e+00
1.551388459114778584e+01,1.109558324891190412e-01,-7.063984056308559092e-03,1.681708352403221547e-05,1.700164027781582821e+00
1.552388708927231598e+01,1.108852196885250357e-01,-7.055051759764130632e-03,1.676363924634909040e-05,1.700204475034115426e+00
1.553388958739684789e+01,1.108146961490332066e-01,-7.046136287464335908e-03,1.671039823170819341e-05,1.700244845777209024e+00
1.554389208552137980e+01,1.107442617025689857e-01,-7.037237597458351895e-03,1.665735958064481091e-05,1.700285140202684619e+00
1.555389458364590993e+01,1.106739161814767891e-01,-7.028355647925146714e-03,1.660452239823070398e-05,1.700325358501766804e+00
1.556389708177044184e+01,1.106036594185186711e-01,-7.019490397172996506e-03,1.655188579404842636e-05,1.700365500865084423e+00
1.557389957989497198e+01,1.105334912468731029e-01,-7.010641803639019662e-03,1.649944888216584908e-05,1.700405567482673241e+00
1.558390207801950389e+01,1.104634115001335987e-01,-7.001809825888689366e-03,1.644721078111075960e-05,1.700445558543977720e+00
1.559390457614403402e+01,1.103934200123075082e-01,-6.992994422615379096e-03,1.639517061384572193e-05,1.700485474237854788e+00
1.560390707426856594e+01,1.103235166178147125e-01,-6.984195552639872566e-03,1.634332750774301457e-05,1.700525314752573180e+00
1.561390957239309785e+01,1.102537011514863469e-01,-6.975413174909911827e-03,1.629168059455977181e-05,1.700565080275818763e+00
1.562391207051762798e+01,1.101839734485635658e-01,-6.966647248499725428e-03,1.624022901041327410e-05,1.700604770994694537e+00
1.563391456864215989e+01,1.101143333446961969e-01,-6.957897732609558301e-03,1.618897189575632306e-05,1.700644387095723742e+00
1.564391706676669003e+01,1.100447806759415892e-01,-6.949164586565222471e-03,1.613790839535290459e-05,1.700683928764851638e+00
1.565391956489122194e+01,1.099753152787632665e-01,-6.940447769817621737e-03,1.608703765825386542e-05,1.700723396187447278e+00
1.566392206301575207e+01,1.099059369900297761e-01,-6.931747241942309325e-03,1.603635883777287772e-05,1.700762789548306619e+00
1.567392456114028398e+01,1.098366456470133423e-01,-6.923062962639016903e-03,1.598587109146239695e-05,1.700802109031654297e+00
1.568392705926481412e+01,1.097674410873887008e-01,-6.914394891731212231e-03,1.593557358108992116e-05,1.700841354821144957e+00
1.569392955738934603e+01,1.096983231492317939e-01,-6.905742989165636857e-03,1.588546547261425717e-05,1.700880527099866368e+00
1.570393205551387794e+01,1.096292916710186471e-01,-6.897107215011864627e-03,1.583554593616211197e-05,1.700919626050341193e+00
1.571393455363840808e+01,1.095603464916240360e-01,-6.888487529461847191e-03,1.578581414600462986e-05,1.700958651854528325e+00
1.572393705176293999e+01,1.094914874503203073e-01,-6.879883892829466441e-03,1.573626928053419399e-05,1.700997604693826215e+00
1.573393954988747012e+01,1.094227143867761848e-01,-6.871296265550096496e-03,1.568691052224139036e-05,1.701036484749073985e+00
1.574394204801200203e+01,1.093540271410554654e-01,-6.862724608180151807e-03,1.563773705769198893e-05,1.701075292200554090e+00
1.575394454613653217e+01,1.092854255536159780e-01,-6.854168881396654339e-03,1.558874807750426343e-05,1.701114027227993875e+00
1.576394704426106408e+01,1.092169094653081957e-01,-6.845629045996787752e-03,1.553994277632623328e-05,1.701152690010568014e+00
1.577394954238559599e+01,1.091484787173741533e-01,-6.837105062897466320e-03,1.549132035281321044e-05,1.701191280726900512e+00
1.578395204051012612e+01,1.090801331514462125e-01,-6.828596893134894312e-03,1.544288000960542421e-05,1.701229799555065814e+00
1.579395453863465804e+01,1.090118726095458679e-01,-6.820104497864132309e-03,1.539462095330575438e-05,1.701268246672592355e+00
1.580395703675918817e+01,1.089436969340825956e-01,-6.811627838358671333e-03,1.534654239445769488e-05,1.701306622256463230e+00
1.581395953488372008e+01,1.088756059678525762e-01,-6.803166876009993091e-03,1.529864354752329361e-05,1.701344926483119302e+00
1.582396203300825022e+01,1.088075995540376817e-01,-6.794721572327154513e-03,1.525092363086147689e-05,1.701383159528460309e+00
1.583396453113278213e+01,1.087396775362041157e-01,-6.786291888936346259e-03,1.520338186670620108e-05,1.701421321567847089e+00
1.584396702925731226e+01,1.086718397583014001e-01,-6.777877787580482462e-03,1.515601748114502604e-05,1.701459412776103575e+00
1.585396952738184417e+01,1.086040860646610706e-01,-6.769479230118766178e-03,1.510882970409758523e-05,1.701497433327519015e+00
1.586397202550637608e+01,1.085364162999956361e-01,-6.761096178526276521e-03,1.506181776929438452e-05,1.701535383395849310e+00
1.587397452363090622e+01,1.084688303093973710e-01,-6.752728594893548861e-03,1.501498091425560260e-05,1.701573263154320337e+00
1.588397702175543813e+01,1.084013279383371359e-01,-6.744376441426146347e-03,1.496831838027004732e-05,1.701611072775627287e+00
1.589397951987996827e+01,1.083339090326632809e-01,-6.736039680444261789e-03,1.492182941237428817e-05,1.701648812431939550e+00
1.590398201800450018e+01,1.082665734386004663e-01,-6.727718274382286576e-03,1.487551325933186163e-05,1.701686482294901159e+00
1.591398451612903031e+01,1.081993210027485525e-01,-6.719412185788413427e-03,1.482936917361264764e-05,1.701724082535632343e+00
1.592398701425356222e+01,1.081321515720813919e-01,-6.711121377324209651e-03,1.478339641137230528e-05,1.701761613324731526e+00
1.593398951237809413e+01,1.080650649939458169e-01,-6.702845811764224226e-03,1.473759423243196095e-05,1.701799074832279102e+00
1.594399201050262427e+01,1.079980611160603898e-01,-6.694585451995572339e-03,1.469196190025785586e-05,1.701836467227836325e+00
1.595399450862715618e+01,1.079311397865143629e-01,-6.686340261017525120e-03,1.464649868194126966e-05,1.701873790680449083e+00
1.596399700675168631e+01,1.078643008537665260e-01,-6.678110201941119331e-03,1.460120384817846777e-05,1.701911045358650121e+00
1.597399950487621823e+01,1.077975441666440687e-01,-6.669895237988741898e-03,1.455607667325079951e-05,1.701948231430459701e+00
1.598400200300074836e+01,1.077308695743415395e-01,-6.661695332493737867e-03,1.451111643500496729e-05,1.701985349063387387e+00
1.599400450112528027e+01,1.076642769264196386e-01,-6.653510448900007077e-03,1.446632241483330771e-05,1.702022398424435368e+00
1.600400699924981041e+01,1.075977660728042046e-01,-6.645340550761611245e-03,1.442169389765431486e-05,1.702059379680098239e+00
1.601400949737434232e+01,1.075313368637850764e-01,-6.637185601742371516e-03,1.437723017189320094e-05,1.702096292996367444e+00
1.602401199549887423e+01,1.074649891500149695e-01,-6.629045565615484213e-03,1.433293052946258896e-05,1.702133138538730162e+00
1.603401449362340614e+01,1.073987227825084351e-01,-6.620920406263120991e-03,1.428879426574335796e-05,1.702169916472173306e+00
1.604401699174793450e+01,1.073325376126407771e-01,-6.612810087676045459e-03,1.424482067956558817e-05,1.702206626961184854e+00
1.605401948987246641e+01,1.072664334921468593e-01,-6.604714573953208122e-03,1.420100907318955014e-05,1.702243270169754963e+00
1.606402198799699832e+01,1.072004102731201891e-01,-6.596633829301381223e-03,1.415735875228697524e-05,1.702279846261377738e+00
1.607402448612153023e+01,1.071344678080116963e-01,-6.588567818034759757e-03,1.411386902592224297e-05,1.702316355399054348e+00
1.608402698424605859e+01,1.070686059496288034e-01,-6.580516504574582433e-03,1.407053920653388352e-05,1.702352797745293467e+00
1.609402948237059050e+01,1.070028245511341625e-01,-6.572479853448737024e-03,1.402736860991595316e-05,1.702389173462113936e+00
1.610403198049512241e+01,1.069371234660447811e-01,-6.564457829291399545e-03,1.398435655519978241e-05,1.702425482711045435e+00
1.611403447861965432e+01,1.068715025482308845e-01,-6.556450396842639604e-03,1.394150236483566656e-05,1.702461725653131808e+00
1.612403697674418623e+01,1.068059616519148186e-01,-6.548457520948050038e-03,1.389880536457468157e-05,1.702497902448931066e+00
1.613403947486871459e+01,1.067405006316700933e-01,-6.540479166558367009e-03,1.385626488345070326e-05,1.702534013258517831e+00
1.614404197299324650e+01,1.066751193424201744e-01,-6.532515298729091834e-03,1.381388025376237226e-05,1.702570058241486217e+00
1.615404447111777841e+01,1.066098176394376373e-01,-6.524565882620128425e-03,1.377165081105539106e-05,1.702606037556950058e+00
1.616404696924231033e+01,1.065445953783429878e-01,-6.516630883495403391e-03,1.372957589410472612e-05,1.702641951363545125e+00
1.617404946736683868e+01,1.064794524151036620e-01,-6.508710266722501740e-03,1.368765484489701672e-05,1.702677799819430682e+00
1.618405196549137059e+01,1.064143886060329725e-01,-6.500803997772284376e-03,1.364588700861305488e-05,1.702713583082291482e+00
1.619405446361590251e+01,1.063494038077891085e-01,-6.492912042218541152e-03,1.360427173361041279e-05,1.702749301309339325e+00
1.620405696174043442e+01,1.062844978773740956e-01,-6.485034365737613569e-03,1.356280837140613786e-05,1.702784954657314831e+00
1.621405945986496633e+01,1.062196706721327821e-01,-6.477170934108031353e-03,1.352149627665956813e-05,1.702820543282489218e+00
1.622406195798949469e+01,1.061549220497518126e-01,-6.469321713210155964e-03,1.348033480715524428e-05,1.702856067340665414e+00
1.623406445611402660e+01,1.060902518682585449e-01,-6.461486669025804166e-03,1.343932332378588757e-05,1.702891526987180271e+00
1.624406695423855851e+01,1.060256599860201626e-01,-6.453665767637909757e-03,1.339846119053558968e-05,1.702926922376906127e+00
1.625406945236309042e+01,1.059611462617425642e-01,-6.445858975230152332e-03,1.335774777446298048e-05,1.702962253664253245e+00
1.626407195048762233e+01,1.058967105544694337e-01,-6.438066258086600803e-03,1.331718244568458718e-05,1.702997521003169146e+00
1.627407444861215069e+01,1.058323527235811717e-01,-6.430287582591367318e-03,1.327676457735822572e-05,1.703032724547142829e+00
1.628407694673668260e+01,1.057680726287938827e-01,-6.422522915228236033e-03,1.323649354566650567e-05,1.703067864449204993e+00
1.629407944486121451e+01,1.057038701301584865e-01,-6.414772222580330911e-03,1.319636872980051977e-05,1.703102940861929593e+00
1.630408194298574642e+01,1.056397450880596361e-01,-6.407035471329754032e-03,1.315638951194350799e-05,1.703137953937436722e+00
1.631408444111027478e+01,1.055756973632147738e-01,-6.399312628257239517e-03,1.311655527725469793e-05,1.703172903827392837e+00
1.632408693923480669e+01,1.055117268166730626e-01,-6.391603660241797040e-03,1.307686541385317383e-05,1.703207790683013201e+00
1.633408943735933860e+01,1.054478333098145121e-01,-6.383908534260380498e-03,1.303731931280194227e-05,1.703242614655063214e+00
1.634409193548387051e+01,1.053840167043489651e-01,-6.376227217387532391e-03,1.299791636809202650e-05,1.703277375893859302e+00
1.635409443360840243e+01,1.053202768623150987e-01,-6.368559676795042084e-03,1.295865597662664735e-05,1.703312074549272470e+00
1.636409693173293078e+01,1.052566136460794943e-01,-6.360905879751606665e-03,1.291953753820553947e-05,1.703346710770727634e+00
1.637409942985746270e+01,1.051930269183355832e-01,-6.353265793622479667e-03,1.288056045550929655e-05,1.703381284707206067e+00
1.638410192798199461e+01,1.051295165421028133e-01,-6.345639385869147539e-03,1.284172413408392646e-05,1.703415796507248059e+00
1.639410442610652652e+01,1.050660823807255673e-01,-6.338026624048980102e-03,1.280302798232535397e-05,1.703450246318952921e+00
1.640410692423105488e+01,1.050027242978723158e-01,-6.330427475814900951e-03,1.276447141146415890e-05,1.703484634289980759e+00
1.641410942235558679e+01,1.049394421575345210e-01,-6.322841908915038771e-03,1.272605383555024313e-05,1.703518960567554918e+00
1.642411192048011870e+01,1.048762358240258458e-01,-6.315269891192410757e-03,1.268777467143777883e-05,1.703553225298463092e+00
1.643411441860465061e+01,1.048131051619810988e-01,-6.307711390584580871e-03,1.264963333877008212e-05,1.703587428629058653e+00
1.644411691672918252e+01,1.047500500363553189e-01,-6.300166375123326772e-03,1.261162925996466468e-05,1.703621570705261989e+00
1.645411941485371088e+01,1.046870703124228724e-01,-6.292634812934318894e-03,1.257376186019836657e-05,1.703655651672562721e+00
1.646412191297824279e+01,1.046241658557763993e-01,-6.285116672236773505e-03,1.253603056739249765e-05,1.703689671676020811e+00
1.647412441110277470e+01,1.045613365323260213e-01,-6.277611921343149125e-03,1.249843481219821939e-05,1.703723630860267457e+00
1.648412690922730661e+01,1.044985822082983712e-01,-6.270120528658804787e-03,1.246097402798189638e-05,1.703757529369509305e+00
1.649412940735183497e+01,1.044359027502356069e-01,-6.262642462681680851e-03,1.242364765081054086e-05,1.703791367347524677e+00
1.650413190547636688e+01,1.043732980249944958e-01,-6.255177692001967667e-03,1.238645511943736064e-05,1.703825144937671121e+00
1.651413440360089879e+01,1.043107678997455823e-01,-6.247726185301799399e-03,1.234939587528745953e-05,1.703858862282882969e+00
1.652413690172543070e+01,1.042483122419721603e-01,-6.240287911354920093e-03,1.231246936244350210e-05,1.703892519525673777e+00
1.653413939984996262e+01,1.041859309194694688e-01,-6.232862839026367952e-03,1.227567502763157507e-05,1.703926116808138769e+00
1.654414189797449097e+01,1.041236238003436648e-01,-6.225450937272161353e-03,1.223901232020702995e-05,1.703959654271954172e+00
1.655414439609902288e+01,1.040613907530109628e-01,-6.218052175138968386e-03,1.220248069214047650e-05,1.703993132058380988e+00
1.656414689422355480e+01,1.039992316461967603e-01,-6.210666521763811947e-03,1.216607959800386943e-05,1.704026550308265664e+00
1.657414939234808671e+01,1.039371463489347225e-01,-6.203293946373738404e-03,1.212980849495663393e-05,1.704059909162040087e+00
1.658415189047261862e+01,1.038751347305658518e-01,-6.195934418285514028e-03,1.209366684273188277e-05,1.704093208759725586e+00
1.659415438859714698e+01,1.038131966607376416e-01,-6.188587906905310132e-03,1.205765410362274522e-05,1.704126449240932706e+00
1.660415688672167889e+01,1.037513320094030911e-01,-6.181254381728386489e-03,1.202176974246869929e-05,1.704159630744862763e+00
1.661415938484621080e+01,1.036895406468199277e-01,-6.173933812338793826e-03,1.198601322664210561e-05,1.704192753410309402e+00
1.662416188297074271e+01,1.036278224435496637e-01,-6.166626168409058105e-03,1.195038402603472268e-05,1.704225817375660812e+00
1.663416438109527107e+01,1.035661772704567496e-01,-6.159331419699879545e-03,1.191488161304434911e-05,1.704258822778900395e+00
1.664416687921980298e+01,1.035046049987075750e-01,-6.152049536059812571e-03,1.187950546256146431e-05,1.704291769757606989e+00
1.665416937734433489e+01,1.034431054997697885e-01,-6.144780487424983048e-03,1.184425505195612310e-05,1.704324658448959529e+00
1.666417187546886680e+01,1.033816786454112430e-01,-6.137524243818767364e-03,1.180912986106471157e-05,1.704357488989735048e+00
1.667417437359339871e+01,1.033203243076992323e-01,-6.130280775351500989e-03,1.177412937217694845e-05,1.704390261516311789e+00
1.668417687171792707e+01,1.032590423589995893e-01,-6.123050052220174906e-03,1.173925307002287815e-05,1.704422976164670755e+00
1.669417936984245898e+01,1.031978326719757699e-01,-6.115832044708128558e-03,1.170450044175993311e-05,1.704455633070396381e+00
1.670418186796699089e+01,1.031366951195881176e-01,-6.108626723184764490e-03,1.166987097696017244e-05,1.704488232368677636e+00
1.671418436609152280e+01,1.030756295750928503e-01,-6.101434058105243904e-03,1.163536416759743579e-05,1.704520774194310473e+00
1.672418686421605116e+01,1.030146359120413802e-01,-6.094254020010194360e-03,1.160097950803475818e-05,1.704553258681698935e+00
1.673418936234058307e+01,1.029537140042792176e-01,-6.087086579525404460e-03,1.156671649501162548e-05,1.704585685964855601e+00
1.674419186046511498e+01,1.028928637259453882e-01,-6.079931707361546298e-03,1.153257462763158746e-05,1.704618056177403806e+00
1.675419435858964690e+01,1.028320849514714058e-01,-6.072789374313873612e-03,1.149855340734969456e-05,1.704650369452579195e+00
1.676419685671417881e+01,1.027713775555804815e-01,-6.065659551261932091e-03,1.146465233796013462e-05,1.704682625923229944e+00
1.677419935483870717e+01,1.027107414132867463e-01,-6.058542209169270540e-03,1.143087092558396272e-05,1.704714825721818983e+00
1.678420185296323908e+01,1.026501763998942385e-01,-6.051437319083145111e-03,1.139720867865674471e-05,1.704746968980425548e+00
1.679420435108777099e+01,1.025896823909962507e-01,-6.044344852134244349e-03,1.136366510791649207e-05,1.704779055830745627e+00
1.680420684921230290e+01,1.025292592624744287e-01,-6.037264779536394288e-03,1.133023972639152220e-05,1.704811086404093956e+00
1.681420934733683126e+01,1.024689068904979239e-01,-6.030197072586274826e-03,1.129693204938841193e-05,1.704843060831405133e+00
1.682421184546136317e+01,1.024086251515225476e-01,-6.023141702663130023e-03,1.126374159448002897e-05,1.704874979243234945e+00
1.683421434358589508e+01,1.023484139222900352e-01,-6.016098641228496621e-03,1.123066788149368527e-05,1.704906841769761705e+00
1.684421684171042699e+01,1.022882730798271161e-01,-6.009067859825910872e-03,1.119771043249925149e-05,1.704938648540787138e+00
1.685421933983495890e+01,1.022282025014447926e-01,-6.002049330080635320e-03,1.116486877179746113e-05,1.704970399685739046e+00
1.686422183795948726e+01,1.021682020647374650e-01,-5.995043023699376042e-03,1.113214242590818931e-05,1.705002095333670420e+00
1.687422433608401917e+01,1.021082716475820718e-01,-5.988048912469996418e-03,1.109953092355880779e-05,1.705033735613262547e+00
1.688422683420855108e+01,1.020484111281374368e-01,-5.981066968261256056e-03,1.106703379567271777e-05,1.705065320652825900e+00
1.689422933233308299e+01,1.019886203848432843e-01,-5.974097163022520224e-03,1.103465057535777100e-05,1.705096850580300361e+00
1.690423183045761135e+01,1.019288992964195728e-01,-5.967139468783492703e-03,1.100238079789492971e-05,1.705128325523258104e+00
1.691423432858214326e+01,1.018692477418655651e-01,-5.960193857653931296e-03,1.097022400072684346e-05,1.705159745608904043e+00
1.692423682670667517e+01,1.018096656004591483e-01,-5.953260301823387612e-03,1.093817972344662605e-05,1.705191110964076717e+00
1.693423932483120709e+01,1.017501527517559873e-01,-5.946338773560926050e-03,1.090624750778660851e-05,1.705222421715249626e+00
1.694424182295573900e+01,1.016907090755886922e-01,-5.939429245214855775e-03,1.087442689760716515e-05,1.705253677988533889e+00
1.695424432108026735e+01,1.016313344520661244e-01,-5.932531689212463578e-03,1.084271743888567492e-05,1.705284879909677809e+00
1.696424681920479927e+01,1.015720287615724665e-01,-5.925646078059733715e-03,1.081111867970541181e-05,1.705316027604068418e+00
1.697424931732933118e+01,1.015127918847665706e-01,-5.918772384341093769e-03,1.077963017024466553e-05,1.705347121196733484e+00
1.698425181545386309e+01,1.014536237025811111e-01,-5.911910580719141432e-03,1.074825146276579103e-05,1.705378160812342170e+00
1.699425431357839500e+01,1.013945240962218219e-01,-5.905060639934378228e-03,1.071698211160439534e-05,1.705409146575205925e+00
1.700425681170292336e+01,1.013354929471667193e-01,-5.898222534804949298e-03,1.068582167315855481e-05,1.705440078609281152e+00
1.701425930982745527e+01,1.012765301371652688e-01,-5.891396238226368452e-03,1.065476970587807474e-05,1.705470957038168311e+00
1.702426180795198718e+01,1.012176355482377055e-01,-5.884581723171270970e-03,1.062382577025388280e-05,1.705501781985115040e+00
1.703426430607651909e+01,1.011588090626742292e-01,-5.877778962689141247e-03,1.059298942880742932e-05,1.705532553573016363e+00
1.704426680420104745e+01,1.011000505630342133e-01,-5.870987929906058660e-03,1.056226024608013829e-05,1.705563271924415147e+00
1.705426930232557936e+01,1.010413599321454414e-01,-5.864208598024426948e-03,1.053163778862294314e-05,1.705593937161506091e+00
1.706427180045011127e+01,1.009827370531033719e-01,-5.857440940322730487e-03,1.050112162498589194e-05,1.705624549406133728e+00
1.707427429857464318e+01,1.009241818092703608e-01,-5.850684930155268873e-03,1.047071132570778991e-05,1.705655108779795315e+00
1.708427679669917509e+01,1.008656940842749400e-01,-5.843940540951899319e-03,1.044040646330592486e-05,1.705685615403641053e+00
1.709427929482370345e+01,1.008072737620110126e-01,-5.837207746217786854e-03,1.041020661226581983e-05,1.705716069398477197e+00
1.710428179294823536e+01,1.007489207266370757e-01,-5.830486519533138907e-03,1.038011134903103987e-05,1.705746470884765165e+00
1.711428429107276727e+01,1.006906348625755815e-01,-5.823776834552965055e-03,1.035012025199313776e-05,1.705776819982623094e+00
1.712428678919729919e+01,1.006324160545121055e-01,-5.817078665006817674e-03,1.032023290148156249e-05,1.705807116811828061e+00
1.713428928732182754e+01,1.005742641873946241e-01,-5.810391984698542144e-03,1.029044887975366084e-05,1.705837361491815640e+00
1.714429178544635946e+01,1.005161791464327103e-01,-5.803716767506019239e-03,1.026076777098471122e-05,1.705867554141683007e+00
1.715429428357089137e+01,1.004581608170969503e-01,-5.797052987380928342e-03,1.023118916125812180e-05,1.705897694880188942e+00
1.716429678169542328e+01,1.004002090851180695e-01,-5.790400618348490701e-03,1.020171263855552866e-05,1.705927783825753830e+00
1.717429927981995519e+01,1.003423238364862108e-01,-5.783759634507222233e-03,1.017233779274703295e-05,1.705957821096463656e+00
1.718430177794448355e+01,1.002845049574502823e-01,-5.777130010028690664e-03,1.014306421558152436e-05,1.705987806810068674e+00
1.719430427606901546e+01,1.002267523345171385e-01,-5.770511719157260522e-03,1.011389150067698254e-05,1.706017741083985628e+00
1.720430677419354737e+01,1.001690658544508866e-01,-5.763904736209861553e-03,1.008481924351087524e-05,1.706047624035298416e+00
1.721430927231807928e+01,1.001114454042721924e-01,-5.757309035575736318e-03,1.005584704141063924e-05,1.706077455780759422e+00
1.722431177044260764e+01,1.000538908712575586e-01,-5.750724591716203406e-03,1.002697449354417335e-05,1.706107236436791963e+00
1.723431426856713955e+01,9.999640214293849250e-02,-5.744151379164401557e-03,9.998201200910343108e-06,1.706136966119488063e+00
1.724431676669167146e+01,9.993897910710095034e-02,-5.737589372525067621e-03,9.969526766329678681e-06,1.706166644944612898e+00
1.725431926481620337e+01,9.988162165178453289e-02,-5.731038546474285893e-03,9.940950794434984668e-06,1.706196273027604127e+00
1.726432176294073528e+01,9.982432966528176355e-02,-5.724498875759250448e-03,9.912472891662065078e-06,1.706225850483574336e+00
1.727432426106526364e+01,9.976710303613745001e-02,-5.717970335198030093e-03,9.884092666240522864e-06,1.706255377427310815e+00
1.728432675918979555e+01,9.970994165314783775e-02,-5.711452899679319434e-03,9.855809728184517095e-06,1.706284853973276228e+00
1.729432925731432746e+01,9.965284540536009650e-02,-5.704946544162221161e-03,9.827623689283728509e-06,1.706314280235611269e+00
1.730433175543885937e+01,9.959581418207145986e-02,-5.698451243675998860e-03,9.799534163094218323e-06,1.706343656328136671e+00
1.731433425356338773e+01,9.953884787282862856e-02,-5.691966973319845420e-03,9.771540764929449697e-06,1.706372982364349644e+00
1.732433675168791964e+01,9.948194636742693775e-02,-5.685493708262642776e-03,9.743643111851253268e-06,1.706402258457430099e+00
1.733433924981245156e+01,9.942510955590982968e-02,-5.679031423742743334e-03,9.715840822660990912e-06,1.706431484720239533e+00
1.734434174793698347e+01,9.936833732856804879e-02,-5.672580095067726244e-03,9.688133517890631398e-06,1.706460661265321033e+00
1.735434424606151538e+01,9.931162957593898943e-02,-5.666139697614171883e-03,9.660520819793951415e-06,1.706489788204903268e+00
1.736434674418604374e+01,9.925498618880600199e-02,-5.659710206827432873e-03,9.633002352337765388e-06,1.706518865650898276e+00
1.737434924231057565e+01,9.919840705819764348e-02,-5.653291598221394688e-03,9.605577741193168856e-06,1.706547893714904118e+00
1.738435174043510756e+01,9.914189207538713633e-02,-5.646883847378263155e-03,9.578246613726944472e-06,1.706576872508207110e+00
1.739435423855963947e+01,9.908544113189154956e-02,-5.640486929948328523e-03,9.551008598992869755e-06,1.706605802141780481e+00
1.740435673668417138e+01,9.902905411947120207e-02,-5.634100821649736489e-03,9.523863327723185767e-06,1.706634682726286378e+00
1.741435923480869974e+01,9.897273093012892708e-02,-5.627725498268271349e-03,9.496810432320045478e-06,1.706663514372077639e+00
1.742436173293323165e+01,9.891647145610940606e-02,-5.621360935657119216e-03,9.469849546847038346e-06,1.706692297189198682e+00
1.743436423105776356e+01,9.886027558989857189e-02,-5.615007109736656378e-03,9.442980307020804696e-06,1.706721031287385282e+00
1.744436672918229547e+01,9.880414322422281792e-02,-5.608663996494220316e-03,9.416202350202584022e-06,1.706749716776067016e+00
1.745436922730682383e+01,9.874807425204847056e-02,-5.602331571983888529e-03,9.389515315389959806e-06,1.706778353764367040e+00
1.746437172543135574e+01,9.869206856658091498e-02,-5.596009812326252150e-03,9.362918843208472197e-06,1.706806942361103863e+00
1.747437422355588765e+01,9.863612606126416493e-02,-5.589698693708206913e-03,9.336412575903478025e-06,1.706835482674793125e+00
1.748437672168041956e+01,9.858024662978007169e-02,-5.583398192382724168e-03,9.309996157331902391e-06,1.706863974813646934e+00
1.749437921980495148e+01,9.852443016604767179e-02,-5.577108284668635778e-03,9.283669232954095299e-06,1.706892418885576079e+00
1.750438171792947983e+01,9.846867656422256254e-02,-5.570828946950418144e-03,9.257431449825737402e-06,1.706920814998190483e+00
1.751438421605401174e+01,9.841298571869618039e-02,-5.564560155677964089e-03,9.231282456589755923e-06,1.706949163258800528e+00
1.752438671417854366e+01,9.835735752409524579e-02,-5.558301887366383365e-03,9.205221903468354075e-06,1.706977463774417503e+00
1.753438921230307557e+01,9.830179187528104157e-02,-5.552054118595778007e-03,9.179249442255016763e-06,1.707005716651755600e+00
1.754439171042760393e+01,9.824628866734881616e-02,-5.545816826011028093e-03,9.153364726306602685e-06,1.707033921997231474e+00
1.755439420855213584e+01,9.819084779562703424e-02,-5.539589986321575774e-03,9.127567410535422881e-06,1.707062079916967345e+00
1.756439670667666775e+01,9.813546915567686324e-02,-5.533373576301217969e-03,9.101857151401470051e-06,1.707090190516789230e+00
1.757439920480119966e+01,9.808015264329145166e-02,-5.527167572787893002e-03,9.076233606904580110e-06,1.707118253902229821e+00
1.758440170292573157e+01,9.802489815449529076e-02,-5.520971952683466355e-03,9.050696436576695397e-06,1.707146270178530045e+00
1.759440420105025993e+01,9.796970558554364550e-02,-5.514786692953523375e-03,9.025245301474187158e-06,1.707174239450637510e+00
1.760440669917479184e+01,9.791457483292177744e-02,-5.508611770627152432e-03,8.999879864170132307e-06,1.707202161823209829e+00
1.761440919729932375e+01,9.785950579334447286e-02,-5.502447162796748892e-03,8.974599788746762973e-06,1.707230037400614631e+00
1.762441169542385566e+01,9.780449836375529338e-02,-5.496292846617795678e-03,8.949404740787846588e-06,1.707257866286929993e+00
1.763441419354838402e+01,9.774955244132603471e-02,-5.490148799308664646e-03,8.924294387371179487e-06,1.707285648585946891e+00
1.764441669167291593e+01,9.769466792345597728e-02,-5.484014998150396267e-03,8.899268397061048307e-06,1.707313384401168754e+00
1.765441918979744784e+01,9.763984470777140046e-02,-5.477891420486512286e-03,8.874326439900840480e-06,1.707341073835813461e+00
1.766442168792197975e+01,9.758508269212487485e-02,-5.471778043722798010e-03,8.849468187405595419e-06,1.707368716992812674e+00
1.767442418604651166e+01,9.753038177459465163e-02,-5.465674845327101947e-03,8.824693312554643805e-06,1.707396313974814728e+00
1.768442668417104002e+01,9.747574185348407971e-02,-5.459581802829134578e-03,8.800001489784294302e-06,1.707423864884184628e+00
1.769442918229557193e+01,9.742116282732089794e-02,-5.453498893820257591e-03,8.775392394980506726e-06,1.707451369823004494e+00
1.770443168042010385e+01,9.736664459485670775e-02,-5.447426095953293926e-03,8.750865705471688871e-06,1.707478828893076006e+00
1.771443417854463576e+01,9.731218705506637645e-02,-5.441363386942317873e-03,8.726421100021493346e-06,1.707506242195919288e+00
1.772443667666916767e+01,9.725779010714732942e-02,-5.435310744562459051e-03,8.702058258821611017e-06,1.707533609832776023e+00
1.773443917479369603e+01,9.720345365051900888e-02,-5.429268146649702913e-03,8.677776863484674565e-06,1.707560931904607893e+00
1.774444167291822794e+01,9.714917758482223553e-02,-5.423235571100683446e-03,8.653576597037158653e-06,1.707588208512100136e+00
1.775444417104275985e+01,9.709496180991863956e-02,-5.417212995872499291e-03,8.629457143912346170e-06,1.707615439755660436e+00
1.776444666916729176e+01,9.704080622588999450e-02,-5.411200398982507313e-03,8.605418189943292770e-06,1.707642625735421138e+00
1.777444916729182012e+01,9.698671073303773149e-02,-5.405197758508130043e-03,8.581459422355908312e-06,1.707669766551239254e+00
1.778445166541635203e+01,9.693267523188217605e-02,-5.399205052586650982e-03,8.557580529761953586e-06,1.707696862302697349e+00
1.779445416354088394e+01,9.687869962316206229e-02,-5.393222259415034192e-03,8.533781202152192902e-06,1.707723913089105983e+00
1.780445666166541585e+01,9.682478380783395011e-02,-5.387249357249718727e-03,8.510061130889551759e-06,1.707750919009501711e+00
1.781445915978994776e+01,9.677092768707155901e-02,-5.381286324406428685e-03,8.486420008702254180e-06,1.707777880162651085e+00
1.782446165791447612e+01,9.671713116226524076e-02,-5.375333139259984121e-03,8.462857529677087111e-06,1.707804796647049539e+00
1.783446415603900803e+01,9.666339413502127165e-02,-5.369389780244096348e-03,8.439373389252593659e-06,1.707831668560923166e+00
1.784446665416353994e+01,9.660971650716144998e-02,-5.363456225851192735e-03,8.415967284212454380e-06,1.707858496002228721e+00
1.785446915228807185e+01,9.655609818072238837e-02,-5.357532454632217209e-03,8.392638912678763533e-06,1.707885279068656503e+00
1.786447165041260021e+01,9.650253905795491693e-02,-5.351618445196442905e-03,8.369387974105393417e-06,1.707912017857627918e+00
1.787447414853713212e+01,9.644903904132355599e-02,-5.345714176211274413e-03,8.346214169271418015e-06,1.707938712466299247e+00
1.788447664666166403e+01,9.639559803350590539e-02,-5.339819626402074297e-03,8.323117200274548485e-06,1.707965362991561431e+00
1.789447914478619595e+01,9.634221593739210332e-02,-5.333934774551965345e-03,8.300096770524616088e-06,1.707991969530041620e+00
1.790448164291072786e+01,9.628889265608418790e-02,-5.328059599501643213e-03,8.277152584737065282e-06,1.708018532178101845e+00
1.791448414103525621e+01,9.623562809289561149e-02,-5.322194080149198619e-03,8.254284348926538295e-06,1.708045051031843453e+00
1.792448663915978813e+01,9.618242215135050510e-02,-5.316338195449914379e-03,8.231491770400385156e-06,1.708071526187104450e+00
1.793448913728432004e+01,9.612927473518333155e-02,-5.310491924416101475e-03,8.208774557752383796e-06,1.708097957739462380e+00
1.794449163540885195e+01,9.607618574833812208e-02,-5.304655246116900431e-03,8.186132420856305985e-06,1.708124345784234999e+00
1.795449413353338031e+01,9.602315509496803236e-02,-5.298828139678104371e-03,8.163565070859656061e-06,1.708150690416480266e+00
1.796449663165791222e+01,9.597018267943469017e-02,-5.293010584281967329e-03,8.141072220177367316e-06,1.708176991730997907e+00
1.797449912978244413e+01,9.591726840630769579e-02,-5.287202559167034251e-03,8.118653582485569524e-06,1.708203249822330072e+00
1.798450162790697604e+01,9.586441218036401146e-02,-5.281404043627952773e-03,8.096308872715375109e-06,1.708229464784762675e+00
1.799450412603150795e+01,9.581161390658747556e-02,-5.275615017015290210e-03,8.074037807046727990e-06,1.708255636712324499e+00
1.800450662415603631e+01,9.575887349016815042e-02,-5.269835458735360953e-03,8.051840102902218548e-06,1.708281765698790533e+00
1.801450912228056822e+01,9.570619083650179493e-02,-5.264065348250033041e-03,8.029715478940996847e-06,1.708307851837680191e+00
1.802451162040510013e+01,9.565356585118936494e-02,-5.258304665076567706e-03,8.007663655052714655e-06,1.708333895222261090e+00
1.803451411852963204e+01,9.560099844003640268e-02,-5.252553388787426815e-03,7.985684352351462380e-06,1.708359895945547047e+00
1.804451661665416040e+01,9.554848850905250934e-02,-5.246811499010102867e-03,7.963777293169770383e-06,1.708385854100299861e+00
1.805451911477869231e+01,9.549603596445073450e-02,-5.241078975426935113e-03,7.941942201052605213e-06,1.708411769779031530e+00
1.806452161290322422e+01,9.544364071264715976e-02,-5.235355797774942158e-03,7.920178800751482721e-06,1.708437643074002921e+00
1.807452411102775613e+01,9.539130266026023264e-02,-5.229641945845638941e-03,7.898486818218504953e-06,1.708463474077225319e+00
1.808452660915228805e+01,9.533902171411026694e-02,-5.223937399484867607e-03,7.876865980600505457e-06,1.708489262880462656e+00
1.809452910727681640e+01,9.528679778121892929e-02,-5.218242138592620559e-03,7.855316016233203060e-06,1.708515009575230392e+00
1.810453160540134832e+01,9.523463076880858691e-02,-5.212556143122860051e-03,7.833836654635352261e-06,1.708540714252795967e+00
1.811453410352588023e+01,9.518252058430191898e-02,-5.206879393083360327e-03,7.812427626503010511e-06,1.708566377004183012e+00
1.812453660165041214e+01,9.513046713532130605e-02,-5.201211868535522871e-03,7.791088663703766529e-06,1.708591997920167582e+00
1.813453909977494405e+01,9.507847032968826106e-02,-5.195553549594209876e-03,7.769819499270992340e-06,1.708617577091282813e+00
1.814454159789947241e+01,9.502653007542298524e-02,-5.189904416427572505e-03,7.748619867398203725e-06,1.708643114607816260e+00
1.815454409602400432e+01,9.497464628074370196e-02,-5.184264449256874817e-03,7.727489503433330895e-06,1.708668610559814116e+00
1.816454659414853623e+01,9.492281885406626818e-02,-5.178633628356336775e-03,7.706428143873161950e-06,1.708694065037079657e+00
1.817454909227306814e+01,9.487104770400357767e-02,-5.173011934052952968e-03,7.685435526357705031e-06,1.708719478129174796e+00
1.818455159039759650e+01,9.481933273936503370e-02,-5.167399346726332145e-03,7.664511389664625007e-06,1.708744849925420972e+00
1.819455408852212841e+01,9.476767386915599389e-02,-5.161795846808519411e-03,7.643655473703693716e-06,1.708770180514898707e+00
1.820455658664666032e+01,9.471607100257734002e-02,-5.156201414783840101e-03,7.622867519511316434e-06,1.708795469986450710e+00
1.821455908477119223e+01,9.466452404902486739e-02,-5.150616031188728905e-03,7.602147269245021084e-06,1.708820718428680774e+00
1.822456158289572414e+01,9.461303291808879912e-02,-5.145039676611560739e-03,7.581494466178018588e-06,1.708845925929954657e+00
1.823456408102025250e+01,9.456159751955330039e-02,-5.139472331692492013e-03,7.560908854693802183e-06,1.708871092578402306e+00
1.824456657914478441e+01,9.451021776339584013e-02,-5.133913977123283692e-03,7.540390180280701003e-06,1.708896218461916749e+00
1.825456907726931632e+01,9.445889355978681623e-02,-5.128364593647152976e-03,7.519938189526580192e-06,1.708921303668155867e+00
1.826457157539384824e+01,9.440762481908901438e-02,-5.122824162058597225e-03,7.499552630113496971e-06,1.708946348284543282e+00
1.827457407351837659e+01,9.435641145185703904e-02,-5.117292663203239569e-03,7.479233250812371110e-06,1.708971352398267918e+00
1.828457657164290850e+01,9.430525336883677223e-02,-5.111770077977656306e-03,7.458979801477697748e-06,1.708996316096286883e+00
1.829457906976744042e+01,9.425415048096502657e-02,-5.106256387329225974e-03,7.438792033042368632e-06,1.709021239465324138e+00
1.830458156789197233e+01,9.420310269936886527e-02,-5.100751572255962825e-03,7.418669697512377314e-06,1.709046122591872052e+00
1.831458406601650424e+01,9.415210993536518580e-02,-5.095255613806354625e-03,7.398612547961671732e-06,1.709070965562192512e+00
1.832458656414103260e+01,9.410117210046023417e-02,-5.089768493079209997e-03,7.378620338526990701e-06,1.709095768462316922e+00
1.833458906226556451e+01,9.405028910634898043e-02,-5.084290191223484086e-03,7.358692824402685146e-06,1.709120531378047092e+00
1.834459156039009642e+01,9.399946086491475783e-02,-5.078820689438139774e-03,7.338829761835665558e-06,1.709145254394957680e+00
1.835459405851462833e+01,9.394868728822872161e-02,-5.073359968971972479e-03,7.319030908120300309e-06,1.709169937598393307e+00
1.836459655663915669e+01,9.389796828854933552e-02,-5.067908011123463570e-03,7.299296021593360562e-06,1.709194581073472552e+00
1.837459905476368860e+01,9.384730377832178894e-02,-5.062464797240612963e-03,7.279624861628959250e-06,1.709219184905087507e+00
1.838460155288822051e+01,9.379669367017770543e-02,-5.057030308720793406e-03,7.260017188633627271e-06,1.709243749177904004e+00
1.839460405101275242e+01,9.374613787693449052e-02,-5.051604527010587417e-03,7.240472764041282960e-06,1.709268273976363828e+00
1.840460654913728433e+01,9.369563631159485984e-02,-5.046187433605635493e-03,7.220991350308293043e-06,1.709292759384683391e+00
1.841460904726181269e+01,9.364518888734643665e-02,-5.040779010050479118e-03,7.201572710908584405e-06,1.709317205486855729e+00
1.842461154538634460e+01,9.359479551756112736e-02,-5.035379237938404640e-03,7.182216610328696573e-06,1.709341612366651608e+00
1.843461404351087651e+01,9.354445611579473296e-02,-5.029988098911294080e-03,7.162922814062959559e-06,1.709365980107618199e+00
1.844461654163540842e+01,9.349417059578647715e-02,-5.024605574659471614e-03,7.143691088608647980e-06,1.709390308793083291e+00
1.845461903975994034e+01,9.344393887145845123e-02,-5.019231646921547448e-03,7.124521201461144505e-06,1.709414598506151517e+00
1.846462153788446869e+01,9.339376085691517004e-02,-5.013866297484271227e-03,7.105412921109162587e-06,1.709438849329709686e+00
1.847462403600900060e+01,9.334363646644307233e-02,-5.008509508182369847e-03,7.086366017029972582e-06,1.709463061346423451e+00
1.848462653413353252e+01,9.329356561451007668e-02,-5.003161260898410408e-03,7.067380259684677853e-06,1.709487234638740416e+00
1.849462903225806443e+01,9.324354821576508190e-02,-4.997821537562641483e-03,7.048455420513494251e-06,1.709511369288890359e+00
1.850463153038259279e+01,9.319358418503750907e-02,-4.992490320152847411e-03,7.029591271931063481e-06,1.709535465378885677e+00
1.851463402850712470e+01,9.314367343733671867e-02,-4.987167590694190425e-03,7.010787587321750377e-06,1.709559522990521385e+00
1.852463652663165661e+01,9.309381588785174688e-02,-4.981853331259074487e-03,6.992044141035084172e-06,1.709583542205378004e+00
1.853463902475618852e+01,9.304401145195065337e-02,-4.976547523966989156e-03,6.973360708381072707e-06,1.709607523104819116e+00
1.854464152288072043e+01,9.299426004518011879e-02,-4.971250150984363875e-03,6.954737065625637777e-06,1.709631465769995140e+00
1.855464402100524879e+01,9.294456158326500073e-02,-4.965961194524423118e-03,6.936172989986064016e-06,1.709655370281842224e+00
1.856464651912978070e+01,9.289491598210775081e-02,-4.960680636847031137e-03,6.917668259626404596e-06,1.709679236721082463e+00
1.857464901725431261e+01,9.284532315778813716e-02,-4.955408460258557517e-03,6.899222653653041924e-06,1.709703065168225677e+00
1.858465151537884452e+01,9.279578302656260602e-02,-4.950144647111727123e-03,6.880835952110124677e-06,1.709726855703571191e+00
1.859465401350337288e+01,9.274629550486394869e-02,-4.944889179805472650e-03,6.862507935975145442e-06,1.709750608407204497e+00
1.860465651162790479e+01,9.269686050930069088e-02,-4.939642040784788905e-03,6.844238387154443818e-06,1.709774323359003034e+00
1.861465900975243670e+01,9.264747795665682906e-02,-4.934403212540598369e-03,6.826027088478850129e-06,1.709798000638632853e+00
1.862466150787696861e+01,9.259814776389117819e-02,-4.929172677609597666e-03,6.807873823699218165e-06,1.709821640325551062e+00
1.863466400600150052e+01,9.254886984813705253e-02,-4.923950418574119664e-03,6.789778377482097700e-06,1.709845242499006490e+00
1.864466650412602888e+01,9.249964412670176606e-02,-4.918736418061992084e-03,6.771740535405367180e-06,1.709868807238039912e+00
1.865466900225056079e+01,9.245047051706609120e-02,-4.913530658746386587e-03,6.753760083953868972e-06,1.709892334621484489e+00
1.866467150037509271e+01,9.240134893688398132e-02,-4.908333123345692134e-03,6.735836810515167416e-06,1.709915824727967104e+00
1.867467399849962462e+01,9.235227930398198781e-02,-4.903143794623362334e-03,6.717970503375215407e-06,1.709939277635908583e+00
1.868467649662415297e+01,9.230326153635884379e-02,-4.897962655387782735e-03,6.700160951714106524e-06,1.709962693423523916e+00
1.869467899474868489e+01,9.225429555218499222e-02,-4.892789688492120773e-03,6.682407945601822081e-06,1.709986072168823812e+00
1.870468149287321680e+01,9.220538126980218352e-02,-4.887624876834200868e-03,6.664711275994035767e-06,1.710009413949615809e+00
1.871468399099774871e+01,9.215651860772304527e-02,-4.882468203356354376e-03,6.647070734727917449e-06,1.710032718843502275e+00
1.872468648912228062e+01,9.210770748463055491e-02,-4.877319651045284275e-03,6.629486114517936122e-06,1.710055986927883298e+00
1.873468898724680898e+01,9.205894781937767890e-02,-4.872179202931933330e-03,6.611957208951734013e-06,1.710079218279958235e+00
1.874469148537134089e+01,9.201023953098684538e-02,-4.867046842091331434e-03,6.594483812485966801e-06,1.710102412976722386e+00
1.875469398349587280e+01,9.196158253864961107e-02,-4.861922551642478517e-03,6.577065720442236164e-06,1.710125571094972985e+00
1.876469648162040471e+01,9.191297676172612008e-02,-4.856806314748194492e-03,6.559702729002963883e-06,1.710148692711305207e+00
1.877469897974493307e+01,9.186442211974475691e-02,-4.851698114614989149e-03,6.542394635207359965e-06,1.710171777902114165e+00
1.878470147786946498e+01,9.181591853240163303e-02,-4.846597934492922512e-03,6.525141236947353497e-06,1.710194826743597796e+00
1.879470397599399689e+01,9.176746591956017052e-02,-4.841505757675473864e-03,6.507942332963574321e-06,1.710217839311753529e+00
1.880470647411852880e+01,9.171906420125072734e-02,-4.836421567499408179e-03,6.490797722841371977e-06,1.710240815682382953e+00
1.881470897224306071e+01,9.167071329767008392e-02,-4.831345347344639073e-03,6.473707207006808395e-06,1.710263755931089147e+00
1.882471147036758907e+01,9.162241312918108227e-02,-4.826277080634098701e-03,6.456670586722721730e-06,1.710286660133279346e+00
1.883471396849212098e+01,9.157416361631209867e-02,-4.821216750833595514e-03,6.439687664084751236e-06,1.710309528364163834e+00
1.884471646661665289e+01,9.152596467975673833e-02,-4.816164341451697160e-03,6.422758242017465479e-06,1.710332360698759047e+00
1.885471896474118481e+01,9.147781624037333581e-02,-4.811119836039587372e-03,6.405882124270435492e-06,1.710355157211885357e+00
1.886472146286571672e+01,9.142971821918453867e-02,-4.806083218190938464e-03,6.389059115414360448e-06,1.710377917978170181e+00
1.887472396099024508e+01,9.138167053737687728e-02,-4.801054471541779493e-03,6.372289020837211116e-06,1.710400643072045757e+00
1.888472645911477699e+01,9.133367311630034846e-02,-4.796033579770361821e-03,6.355571646740389417e-06,1.710423332567753363e+00
1.889472895723930890e+01,9.128572587746801303e-02,-4.791020526597036810e-03,6.338906800134921854e-06,1.710445986539340435e+00
1.890473145536384081e+01,9.123782874255553788e-02,-4.786015295784123123e-03,6.322294288837648715e-06,1.710468605060663672e+00
1.891473395348836917e+01,9.118998163340086283e-02,-4.781017871135774013e-03,6.305733921467472561e-06,1.710491188205387258e+00
1.892473645161290108e+01,9.114218447200359008e-02,-4.776028236497850687e-03,6.289225507441537262e-06,1.710513736046986866e+00
1.893473894973743299e+01,9.109443718052483152e-02,-4.771046375757797414e-03,6.272768856971575589e-06,1.710536248658746095e+00
1.894474144786196490e+01,9.104673968128657036e-02,-4.766072272844508809e-03,6.256363781060119591e-06,1.710558726113760919e+00
1.895474394598649681e+01,9.099909189677138355e-02,-4.761105911728206672e-03,6.240010091496840564e-06,1.710581168484937464e+00
1.896474644411102517e+01,9.095149374962195610e-02,-4.756147276420311619e-03,6.223707600854848367e-06,1.710603575844994007e+00
1.897474894223555708e+01,9.090394516264066471e-02,-4.751196350973310376e-03,6.207456122487025456e-06,1.710625948266460750e+00
1.898475144036008899e+01,9.085644605878924474e-02,-4.746253119480641283e-03,6.191255470522410910e-06,1.710648285821681158e+00
1.899475393848462090e+01,9.080899636118833218e-02,-4.741317566076563329e-03,6.175105459862559878e-06,1.710670588582813290e+00
1.900475643660914926e+01,9.076159599311703352e-02,-4.736389674936029512e-03,6.159005906177930981e-06,1.710692856621826907e+00
1.901475893473368117e+01,9.071424487801252323e-02,-4.731469430274560205e-03,6.142956625904300829e-06,1.710715090010508810e+00
1.902476143285821308e+01,9.066694293946969685e-02,-4.726556816348127799e-03,6.126957436239216639e-06,1.710737288820459723e+00
1.903476393098274499e+01,9.061969010124071300e-02,-4.721651817453023994e-03,6.111008155138426846e-06,1.710759453123096296e+00
1.904476642910727691e+01,9.057248628723460482e-02,-4.716754417925741842e-03,6.095108601312357438e-06,1.710781582989651994e+00
1.905476892723180526e+01,9.052533142151690526e-02,-4.711864602142851709e-03,6.079258594222604399e-06,1.710803678491176871e+00
1.906477142535633718e+01,9.047822542830916137e-02,-4.706982354520873775e-03,6.063457954078414283e-06,1.710825739698538905e+00
1.907477392348086909e+01,9.043116823198862897e-02,-4.702107659516164412e-03,6.047706501833235099e-06,1.710847766682423554e+00
1.908477642160540100e+01,9.038415975708785632e-02,-4.697240501624790412e-03,6.032004059181255332e-06,1.710869759513335531e+00
1.909477891972992936e+01,9.033719992829426781e-02,-4.692380865382408429e-03,6.016350448553951436e-06,1.710891718261597694e+00
1.910478141785446127e+01,9.029028867044973372e-02,-4.687528735364139207e-03,6.000745493116658201e-06,1.710913642997353934e+00
1.911478391597899318e+01,9.024342590855023716e-02,-4.682684096184458293e-03,5.985189016765179772e-06,1.710935533790567842e+00
1.912478641410352509e+01,9.019661156774548549e-02,-4.677846932497065936e-03,5.969680844122404905e-06,1.710957390711023152e+00
1.913478891222805700e+01,9.014984557333845239e-02,-4.673017228994774327e-03,5.954220800534912059e-06,1.710979213828326628e+00
1.914479141035258536e+01,9.010312785078505859e-02,-4.668194970409385303e-03,5.938808712069643101e-06,1.711001003211904736e+00
1.915479390847711727e+01,9.005645832569371401e-02,-4.663380141511568044e-03,5.923444405510541425e-06,1.711022758931008747e+00
1.916479640660164918e+01,9.000983692382499846e-02,-4.658572727110751530e-03,5.908127708355259543e-06,1.711044481054711852e+00
1.917479890472618109e+01,8.996326357109123151e-02,-4.653772712054996159e-03,5.892858448811837017e-06,1.711066169651909830e+00
1.918480140285071300e+01,8.991673819355609776e-02,-4.648980081230883604e-03,5.877636455795424136e-06,1.711087824791324596e+00
1.919480390097524136e+01,8.987026071743425826e-02,-4.644194819563396241e-03,5.862461558925013216e-06,1.711109446541500878e+00
1.920480639909977327e+01,8.982383106909097581e-02,-4.639416912015797458e-03,5.847333588520184303e-06,1.711131034970809317e+00
1.921480889722430518e+01,8.977744917504169864e-02,-4.634646343589525833e-03,5.832252375597864418e-06,1.711152590147446695e+00
1.922481139534883710e+01,8.973111496195175507e-02,-4.629883099324069370e-03,5.817217751869132554e-06,1.711174112139435710e+00
1.923481389347336545e+01,8.968482835663592334e-02,-4.625127164296856212e-03,5.802229549736002646e-06,1.711195601014625201e+00
1.924481639159789736e+01,8.963858928605798748e-02,-4.620378523623132339e-03,5.787287602288214157e-06,1.711217056840691697e+00
1.925481888972242928e+01,8.959239767733051529e-02,-4.615637162455859220e-03,5.772391743300116695e-06,1.711238479685140090e+00
1.926482138784696119e+01,8.954625345771431710e-02,-4.610903065985588918e-03,5.757541807227463149e-06,1.711259869615303408e+00
1.927482388597149310e+01,8.950015655461822373e-02,-4.606176219440354797e-03,5.742737629204320553e-06,1.711281226698342595e+00
1.928482638409602146e+01,8.945410689559858686e-02,-4.601456608085558765e-03,5.727979045039912351e-06,1.711302551001248506e+00
1.929482888222055337e+01,8.940810440835893214e-02,-4.596744217223854186e-03,5.713265891215518259e-06,1.711323842590843025e+00
1.930483138034508528e+01,8.936214902074966770e-02,-4.592039032195040921e-03,5.698598004881413928e-06,1.711345101533776614e+00
1.931483387846961719e+01,8.931624066076764012e-02,-4.587341038375946506e-03,5.683975223853773353e-06,1.711366327896532091e+00
1.932483637659414555e+01,8.927037925655575967e-02,-4.582650221180317729e-03,5.669397386611611076e-06,1.711387521745421969e+00
1.933483887471867746e+01,8.922456473640262564e-02,-4.577966566058707006e-03,5.654864332293734567e-06,1.711408683146593779e+00
1.934484137284320937e+01,8.917879702874226266e-02,-4.573290058498363959e-03,5.640375900695754196e-06,1.711429812166023856e+00
1.935484387096774128e+01,8.913307606215360723e-02,-4.568620684023124399e-03,5.625931932267027136e-06,1.711450908869524223e+00
1.936484636909227319e+01,8.908740176536023014e-02,-4.563958428193299298e-03,5.611532268107681741e-06,1.711471973322739482e+00
1.937484886721680155e+01,8.904177406723000343e-02,-4.559303276605565503e-03,5.597176749965656314e-06,1.711493005591147254e+00
1.938485136534133346e+01,8.899619289677460077e-02,-4.554655214892854714e-03,5.582865220233682825e-06,1.711514005740061295e+00
1.939485386346586537e+01,8.895065818314926154e-02,-4.550014228724247670e-03,5.568597521946383283e-06,1.711534973834629270e+00
1.940485636159039728e+01,8.890516985565240227e-02,-4.545380303804863117e-03,5.554373498777318671e-06,1.711555909939834752e+00
1.941485885971492564e+01,8.885972784372525579e-02,-4.540753425875752869e-03,5.540192995036071764e-06,1.711576814120496559e+00
1.942486135783945755e+01,8.881433207695144105e-02,-4.536133580713786438e-03,5.526055855665321482e-06,1.711597686441271637e+00
1.943486385596398947e+01,8.876898248505672717e-02,-4.531520754131553030e-03,5.511961926237983300e-06,1.711618526966651954e+00
1.944486635408852138e+01,8.872367899790856161e-02,-4.526914931977247050e-03,5.497911052954304779e-06,1.711639335760967828e+00
1.945486885221305329e+01,8.867842154551583422e-02,-4.522316100134567488e-03,5.483903082639033082e-06,1.711660112888388152e+00
1.946487135033758165e+01,8.863321005802840546e-02,-4.517724244522606895e-03,5.469937862738540147e-06,1.711680858412918615e+00
1.947487384846211356e+01,8.858804446573678715e-02,-4.513139351095743837e-03,5.456015241317990208e-06,1.711701572398405702e+00
1.948487634658664547e+01,8.854292469907186491e-02,-4.508561405843544007e-03,5.442135067058553904e-06,1.711722254908533358e+00
1.949487884471117738e+01,8.849785068860445414e-02,-4.503990394790651809e-03,5.428297189254569025e-06,1.711742906006827436e+00
1.950488134283570574e+01,8.845282236504499462e-02,-4.499426303996682808e-03,5.414501457810767327e-06,1.711763525756652582e+00
1.951488384096023765e+01,8.840783965924314813e-02,-4.494869119556120507e-03,5.400747723239479318e-06,1.711784114221214903e+00
1.952488633908476956e+01,8.836290250218756248e-02,-4.490318827598215740e-03,5.387035836657909361e-06,1.711804671463561967e+00
1.953488883720930147e+01,8.831801082500539968e-02,-4.485775414286879113e-03,5.373365649785348930e-06,1.711825197546583022e+00
1.954489133533383338e+01,8.827316455896208613e-02,-4.481238865820577795e-03,5.359737014940469493e-06,1.711845692533009000e+00
1.955489383345836174e+01,8.822836363546089633e-02,-4.476709168432234896e-03,5.346149785038582363e-06,1.711866156485414292e+00
1.956489633158289365e+01,8.818360798604261974e-02,-4.472186308389122789e-03,5.332603813588934968e-06,1.711886589466216302e+00
1.957489882970742556e+01,8.813889754238528329e-02,-4.467670271992764224e-03,5.319098954692036765e-06,1.711906991537676337e+00
1.958490132783195747e+01,8.809423223630374888e-02,-4.463161045578830852e-03,5.305635063036960599e-06,1.711927362761899829e+00
1.959490382595648938e+01,8.804961199974935260e-02,-4.458658615517036537e-03,5.292211993898672850e-06,1.711947703200835669e+00
1.960490632408101774e+01,8.800503676480965487e-02,-4.454162968211043683e-03,5.278829603135405936e-06,1.711968012916279758e+00
1.961490882220554965e+01,8.796050646370798254e-02,-4.449674090098352207e-03,5.265487747185982543e-06,1.711988291969872122e+00
1.962491132033008157e+01,8.791602102880317904e-02,-4.445191967650210206e-03,5.252186283067216920e-06,1.712008540423099801e+00
1.963491381845461348e+01,8.787158039258925746e-02,-4.440716587371503800e-03,5.238925068371300093e-06,1.712028758337294621e+00
1.964491631657914184e+01,8.782718448769503972e-02,-4.436247935800666925e-03,5.225703961263188460e-06,1.712048945773637643e+00
1.965491881470367375e+01,8.778283324688380962e-02,-4.431785999509570313e-03,5.212522820478018647e-06,1.712069102793156050e+00
1.966492131282820566e+01,8.773852660305300755e-02,-4.427330765103430418e-03,5.199381505318535920e-06,1.712089229456723816e+00
1.967492381095273757e+01,8.769426448923391126e-02,-4.422882219220711404e-03,5.186279875652542066e-06,1.712109325825065476e+00
1.968492630907726948e+01,8.765004683859124734e-02,-4.418440348533021061e-03,5.173217791910328892e-06,1.712129391958752800e+00
1.969492880720179784e+01,8.760587358442292749e-02,-4.414005139745016265e-03,5.160195115082162532e-06,1.712149427918207012e+00
1.970493130532632975e+01,8.756174466015964608e-02,-4.409576579594301493e-03,5.147211706715737268e-06,1.712169433763699455e+00
1.971493380345086166e+01,8.751765999936463036e-02,-4.405154654851336019e-03,5.134267428913692028e-06,1.712189409555350705e+00
1.972493630157539357e+01,8.747361953573325188e-02,-4.400739352319335898e-03,5.121362144331092159e-06,1.712209355353133233e+00
1.973493879969992193e+01,8.742962320309273505e-02,-4.396330658834174225e-03,5.108495716172956089e-06,1.712229271216868298e+00
1.974494129782445384e+01,8.738567093540178243e-02,-4.391928561264283118e-03,5.095668008191767592e-06,1.712249157206231054e+00
1.975494379594898575e+01,8.734176266675029721e-02,-4.387533046510566116e-03,5.082878884685030404e-06,1.712269013380746774e+00
1.976494629407351766e+01,8.729789833135906396e-02,-4.383144101506292363e-03,5.070128210492817755e-06,1.712288839799793738e+00
1.977494879219804957e+01,8.725407786357938789e-02,-4.378761713217008134e-03,5.057415850995332071e-06,1.712308636522603011e+00
1.978495129032257793e+01,8.721030119789280333e-02,-4.374385868640439691e-03,5.044741672110481609e-06,1.712328403608259331e+00
1.979495378844710984e+01,8.716656826891071297e-02,-4.370016554806390938e-03,5.032105540291464720e-06,1.712348141115698885e+00
1.980495628657164175e+01,8.712287901137412416e-02,-4.365653758776663618e-03,5.019507322524382063e-06,1.712367849103714423e+00
1.981495878469617367e+01,8.707923336015327420e-02,-4.361297467644950632e-03,5.006946886325833575e-06,1.712387527630952144e+00
1.982496128282070202e+01,8.703563125024736669e-02,-4.356947668536749300e-03,4.994424099740558633e-06,1.712407176755913030e+00
1.983496378094523394e+01,8.699207261678418290e-02,-4.352604348609259884e-03,4.981938831339051661e-06,1.712426796536953510e+00
1.984496627906976585e+01,8.694855739501983205e-02,-4.348267495051302313e-03,4.969490950215226854e-06,1.712446387032285910e+00
1.985496877719429776e+01,8.690508552033841816e-02,-4.343937095083216446e-03,4.957080325984076985e-06,1.712465948299978669e+00
1.986497127531882967e+01,8.686165692825169315e-02,-4.339613135956771860e-03,4.944706828779328816e-06,1.712485480397957227e+00
1.987497377344335803e+01,8.681827155439879318e-02,-4.335295604955074177e-03,4.932370329251143400e-06,1.712504983384002699e+00
1.988497627156788994e+01,8.677492933454586388e-02,-4.330984489392473123e-03,4.920070698563792675e-06,1.712524457315755866e+00
1.989497876969242185e+01,8.673163020458579675e-02,-4.326679776614472325e-03,4.907807808393375859e-06,1.712543902250713401e+00
1.990498126781695376e+01,8.668837410053793768e-02,-4.322381453997637367e-03,4.895581530925545171e-06,1.712563318246230981e+00
1.991498376594148212e+01,8.664516095854769839e-02,-4.318089508949506453e-03,4.883391738853207824e-06,1.712582705359523505e+00
1.992498626406601403e+01,8.660199071488630662e-02,-4.313803928908491528e-03,4.871238305374283936e-06,1.712602063647664208e+00
1.993498876219054594e+01,8.655886330595048694e-02,-4.309524701343800217e-03,4.859121104189453416e-06,1.712621393167586659e+00
1.994499126031507785e+01,8.651577866826214158e-02,-4.305251813755336075e-03,4.847040009499914720e-06,1.712640693976083428e+00
1.995499375843960976e+01,8.647273673846807285e-02,-4.300985253673612722e-03,4.834994896005164775e-06,1.712659966129808309e+00
1.996499625656413812e+01,8.642973745333966396e-02,-4.296725008659666237e-03,4.822985638900777211e-06,1.712679209685275428e+00
1.997499875468867003e+01,8.638678074977249044e-02,-4.292471066304958012e-03,4.811012113876177207e-06,1.712698424698860356e+00
1.998500125281320194e+01,8.634386656478616751e-02,-4.288223414231295827e-03,4.799074197112484946e-06,1.712717611226800329e+00
1.999500375093773386e+01,8.630099483552397532e-02,-4.283982040090737568e-03,4.787171765280314173e-06,1.712736769325194253e+00
2.000500624906226577e+01,8.625816549925249821e-02,-4.279746931565507964e-03,4.775304695537580924e-06,1.712755899050002917e+00
2.001500874718679412e+01,8.621537849336144421e-02,-4.275518076367910113e-03,4.763472865527376624e-06,1.712775000457052110e+00
2.002501124531132604e+01,8.617263375536321490e-02,-4.271295462240229206e-03,4.751676153375780202e-06,1.712794073602027956e+00
2.003501374343585795e+01,8.612993122289269721e-02,-4.267079076954658802e-03,4.739914437689737968e-06,1.712813118540482016e+00
2.004501624156038986e+01,8.608727083370695810e-02,-4.262868908313205418e-03,4.728187597554938407e-06,1.712832135327829963e+00
2.005501873968491822e+01,8.604465252568491151e-02,-4.258664944147601793e-03,4.716495512533675960e-06,1.712851124019350468e+00
2.006502123780945013e+01,8.600207623682699920e-02,-4.254467172319221883e-03,4.704838062662735987e-06,1.712870084670188531e+00
2.007502373593398204e+01,8.595954190525499639e-02,-4.250275580718995000e-03,4.693215128451327155e-06,1.712889017335353703e+00
2.008502623405851395e+01,8.591704946921159547e-02,-4.246090157267319067e-03,4.681626590878956235e-06,1.712907922069720756e+00
2.009502873218304586e+01,8.587459886706021173e-02,-4.241910889913975621e-03,4.670072331393374046e-06,1.712926798928031236e+00
2.010503123030757422e+01,8.583219003728465024e-02,-4.237737766638045682e-03,4.658552231908501918e-06,1.712945647964892570e+00
2.011503372843210613e+01,8.578982291848873121e-02,-4.233570775447817805e-03,4.647066174802346300e-06,1.712964469234779186e+00
2.012503622655663804e+01,8.574749744939616503e-02,-4.229409904380712626e-03,4.635614042914995523e-06,1.712983262792032280e+00
2.013503872468116995e+01,8.570521356885012210e-02,-4.225255141503194388e-03,4.624195719546547113e-06,1.713002028690861378e+00
2.014504122280569831e+01,8.566297121581305241e-02,-4.221106474910685941e-03,4.612811088455105403e-06,1.713020766985343446e+00
2.015504372093023022e+01,8.562077032936622756e-02,-4.216963892727481136e-03,4.601460033854719009e-06,1.713039477729423110e+00
2.016504621905476213e+01,8.557861084870967139e-02,-4.212827383106671104e-03,4.590142440413430962e-06,1.713058160976914879e+00
2.017504871717929404e+01,8.553649271316170200e-02,-4.208696934230053179e-03,4.578858193251233966e-06,1.713076816781501810e+00
2.018505121530382596e+01,8.549441586215872357e-02,-4.204572534308048497e-03,4.567607177938101899e-06,1.713095445196736621e+00
2.019505371342835431e+01,8.545238023525496274e-02,-4.200454171579623072e-03,4.556389280492017068e-06,1.713114046276041247e+00
2.020505621155288623e+01,8.541038577212203831e-02,-4.196341834312197587e-03,4.545204387376962744e-06,1.713132620072708612e+00
2.021505870967741814e+01,8.536843241254889192e-02,-4.192235510801575402e-03,4.534052385501015642e-06,1.713151166639901968e+00
2.022506120780195005e+01,8.532652009644133007e-02,-4.188135189371852349e-03,4.522933162214355396e-06,1.713169686030655781e+00
2.023506370592647841e+01,8.528464876382185755e-02,-4.184040858375341274e-03,4.511846605307349417e-06,1.713188178297875064e+00
2.024506620405101032e+01,8.524281835482926117e-02,-4.179952506192480093e-03,4.500792603008588620e-06,1.713206643494337378e+00
2.025506870217554223e+01,8.520102880971849868e-02,-4.175870121231765007e-03,4.489771043983005320e-06,1.713225081672692385e+00
2.026507120030007414e+01,8.515928006886029633e-02,-4.171793691929658564e-03,4.478781817329936916e-06,1.713243492885461183e+00
2.027507369842460605e+01,8.511757207274089909e-02,-4.167723206750515060e-03,4.467824812581220065e-06,1.713261877185039195e+00
2.028507619654913441e+01,8.507590476196180695e-02,-4.163658654186497277e-03,4.456899919699306877e-06,1.713280234623693943e+00
2.029507869467366632e+01,8.503427807723948351e-02,-4.159600022757493215e-03,4.446007029075374347e-06,1.713298565253567052e+00
2.030508119279819823e+01,8.499269195940507837e-02,-4.155547301011045837e-03,4.435146031527447319e-06,1.713316869126673803e+00
2.031508369092273014e+01,8.495114634940417742e-02,-4.151500477522265461e-03,4.424316818298540951e-06,1.713335146294904465e+00
2.032508618904726205e+01,8.490964118829649743e-02,-4.147459540893750837e-03,4.413519281054791309e-06,1.713353396810022300e+00
2.033508868717179041e+01,8.486817641725560857e-02,-4.143424479755517149e-03,4.402753311883607990e-06,1.713371620723667776e+00
2.034509118529632232e+01,8.482675197756868457e-02,-4.139395282764904947e-03,4.392018803291843682e-06,1.713389818087355021e+00
2.035509368342085423e+01,8.478536781063619743e-02,-4.135371938606513358e-03,4.381315648203946789e-06,1.713407988952474481e+00
2.036509618154538614e+01,8.474402385797169535e-02,-4.131354435992118553e-03,4.370643739960161480e-06,1.713426133370293369e+00
2.037509867966991450e+01,8.470272006120151131e-02,-4.127342763660593085e-03,4.360002972314702339e-06,1.713444251391954332e+00
2.038510117779444641e+01,8.466145636206441616e-02,-4.123336910377826091e-03,4.349393239433934087e-06,1.713462343068477667e+00
2.039510367591897833e+01,8.462023270241146589e-02,-4.119336864936654768e-03,4.338814435894603826e-06,1.713480408450760217e+00
2.040510617404351024e+01,8.457904902420569637e-02,-4.115342616156778509e-03,4.328266456682047023e-06,1.713498447589576257e+00
2.041510867216804215e+01,8.453790526952180417e-02,-4.111354152884687772e-03,4.317749197188392647e-06,1.713516460535579045e+00
2.042511117029257051e+01,8.449680138054593836e-02,-4.107371463993583424e-03,4.307262553210812353e-06,1.713534447339298605e+00
2.043511366841710242e+01,8.445573729957538134e-02,-4.103394538383299539e-03,4.296806420949743405e-06,1.713552408051144615e+00
2.044511616654163433e+01,8.441471296901834065e-02,-4.099423364980233145e-03,4.286380697007150565e-06,1.713570342721405293e+00
2.045511866466616624e+01,8.437372833139364370e-02,-4.095457932737262691e-03,4.275985278384772736e-06,1.713588251400248064e+00
2.046512116279069460e+01,8.433278332933051569e-02,-4.091498230633676923e-03,4.265620062482395861e-06,1.713606134137720227e+00
2.047512366091522651e+01,8.429187790556820492e-02,-4.087544247675089885e-03,4.255284947096100411e-06,1.713623990983748735e+00
2.048512615903975842e+01,8.425101200295588566e-02,-4.083595972893380201e-03,4.244979830416581719e-06,1.713641821988140634e+00
2.049512865716429033e+01,8.421018556445225567e-02,-4.079653395346605205e-03,4.234704611027402554e-06,1.713659627200585067e+00
2.050513115528882224e+01,8.416939853312536968e-02,-4.075716504118929821e-03,4.224459187903317684e-06,1.713677406670649717e+00
2.051513365341335060e+01,8.412865085215230632e-02,-4.071785288320553704e-03,4.214243460408557793e-06,1.713695160447785915e+00
2.052513615153788251e+01,8.408794246481893220e-02,-4.067859737087631440e-03,4.204057328295150657e-06,1.713712888581325311e+00
2.053513864966241442e+01,8.404727331451967987e-02,-4.063939839582206628e-03,4.193900691701253341e-06,1.713730591120482538e+00
2.054514114778694633e+01,8.400664334475725636e-02,-4.060025584992132952e-03,4.183773451149469141e-06,1.713748268114353879e+00
2.055514364591147469e+01,8.396605249914237956e-02,-4.056116962531000451e-03,4.173675507545190787e-06,1.713765919611917932e+00
2.056514614403600660e+01,8.392550072139350059e-02,-4.052213961438064400e-03,4.163606762174934331e-06,1.713783545662037611e+00
2.057514864216053851e+01,8.388498795533662344e-02,-4.048316570978171582e-03,4.153567116704714540e-06,1.713801146313457924e+00
2.058515114028507043e+01,8.384451414490498578e-02,-4.044424780441689161e-03,4.143556473178394024e-06,1.713818721614808194e+00
2.059515363840960234e+01,8.380407923413882298e-02,-4.040538579144428363e-03,4.133574734016049311e-06,1.713836271614602058e+00
2.060515613653413070e+01,8.376368316718510454e-02,-4.036657956427577680e-03,4.123621802012353017e-06,1.713853796361236803e+00
2.061515863465866261e+01,8.372332588829728417e-02,-4.032782901657622210e-03,4.113697580334956009e-06,1.713871295902994474e+00
2.062516113278319452e+01,8.368300734183507783e-02,-4.028913404226283808e-03,4.103801972522889056e-06,1.713888770288042762e+00
2.063516363090772643e+01,8.364272747226414451e-02,-4.025049453550438687e-03,4.093934882484944997e-06,1.713906219564434119e+00
2.064516612903225479e+01,8.360248622415591968e-02,-4.021191039072054101e-03,4.084096214498110881e-06,1.713923643780107087e+00
2.065516862715678670e+01,8.356228354218726839e-02,-4.017338150258109412e-03,4.074285873205955215e-06,1.713941042982885632e+00
2.066517112528131861e+01,8.352211937114033258e-02,-4.013490776600532779e-03,4.064503763617077900e-06,1.713958417220480257e+00
2.067517362340585052e+01,8.348199365590222576e-02,-4.009648907616127425e-03,4.054749791103527964e-06,1.713975766540488888e+00
2.068517612153038243e+01,8.344190634146479713e-02,-4.005812532846500518e-03,4.045023861399242491e-06,1.713993090990395318e+00
2.069517861965491079e+01,8.340185737292436785e-02,-4.001981641857995514e-03,4.035325880598488917e-06,1.714010390617571211e+00
2.070518111777944270e+01,8.336184669548148130e-02,-3.998156224241615833e-03,4.025655755154318356e-06,1.714027665469275652e+00
2.071518361590397461e+01,8.332187425444073647e-02,-3.994336269612963272e-03,4.016013391877046017e-06,1.714044915592655149e+00
2.072518611402850652e+01,8.328193999521041335e-02,-3.990521767612166884e-03,4.006398697932683351e-06,1.714062141034745634e+00
2.073518861215303843e+01,8.324204386330233407e-02,-3.986712707903809251e-03,3.996811580841444728e-06,1.714079341842470905e+00
2.074519111027756679e+01,8.320218580433158539e-02,-3.982909080176861433e-03,3.987251948476216850e-06,1.714096518062643071e+00
2.075519360840209870e+01,8.316236576401622727e-02,-3.979110874144610975e-03,3.977719709061040022e-06,1.714113669741964774e+00
2.076519610652663062e+01,8.312258368817711240e-02,-3.975318079544598593e-03,3.968214771169617373e-06,1.714130796927026523e+00
2.077519860465116253e+01,8.308283952273762263e-02,-3.971530686138545312e-03,3.958737043723813911e-06,1.714147899664310470e+00
2.078520110277569088e+01,8.304313321372346068e-02,-3.967748683712287415e-03,3.949286435992176762e-06,1.714164978000187523e+00
2.079520360090022280e+01,8.300346470726230330e-02,-3.963972062075702719e-03,3.939862857588426599e-06,1.714182031980919119e+00
2.080520609902475471e+01,8.296383394958369017e-02,-3.960200811062650726e-03,3.930466218470015150e-06,1.714199061652658118e+00
2.081520859714928662e+01,8.292424088701871865e-02,-3.956434920530901497e-03,3.921096428936637802e-06,1.714216067061447912e+00
2.082521109527381853e+01,8.288468546599980780e-02,-3.952674380362067134e-03,3.911753399628776710e-06,1.714233048253223535e+00
2.083521359339834689e+01,8.284516763306047638e-02,-3.948919180461539329e-03,3.902437041526248980e-06,1.714250005273811439e+00
2.084521609152287880e+01,8.280568733483506527e-02,-3.945169310758414767e-03,3.893147265946751465e-06,1.714266938168930388e+00
2.085521858964741071e+01,8.276624451805857097e-02,-3.941424761205437020e-03,3.883883984544432670e-06,1.714283846984191451e+00
2.086522108777194262e+01,8.272683912956635410e-02,-3.937685521778925418e-03,3.874647109308451950e-06,1.714300731765097341e+00
2.087522358589647098e+01,8.268747111629390356e-02,-3.933951582478710865e-03,3.865436552561548018e-06,1.714317592557044634e+00
2.088522608402100289e+01,8.264814042527664217e-02,-3.930222933328066451e-03,3.856252226958631185e-06,1.714334429405323101e+00
2.089522858214553480e+01,8.260884700364964917e-02,-3.926499564373647604e-03,3.847094045485358643e-06,1.714351242355115268e+00
2.090523108027006671e+01,8.256959079864745199e-02,-3.922781465685422700e-03,3.837961921456731783e-06,1.714368031451498409e+00
2.091523357839459862e+01,8.253037175760380428e-02,-3.919068627356607146e-03,3.828855768515703671e-06,1.714384796739442995e+00
2.092523607651912698e+01,8.249118982795142219e-02,-3.915361039503602661e-03,3.819775500631771280e-06,1.714401538263814251e+00
2.093523857464365889e+01,8.245204495722173454e-02,-3.911658692265924421e-03,3.810721032099592285e-06,1.714418256069371704e+00
2.094524107276819080e+01,8.241293709304474413e-02,-3.907961575806148148e-03,3.801692277537618798e-06,1.714434950200771191e+00
2.095524357089272272e+01,8.237386618314869458e-02,-3.904269680309833349e-03,3.792689151886704000e-06,1.714451620702562185e+00
2.096524606901725107e+01,8.233483217535991772e-02,-3.900582995985469974e-03,3.783711570408751547e-06,1.714468267619190245e+00
2.097524856714178298e+01,8.229583501760252828e-02,-3.896901513064404254e-03,3.774759448685335750e-06,1.714484890994997679e+00
2.098525106526631490e+01,8.225687465789825736e-02,-3.893225221800783193e-03,3.765832702616364118e-06,1.714501490874221323e+00
2.099525356339084681e+01,8.221795104436621648e-02,-3.889554112471487347e-03,3.756931248418723365e-06,1.714518067300995874e+00
2.100525606151537872e+01,8.217906412522264781e-02,-3.885888175376067503e-03,3.748055002624935602e-06,1.714534620319351887e+00
2.101525855963990708e+01,8.214021384878072984e-02,-3.882227400836683537e-03,3.739203882081828066e-06,1.714551149973217559e+00
2.102526105776443899e+01,8.210140016345028602e-02,-3.878571779198035016e-03,3.730377803949190574e-06,1.714567656306417831e+00
2.103526355588897090e+01,8.206262301773764589e-02,-3.874921300827308297e-03,3.721576685698470246e-06,1.714584139362675730e+00
2.104526605401350281e+01,8.202388236024535373e-02,-3.871275956114106701e-03,3.712800445111441239e-06,1.714600599185611696e+00
2.105526855213803472e+01,8.198517813967198808e-02,-3.867635735470390662e-03,3.704049000278902013e-06,1.714617035818744473e+00
2.106527105026256308e+01,8.194651030481193976e-02,-3.864000629330417019e-03,3.695322269599373434e-06,1.714633449305491553e+00
2.107527354838709499e+01,8.190787880455509262e-02,-3.860370628150670488e-03,3.686620171777775297e-06,1.714649839689168731e+00
2.108527604651162690e+01,8.186928358788675419e-02,-3.856745722409811190e-03,3.677942625824172703e-06,1.714666207012990995e+00
2.109527854463615881e+01,8.183072460388732261e-02,-3.853125902608607427e-03,3.669289551052460207e-06,1.714682551320072967e+00
2.110528104276068717e+01,8.179220180173213395e-02,-3.849511159269876706e-03,3.660660867079099728e-06,1.714698872653428463e+00
2.111528354088521908e+01,8.175371513069117080e-02,-3.845901482938418950e-03,3.652056493821829254e-06,1.714715171055970933e+00
2.112528603900975099e+01,8.171526454012889573e-02,-3.842296864180964888e-03,3.643476351498406690e-06,1.714731446570514573e+00
2.113528853713428290e+01,8.167684997950402925e-02,-3.838697293586107971e-03,3.634920360625346084e-06,1.714747699239773215e+00
2.114529103525881482e+01,8.163847139836931388e-02,-3.835102761764247557e-03,3.626388442016658090e-06,1.714763929106362550e+00
2.115529353338334317e+01,8.160012874637130598e-02,-3.831513259347527327e-03,3.617880516782600170e-06,1.714780136212797901e+00
2.116529603150787509e+01,8.156182197325012595e-02,-3.827928776989771107e-03,3.609396506328426376e-06,1.714796320601496671e+00
2.117529852963240700e+01,8.152355102883931948e-02,-3.824349305366432118e-03,3.600936332353163385e-06,1.714812482314777453e+00
2.118530102775693891e+01,8.148531586306556607e-02,-3.820774835174524462e-03,3.592499916848361970e-06,1.714828621394860919e+00
2.119530352588146727e+01,8.144711642594849865e-02,-3.817205357132569341e-03,3.584087182096877702e-06,1.714844737883869374e+00
2.120530602400599918e+01,8.140895266760045379e-02,-3.813640861980529574e-03,3.575698050671638937e-06,1.714860831823827869e+00
2.121530852213053109e+01,8.137082453822631900e-02,-3.810081340479757120e-03,3.567332445434446571e-06,1.714876903256663976e+00
2.122531102025506300e+01,8.133273198812328297e-02,-3.806526783412929760e-03,3.558990289534755581e-06,1.714892952224207789e+00
2.123531351837959491e+01,8.129467496768059964e-02,-3.802977181583993421e-03,3.550671506408462925e-06,1.714908978768193037e+00
2.124531601650412327e+01,8.125665342737943553e-02,-3.799432525818104926e-03,3.542376019776724658e-06,1.714924982930256414e+00
2.125531851462865518e+01,8.121866731779257831e-02,-3.795892806961568677e-03,3.534103753644741286e-06,1.714940964751938468e+00
2.126532101275318709e+01,8.118071658958429804e-02,-3.792358015881785050e-03,3.525854632300588439e-06,1.714956924274684269e+00
2.127532351087771900e+01,8.114280119351011122e-02,-3.788828143467187944e-03,3.517628580314026789e-06,1.714972861539841853e+00
2.128532600900224736e+01,8.110492108041657267e-02,-3.785303180627188832e-03,3.509425522535326789e-06,1.714988776588664887e+00
2.129532850712677927e+01,8.106707620124101177e-02,-3.781783118292115185e-03,3.501245384094084528e-06,1.715004669462310893e+00
2.130533100525131118e+01,8.102926650701143541e-02,-3.778267947413159727e-03,3.493088090398078652e-06,1.715020540201843247e+00
2.131533350337584309e+01,8.099149194884622260e-02,-3.774757658962317550e-03,3.484953567132090874e-06,1.715036388848230287e+00
2.132533600150037500e+01,8.095375247795397189e-02,-3.771252243932331043e-03,3.476841740256760365e-06,1.715052215442345318e+00
2.133533849962490336e+01,8.091604804563326536e-02,-3.767751693336633071e-03,3.468752536007428396e-06,1.715068020024967943e+00
2.134534099774943527e+01,8.087837860327244666e-02,-3.764255998209287135e-03,3.460685880892990187e-06,1.715083802636783838e+00
2.135534349587396719e+01,8.084074410234946828e-02,-3.760765149604936627e-03,3.452641701694765813e-06,1.715099563318385201e+00
2.136534599399849910e+01,8.080314449443164182e-02,-3.757279138598743681e-03,3.444619925465358825e-06,1.715115302110270079e+00
2.137534849212302746e+01,8.076557973117547140e-02,-3.753797956286334964e-03,3.436620479527532240e-06,1.715131019052843930e+00
2.138535099024755937e+01,8.072804976432636226e-02,-3.750321593783742264e-03,3.428643291473069703e-06,1.715146714186418730e+00
2.139535348837209128e+01,8.069055454571855135e-02,-3.746850042227351744e-03,3.420688289161681967e-06,1.715162387551214307e+00
2.140535598649662319e+01,8.065309402727478816e-02,-3.743383292773846266e-03,3.412755400719871449e-06,1.715178039187358339e+00
2.141535848462115510e+01,8.061566816100620980e-02,-3.739921336600147278e-03,3.404844554539839975e-06,1.715193669134885690e+00
2.142536098274568346e+01,8.057827689901209123e-02,-3.736464164903364072e-03,3.396955679278373667e-06,1.715209277433739299e+00
2.143536348087021537e+01,8.054092019347960929e-02,-3.733011768900731334e-03,3.389088703855739680e-06,1.715224864123771065e+00
2.144536597899474728e+01,8.050359799668377336e-02,-3.729564139829563609e-03,3.381243557454620212e-06,1.715240429244740961e+00
2.145536847711927919e+01,8.046631026098709227e-02,-3.726121268947192849e-03,3.373420169518996111e-06,1.715255972836317921e+00
2.146537097524381110e+01,8.042905693883942164e-02,-3.722683147530918106e-03,3.365618469753073689e-06,1.715271494938080288e+00
2.147537347336833946e+01,8.039183798277781123e-02,-3.719249766877949590e-03,3.357838388120218307e-06,1.715286995589515140e+00
2.148537597149287137e+01,8.035465334542617188e-02,-3.715821118305350119e-03,3.350079854841850262e-06,1.715302474830019630e+00
2.149537846961740328e+01,8.031750297949526163e-02,-3.712397193149990452e-03,3.342342800396417345e-06,1.715317932698900760e+00
2.150538096774193519e+01,8.028038683778233875e-02,-3.708977982768486836e-03,3.334627155518299618e-06,1.715333369235375383e+00
2.151538346586646355e+01,8.024330487317103688e-02,-3.705563478537152004e-03,3.326932851196765878e-06,1.715348784478570865e+00
2.152538596399099546e+01,8.020625703863114297e-02,-3.702153671851937059e-03,3.319259818674916553e-06,1.715364178467525313e+00
2.153538846211552737e+01,8.016924328721841686e-02,-3.698748554128383336e-03,3.311607989448635080e-06,1.715379551241187128e+00
2.154539096024005929e+01,8.013226357207435535e-02,-3.695348116801564723e-03,3.303977295265538427e-06,1.715394902838415669e+00
2.155539345836459120e+01,8.009531784642609509e-02,-3.691952351326038221e-03,3.296367668123957694e-06,1.715410233297983034e+00
2.156539595648911956e+01,8.005840606358607947e-02,-3.688561249175788433e-03,3.288779040271874234e-06,1.715425542658571167e+00
2.157539845461365147e+01,8.002152817695196152e-02,-3.685174801844172485e-03,3.281211344205910417e-06,1.715440830958774532e+00
2.158540095273818338e+01,7.998468414000640958e-02,-3.681793000843874061e-03,3.273664512670305143e-06,1.715456098237100102e+00
2.159540345086271529e+01,7.994787390631684365e-02,-3.678415837706845715e-03,3.266138478655877921e-06,1.715471344531966036e+00
2.160540594898724365e+01,7.991109742953536599e-02,-3.675043303984259439e-03,3.258633175399040801e-06,1.715486569881704115e+00
2.161540844711177556e+01,7.987435466339838641e-02,-3.671675391246448546e-03,3.251148536380746791e-06,1.715501774324557971e+00
2.162541094523630747e+01,7.983764556172660842e-02,-3.668312091082865604e-03,3.243684495325522113e-06,1.715516957898685080e+00
2.163541344336083938e+01,7.980097007842476553e-02,-3.664953395102022587e-03,3.236240986200450191e-06,1.715532120642155212e+00
2.164541594148537129e+01,7.976432816748141308e-02,-3.661599294931442306e-03,3.228817943214167919e-06,1.715547262592951983e+00
2.165541843960989965e+01,7.972771978296876172e-02,-3.658249782217608097e-03,3.221415300815881405e-06,1.715562383788973078e+00
2.166542093773443156e+01,7.969114487904246924e-02,-3.654904848625907445e-03,3.214032993694371556e-06,1.715577484268030251e+00
2.167542343585896347e+01,7.965460340994148791e-02,-3.651564485840587751e-03,3.206670956777018296e-06,1.715592564067848214e+00
2.168542593398349538e+01,7.961809532998785632e-02,-3.648228685564699949e-03,3.199329125228818431e-06,1.715607623226067524e+00
2.169542843210802374e+01,7.958162059358649121e-02,-3.644897439520052105e-03,3.192007434451406479e-06,1.715622661780242142e+00
2.170543093023255565e+01,7.954517915522502092e-02,-3.641570739447152170e-03,3.184705820082088205e-06,1.715637679767841872e+00
2.171543342835708756e+01,7.950877096947360501e-02,-3.638248577105165048e-03,3.177424217992876275e-06,1.715652677226251255e+00
2.172543592648161948e+01,7.947239599098473994e-02,-3.634930944271857946e-03,3.170162564289528027e-06,1.715667654192770009e+00
2.173543842460615139e+01,7.943605417449306483e-02,-3.631617832743550076e-03,3.162920795310584933e-06,1.715682610704613476e+00
2.174544092273067974e+01,7.939974547481519485e-02,-3.628309234335065810e-03,3.155698847626426466e-06,1.715697546798912621e+00
2.175544342085521166e+01,7.936346984684949923e-02,-3.625005140879678737e-03,3.148496658038311680e-06,1.715712462512715142e+00
2.176544591897974357e+01,7.932722724557597638e-02,-3.621705544229068298e-03,3.141314163577448747e-06,1.715727357882984139e+00
2.177544841710427548e+01,7.929101762605600401e-02,-3.618410436253267741e-03,3.134151301504040347e-06,1.715742232946599222e+00
2.178545091522880384e+01,7.925484094343222818e-02,-3.615119808840615550e-03,3.127008009306364641e-06,1.715757087740357845e+00
2.179545341335333575e+01,7.921869715292828573e-02,-3.611833653897700367e-03,3.119884224699824052e-06,1.715771922300972196e+00
2.180545591147786766e+01,7.918258620984872098e-02,-3.608551963349321962e-03,3.112779885626037245e-06,1.715786736665073864e+00
2.181545840960239957e+01,7.914650806957876372e-02,-3.605274729138435285e-03,3.105694930251909930e-06,1.715801530869210723e+00
2.182546090772693148e+01,7.911046268758410716e-02,-3.602001943226102766e-03,3.098629296968706094e-06,1.715816304949848270e+00
2.183546340585145984e+01,7.907445001941079687e-02,-3.598733597591448341e-03,3.091582924391149723e-06,1.715831058943369847e+00
2.184546590397599175e+01,7.903847002068498107e-02,-3.595469684231603243e-03,3.084555751356498988e-06,1.715845792886076859e+00
2.185546840210052366e+01,7.900252264711279948e-02,-3.592210195161664368e-03,3.077547716923653482e-06,1.715860506814189224e+00
2.186547090022505557e+01,7.896660785448017528e-02,-3.588955122414642235e-03,3.070558760372247465e-06,1.715875200763844699e+00
2.187547339834958748e+01,7.893072559865259297e-02,-3.585704458041413713e-03,3.063588821201742691e-06,1.715889874771099999e+00
2.188547589647411584e+01,7.889487583557501515e-02,-3.582458194110675620e-03,3.056637839130553005e-06,1.715904528871931678e+00
2.189547839459864775e+01,7.885905852127157722e-02,-3.579216322708891809e-03,3.049705754095129542e-06,1.715919163102233691e+00
2.190548089272317966e+01,7.882327361184553183e-02,-3.575978835940252839e-03,3.042792506249098873e-06,1.715933777497821167e+00
2.191548339084771158e+01,7.878752106347902684e-02,-3.572745725926623067e-03,3.035898035962371080e-06,1.715948372094427077e+00
2.192548588897223993e+01,7.875180083243291107e-02,-3.569516984807497711e-03,3.029022283820260113e-06,1.715962946927705568e+00
2.193548838709677185e+01,7.871611287504652610e-02,-3.566292604739948642e-03,3.022165190622601600e-06,1.715977502033229740e+00
2.194549088522130376e+01,7.868045714773765076e-02,-3.563072577898586217e-03,3.015326697382907939e-06,1.715992037446493645e+00
2.195549338334583567e+01,7.864483360700218195e-02,-3.559856896475506374e-03,3.008506745327471708e-06,1.716006553202911400e+00
2.196549588147036758e+01,7.860924220941407914e-02,-3.556645552680246392e-03,3.001705275894528800e-06,1.716021049337817850e+00
2.197549837959489594e+01,7.857368291162512841e-02,-3.553438538739737626e-03,2.994922230733386824e-06,1.716035525886468571e+00
2.198550087771942785e+01,7.853815567036473433e-02,-3.550235846898257362e-03,2.988157551703563673e-06,1.716049982884040759e+00
2.199550337584395976e+01,7.850266044243983665e-02,-3.547037469417386318e-03,2.981411180873956160e-06,1.716064420365631893e+00
2.200550587396849167e+01,7.846719718473470218e-02,-3.543843398575959210e-03,2.974683060521981977e-06,1.716078838366261738e+00
2.201550837209302003e+01,7.843176585421070268e-02,-3.540653626670021807e-03,2.967973133132732236e-06,1.716093236920871234e+00
2.202551087021755194e+01,7.839636640790620392e-02,-3.537468146012780201e-03,2.961281341398140106e-06,1.716107616064323826e+00
2.203551336834208385e+01,7.836099880293637132e-02,-3.534286948934560468e-03,2.954607628216141828e-06,1.716121975831404800e+00
2.204551586646661576e+01,7.832566299649301733e-02,-3.531110027782759665e-03,2.947951936689849585e-06,1.716136316256820837e+00
2.205551836459114767e+01,7.829035894584436550e-02,-3.527937374921802892e-03,2.941314210126708708e-06,1.716150637375202903e+00
2.206552086271567603e+01,7.825508660833499497e-02,-3.524768982733096460e-03,2.934694392037697228e-06,1.716164939221103802e+00
2.207552336084020794e+01,7.821984594138554903e-02,-3.521604843614979316e-03,2.928092426136480112e-06,1.716179221828998847e+00
2.208552585896473985e+01,7.818463690249263798e-02,-3.518444949982686178e-03,2.921508256338608395e-06,1.716193485233286742e+00
2.209552835708927176e+01,7.814945944922868648e-02,-3.515289294268295929e-03,2.914941826760705607e-06,1.716207729468290255e+00
2.210553085521380012e+01,7.811431353924169763e-02,-3.512137868920690419e-03,2.908393081719647839e-06,1.716221954568254660e+00
2.211553335333833203e+01,7.807919913025511416e-02,-3.508990666405505457e-03,2.901861965731762457e-06,1.716236160567349733e+00
2.212553585146286395e+01,7.804411618006769358e-02,-3.505847679205093079e-03,2.895348423512032309e-06,1.716250347499669537e+00
2.213553834958739586e+01,7.800906464655328609e-02,-3.502708899818470813e-03,2.888852399973287659e-06,1.716264515399230639e+00
2.214554084771192777e+01,7.797404448766066809e-02,-3.499574320761282206e-03,2.882373840225411245e-06,1.716278664299976109e+00
2.215554334583645613e+01,7.793905566141344499e-02,-3.496443934565750429e-03,2.875912689574557736e-06,1.716292794235771968e+00
2.216554584396098804e+01,7.790409812590978755e-02,-3.493317733780632300e-03,2.869468893522349058e-06,1.716306905240409630e+00
2.217554834208551995e+01,7.786917183932232089e-02,-3.490195710971180122e-03,2.863042397765096809e-06,1.716320997347605903e+00
2.218555084021005186e+01,7.783427675989798566e-02,-3.487077858719092680e-03,2.856633148193029347e-06,1.716335070591001655e+00
2.219555333833458377e+01,7.779941284595780215e-02,-3.483964169622475772e-03,2.850241090889498541e-06,1.716349125004164256e+00
2.220555583645911213e+01,7.776458005589680089e-02,-3.480854636295796674e-03,2.843866172130222526e-06,1.716363160620585804e+00
2.221555833458364404e+01,7.772977834818373122e-02,-3.477749251369838170e-03,2.837508338382492453e-06,1.716377177473684679e+00
2.222556083270817595e+01,7.769500768136101965e-02,-3.474648007491662124e-03,2.831167536304427104e-06,1.716391175596805319e+00
2.223556333083270786e+01,7.766026801404456170e-02,-3.471550897324561340e-03,2.824843712744199548e-06,1.716405155023217333e+00
2.224556582895723622e+01,7.762555930492355538e-02,-3.468457913548019661e-03,2.818536814739276931e-06,1.716419115786118166e+00
2.225556832708176813e+01,7.759088151276029299e-02,-3.465369048857664270e-03,2.812246789515653063e-06,1.716433057918630434e+00
2.226557082520630004e+01,7.755623459639011952e-02,-3.462284295965230123e-03,2.805973584487118275e-06,1.716446981453804588e+00
2.227557332333083195e+01,7.752161851472115506e-02,-3.459203647598513114e-03,2.799717147254485655e-06,1.716460886424617360e+00
2.228557582145536387e+01,7.748703322673419769e-02,-3.456127096501328006e-03,2.793477425604857096e-06,1.716474772863972431e+00
2.229557831957989222e+01,7.745247869148252917e-02,-3.453054635433468536e-03,2.787254367510871127e-06,1.716488640804701538e+00
2.230558081770442413e+01,7.741795486809179005e-02,-3.449986257170660139e-03,2.781047921129971078e-06,1.716502490279563142e+00
2.231558331582895605e+01,7.738346171575979926e-02,-3.446921954504525692e-03,2.774858034803660965e-06,1.716516321321244432e+00
2.232558581395348796e+01,7.734899919375638755e-02,-3.443861720242537370e-03,2.768684657056771953e-06,1.716530133962359095e+00
2.233558831207801632e+01,7.731456726142325875e-02,-3.440805547207979355e-03,2.762527736596734759e-06,1.716543928235450656e+00
2.234559081020254823e+01,7.728016587817380934e-02,-3.437753428239900128e-03,2.756387222312847393e-06,1.716557704172988919e+00
2.235559330832708014e+01,7.724579500349301742e-02,-3.434705356193078207e-03,2.750263063275559411e-06,1.716571461807373522e+00
2.236559580645161205e+01,7.721145459693719293e-02,-3.431661323937977483e-03,2.744155208735734152e-06,1.716585201170932606e+00
2.237559830457614396e+01,7.717714461813396376e-02,-3.428621324360705581e-03,2.738063608123955867e-06,1.716598922295922591e+00
2.238560080270067232e+01,7.714286502678197044e-02,-3.425585350362974832e-03,2.731988211049788983e-06,1.716612625214529508e+00
2.239560330082520423e+01,7.710861578265078287e-02,-3.422553394862056300e-03,2.725928967301078460e-06,1.716626309958868335e+00
2.240560579894973614e+01,7.707439684558076154e-02,-3.419525450790747260e-03,2.719885826843245054e-06,1.716639976560983216e+00
2.241560829707426805e+01,7.704020817548287714e-02,-3.416501511097323491e-03,2.713858739818574237e-06,1.716653625052848575e+00
2.242561079519879641e+01,7.700604973233855788e-02,-3.413481568745502844e-03,2.707847656545515699e-06,1.716667255466367781e+00
2.243561329332332832e+01,7.697192147619949520e-02,-3.410465616714400145e-03,2.701852527517976501e-06,1.716680867833374924e+00
2.244561579144786023e+01,7.693782336718758830e-02,-3.407453647998493363e-03,2.695873303404640903e-06,1.716694462185633707e+00
2.245561828957239214e+01,7.690375536549469426e-02,-3.404445655607577642e-03,2.689909935048261826e-06,1.716708038554838112e+00
2.246562078769692405e+01,7.686971743138254487e-02,-3.401441632566728872e-03,2.683962373464983645e-06,1.716721596972612840e+00
2.247562328582145241e+01,7.683570952518253838e-02,-3.398441571916263788e-03,2.678030569843642968e-06,1.716735137470513539e+00
2.248562578394598432e+01,7.680173160729560078e-02,-3.395445466711694872e-03,2.672114475545089310e-06,1.716748660080026578e+00
2.249562828207051624e+01,7.676778363819206086e-02,-3.392453310023697821e-03,2.666214042101508317e-06,1.716762164832568827e+00
2.250563078019504815e+01,7.673386557841149758e-02,-3.389465094938067750e-03,2.660329221215742871e-06,1.716775651759488763e+00
2.251563327831957650e+01,7.669997738856255964e-02,-3.386480814555683193e-03,2.654459964760612918e-06,1.716789120892066922e+00
2.252563577644410842e+01,7.666611902932279898e-02,-3.383500461992459268e-03,2.648606224778241231e-06,1.716802572261514337e+00
2.253563827456864033e+01,7.663229046143860135e-02,-3.380524030379317754e-03,2.642767953479399505e-06,1.716816005898974318e+00
2.254564077269317224e+01,7.659849164572495039e-02,-3.377551512862143283e-03,2.636945103242823947e-06,1.716829421835522451e+00
2.255564327081770415e+01,7.656472254306533054e-02,-3.374582902601743449e-03,2.631137626614564337e-06,1.716842820102165712e+00
2.256564576894223251e+01,7.653098311441157431e-02,-3.371618192773814110e-03,2.625345476307321222e-06,1.716856200729844240e+00
2.257564826706676442e+01,7.649727332078364028e-02,-3.368657376568892983e-03,2.619568605199777610e-06,1.716869563749429561e+00
2.258565076519129633e+01,7.646359312326959923e-02,-3.365700447192331024e-03,2.613806966335964961e-06,1.716882909191727258e+00
2.259565326331582824e+01,7.642994248302537041e-02,-3.362747397864246455e-03,2.608060512924593187e-06,1.716896237087474297e+00
2.260565576144036015e+01,7.639632136127461060e-02,-3.359798221819489204e-03,2.602329198338408177e-06,1.716909547467341923e+00
2.261565825956488851e+01,7.636272971930860298e-02,-3.356852912307603607e-03,2.596612976113551865e-06,1.716922840361933655e+00
2.262566075768942042e+01,7.632916751848604908e-02,-3.353911462592785043e-03,2.590911799948907895e-06,1.716936115801786622e+00
2.263566325581395233e+01,7.629563472023295767e-02,-3.350973865953850005e-03,2.585225623705467616e-06,1.716949373817371782e+00
2.264566575393848424e+01,7.626213128604249214e-02,-3.348040115684191437e-03,2.579554401405691847e-06,1.716962614439093482e+00
2.265566825206301260e+01,7.622865717747487335e-02,-3.345110205091745333e-03,2.573898087232883220e-06,1.716975837697290119e+00
2.266567075018754451e+01,7.619521235615708821e-02,-3.342184127498947811e-03,2.568256635530530159e-06,1.716989043622234146e+00
2.267567324831207642e+01,7.616179678378293127e-02,-3.339261876242703882e-03,2.562630000801709291e-06,1.717002232244131621e+00
2.268567574643660834e+01,7.612841042211274112e-02,-3.336343444674345383e-03,2.557018137708438321e-06,1.717015403593124434e+00
2.269567824456114025e+01,7.609505323297328927e-02,-3.333428826159595421e-03,2.551421001071058114e-06,1.717028557699286750e+00
2.270568074268566860e+01,7.606172517825762758e-02,-3.330518014078532370e-03,2.545838545867608861e-06,1.717041694592629897e+00
2.271568324081020052e+01,7.602842621992496330e-02,-3.327611001825547810e-03,2.540270727233217670e-06,1.717054814303099253e+00
2.272568573893473243e+01,7.599515632000049259e-02,-3.324707782809315296e-03,2.534717500459475152e-06,1.717067916860573806e+00
2.273568823705926434e+01,7.596191544057527556e-02,-3.321808350452751333e-03,2.529178820993828946e-06,1.717081002294870817e+00
2.274569073518379270e+01,7.592870354380611142e-02,-3.318912698192977642e-03,2.523654644438973429e-06,1.717094070635739600e+00
2.275569323330832461e+01,7.589552059191533029e-02,-3.316020819481283431e-03,2.518144926552233080e-06,1.717107121912867296e+00
2.276569573143285652e+01,7.586236654719072381e-02,-3.313132707783093302e-03,2.512649623244967433e-06,1.717120156155875987e+00
2.277569822955738843e+01,7.582924137198537862e-02,-3.310248356577926050e-03,2.507168690581966304e-06,1.717133173394323586e+00
2.278570072768192034e+01,7.579614502871749593e-02,-3.307367759359361274e-03,2.501702084780842038e-06,1.717146173657704722e+00
2.279570322580644870e+01,7.576307747987036378e-02,-3.304490909635002509e-03,2.496249762211452259e-06,1.717159156975449630e+00
2.280570572393098061e+01,7.573003868799203786e-02,-3.301617800926437765e-03,2.490811679395273487e-06,1.717172123376924819e+00
2.281570822205551252e+01,7.569702861569536922e-02,-3.298748426769209600e-03,2.485387793004839136e-06,1.717185072891434183e+00
2.282571072018004443e+01,7.566404722565779617e-02,-3.295882780712774789e-03,2.479978059863137693e-06,1.717198005548217221e+00
2.283571321830457279e+01,7.563109448062121931e-02,-3.293020856320470497e-03,2.474582436943026996e-06,1.717210921376451926e+00
2.284571571642910470e+01,7.559817034339180730e-02,-3.290162647169474815e-03,2.469200881366642580e-06,1.717223820405251455e+00
2.285571821455363661e+01,7.556527477683992744e-02,-3.287308146850777268e-03,2.463833350404825510e-06,1.717236702663667236e+00
2.286572071267816852e+01,7.553240774389999301e-02,-3.284457348969138917e-03,2.458479801476542160e-06,1.717249568180688080e+00
2.287572321080270044e+01,7.549956920757032452e-02,-3.281610247143058531e-03,2.453140192148305692e-06,1.717262416985240403e+00
2.288572570892722879e+01,7.546675913091299703e-02,-3.278766835004737895e-03,2.447814480133599647e-06,1.717275249106188229e+00
2.289572820705176071e+01,7.543397747705367362e-02,-3.275927106200041908e-03,2.442502623292301964e-06,1.717288064572332740e+00
2.290573070517629262e+01,7.540122420918154988e-02,-3.273091054388471265e-03,2.437204579630128059e-06,1.717300863412413836e+00
2.291573320330082453e+01,7.536849929054917352e-02,-3.270258673243122121e-03,2.431920307298056531e-06,1.717313645655110355e+00
2.292573570142535644e+01,7.533580268447229167e-02,-3.267429956450652699e-03,2.426649764591762077e-06,1.717326411329038072e+00
2.293573819954988480e+01,7.530313435432975377e-02,-3.264604897711249031e-03,2.421392909951060263e-06,1.717339160462751479e+00
2.294574069767441671e+01,7.527049426356331729e-02,-3.261783490738587657e-03,2.416149701959337466e-06,1.717351893084744674e+00
2.295574319579894862e+01,7.523788237567759218e-02,-3.258965729259804406e-03,2.410920099343006237e-06,1.717364609223449579e+00
2.296574569392348053e+01,7.520529865423983273e-02,-3.256151607015459696e-03,2.405704060970940751e-06,1.717377308907237943e+00
2.297574819204800889e+01,7.517274306287989594e-02,-3.253341117759502542e-03,2.400501545853935552e-06,1.717389992164420010e+00
2.298575069017254080e+01,7.514021556528995005e-02,-3.250534255259234992e-03,2.395312513144132963e-06,1.717402659023245404e+00
2.299575318829707271e+01,7.510771612522450236e-02,-3.247731013295281771e-03,2.390136922134501306e-06,1.717415309511902910e+00
2.300575568642160462e+01,7.507524470650023263e-02,-3.244931385661553851e-03,2.384974732258281800e-06,1.717427943658522027e+00
2.301575818454613653e+01,7.504280127299575720e-02,-3.242135366165215925e-03,2.379825903088431203e-06,1.717440561491171191e+00
2.302576068267066489e+01,7.501038578865162898e-02,-3.239342948626651279e-03,2.374690394337102163e-06,1.717453163037858443e+00
2.303576318079519680e+01,7.497799821747008764e-02,-3.236554126879425796e-03,2.369568165855085024e-06,1.717465748326532315e+00
2.304576567891972871e+01,7.494563852351505961e-02,-3.233768894770260201e-03,2.364459177631293249e-06,1.717478317385081610e+00
2.305576817704426063e+01,7.491330667091189444e-02,-3.230987246158992330e-03,2.359363389792208618e-06,1.717490870241335621e+00
2.306577067516878898e+01,7.488100262384735084e-02,-3.228209174918545039e-03,2.354280762601368769e-06,1.717503406923063913e+00
2.307577317329332089e+01,7.484872634656931922e-02,-3.225434674934889775e-03,2.349211256458813667e-06,1.717515927457976543e+00
2.308577567141785281e+01,7.481647780338684939e-02,-3.222663740107018816e-03,2.344154831900585002e-06,1.717528431873724726e+00
2.309577816954238472e+01,7.478425695866995626e-02,-3.219896364346908849e-03,2.339111449598191292e-06,1.717540920197900611e+00
2.310578066766691663e+01,7.475206377684945336e-02,-3.217132541579487571e-03,2.334081070358078060e-06,1.717553392458037509e+00
2.311578316579144499e+01,7.471989822241688339e-02,-3.214372265742602899e-03,2.329063655121118772e-06,1.717565848681609664e+00
2.312578566391597690e+01,7.468776025992431011e-02,-3.211615530786985674e-03,2.324059164962084167e-06,1.717578288896032923e+00
2.313578816204050881e+01,7.465564985398429054e-02,-3.208862330676222341e-03,2.319067561089141661e-06,1.717590713128664959e+00
2.314579066016504072e+01,7.462356696926969457e-02,-3.206112659386720683e-03,2.314088804843334001e-06,1.717603121406805267e+00
2.315579315828956908e+01,7.459151157051356618e-02,-3.203366510907675133e-03,2.309122857698067229e-06,1.717615513757694501e+00
2.316579565641410099e+01,7.455948362250898465e-02,-3.200623879241034243e-03,2.304169681258598232e-06,1.717627890208515806e+00
2.317579815453863290e+01,7.452748309010900907e-02,-3.197884758401472495e-03,2.299229237261539224e-06,1.717640250786394596e+00
2.318580065266316481e+01,7.449550993822645628e-02,-3.195149142416353876e-03,2.294301487574339787e-06,1.717652595518398551e+00
2.319580315078769672e+01,7.446356413183387313e-02,-3.192417025325701516e-03,2.289386394194797709e-06,1.717664924431538065e+00
2.320580564891222508e+01,7.443164563596332828e-02,-3.189688401182165164e-03,2.284483919250546107e-06,1.717677237552765135e+00
2.321580814703675699e+01,7.439975441570627346e-02,-3.186963264050987794e-03,2.279594024998554097e-06,1.717689534908975579e+00
2.322581064516128890e+01,7.436789043621354345e-02,-3.184241608009976549e-03,2.274716673824649074e-06,1.717701816527007708e+00
2.323581314328582081e+01,7.433605366269509240e-02,-3.181523427149469344e-03,2.269851828243001709e-06,1.717714082433642764e+00
2.324581564141034917e+01,7.430424406041995222e-02,-3.178808715572304083e-03,2.264999450895646110e-06,1.717726332655605592e+00
2.325581813953488108e+01,7.427246159471605214e-02,-3.176097467393783520e-03,2.260159504551982610e-06,1.717738567219564194e+00
2.326582063765941299e+01,7.424070623097012156e-02,-3.173389676741648815e-03,2.255331952108291574e-06,1.717750786152129283e+00
2.327582313578394491e+01,7.420897793462757908e-02,-3.170685337756045264e-03,2.250516756587253550e-06,1.717762989479856506e+00
2.328582563390847682e+01,7.417727667119240753e-02,-3.167984444589491948e-03,2.245713881137460960e-06,1.717775177229244665e+00
2.329582813203300518e+01,7.414560240622701526e-02,-3.165286991406849638e-03,2.240923289032937403e-06,1.717787349426736165e+00
2.330583063015753709e+01,7.411395510535205566e-02,-3.162592972385288269e-03,2.236144943672648076e-06,1.717799506098717899e+00
2.331583312828206900e+01,7.408233473424644111e-02,-3.159902381714260050e-03,2.231378808580043216e-06,1.717811647271520581e+00
2.332583562640660091e+01,7.405074125864709311e-02,-3.157215213595465208e-03,2.226624847402562595e-06,1.717823772971420082e+00
2.333583812453113282e+01,7.401917464434891458e-02,-3.154531462242821192e-03,2.221883023911177265e-06,1.717835883224635429e+00
2.334584062265566118e+01,7.398763485720458166e-02,-3.151851121882435353e-03,2.217153301999903370e-06,1.717847978057331693e+00
2.335584312078019309e+01,7.395612186312444658e-02,-3.149174186752566780e-03,2.212435645685339660e-06,1.717860057495617321e+00
2.336584561890472500e+01,7.392463562807650990e-02,-3.146500651103604183e-03,2.207730019106209249e-06,1.717872121565546806e+00
2.337584811702925691e+01,7.389317611808614294e-02,-3.143830509198030764e-03,2.203036386522874688e-06,1.717884170293119128e+00
2.338585061515378527e+01,7.386174329923610171e-02,-3.141163755310395159e-03,2.198354712316892424e-06,1.717896203704278202e+00
2.339585311327831718e+01,7.383033713766631867e-02,-3.138500383727278048e-03,2.193684960990538466e-06,1.717908221824913761e+00
2.340585561140284909e+01,7.379895759957380563e-02,-3.135840388747266998e-03,2.189027097166352677e-06,1.717920224680860475e+00
2.341585810952738100e+01,7.376760465121257049e-02,-3.133183764680923505e-03,2.184381085586684766e-06,1.717932212297899497e+00
2.342586060765191291e+01,7.373627825889347842e-02,-3.130530505850752637e-03,2.179746891113238583e-06,1.717944184701757138e+00
2.343586310577644127e+01,7.370497838898409926e-02,-3.127880606591173542e-03,2.175124478726609641e-06,1.717956141918104862e+00
2.344586560390097318e+01,7.367370500790859644e-02,-3.125234061248488657e-03,2.170513813525837034e-06,1.717968083972561955e+00
2.345586810202550510e+01,7.364245808214767153e-02,-3.122590864180856390e-03,2.165914860727962559e-06,1.717980010890691522e+00
2.346587060015003701e+01,7.361123757823836988e-02,-3.119951009758258585e-03,2.161327585667568655e-06,1.717991922698004270e+00
2.347587309827456536e+01,7.358004346277399743e-02,-3.117314492362474078e-03,2.156751953796341337e-06,1.718003819419957834e+00
2.348587559639909728e+01,7.354887570240400962e-02,-3.114681306387043127e-03,2.152187930682622541e-06,1.718015701081955227e+00
2.349587809452362919e+01,7.351773426383384491e-02,-3.112051446237246166e-03,2.147635482010964155e-06,1.718027567709346393e+00
2.350588059264816110e+01,7.348661911382489698e-02,-3.109424906330067809e-03,2.143094573581698156e-06,1.718039419327428874e+00
2.351588309077269301e+01,7.345553021919430658e-02,-3.106801681094170826e-03,2.138565171310484292e-06,1.718051255961446033e+00
2.352588558889722137e+01,7.342446754681490606e-02,-3.104181764969867526e-03,2.134047241227883599e-06,1.718063077636589275e+00
2.353588808702175328e+01,7.339343106361505276e-02,-3.101565152409085490e-03,2.129540749478914983e-06,1.718074884377997380e+00
2.354589058514628519e+01,7.336242073657855967e-02,-3.098951837875344589e-03,2.125045662322628736e-06,1.718086676210754060e+00
2.355589308327081710e+01,7.333143653274458440e-02,-3.096341815843725760e-03,2.120561946131675397e-06,1.718098453159893957e+00
2.356589558139534546e+01,7.330047841920743490e-02,-3.093735080800842814e-03,2.116089567391865297e-06,1.718110215250396644e+00
2.357589807951987737e+01,7.326954636311655555e-02,-3.091131627244809478e-03,2.111628492701755625e-06,1.718121962507191292e+00
2.358590057764440928e+01,7.323864033167633292e-02,-3.088531449685217277e-03,2.107178688772211250e-06,1.718133694955154001e+00
2.359590307576894119e+01,7.320776029214604019e-02,-3.085934542643102140e-03,2.102740122425990935e-06,1.718145412619108026e+00
2.360590557389347310e+01,7.317690621183968458e-02,-3.083340900650918814e-03,2.098312760597318324e-06,1.718157115523826661e+00
2.361590807201800146e+01,7.314607805812591013e-02,-3.080750518252510506e-03,2.093896570331462654e-06,1.718168803694030133e+00
2.362591057014253337e+01,7.311527579842787283e-02,-3.078163390003078956e-03,2.089491518784319904e-06,1.718180477154387154e+00
2.363591306826706528e+01,7.308449940022314351e-02,-3.075579510469161025e-03,2.085097573221998164e-06,1.718192135929515585e+00
2.364591556639159720e+01,7.305374883104356898e-02,-3.072998874228595727e-03,2.080714701020395820e-06,1.718203780043981554e+00
2.365591806451612911e+01,7.302302405847518885e-02,-3.070421475870499517e-03,2.076342869664794551e-06,1.718215409522299675e+00
2.366592056264065747e+01,7.299232505015811057e-02,-3.067847309995236794e-03,2.071982046749445129e-06,1.718227024388933710e+00
2.367592306076518938e+01,7.296165177378637068e-02,-3.065276371214389114e-03,2.067632199977151531e-06,1.718238624668296577e+00
2.368592555888972129e+01,7.293100419710787929e-02,-3.062708654150733071e-03,2.063293297158873672e-06,1.718250210384750121e+00
2.369592805701425320e+01,7.290038228792426744e-02,-3.060144153438209072e-03,2.058965306213311523e-06,1.718261781562606227e+00
2.370593055513878156e+01,7.286978601409077605e-02,-3.057582863721893581e-03,2.054648195166502334e-06,1.718273338226124602e+00
2.371593305326331347e+01,7.283921534351614491e-02,-3.055024779657970497e-03,2.050341932151414917e-06,1.718284880399515657e+00
2.372593555138784538e+01,7.280867024416252942e-02,-3.052469895913707300e-03,2.046046485407554921e-06,1.718296408106939621e+00
2.373593804951237729e+01,7.277815068404536181e-02,-3.049918207167424261e-03,2.041761823280556988e-06,1.718307921372505653e+00
2.374594054763690920e+01,7.274765663123324011e-02,-3.047369708108467988e-03,2.037487914221789191e-06,1.718319420220273175e+00
2.375594304576143756e+01,7.271718805384787265e-02,-3.044824393437186270e-03,2.033224726787962546e-06,1.718330904674252535e+00
2.376594554388596947e+01,7.268674492006384213e-02,-3.042282257864893820e-03,2.028972229640718514e-06,1.718342374758402347e+00
2.377594804201050138e+01,7.265632719810864726e-02,-3.039743296113854923e-03,2.024730391546256300e-06,1.718353830496633483e+00
2.378595054013503329e+01,7.262593485626248069e-02,-3.037207502917248746e-03,2.020499181374926284e-06,1.718365271912805747e+00
2.379595303825956165e+01,7.259556786285820129e-02,-3.034674873019147651e-03,2.016278568100849271e-06,1.718376699030730537e+00
2.380595553638409356e+01,7.256522618628113985e-02,-3.032145401174483369e-03,2.012068520801517548e-06,1.718388111874169066e+00
2.381595803450862547e+01,7.253490979496907132e-02,-3.029619082149028354e-03,2.007869008657419216e-06,1.718399510466833480e+00
2.382596053263315738e+01,7.250461865741204825e-02,-3.027095910719363250e-03,2.003680000951643057e-06,1.718410894832387736e+00
2.383596303075768930e+01,7.247435274215234535e-02,-3.024575881672852181e-03,1.999501467069504141e-06,1.718422264994445170e+00
2.384596552888221765e+01,7.244411201778430676e-02,-3.022058989807617155e-03,1.995333376498153766e-06,1.718433620976572040e+00
2.385596802700674957e+01,7.241389645295423505e-02,-3.019545229932507277e-03,1.991175698826199145e-06,1.718444962802284204e+00
2.386597052513128148e+01,7.238370601636032187e-02,-3.017034596867077933e-03,1.987028403743328589e-06,1.718456290495049776e+00
2.387597302325581339e+01,7.235354067675255074e-02,-3.014527085441561730e-03,1.982891461039937546e-06,1.718467604078288691e+00
2.388597552138034175e+01,7.232340040293251671e-02,-3.012022690496841612e-03,1.978764840606740658e-06,1.718478903575372030e+00
2.389597801950487366e+01,7.229328516375337077e-02,-3.009521406884423100e-03,1.974648512434403725e-06,1.718490189009622249e+00
2.390598051762940557e+01,7.226319492811975054e-02,-3.007023229466413913e-03,1.970542446613179479e-06,1.718501460404314507e+00
2.391598301575393748e+01,7.223312966498757204e-02,-3.004528153115491439e-03,1.966446613332517956e-06,1.718512717782674892e+00
2.392598551387846939e+01,7.220308934336405748e-02,-3.002036172714881053e-03,1.962360982880717931e-06,1.718523961167883085e+00
2.393598801200299775e+01,7.217307393230748547e-02,-2.999547283158328359e-03,1.958285525644538141e-06,1.718535190583069472e+00
2.394599051012752966e+01,7.214308340092719096e-02,-2.997061479350071004e-03,1.954220212108844912e-06,1.718546406051317144e+00
2.395599300825206157e+01,7.211311771838344042e-02,-2.994578756204819159e-03,1.950165012856244546e-06,1.718557607595663006e+00
2.396599550637659348e+01,7.208317685388727913e-02,-2.992099108647723431e-03,1.946119898566712329e-06,1.718568795239094449e+00
2.397599800450112184e+01,7.205326077670048956e-02,-2.989622531614353606e-03,1.942084840017240156e-06,1.718579969004552233e+00
2.398600050262565375e+01,7.202336945613543873e-02,-2.987149020050668732e-03,1.938059808081468075e-06,1.718591128914931154e+00
2.399600300075018566e+01,7.199350286155502265e-02,-2.984678568912996297e-03,1.934044773729332348e-06,1.718602274993077383e+00
2.400600549887471757e+01,7.196366096237248600e-02,-2.982211173168004045e-03,1.930039708026698256e-06,1.718613407261790904e+00
2.401600799699924949e+01,7.193384372805143590e-02,-2.979746827792674815e-03,1.926044582135017057e-06,1.718624525743823961e+00
2.402601049512377784e+01,7.190405112810561994e-02,-2.977285527774283565e-03,1.922059367310957945e-06,1.718635630461883723e+00
2.403601299324830975e+01,7.187428313209888453e-02,-2.974827268110366574e-03,1.918084034906062464e-06,1.718646721438629621e+00
2.404601549137284167e+01,7.184453970964506386e-02,-2.972372043808702360e-03,1.914118556366389177e-06,1.718657798696674233e+00
2.405601798949737358e+01,7.181482083040788278e-02,-2.969919849887284798e-03,1.910162903232168073e-06,1.718668862258584396e+00
2.406602048762190549e+01,7.178512646410083187e-02,-2.967470681374295358e-03,1.906217047137444609e-06,1.718679912146880984e+00
2.407602298574643385e+01,7.175545658048711195e-02,-2.965024533308083157e-03,1.902280959809741312e-06,1.718690948384037132e+00
2.408602548387096576e+01,7.172581114937946756e-02,-2.962581400737134170e-03,1.898354613069700971e-06,1.718701970992482009e+00
2.409602798199549767e+01,7.169619014064013141e-02,-2.960141278720050846e-03,1.894437978830749519e-06,1.718712979994597267e+00
2.410603048012002958e+01,7.166659352418072726e-02,-2.957704162325527388e-03,1.890531029098752980e-06,1.718723975412719707e+00
2.411603297824455794e+01,7.163702126996214503e-02,-2.955270046632322862e-03,1.886633735971671883e-06,1.718734957269139718e+00
2.412603547636908985e+01,7.160747334799442976e-02,-2.952838926729236049e-03,1.882746071639219696e-06,1.718745925586102619e+00
2.413603797449362176e+01,7.157794972833672609e-02,-2.950410797715084191e-03,1.878868008382530365e-06,1.718756880385807539e+00
2.414604047261815367e+01,7.154845038109712563e-02,-2.947985654698676537e-03,1.874999518573812934e-06,1.718767821690409203e+00
2.415604297074268558e+01,7.151897527643263919e-02,-2.945563492798790491e-03,1.871140574676025230e-06,1.718778749522016147e+00
2.416604546886721394e+01,7.148952438454903024e-02,-2.943144307144147324e-03,1.867291149242530175e-06,1.718789663902692499e+00
2.417604796699174585e+01,7.146009767570069005e-02,-2.940728092873385290e-03,1.863451214916758671e-06,1.718800564854456647e+00
2.418605046511627776e+01,7.143069512019066536e-02,-2.938314845135040539e-03,1.859620744431893865e-06,1.718811452399282791e+00
2.419605296324080967e+01,7.140131668837042256e-02,-2.935904559087518934e-03,1.855799710610523867e-06,1.718822326559099389e+00
2.420605546136533803e+01,7.137196235063986149e-02,-2.933497229899075659e-03,1.851988086364324747e-06,1.718833187355790715e+00
2.421605795948986994e+01,7.134263207744709345e-02,-2.931092852747785305e-03,1.848185844693718548e-06,1.718844034811197075e+00
2.422606045761440186e+01,7.131332583928844115e-02,-2.928691422821524080e-03,1.844392958687557975e-06,1.718854868947113257e+00
2.423606295573893377e+01,7.128404360670835549e-02,-2.926292935317943364e-03,1.840609401522802830e-06,1.718865689785289419e+00
2.424606545386346568e+01,7.125478535029920735e-02,-2.923897385444446714e-03,1.836835146464182681e-06,1.718876497347432863e+00
2.425606795198799404e+01,7.122555104070130150e-02,-2.921504768418165150e-03,1.833070166863887694e-06,1.718887291655205152e+00
2.426607045011252595e+01,7.119634064860271006e-02,-2.919115079465932436e-03,1.829314436161238292e-06,1.718898072730224991e+00
2.427607294823705786e+01,7.116715414473920309e-02,-2.916728313824265562e-03,1.825567927882368785e-06,1.718908840594066456e+00
2.428607544636158977e+01,7.113799149989416537e-02,-2.914344466739337853e-03,1.821830615639910373e-06,1.718919595268260103e+00
2.429607794448611813e+01,7.110885268489847144e-02,-2.911963533466957292e-03,1.818102473132669691e-06,1.718930336774292078e+00
2.430608044261065004e+01,7.107973767063040238e-02,-2.909585509272540494e-03,1.814383474145314141e-06,1.718941065133606116e+00
2.431608294073518195e+01,7.105064642801554864e-02,-2.907210389431092324e-03,1.810673592548057852e-06,1.718951780367601323e+00
2.432608543885971386e+01,7.102157892802672678e-02,-2.904838169227182913e-03,1.806972802296347857e-06,1.718962482497633504e+00
2.433608793698424577e+01,7.099253514168384072e-02,-2.902468843954921635e-03,1.803281077430547933e-06,1.718973171545015832e+00
2.434609043510877413e+01,7.096351504005386779e-02,-2.900102408917936726e-03,1.799598392075636639e-06,1.718983847531017295e+00
2.435609293323330604e+01,7.093451859425065065e-02,-2.897738859429349698e-03,1.795924720440883957e-06,1.718994510476864690e+00
2.436609543135783795e+01,7.090554577543492498e-02,-2.895378190811754952e-03,1.792260036819557588e-06,1.719005160403740851e+00
2.437609792948236986e+01,7.087659655481411136e-02,-2.893020398397195495e-03,1.788604315588601710e-06,1.719015797332787088e+00
2.438610042760689822e+01,7.084767090364232911e-02,-2.890665477527141689e-03,1.784957531208344543e-06,1.719026421285100081e+00
2.439610292573143013e+01,7.081876879322018814e-02,-2.888313423552463927e-03,1.781319658222178379e-06,1.719037032281735877e+00
2.440610542385596204e+01,7.078989019489480283e-02,-2.885964231833416157e-03,1.777690671256270961e-06,1.719047630343706334e+00
2.441610792198049396e+01,7.076103508005963938e-02,-2.883617897739609425e-03,1.774070545019254616e-06,1.719058215491981123e+00
2.442611042010502587e+01,7.073220342015440476e-02,-2.881274416649989324e-03,1.770459254301923021e-06,1.719068787747487947e+00
2.443611291822955423e+01,7.070339518666503287e-02,-2.878933783952816045e-03,1.766856773976941729e-06,1.719079347131111657e+00
2.444611541635408614e+01,7.067461035112346246e-02,-2.876595995045637486e-03,1.763263078998532859e-06,1.719089893663696023e+00
2.445611791447861805e+01,7.064584888510772043e-02,-2.874261045335271478e-03,1.759678144402199813e-06,1.719100427366041517e+00
2.446612041260314996e+01,7.061711076024163036e-02,-2.871928930237781057e-03,1.756101945304406035e-06,1.719110948258907312e+00
2.447612291072768187e+01,7.058839594819490970e-02,-2.869599645178452785e-03,1.752534456902303543e-06,1.719121456363010170e+00
2.448612540885221023e+01,7.055970442068294768e-02,-2.867273185591775065e-03,1.748975654473423118e-06,1.719131951699025551e+00
2.449612790697674214e+01,7.053103614946672206e-02,-2.864949546921412987e-03,1.745425513375382300e-06,1.719142434287587395e+00
2.450613040510127405e+01,7.050239110635278528e-02,-2.862628724620190548e-03,1.741884009045603951e-06,1.719152904149287231e+00
2.451613290322580596e+01,7.047376926319311174e-02,-2.860310714150066363e-03,1.738351117001017472e-06,1.719163361304676174e+00
2.452613540135033432e+01,7.044517059188505625e-02,-2.857995510982112852e-03,1.734826812837776949e-06,1.719173805774262931e+00
2.453613789947486623e+01,7.041659506437114580e-02,-2.855683110596491520e-03,1.731311072230957913e-06,1.719184237578516017e+00
2.454614039759939814e+01,7.038804265263914894e-02,-2.853373508482434304e-03,1.727803870934290109e-06,1.719194656737861537e+00
2.455614289572393005e+01,7.035951332872189545e-02,-2.851066700138220594e-03,1.724305184779861236e-06,1.719205063272685630e+00
2.456614539384846196e+01,7.033100706469715135e-02,-2.848762681071156412e-03,1.720814989677827906e-06,1.719215457203332909e+00
2.457614789197299032e+01,7.030252383268763283e-02,-2.846461446797550997e-03,1.717333261616145011e-06,1.719225838550107355e+00
2.458615039009752223e+01,7.027406360486082582e-02,-2.844162992842695116e-03,1.713859976660272864e-06,1.719236207333271649e+00
2.459615288822205414e+01,7.024562635342894434e-02,-2.841867314740841987e-03,1.710395110952900643e-06,1.719246563573048281e+00
2.460615538634658606e+01,7.021721205064880567e-02,-2.839574408035184291e-03,1.706938640713663904e-06,1.719256907289618885e+00
2.461615788447111441e+01,7.018882066882180248e-02,-2.837284268277833355e-03,1.703490542238871626e-06,1.719267238503125128e+00
2.462616038259564633e+01,7.016045218029372255e-02,-2.834996891029795303e-03,1.700050791901218429e-06,1.719277557233668041e+00
2.463616288072017824e+01,7.013210655745474864e-02,-2.832712271860952837e-03,1.696619366149518187e-06,1.719287863501307578e+00
2.464616537884471015e+01,7.010378377273931982e-02,-2.830430406350043990e-03,1.693196241508422385e-06,1.719298157326064391e+00
2.465616787696924206e+01,7.007548379862604815e-02,-2.828151290084638270e-03,1.689781394578146952e-06,1.719308438727919164e+00
2.466617037509377042e+01,7.004720660763764928e-02,-2.825874918661119319e-03,1.686374802034200789e-06,1.719318707726811724e+00
2.467617287321830233e+01,7.001895217234080371e-02,-2.823601287684657582e-03,1.682976440627106881e-06,1.719328964342642374e+00
2.468617537134283424e+01,6.999072046534618452e-02,-2.821330392769198173e-03,1.679586287182146492e-06,1.719339208595272561e+00
2.469617786946736615e+01,6.996251145930820758e-02,-2.819062229537432247e-03,1.676204318599068639e-06,1.719349440504522208e+00
2.470618036759189451e+01,6.993432512692510095e-02,-2.816796793620780521e-03,1.672830511851839785e-06,1.719359660090172826e+00
2.471618286571642642e+01,6.990616144093866891e-02,-2.814534080659369421e-03,1.669464843988359032e-06,1.719369867371966176e+00
2.472618536384095833e+01,6.987802037413436140e-02,-2.812274086302013736e-03,1.666107292130209298e-06,1.719380062369604723e+00
2.473618786196549024e+01,6.984990189934106586e-02,-2.810016806206192767e-03,1.662757833472377591e-06,1.719390245102751180e+00
2.474619036009002215e+01,6.982180598943105165e-02,-2.807762236038031673e-03,1.659416445282993272e-06,1.719400415591029407e+00
2.475619285821455051e+01,6.979373261731994238e-02,-2.805510371472280662e-03,1.656083104903072462e-06,1.719410573854023738e+00
2.476619535633908242e+01,6.976568175596652155e-02,-2.803261208192291565e-03,1.652757789746242337e-06,1.719420719911279871e+00
2.477619785446361433e+01,6.973765337837274647e-02,-2.801014741890002664e-03,1.649440477298490402e-06,1.719430853782304203e+00
2.478620035258814625e+01,6.970964745758360948e-02,-2.798770968265913966e-03,1.646131145117899583e-06,1.719440975486564493e+00
2.479620285071267816e+01,6.968166396668706852e-02,-2.796529883029068124e-03,1.642829770834389459e-06,1.719451085043489424e+00
2.480620534883720651e+01,6.965370287881397782e-02,-2.794291481897032223e-03,1.639536332149459610e-06,1.719461182472469485e+00
2.481620784696173843e+01,6.962576416713793515e-02,-2.792055760595871759e-03,1.636250806835925556e-06,1.719471267792855640e+00
2.482621034508627034e+01,6.959784780487529576e-02,-2.789822714860137626e-03,1.632973172737672903e-06,1.719481341023961551e+00
2.483621284321080225e+01,6.956995376528501973e-02,-2.787592340432840966e-03,1.629703407769394343e-06,1.719491402185061801e+00
2.484621534133533061e+01,6.954208202166861641e-02,-2.785364633065436687e-03,1.626441489916339353e-06,1.719501451295393002e+00
2.485621783945986252e+01,6.951423254737000568e-02,-2.783139588517797875e-03,1.623187397234053519e-06,1.719511488374152686e+00
2.486622033758439443e+01,6.948640531577551793e-02,-2.780917202558202787e-03,1.619941107848137139e-06,1.719521513440501304e+00
2.487622283570892634e+01,6.945860030031376919e-02,-2.778697470963309695e-03,1.616702599953988773e-06,1.719531526513560449e+00
2.488622533383345825e+01,6.943081747445557783e-02,-2.776480389518139972e-03,1.613471851816554530e-06,1.719541527612414411e+00
2.489622783195798661e+01,6.940305681171386742e-02,-2.774265954016057276e-03,1.610248841770078191e-06,1.719551516756109288e+00
2.490623033008251852e+01,6.937531828564356962e-02,-2.772054160258745435e-03,1.607033548217850909e-06,1.719561493963653431e+00
2.491623282820705043e+01,6.934760186984163799e-02,-2.769845004056193695e-03,1.603825949631974675e-06,1.719571459254017443e+00
2.492623532633158234e+01,6.931990753794683990e-02,-2.767638481226673310e-03,1.600626024553102704e-06,1.719581412646134400e+00
2.493623782445611070e+01,6.929223526363975649e-02,-2.765434587596720187e-03,1.597433751590202055e-06,1.719591354158900076e+00
2.494624032258064261e+01,6.926458502064264389e-02,-2.763233319001111039e-03,1.594249109420304388e-06,1.719601283811171832e+00
2.495624282070517452e+01,6.923695678271941933e-02,-2.761034671282850805e-03,1.591072076788269645e-06,1.719611201621771501e+00
2.496624531882970643e+01,6.920935052367549467e-02,-2.758838640293147064e-03,1.587902632506534269e-06,1.719621107609482058e+00
2.497624781695423835e+01,6.918176621735777632e-02,-2.756645221891394857e-03,1.584740755454878478e-06,1.719631001793050507e+00
2.498625031507876670e+01,6.915420383765454038e-02,-2.754454411945154134e-03,1.581586424580181902e-06,1.719640884191185215e+00
2.499625281320329862e+01,6.912666335849533550e-02,-2.752266206330131974e-03,1.578439618896181540e-06,1.719650754822559247e+00
2.500625531132783053e+01,6.909914475385094124e-02,-2.750080600930164369e-03,1.575300317483237765e-06,1.719660613705808361e+00
2.501625780945236244e+01,6.907164799773325703e-02,-2.747897591637194544e-03,1.572168499488093561e-06,1.719670460859530570e+00
2.502626030757689080e+01,6.904417306419524669e-02,-2.745717174351258207e-03,1.569044144123640735e-06,1.719680296302288136e+00
2.503626280570142271e+01,6.901671992733084127e-02,-2.743539344980457095e-03,1.565927230668681694e-06,1.719690120052606463e+00
2.504626530382595462e+01,6.898928856127484188e-02,-2.741364099440947704e-03,1.562817738467693544e-06,1.719699932128974096e+00
2.505626780195048653e+01,6.896187894020287812e-02,-2.739191433656919163e-03,1.559715646930598334e-06,1.719709732549843828e+00
2.506627030007501844e+01,6.893449103833129699e-02,-2.737021343560572424e-03,1.556620935532526095e-06,1.719719521333631373e+00
2.507627279819954680e+01,6.890712482991710741e-02,-2.734853825092105513e-03,1.553533583813585935e-06,1.719729298498716252e+00
2.508627529632407871e+01,6.887978028925786922e-02,-2.732688874199689678e-03,1.550453571378632039e-06,1.719739064063442235e+00
2.509627779444861062e+01,6.885245739069163762e-02,-2.730526486839455948e-03,1.547380877897034766e-06,1.719748818046116901e+00
2.510628029257314253e+01,6.882515610859689381e-02,-2.728366658975472144e-03,1.544315483102453638e-06,1.719758560465010744e+00
2.511628279069767089e+01,6.879787641739242010e-02,-2.726209386579728135e-03,1.541257366792603350e-06,1.719768291338360067e+00
2.512628528882220280e+01,6.877061829153725825e-02,-2.724054665632111988e-03,1.538206508829030367e-06,1.719778010684364311e+00
2.513628778694673471e+01,6.874338170553064009e-02,-2.721902492120396953e-03,1.535162889136887606e-06,1.719787718521186504e+00
2.514629028507126662e+01,6.871616663391184876e-02,-2.719752862040219783e-03,1.532126487704701724e-06,1.719797414866955254e+00
2.515629278319579853e+01,6.868897305126024644e-02,-2.717605771395063818e-03,1.529097284584160503e-06,1.719807099739763645e+00
2.516629528132032689e+01,6.866180093219506619e-02,-2.715461216196239039e-03,1.526075259889874204e-06,1.719816773157667456e+00
2.517629777944485880e+01,6.863465025137543973e-02,-2.713319192462863849e-03,1.523060393799164446e-06,1.719826435138689158e+00
2.518630027756939072e+01,6.860752098350025863e-02,-2.711179696221848595e-03,1.520052666551834863e-06,1.719836085700814365e+00
2.519630277569392263e+01,6.858041310330811879e-02,-2.709042723507876053e-03,1.517052058449952580e-06,1.719845724861994052e+00
2.520630527381845454e+01,6.855332658557726500e-02,-2.706908270363382780e-03,1.514058549857630729e-06,1.719855352640143886e+00
2.521630777194298290e+01,6.852626140512546593e-02,-2.704776332838543067e-03,1.511072121200802298e-06,1.719864969053144899e+00
2.522631027006751481e+01,6.849921753680993097e-02,-2.702646906991246819e-03,1.508092752967002224e-06,1.719874574118842148e+00
2.523631276819204672e+01,6.847219495552732405e-02,-2.700519988887085682e-03,1.505120425705158185e-06,1.719884167855046275e+00
2.524631526631657863e+01,6.844519363621358321e-02,-2.698395574599333525e-03,1.502155120025363375e-06,1.719893750279533728e+00
2.525631776444110699e+01,6.841821355384392067e-02,-2.696273660208928225e-03,1.499196816598668139e-06,1.719903321410044761e+00
2.526632026256563890e+01,6.839125468343264236e-02,-2.694154241804452583e-03,1.496245496156853602e-06,1.719912881264285875e+00
2.527632276069017081e+01,6.836431700003320344e-02,-2.692037315482118717e-03,1.493301139492231347e-06,1.719922429859928270e+00
2.528632525881470272e+01,6.833740047873805568e-02,-2.689922877345750276e-03,1.490363727457421276e-06,1.719931967214610280e+00
2.529632775693923463e+01,6.831050509467857801e-02,-2.687810923506762061e-03,1.487433240965140283e-06,1.719941493345933381e+00
2.530633025506376299e+01,6.828363082302499332e-02,-2.685701450084146142e-03,1.484509660987988793e-06,1.719951008271466630e+00
2.531633275318829490e+01,6.825677763898634065e-02,-2.683594453204448445e-03,1.481592968558245363e-06,1.719960512008743336e+00
2.532633525131282681e+01,6.822994551781032257e-02,-2.681489929001758775e-03,1.478683144767647299e-06,1.719970004575264166e+00
2.533633774943735872e+01,6.820313443478330517e-02,-2.679387873617686527e-03,1.475780170767190330e-06,1.719979485988494483e+00
2.534634024756188708e+01,6.817634436523020702e-02,-2.677288283201348113e-03,1.472884027766914947e-06,1.719988956265865454e+00
2.535634274568641899e+01,6.814957528451441593e-02,-2.675191153909343977e-03,1.469994697035699092e-06,1.719998415424775162e+00
2.536634524381095090e+01,6.812282716803771954e-02,-2.673096481905747317e-03,1.467112159901049995e-06,1.720007863482587274e+00
2.537634774193548282e+01,6.809609999124026369e-02,-2.671004263362083270e-03,1.464236397748902798e-06,1.720017300456631704e+00
2.538635024006001473e+01,6.806939372960042756e-02,-2.668914494457311128e-03,1.461367392023409216e-06,1.720026726364204395e+00
2.539635273818454309e+01,6.804270835863479583e-02,-2.666827171377810033e-03,1.458505124226738487e-06,1.720036141222568427e+00
2.540635523630907500e+01,6.801604385389801999e-02,-2.664742290317356852e-03,1.455649575918865399e-06,1.720045545048952018e+00
2.541635773443360691e+01,6.798940019098284604e-02,-2.662659847477114906e-03,1.452800728717379288e-06,1.720054937860551414e+00
2.542636023255813882e+01,6.796277734551992022e-02,-2.660579839065611851e-03,1.449958564297268675e-06,1.720064319674528219e+00
2.543636273068266718e+01,6.793617529317784454e-02,-2.658502261298726667e-03,1.447123064390733229e-06,1.720073690508011177e+00
2.544636522880719909e+01,6.790959400966294079e-02,-2.656427110399667973e-03,1.444294210786965867e-06,1.720083050378095724e+00
2.545636772693173100e+01,6.788303347071937555e-02,-2.654354382598961021e-03,1.441471985331974662e-06,1.720092399301843766e+00
2.546637022505626291e+01,6.785649365212889639e-02,-2.652284074134429476e-03,1.438656369928362407e-06,1.720101737296284572e+00
2.547637272318079482e+01,6.782997452971091523e-02,-2.650216181251178506e-03,1.435847346535146195e-06,1.720111064378414767e+00
2.548637522130532318e+01,6.780347607932231402e-02,-2.648150700201577432e-03,1.433044897167545025e-06,1.720120380565196561e+00
2.549637771942985509e+01,6.777699827685744471e-02,-2.646087627245242383e-03,1.430249003896793032e-06,1.720129685873561076e+00
2.550638021755438700e+01,6.775054109824804605e-02,-2.644026958649021118e-03,1.427459648849940645e-06,1.720138980320405020e+00
2.551638271567891891e+01,6.772410451946314636e-02,-2.641968690686976109e-03,1.424676814209657019e-06,1.720148263922593346e+00
2.552638521380345082e+01,6.769768851650899422e-02,-2.639912819640367198e-03,1.421900482214036486e-06,1.720157536696958145e+00
2.553638771192797918e+01,6.767129306542904454e-02,-2.637859341797634677e-03,1.419130635156410302e-06,1.720166798660298646e+00
2.554639021005251109e+01,6.764491814230380595e-02,-2.635808253454381949e-03,1.416367255385145052e-06,1.720176049829381659e+00
2.555639270817704300e+01,6.761856372325078524e-02,-2.633759550913362512e-03,1.413610325303452496e-06,1.720185290220942465e+00
2.556639520630157492e+01,6.759222978442448737e-02,-2.631713230484459577e-03,1.410859827369205757e-06,1.720194519851682591e+00
2.557639770442610327e+01,6.756591630201626286e-02,-2.629669288484671758e-03,1.408115744094739211e-06,1.720203738738272037e+00
2.558640020255063519e+01,6.753962325225426611e-02,-2.627627721238094856e-03,1.405378058046661932e-06,1.720212946897348383e+00
2.559640270067516710e+01,6.751335061140337213e-02,-2.625588525075907547e-03,1.402646751845667739e-06,1.720222144345517457e+00
2.560640519879969901e+01,6.748709835576514882e-02,-2.623551696336354471e-03,1.399921808166349911e-06,1.720231331099352445e+00
2.561640769692423092e+01,6.746086646167774592e-02,-2.621517231364729316e-03,1.397203209737010605e-06,1.720240507175395672e+00
2.562641019504875928e+01,6.743465490551582564e-02,-2.619485126513358773e-03,1.394490939339472601e-06,1.720249672590155487e+00
2.563641269317329119e+01,6.740846366369047937e-02,-2.617455378141585621e-03,1.391784979808891896e-06,1.720258827360110265e+00
2.564641519129782310e+01,6.738229271264922771e-02,-2.615427982615754852e-03,1.389085314033580040e-06,1.720267971501706183e+00
2.565641768942235501e+01,6.735614202887586777e-02,-2.613402936309195020e-03,1.386391924954809955e-06,1.720277105031357223e+00
2.566642018754688337e+01,6.733001158889045934e-02,-2.611380235602204797e-03,1.383704795566637208e-06,1.720286227965446502e+00
2.567642268567141528e+01,6.730390136924921385e-02,-2.609359876882033028e-03,1.381023908915713028e-06,1.720295340320324939e+00
2.568642518379594719e+01,6.727781134654442496e-02,-2.607341856542866581e-03,1.378349248101101141e-06,1.720304442112311705e+00
2.569642768192047910e+01,6.725174149740448248e-02,-2.605326170985813004e-03,1.375680796274104332e-06,1.720313533357695990e+00
2.570643018004501101e+01,6.722569179849369192e-02,-2.603312816618884914e-03,1.373018536638071116e-06,1.720322614072734568e+00
2.571643267816953937e+01,6.719966222651227450e-02,-2.601301789856983512e-03,1.370362452448223152e-06,1.720331684273652684e+00
2.572643517629407128e+01,6.717365275819624226e-02,-2.599293087121881674e-03,1.367712527011468050e-06,1.720340743976645159e+00
2.573643767441860319e+01,6.714766337031739807e-02,-2.597286704842211805e-03,1.365068743686228692e-06,1.720349793197875954e+00
2.574644017254313511e+01,6.712169403968323844e-02,-2.595282639453446328e-03,1.362431085882260488e-06,1.720358831953476830e+00
2.575644267066766346e+01,6.709574474313684256e-02,-2.593280887397885100e-03,1.359799537060469472e-06,1.720367860259548909e+00
2.576644516879219537e+01,6.706981545755688612e-02,-2.591281445124636335e-03,1.357174080732743956e-06,1.720376878132163778e+00
2.577644766691672729e+01,6.704390615985747481e-02,-2.589284309089604028e-03,1.354554700461766912e-06,1.720385885587360608e+00
2.578645016504125920e+01,6.701801682698819984e-02,-2.587289475755471038e-03,1.351941379860853343e-06,1.720394882641147927e+00
2.579645266316579111e+01,6.699214743593392973e-02,-2.585296941591684345e-03,1.349334102593760968e-06,1.720403869309504730e+00
2.580645516129031947e+01,6.696629796371487975e-02,-2.583306703074439003e-03,1.346732852374528653e-06,1.720412845608378261e+00
2.581645765941485138e+01,6.694046838738641758e-02,-2.581318756686660793e-03,1.344137612967291122e-06,1.720421811553685565e+00
2.582646015753938329e+01,6.691465868403909112e-02,-2.579333098917995816e-03,1.341548368186113575e-06,1.720430767161314156e+00
2.583646265566391520e+01,6.688886883079853130e-02,-2.577349726264789673e-03,1.338965101894817830e-06,1.720439712447119351e+00
2.584646515378844356e+01,6.686309880482535495e-02,-2.575368635230076628e-03,1.336387798006806357e-06,1.720448647426927158e+00
2.585646765191297547e+01,6.683734858331515094e-02,-2.573389822323559652e-03,1.333816440484897105e-06,1.720457572116533829e+00
2.586647015003750738e+01,6.681161814349835526e-02,-2.571413284061600454e-03,1.331251013341146260e-06,1.720466486531704753e+00
2.587647264816203929e+01,6.678590746264025102e-02,-2.569439016967199965e-03,1.328691500636685824e-06,1.720475390688174455e+00
2.588647514628657120e+01,6.676021651804084356e-02,-2.567467017569985757e-03,1.326137886481547438e-06,1.720484284601649039e+00
2.589647764441109956e+01,6.673454528703484656e-02,-2.565497282406196868e-03,1.323590155034500805e-06,1.720493168287803964e+00
2.590648014253563147e+01,6.670889374699154328e-02,-2.563529808018664719e-03,1.321048290502876451e-06,1.720502041762283607e+00
2.591648264066016338e+01,6.668326187531477267e-02,-2.561564590956804440e-03,1.318512277142404787e-06,1.720510905040704586e+00
2.592648513878469529e+01,6.665764964944290161e-02,-2.559601627776595788e-03,1.315982099257053270e-06,1.720519758138651767e+00
2.593648763690922721e+01,6.663205704684865838e-02,-2.557640915040569271e-03,1.313457741198849582e-06,1.720528601071682040e+00
2.594649013503375556e+01,6.660648404503916042e-02,-2.555682449317791399e-03,1.310939187367726199e-06,1.720537433855321652e+00
2.595649263315828748e+01,6.658093062155576169e-02,-2.553726227183847342e-03,1.308426422211346329e-06,1.720546256505066429e+00
2.596649513128281939e+01,6.655539675397410815e-02,-2.551772245220831382e-03,1.305919430224952291e-06,1.720555069036385110e+00
2.597649762940735130e+01,6.652988241990392959e-02,-2.549820500017326973e-03,1.303418195951187637e-06,1.720563871464714678e+00
2.598650012753187966e+01,6.650438759698910907e-02,-2.547870988168395457e-03,1.300922703979947441e-06,1.720572663805463920e+00
2.599650262565641157e+01,6.647891226290748856e-02,-2.545923706275558286e-03,1.298432938948202752e-06,1.720581446074012089e+00
2.600650512378094348e+01,6.645345639537092453e-02,-2.543978650946784881e-03,1.295948885539852359e-06,1.720590218285709128e+00
2.601650762190547539e+01,6.642801997212516296e-02,-2.542035818796477449e-03,1.293470528485553601e-06,1.720598980455875449e+00
2.602651012003000730e+01,6.640260297094974229e-02,-2.540095206445455375e-03,1.290997852562560793e-06,1.720607732599803041e+00
2.603651261815453566e+01,6.637720536965802109e-02,-2.538156810520942209e-03,1.288530842594572761e-06,1.720616474732754364e+00
2.604651511627906757e+01,6.635182714609703936e-02,-2.536220627656548751e-03,1.286069483451567457e-06,1.720625206869963231e+00
2.605651761440359948e+01,6.632646827814744905e-02,-2.534286654492261346e-03,1.283613760049642085e-06,1.720633929026634590e+00
2.606652011252813139e+01,6.630112874372354193e-02,-2.532354887674425400e-03,1.281163657350864654e-06,1.720642641217943636e+00
2.607652261065265975e+01,6.627580852077306905e-02,-2.530425323855733672e-03,1.278719160363104788e-06,1.720651343459038252e+00
2.608652510877719166e+01,6.625050758727725475e-02,-2.528497959695206326e-03,1.276280254139884221e-06,1.720660035765036344e+00
2.609652760690172357e+01,6.622522592125069940e-02,-2.526572791858183124e-03,1.273846923780217979e-06,1.720668718151027843e+00
2.610653010502625548e+01,6.619996350074133784e-02,-2.524649817016305642e-03,1.271419154428460222e-06,1.720677390632073811e+00
2.611653260315078739e+01,6.617472030383035608e-02,-2.522729031847502964e-03,1.268996931274147751e-06,1.720686053223206446e+00
2.612653510127531575e+01,6.614949630863214969e-02,-2.520810433035980402e-03,1.266580239551847335e-06,1.720694705939431079e+00
2.613653759939984766e+01,6.612429149329422662e-02,-2.518894017272199116e-03,1.264169064540998583e-06,1.720703348795722620e+00
2.614654009752437958e+01,6.609910583599719336e-02,-2.516979781252868739e-03,1.261763391565765079e-06,1.720711981807028668e+00
2.615654259564891149e+01,6.607393931495465778e-02,-2.515067721680929597e-03,1.259363205994879373e-06,1.720720604988268621e+00
2.616654509377343985e+01,6.604879190841317360e-02,-2.513157835265540999e-03,1.256968493241490097e-06,1.720729218354333678e+00
2.617654759189797176e+01,6.602366359465215717e-02,-2.511250118722062157e-03,1.254579238763009916e-06,1.720737821920085509e+00
2.618655009002250367e+01,6.599855435198390130e-02,-2.509344568772045245e-03,1.252195428060970055e-06,1.720746415700360687e+00
2.619655258814703558e+01,6.597346415875339487e-02,-2.507441182143216318e-03,1.249817046680860629e-06,1.720754999709965150e+00
2.620655508627156749e+01,6.594839299333839222e-02,-2.505539955569462737e-03,1.247444080211991736e-06,1.720763573963677517e+00
2.621655758439609585e+01,6.592334083414924661e-02,-2.503640885790821020e-03,1.245076514287334841e-06,1.720772138476249102e+00
2.622656008252062776e+01,6.589830765962888248e-02,-2.501743969553459068e-03,1.242714334583377307e-06,1.720780693262403016e+00
2.623656258064515967e+01,6.587329344825276767e-02,-2.499849203609667055e-03,1.240357526819977546e-06,1.720789238336834615e+00
2.624656507876969158e+01,6.584829817852881628e-02,-2.497956584717840080e-03,1.238006076760213618e-06,1.720797773714211942e+00
2.625656757689421994e+01,6.582332182899733319e-02,-2.496066109642466890e-03,1.235659970210237110e-06,1.720806299409174178e+00
2.626657007501875185e+01,6.579836437823094464e-02,-2.494177775154113406e-03,1.233319193019126182e-06,1.720814815436334744e+00
2.627657257314328376e+01,6.577342580483455659e-02,-2.492291578029411439e-03,1.230983731078740299e-06,1.720823321810278417e+00
2.628657507126781567e+01,6.574850608744529923e-02,-2.490407515051045254e-03,1.228653570323577081e-06,1.720831818545562664e+00
2.629657756939234758e+01,6.572360520473242984e-02,-2.488525583007735516e-03,1.226328696730622382e-06,1.720840305656717639e+00
2.630658006751687594e+01,6.569872313539733277e-02,-2.486645778694228891e-03,1.224009096319213064e-06,1.720848783158246409e+00
2.631658256564140785e+01,6.567385985817336680e-02,-2.484768098911279820e-03,1.221694755150883481e-06,1.720857251064624283e+00
2.632658506376593976e+01,6.564901535182592063e-02,-2.482892540465643158e-03,1.219385659329234181e-06,1.720865709390299925e+00
2.633658756189047168e+01,6.562418959515226025e-02,-2.481019100170055950e-03,1.217081794999779655e-06,1.720874158149694022e+00
2.634659006001500359e+01,6.559938256698151504e-02,-2.479147774843227028e-03,1.214783148349811121e-06,1.720882597357201726e+00
2.635659255813953195e+01,6.557459424617458066e-02,-2.477278561309821398e-03,1.212489705608251675e-06,1.720891027027189546e+00
2.636659505626406386e+01,6.554982461162411900e-02,-2.475411456400446793e-03,1.210201453045519922e-06,1.720899447173998453e+00
2.637659755438859577e+01,6.552507364225444719e-02,-2.473546456951642835e-03,1.207918376973385558e-06,1.720907857811940778e+00
2.638660005251312768e+01,6.550034131702149598e-02,-2.471683559805865418e-03,1.205640463744830667e-06,1.720916258955303757e+00
2.639660255063765604e+01,6.547562761491275418e-02,-2.469822761811475871e-03,1.203367699753910594e-06,1.720924650618346874e+00
2.640660504876218795e+01,6.545093251494718545e-02,-2.467964059822722739e-03,1.201100071435612919e-06,1.720933032815302965e+00
2.641660754688671986e+01,6.542625599617521437e-02,-2.466107450699735713e-03,1.198837565265723197e-06,1.720941405560378668e+00
2.642661004501125177e+01,6.540159803767862934e-02,-2.464252931308506984e-03,1.196580167760683294e-06,1.720949768867754193e+00
2.643661254313578368e+01,6.537695861857055479e-02,-2.462400498520879964e-03,1.194327865477457132e-06,1.720958122751581998e+00
2.644661504126031204e+01,6.535233771799536795e-02,-2.460550149214537144e-03,1.192080645013391778e-06,1.720966467225989005e+00
2.645661753938484395e+01,6.532773531512861553e-02,-2.458701880272984482e-03,1.189838493006078102e-06,1.720974802305076157e+00
2.646662003750937586e+01,6.530315138917702766e-02,-2.456855688585540994e-03,1.187601396133222455e-06,1.720983128002916640e+00
2.647662253563390777e+01,6.527858591937842070e-02,-2.455011571047325310e-03,1.185369341112507122e-06,1.720991444333558773e+00
2.648662503375843613e+01,6.525403888500160010e-02,-2.453169524559242667e-03,1.183142314701451828e-06,1.720999751311024228e+00
2.649662753188296804e+01,6.522951026534638819e-02,-2.451329546027968421e-03,1.180920303697288378e-06,1.721008048949307589e+00
2.650663003000749995e+01,6.520500003974348535e-02,-2.449491632365941550e-03,1.178703294936818146e-06,1.721016337262378126e+00
2.651663252813203187e+01,6.518050818755445619e-02,-2.447655780491348170e-03,1.176491275296282902e-06,1.721024616264180018e+00
2.652663502625656378e+01,6.515603468817167399e-02,-2.445821987328107659e-03,1.174284231691233518e-06,1.721032885968629023e+00
2.653663752438109213e+01,6.513157952101823744e-02,-2.443990249805863546e-03,1.172082151076393602e-06,1.721041146389617138e+00
2.654664002250562405e+01,6.510714266554792906e-02,-2.442160564859965303e-03,1.169885020445530320e-06,1.721049397541008830e+00
2.655664252063015596e+01,6.508272410124517349e-02,-2.440332929431462267e-03,1.167692826831323322e-06,1.721057639436644582e+00
2.656664501875468787e+01,6.505832380762494038e-02,-2.438507340467086296e-03,1.165505557305231752e-06,1.721065872090337345e+00
2.657664751687921623e+01,6.503394176423273054e-02,-2.436683794919240927e-03,1.163323198977366778e-06,1.721074095515875646e+00
2.658665001500374814e+01,6.500957795064449263e-02,-2.434862289745986196e-03,1.161145738996359234e-06,1.721082309727021142e+00
2.659665251312828005e+01,6.498523234646655378e-02,-2.433042821911031266e-03,1.158973164549229819e-06,1.721090514737511290e+00
2.660665501125281196e+01,6.496090493133563348e-02,-2.431225388383717080e-03,1.156805462861266062e-06,1.721098710561056899e+00
2.661665750937734387e+01,6.493659568491867706e-02,-2.429409986139005519e-03,1.154642621195883833e-06,1.721106897211343245e+00
2.662666000750187223e+01,6.491230458691292504e-02,-2.427596612157468126e-03,1.152484626854511301e-06,1.721115074702030956e+00
2.663666250562640414e+01,6.488803161704571887e-02,-2.425785263425270927e-03,1.150331467176448536e-06,1.721123243046755125e+00
2.664666500375093605e+01,6.486377675507458418e-02,-2.423975936934164455e-03,1.148183129538753371e-06,1.721131402259125309e+00
2.665666750187546796e+01,6.483953998078706427e-02,-2.422168629681470311e-03,1.146039601356104396e-06,1.721139552352725088e+00
2.666666999999999987e+01,6.481532127400072008e-02,-2.420363338670069881e-03,1.143900870080681104e-06,1.721147693341114726e+00
2.667667249812452823e+01,6.479112061456308858e-02,-2.418560060908390031e-03,1.141766923202038105e-06,1.721155825237826953e+00
2.668667499624906014e+01,6.476693798235157173e-02,-2.416758793410391827e-03,1.139637748246976162e-06,1.721163948056371407e+00
2.669667749437359205e+01,6.474277335727340876e-02,-2.414959533195559262e-03,1.137513332779419167e-06,1.721172061810231968e+00
2.670667999249812397e+01,6.471862671926566224e-02,-2.413162277288885375e-03,1.135393664400294703e-06,1.721180166512866982e+00
2.671668249062265232e+01,6.469449804829507933e-02,-2.411367022720862282e-03,1.133278730747401696e-06,1.721188262177710815e+00
2.672668498874718424e+01,6.467038732435810566e-02,-2.409573766527465122e-03,1.131168519495294375e-06,1.721196348818172295e+00
2.673668748687171615e+01,6.464629452748080207e-02,-2.407782505750144259e-03,1.129063018355155848e-06,1.721204426447635605e+00
2.674668998499624806e+01,6.462221963771881683e-02,-2.405993237435811397e-03,1.126962215074679522e-06,1.721212495079460281e+00
2.675669248312077997e+01,6.459816263515726076e-02,-2.404205958636826141e-03,1.124866097437939714e-06,1.721220554726981433e+00
2.676669498124530833e+01,6.457412349991074885e-02,-2.402420666410987320e-03,1.122774653265279210e-06,1.721228605403508638e+00
2.677669747936984024e+01,6.455010221212326149e-02,-2.400637357821516077e-03,1.120687870413180939e-06,1.721236647122327712e+00
2.678669997749437215e+01,6.452609875196817224e-02,-2.398856029937048925e-03,1.118605736774154470e-06,1.721244679896699603e+00
2.679670247561890406e+01,6.450211309964809514e-02,-2.397076679831622575e-03,1.116528240276607689e-06,1.721252703739860834e+00
2.680670497374343242e+01,6.447814523539492637e-02,-2.395299304584664387e-03,1.114455368884734987e-06,1.721260718665023504e+00
2.681670747186796433e+01,6.445419513946970547e-02,-2.393523901280976765e-03,1.112387110598390418e-06,1.721268724685375062e+00
2.682670996999249624e+01,6.443026279216267083e-02,-2.391750467010729780e-03,1.110323453452979705e-06,1.721276721814078980e+00
2.683671246811702815e+01,6.440634817379306543e-02,-2.389978998869447292e-03,1.108264385519328312e-06,1.721284710064274748e+00
2.684671496624156006e+01,6.438245126470920621e-02,-2.388209493957993510e-03,1.106209894903574927e-06,1.721292689449076763e+00
2.685671746436608842e+01,6.435857204528838693e-02,-2.386441949382564747e-03,1.104159969747050133e-06,1.721300659981575887e+00
2.686671996249062033e+01,6.433471049593675328e-02,-2.384676362254673811e-03,1.102114598226153155e-06,1.721308621674838557e+00
2.687672246061515224e+01,6.431086659708941389e-02,-2.382912729691141762e-03,1.100073768552249375e-06,1.721316574541907451e+00
2.688672495873968415e+01,6.428704032921020439e-02,-2.381151048814084473e-03,1.098037468971538616e-06,1.721324518595801267e+00
2.689672745686421251e+01,6.426323167279177073e-02,-2.379391316750902215e-03,1.096005687764950746e-06,1.721332453849514499e+00
2.690672995498874442e+01,6.423944060835544423e-02,-2.377633530634264483e-03,1.093978413248024555e-06,1.721340380316017882e+00
2.691673245311327634e+01,6.421566711645121384e-02,-2.375877687602103057e-03,1.091955633770794880e-06,1.721348298008257505e+00
2.692673495123780825e+01,6.419191117765768451e-02,-2.374123784797598554e-03,1.089937337717679534e-06,1.721356206939157696e+00
2.693673744936234016e+01,6.416817277258199392e-02,-2.372371819369168289e-03,1.087923513507361355e-06,1.721364107121616804e+00
2.694673994748686852e+01,6.414445188185978475e-02,-2.370621788470455866e-03,1.085914149592678512e-06,1.721371998568510975e+00
2.695674244561140043e+01,6.412074848615513523e-02,-2.368873689260317297e-03,1.083909234460508464e-06,1.721379881292691705e+00
2.696674494373593234e+01,6.409706256616051756e-02,-2.367127518902813633e-03,1.081908756631656151e-06,1.721387755306987843e+00
2.697674744186046425e+01,6.407339410259674239e-02,-2.365383274567196218e-03,1.079912704660742399e-06,1.721395620624203815e+00
2.698674993998499261e+01,6.404974307621294494e-02,-2.363640953427897581e-03,1.077921067136094226e-06,1.721403477257121617e+00
2.699675243810952452e+01,6.402610946778644618e-02,-2.361900552664516258e-03,1.075933832679625836e-06,1.721411325218498378e+00
2.700675493623405643e+01,6.400249325812276679e-02,-2.360162069461811587e-03,1.073950989946734012e-06,1.721419164521069245e+00
2.701675743435858834e+01,6.397889442805558546e-02,-2.358425501009686360e-03,1.071972527626187150e-06,1.721426995177545383e+00
2.702675993248312025e+01,6.395531295844662789e-02,-2.356690844503179887e-03,1.069998434440010703e-06,1.721434817200614642e+00
2.703676243060764861e+01,6.393174883018569454e-02,-2.354958097142454982e-03,1.068028699143383627e-06,1.721442630602941559e+00
2.704676492873218052e+01,6.390820202419050799e-02,-2.353227256132784957e-03,1.066063310524520012e-06,1.721450435397168688e+00
2.705676742685671243e+01,6.388467252140676844e-02,-2.351498318684545809e-03,1.064102257404569764e-06,1.721458231595912824e+00
2.706676992498124434e+01,6.386116030280804268e-02,-2.349771282013204520e-03,1.062145528637504044e-06,1.721466019211770559e+00
2.707677242310577626e+01,6.383766534939569470e-02,-2.348046143339305170e-03,1.060193113110005793e-06,1.721473798257313836e+00
2.708677492123030461e+01,6.381418764219892736e-02,-2.346322899888462002e-03,1.058244999741369565e-06,1.721481568745092394e+00
2.709677741935483652e+01,6.379072716227458806e-02,-2.344601548891342511e-03,1.056301177483381887e-06,1.721489330687632435e+00
2.710677991747936844e+01,6.376728389070726588e-02,-2.342882087583663103e-03,1.054361635320226604e-06,1.721497084097437069e+00
2.711678241560390035e+01,6.374385780860913897e-02,-2.341164513206174351e-03,1.052426362268369677e-06,1.721504828986987867e+00
2.712678491372842871e+01,6.372044889711998839e-02,-2.339448823004650155e-03,1.050495347376457546e-06,1.721512565368742420e+00
2.713678741185296062e+01,6.369705713740707320e-02,-2.337735014229876465e-03,1.048568579725206374e-06,1.721520293255135892e+00
2.714678990997749253e+01,6.367368251066517215e-02,-2.336023084137642605e-03,1.046646048427302105e-06,1.721528012658580797e+00
2.715679240810202444e+01,6.365032499811647260e-02,-2.334313029988728267e-03,1.044727742627292457e-06,1.721535723591467226e+00
2.716679490622655635e+01,6.362698458101052890e-02,-2.332604849048893966e-03,1.042813651501480841e-06,1.721543426066163063e+00
2.717679740435108471e+01,6.360366124062422077e-02,-2.330898538588868901e-03,1.040903764257824076e-06,1.721551120095012655e+00
2.718679990247561662e+01,6.358035495826171168e-02,-2.329194095884340107e-03,1.038998070135828205e-06,1.721558805690338811e+00
2.719680240060014853e+01,6.355706571525437942e-02,-2.327491518215943356e-03,1.037096558406443251e-06,1.721566482864440584e+00
2.720680489872468044e+01,6.353379349296077450e-02,-2.325790802869251439e-03,1.035199218371961152e-06,1.721574151629596372e+00
2.721680739684920880e+01,6.351053827276662012e-02,-2.324091947134764198e-03,1.033306039365916232e-06,1.721581811998061706e+00
2.722680989497374071e+01,6.348730003608464567e-02,-2.322394948307893777e-03,1.031417010752973605e-06,1.721589463982068580e+00
2.723681239309827262e+01,6.346407876435464224e-02,-2.320699803688960720e-03,1.029532121928835153e-06,1.721597107593828557e+00
2.724681489122280453e+01,6.344087443904339318e-02,-2.319006510583178360e-03,1.027651362320136828e-06,1.721604742845529890e+00
2.725681738934733644e+01,6.341768704164459092e-02,-2.317315066300643708e-03,1.025774721384342979e-06,1.721612369749339067e+00
2.726681988747186480e+01,6.339451655367882299e-02,-2.315625468156327048e-03,1.023902188609650004e-06,1.721619988317400374e+00
2.727682238559639671e+01,6.337136295669348884e-02,-2.313937713470060227e-03,1.022033753514881533e-06,1.721627598561836558e+00
2.728682488372092863e+01,6.334822623226281368e-02,-2.312251799566527981e-03,1.020169405649393765e-06,1.721635200494747275e+00
2.729682738184546054e+01,6.332510636198769582e-02,-2.310567723775256224e-03,1.018309134592967055e-06,1.721642794128211085e+00
2.730682987996998889e+01,6.330200332749580383e-02,-2.308885483430602511e-03,1.016452929955717608e-06,1.721650379474285009e+00
2.731683237809452081e+01,6.327891711044135448e-02,-2.307205075871742155e-03,1.014600781377985244e-06,1.721657956545002977e+00
2.732683487621905272e+01,6.325584769250520989e-02,-2.305526498442663028e-03,1.012752678530245311e-06,1.721665525352378268e+00
2.733683737434358463e+01,6.323279505539476653e-02,-2.303849748492152547e-03,1.010908611113005347e-06,1.721673085908401735e+00
2.734683987246811654e+01,6.320975918084392742e-02,-2.302174823373785966e-03,1.009068568856709361e-06,1.721680638225042692e+00
2.735684237059264490e+01,6.318674005061301890e-02,-2.300501720445919003e-03,1.007232541521635771e-06,1.721688182314249138e+00
2.736684486871717681e+01,6.316373764648876288e-02,-2.298830437071673963e-03,1.005400518897802742e-06,1.721695718187947088e+00
2.737684736684170872e+01,6.314075195028424903e-02,-2.297160970618932797e-03,1.003572490804872477e-06,1.721703245858041020e+00
2.738684986496624063e+01,6.311778294383887933e-02,-2.295493318460324964e-03,1.001748447092053593e-06,1.721710765336414095e+00
2.739685236309077254e+01,6.309483060901828477e-02,-2.293827477973217881e-03,9.999283776380018090e-07,1.721718276634927491e+00
2.740685486121530090e+01,6.307189492771433925e-02,-2.292163446539706960e-03,9.981122723507293095e-07,1.721725779765421960e+00
2.741685735933983281e+01,6.304897588184504853e-02,-2.290501221546602587e-03,9.963001211675037398e-07,1.721733274739715824e+00
2.742685985746436472e+01,6.302607345335455025e-02,-2.288840800385424489e-03,9.944919140547560889e-07,1.721740761569606315e+00
2.743686235558889663e+01,6.300318762421304453e-02,-2.287182180452388726e-03,9.926876410079851876e-07,1.721748240266869789e+00
2.744686485371342499e+01,6.298031837641675235e-02,-2.285525359148399011e-03,9.908872920516622050e-07,1.721755710843261289e+00
2.745686735183795690e+01,6.295746569198787390e-02,-2.283870333879033272e-03,9.890908572391374749e-07,1.721763173310514317e+00
2.746686984996248881e+01,6.293462955297451922e-02,-2.282217102054538444e-03,9.872983266525443579e-07,1.721770627680341503e+00
2.747687234808702073e+01,6.291180994145070815e-02,-2.280565661089817460e-03,9.855096904027098790e-07,1.721778073964434386e+00
2.748687484621155264e+01,6.288900683951625936e-02,-2.278916008404419276e-03,9.837249386290558369e-07,1.721785512174462962e+00
2.749687734433608099e+01,6.286622022929681808e-02,-2.277268141422530631e-03,9.819440614995117710e-07,1.721792942322077025e+00
2.750687984246061291e+01,6.284345009294373119e-02,-2.275622057572962605e-03,9.801670492104164941e-07,1.721800364418904605e+00
2.751688234058514482e+01,6.282069641263408888e-02,-2.273977754289145409e-03,9.783938919864323302e-07,1.721807778476553530e+00
2.752688483870967673e+01,6.279795917057057197e-02,-2.272335229009114950e-03,9.766245800804447410e-07,1.721815184506610530e+00
2.753688733683420509e+01,6.277523834898150745e-02,-2.270694479175504148e-03,9.748591037734797404e-07,1.721822582520640799e+00
2.754688983495873700e+01,6.275253393012077130e-02,-2.269055502235532099e-03,9.730974533746071208e-07,1.721829972530189989e+00
2.755689233308326891e+01,6.272984589626774687e-02,-2.267418295640995403e-03,9.713396192208504561e-07,1.721837354546781773e+00
2.756689483120780082e+01,6.270717422972728328e-02,-2.265782856848259051e-03,9.695855916770971040e-07,1.721844728581919837e+00
2.757689732933233273e+01,6.268451891282962596e-02,-2.264149183318243854e-03,9.678353611360060916e-07,1.721852094647087217e+00
2.758689982745686109e+01,6.266187992793045836e-02,-2.262517272516420368e-03,9.660889180179238356e-07,1.721859452753746300e+00
2.759690232558139300e+01,6.263925725741070760e-02,-2.260887121912794149e-03,9.643462527707844037e-07,1.721866802913338823e+00
2.760690482370592491e+01,6.261665088367665555e-02,-2.259258728981901419e-03,9.626073558700313764e-07,1.721874145137285428e+00
2.761690732183045682e+01,6.259406078915979998e-02,-2.257632091202796485e-03,9.608722178185221320e-07,1.721881479436987217e+00
2.762690981995498518e+01,6.257148695631681301e-02,-2.256007206059042203e-03,9.591408291464386962e-07,1.721888805823824420e+00
2.763691231807951709e+01,6.254892936762952715e-02,-2.254384071038700432e-03,9.574131804112026158e-07,1.721896124309157505e+00
2.764691481620404900e+01,6.252638800560489374e-02,-2.252762683634322496e-03,9.556892621973868667e-07,1.721903434904325181e+00
2.765691731432858091e+01,6.250386285277489962e-02,-2.251143041342940510e-03,9.539690651166245866e-07,1.721910737620647058e+00
2.766691981245311283e+01,6.248135389169655329e-02,-2.249525141666056105e-03,9.522525798075252182e-07,1.721918032469422100e+00
2.767692231057764118e+01,6.245886110495185023e-02,-2.247908982109633486e-03,9.505397969355871595e-07,1.721925319461929726e+00
2.768692480870217310e+01,6.243638447514766876e-02,-2.246294560184084257e-03,9.488307071931067075e-07,1.721932598609426934e+00
2.769692730682670501e+01,6.241392398491581173e-02,-2.244681873404266118e-03,9.471253012990982251e-07,1.721939869923153843e+00
2.770692980495123692e+01,6.239147961691288158e-02,-2.243070919289466818e-03,9.454235699992019208e-07,1.721947133414328590e+00
2.771693230307576528e+01,6.236905135382030813e-02,-2.241461695363398086e-03,9.437255040656031686e-07,1.721954389094149107e+00
2.772693480120029719e+01,6.234663917834423058e-02,-2.239854199154182619e-03,9.420310942969417696e-07,1.721961636973793563e+00
2.773693729932482910e+01,6.232424307321551143e-02,-2.238248428194350177e-03,9.403403315182307427e-07,1.721968877064420589e+00
2.774693979744936101e+01,6.230186302118967401e-02,-2.236644380020823275e-03,9.386532065807699275e-07,1.721976109377169273e+00
2.775694229557389292e+01,6.227949900504684694e-02,-2.235042052174909810e-03,9.369697103620608571e-07,1.721983333923157389e+00
2.776694479369842128e+01,6.225715100759175030e-02,-2.233441442202294819e-03,9.352898337657243843e-07,1.721990550713483836e+00
2.777694729182295319e+01,6.223481901165359154e-02,-2.231842547653027468e-03,9.336135677214121666e-07,1.721997759759228419e+00
2.778694978994748510e+01,6.221250300008610012e-02,-2.230245366081516287e-03,9.319409031847289513e-07,1.722004961071449403e+00
2.779695228807201701e+01,6.219020295576742352e-02,-2.228649895046517018e-03,9.302718311371440601e-07,1.722012154661186845e+00
2.780695478619654892e+01,6.216791886160012715e-02,-2.227056132111124385e-03,9.286063425859124033e-07,1.722019340539461041e+00
2.781695728432107728e+01,6.214565070051111806e-02,-2.225464074842762111e-03,9.269444285639884004e-07,1.722026518717271415e+00
2.782695978244560919e+01,6.212339845545159639e-02,-2.223873720813174248e-03,9.252860801299432883e-07,1.722033689205599405e+00
2.783696228057014110e+01,6.210116210939706227e-02,-2.222285067598416073e-03,9.236312883678867706e-07,1.722040852015405576e+00
2.784696477869467302e+01,6.207894164534721176e-02,-2.220698112778844973e-03,9.219800443873800914e-07,1.722048007157632288e+00
2.785696727681920137e+01,6.205673704632595072e-02,-2.219112853939111344e-03,9.203323393233592721e-07,1.722055154643201247e+00
2.786696977494373328e+01,6.203454829538127685e-02,-2.217529288668148180e-03,9.186881643360473384e-07,1.722062294483015510e+00
2.787697227306826520e+01,6.201237537558533519e-02,-2.215947414559163702e-03,9.170475106108810514e-07,1.722069426687958593e+00
2.788697477119279711e+01,6.199021827003430019e-02,-2.214367229209632248e-03,9.154103693584247225e-07,1.722076551268894695e+00
2.789697726931732902e+01,6.196807696184834097e-02,-2.212788730221283435e-03,9.137767318142896388e-07,1.722083668236668030e+00
2.790697976744185738e+01,6.194595143417163524e-02,-2.211211915200096082e-03,9.121465892390583600e-07,1.722090777602105272e+00
2.791698226556638929e+01,6.192384167017223051e-02,-2.209636781756284338e-03,9.105199329181977915e-07,1.722097879376011775e+00
2.792698476369092120e+01,6.190174765304209958e-02,-2.208063327504294644e-03,9.088967541619865512e-07,1.722104973569175357e+00
2.793698726181545311e+01,6.187966936599704343e-02,-2.206491550062792718e-03,9.072770443054315370e-07,1.722112060192364291e+00
2.794698975993998147e+01,6.185760679227667036e-02,-2.204921447054656192e-03,9.056607947081906348e-07,1.722119139256326870e+00
2.795699225806451338e+01,6.183555991514431971e-02,-2.203353016106965063e-03,9.040479967544910858e-07,1.722126210771793842e+00
2.796699475618904529e+01,6.181352871788706183e-02,-2.201786254850992587e-03,9.024386418530542066e-07,1.722133274749475751e+00
2.797699725431357720e+01,6.179151318381563562e-02,-2.200221160922197911e-03,9.008327214370157677e-07,1.722140331200064711e+00
2.798699975243810911e+01,6.176951329626442777e-02,-2.198657731960215658e-03,8.992302269638490199e-07,1.722147380134234185e+00
2.799700225056263747e+01,6.174752903859138942e-02,-2.197095965608847692e-03,8.976311499152847551e-07,1.722154421562637872e+00
2.800700474868716938e+01,6.172556039417801538e-02,-2.195535859516053578e-03,8.960354817972346501e-07,1.722161455495911930e+00
2.801700724681170129e+01,6.170360734642933720e-02,-2.193977411333943202e-03,8.944432141397171512e-07,1.722168481944672092e+00
2.802700974493623320e+01,6.168166987877381907e-02,-2.192420618718766805e-03,8.928543384967758413e-07,1.722175500919516100e+00
2.803701224306076156e+01,6.165974797466337171e-02,-2.190865479330908038e-03,8.912688464464067009e-07,1.722182512431023937e+00
2.804701474118529347e+01,6.163784161757325519e-02,-2.189311990834871390e-03,8.896867295904781695e-07,1.722189516489755601e+00
2.805701723930982538e+01,6.161595079100211370e-02,-2.187760150899277847e-03,8.881079795546599948e-07,1.722196513106252658e+00
2.806701973743435730e+01,6.159407547847185055e-02,-2.186209957196854486e-03,8.865325879883420234e-07,1.722203502291038690e+00
2.807702223555888921e+01,6.157221566352765602e-02,-2.184661407404424067e-03,8.849605465645628383e-07,1.722210484054617741e+00
2.808702473368341757e+01,6.155037132973792402e-02,-2.183114499202900693e-03,8.833918469799323611e-07,1.722217458407476975e+00
2.809702723180794948e+01,6.152854246069421051e-02,-2.181569230277275069e-03,8.818264809545560428e-07,1.722224425360082689e+00
2.810702972993248139e+01,6.150672904001124042e-02,-2.180025598316611465e-03,8.802644402319640305e-07,1.722231384922884745e+00
2.811703222805701330e+01,6.148493105132680353e-02,-2.178483601014037738e-03,8.787057165790320759e-07,1.722238337106314132e+00
2.812703472618154521e+01,6.146314847830176148e-02,-2.176943236066734063e-03,8.771503017859102784e-07,1.722245281920782523e+00
2.813703722430607357e+01,6.144138130461999220e-02,-2.175404501175929022e-03,8.755981876659488638e-07,1.722252219376685156e+00
2.814703972243060548e+01,6.141962951398832055e-02,-2.173867394046884866e-03,8.740493660556219517e-07,1.722259149484396401e+00
2.815704222055513739e+01,6.139789309013653218e-02,-2.172331912388895340e-03,8.725038288144577809e-07,1.722266072254274638e+00
2.816704471867966930e+01,6.137617201681729723e-02,-2.170798053915274414e-03,8.709615678249635351e-07,1.722272987696658708e+00
2.817704721680419766e+01,6.135446627780613560e-02,-2.169265816343347603e-03,8.694225749925524986e-07,1.722279895821870133e+00
2.818704971492872957e+01,6.133277585690137534e-02,-2.167735197394442866e-03,8.678868422454715283e-07,1.722286796640212003e+00
2.819705221305326148e+01,6.131110073792412490e-02,-2.166206194793884095e-03,8.663543615347290567e-07,1.722293690161968538e+00
2.820705471117779339e+01,6.128944090471822453e-02,-2.164678806270982012e-03,8.648251248340227758e-07,1.722300576397407079e+00
2.821705720930232530e+01,6.126779634115020468e-02,-2.163153029559025924e-03,8.632991241396677457e-07,1.722307455356776762e+00
2.822705970742685366e+01,6.124616703110925126e-02,-2.161628862395274190e-03,8.617763514705245023e-07,1.722314327050307403e+00
2.823706220555138557e+01,6.122455295850715712e-02,-2.160106302520947274e-03,8.602567988679278010e-07,1.722321191488213277e+00
2.824706470367591749e+01,6.120295410727828733e-02,-2.158585347681218642e-03,8.587404583956151480e-07,1.722328048680688228e+00
2.825706720180044940e+01,6.118137046137955837e-02,-2.157065995625206956e-03,8.572273221396576612e-07,1.722334898637909451e+00
2.826706969992497775e+01,6.115980200479037565e-02,-2.155548244105969131e-03,8.557173822083879669e-07,1.722341741370036816e+00
2.827707219804950967e+01,6.113824872151257805e-02,-2.154032090880487766e-03,8.542106307323279899e-07,1.722348576887211324e+00
2.828707469617404158e+01,6.111671059557043789e-02,-2.152517533709667665e-03,8.527070598641224615e-07,1.722355405199556877e+00
2.829707719429857349e+01,6.109518761101061235e-02,-2.151004570358325436e-03,8.512066617784676629e-07,1.722362226317178946e+00
2.830707969242310540e+01,6.107367975190208104e-02,-2.149493198595182116e-03,8.497094286720404861e-07,1.722369040250166794e+00
2.831708219054763376e+01,6.105218700233614598e-02,-2.147983416192853628e-03,8.482153527634316244e-07,1.722375847008590366e+00
2.832708468867216567e+01,6.103070934642632062e-02,-2.146475220927843413e-03,8.467244262930716683e-07,1.722382646602503176e+00
2.833708718679669758e+01,6.100924676830839222e-02,-2.144968610580535052e-03,8.452366415231688493e-07,1.722389439041940085e+00
2.834708968492122949e+01,6.098779925214031089e-02,-2.143463582935183596e-03,8.437519907376355590e-07,1.722396224336919746e+00
2.835709218304575785e+01,6.096636678210216181e-02,-2.141960135779907327e-03,8.422704662420206930e-07,1.722403002497441715e+00
2.836709468117028976e+01,6.094494934239613748e-02,-2.140458266906678647e-03,8.407920603634422054e-07,1.722409773533490007e+00
2.837709717929482167e+01,6.092354691724650995e-02,-2.138957974111318876e-03,8.393167654505197702e-07,1.722416537455029095e+00
2.838709967741935358e+01,6.090215949089956837e-02,-2.137459255193486975e-03,8.378445738733056416e-07,1.722423294272007910e+00
2.839710217554388549e+01,6.088078704762359128e-02,-2.135962107956674780e-03,8.363754780232176332e-07,1.722430043994356952e+00
2.840710467366841385e+01,6.085942957170882572e-02,-2.134466530208196152e-03,8.349094703129731546e-07,1.722436786631989625e+00
2.841710717179294576e+01,6.083808704746739709e-02,-2.132972519759179612e-03,8.334465431765189085e-07,1.722443522194802235e+00
2.842710966991747767e+01,6.081675945923333687e-02,-2.131480074424562266e-03,8.319866890689683152e-07,1.722450250692673768e+00
2.843711216804200959e+01,6.079544679136249935e-02,-2.129989192023079830e-03,8.305299004665319508e-07,1.722456972135466113e+00
2.844711466616653794e+01,6.077414902823255471e-02,-2.128499870377260125e-03,8.290761698664533841e-07,1.722463686533023397e+00
2.845711716429106986e+01,6.075286615424290576e-02,-2.127012107313413537e-03,8.276254897869400374e-07,1.722470393895173535e+00
2.846711966241560177e+01,6.073159815381470178e-02,-2.125525900661626080e-03,8.261778527671009301e-07,1.722477094231726236e+00
2.847712216054013368e+01,6.071034501139076917e-02,-2.124041248255752884e-03,8.247332513668784920e-07,1.722483787552475443e+00
2.848712465866466559e+01,6.068910671143558366e-02,-2.122558147933407795e-03,8.232916781669844006e-07,1.722490473867196670e+00
2.849712715678919395e+01,6.066788323843524261e-02,-2.121076597535958598e-03,8.218531257688349955e-07,1.722497153185650109e+00
2.850712965491372586e+01,6.064667457689738861e-02,-2.119596594908514011e-03,8.204175867944831971e-07,1.722503825517576859e+00
2.851713215303825777e+01,6.062548071135122341e-02,-2.118118137899922815e-03,8.189850538865578387e-07,1.722510490872703137e+00
2.852713465116278968e+01,6.060430162634743850e-02,-2.116641224362761278e-03,8.175555197081969623e-07,1.722517149260737179e+00
2.853713714928732159e+01,6.058313730645818740e-02,-2.115165852153326649e-03,8.161289769429837617e-07,1.722523800691370788e+00
2.854713964741184995e+01,6.056198773627705784e-02,-2.113692019131629789e-03,8.147054182948835847e-07,1.722530445174277780e+00
2.855714214553638186e+01,6.054085290041900935e-02,-2.112219723161386925e-03,8.132848364881784994e-07,1.722537082719117540e+00
2.856714464366091377e+01,6.051973278352034552e-02,-2.110748962110012717e-03,8.118672242674038728e-07,1.722543713335530358e+00
2.857714714178544568e+01,6.049862737023870701e-02,-2.109279733848612014e-03,8.104525743972873848e-07,1.722550337033141199e+00
2.858714963990997404e+01,6.047753664525299527e-02,-2.107812036251972485e-03,8.090408796626831707e-07,1.722556953821557268e+00
2.859715213803450595e+01,6.045646059326334476e-02,-2.106345867198555939e-03,8.076321328685094587e-07,1.722563563710370893e+00
2.860715463615903786e+01,6.043539919899110213e-02,-2.104881224570492697e-03,8.062263268396869487e-07,1.722570166709155526e+00
2.861715713428356977e+01,6.041435244717877767e-02,-2.103418106253572908e-03,8.048234544210752839e-07,1.722576762827469743e+00
2.862715963240810169e+01,6.039332032259001753e-02,-2.101956510137238752e-03,8.034235084774117477e-07,1.722583352074855023e+00
2.863716213053263004e+01,6.037230281000955517e-02,-2.100496434114577492e-03,8.020264818932483709e-07,1.722589934460836636e+00
2.864716462865716196e+01,6.035129989424315583e-02,-2.099037876082311942e-03,8.006323675728882987e-07,1.722596509994922309e+00
2.865716712678169387e+01,6.033031156011765123e-02,-2.097580833940796557e-03,7.992411584403295686e-07,1.722603078686604450e+00
2.866716962490622578e+01,6.030933779248082161e-02,-2.096125305594007029e-03,7.978528474391977717e-07,1.722609640545358589e+00
2.867717212303075414e+01,6.028837857620141655e-02,-2.094671288949535078e-03,7.964674275326888774e-07,1.722616195580644272e+00
2.868717462115528605e+01,6.026743389616907171e-02,-2.093218781918577184e-03,7.950848917035049652e-07,1.722622743801904388e+00
2.869717711927981796e+01,6.024650373729431574e-02,-2.091767782415931542e-03,7.937052329537966264e-07,1.722629285218565398e+00
2.870717961740434987e+01,6.022558808450852175e-02,-2.090318288359988095e-03,7.923284443051009188e-07,1.722635819840037774e+00
2.871718211552888178e+01,6.020468692276384481e-02,-2.088870297672721591e-03,7.909545187982798512e-07,1.722642347675715113e+00
2.872718461365341014e+01,6.018380023703324283e-02,-2.087423808279685947e-03,7.895834494934637376e-07,1.722648868734976579e+00
2.873718711177794205e+01,6.016292801231035159e-02,-2.085978818110002103e-03,7.882152294699853408e-07,1.722655383027182907e+00
2.874718960990247396e+01,6.014207023360955418e-02,-2.084535325096356292e-03,7.868498518263270386e-07,1.722661890561680176e+00
2.875719210802700587e+01,6.012122688596587688e-02,-2.083093327174989195e-03,7.854873096800568730e-07,1.722668391347797145e+00
2.876719460615153423e+01,6.010039795443496147e-02,-2.081652822285691169e-03,7.841275961677697866e-07,1.722674885394848143e+00
2.877719710427606614e+01,6.007958342409304431e-02,-2.080213808371790974e-03,7.827707044450291784e-07,1.722681372712130399e+00
2.878719960240059805e+01,6.005878328003692174e-02,-2.078776283380152304e-03,7.814166276863084575e-07,1.722687853308924488e+00
2.879720210052512996e+01,6.003799750738390145e-02,-2.077340245261165980e-03,7.800653590849311161e-07,1.722694327194497221e+00
2.880720459864966188e+01,6.001722609127178171e-02,-2.075905691968739971e-03,7.787168918530131313e-07,1.722700794378096978e+00
2.881720709677419023e+01,5.999646901685881661e-02,-2.074472621460296366e-03,7.773712192214050489e-07,1.722707254868957705e+00
2.882720959489872214e+01,5.997572626932364676e-02,-2.073041031696759660e-03,7.760283344396313148e-07,1.722713708676297362e+00
2.883721209302325406e+01,5.995499783386530612e-02,-2.071610920642552416e-03,7.746882307758350060e-07,1.722720155809317477e+00
2.884721459114778597e+01,5.993428369570318048e-02,-2.070182286265588329e-03,7.733509015167202328e-07,1.722726596277204481e+00
2.885721708927231433e+01,5.991358384007697269e-02,-2.068755126537263553e-03,7.720163399674937988e-07,1.722733030089127926e+00
2.886721958739684624e+01,5.989289825224661246e-02,-2.067329439432449324e-03,7.706845394518052737e-07,1.722739457254243156e+00
2.887722208552137815e+01,5.987222691749231190e-02,-2.065905222929486761e-03,7.693554933116947948e-07,1.722745877781688639e+00
2.888722458364591006e+01,5.985156982111448226e-02,-2.064482475010178623e-03,7.680291949075336688e-07,1.722752291680587522e+00
2.889722708177044197e+01,5.983092694843369225e-02,-2.063061193659781935e-03,7.667056376179667735e-07,1.722758698960047852e+00
2.890722957989497033e+01,5.981029828479066113e-02,-2.061641376867001055e-03,7.653848148398580301e-07,1.722765099629160579e+00
2.891723207801950224e+01,5.978968381554617545e-02,-2.060223022623980729e-03,7.640667199882308994e-07,1.722771493697003109e+00
2.892723457614403415e+01,5.976908352608113068e-02,-2.058806128926299155e-03,7.627513464962171359e-07,1.722777881172635306e+00
2.893723707426856606e+01,5.974849740179642710e-02,-2.057390693772961042e-03,7.614386878149961191e-07,1.722784262065102823e+00
2.894723957239309797e+01,5.972792542811297678e-02,-2.055976715166390675e-03,7.601287374137420201e-07,1.722790636383435547e+00
2.895724207051762633e+01,5.970736759047164804e-02,-2.054564191112424974e-03,7.588214887795668384e-07,1.722797004136648047e+00
2.896724456864215824e+01,5.968682387433323772e-02,-2.053153119620303949e-03,7.575169354174651333e-07,1.722803365333738457e+00
2.897724706676669015e+01,5.966629426517843643e-02,-2.051743498702668540e-03,7.562150708502594956e-07,1.722809719983690480e+00
2.898724956489122206e+01,5.964577874850780781e-02,-2.050335326375549768e-03,7.549158886185452793e-07,1.722816068095472497e+00
2.899725206301575042e+01,5.962527730984173990e-02,-2.048928600658365268e-03,7.536193822806359676e-07,1.722822409678037570e+00
2.900725456114028233e+01,5.960478993472039660e-02,-2.047523319573906712e-03,7.523255454125069513e-07,1.722828744740322771e+00
2.901725705926481425e+01,5.958431660870373153e-02,-2.046119481148338942e-03,7.510343716077442829e-07,1.722835073291250518e+00
2.902725955738934616e+01,5.956385731737139783e-02,-2.044717083411190864e-03,7.497458544774869733e-07,1.722841395339728132e+00
2.903726205551387807e+01,5.954341204632275508e-02,-2.043316124395346770e-03,7.484599876503752159e-07,1.722847710894646944e+00
2.904726455363840643e+01,5.952298078117683466e-02,-2.041916602137042874e-03,7.471767647724967066e-07,1.722854019964883854e+00
2.905726705176293834e+01,5.950256350757225643e-02,-2.040518514675856900e-03,7.458961795073296807e-07,1.722860322559300439e+00
2.906726954988747025e+01,5.948216021116727037e-02,-2.039121860054703313e-03,7.446182255356941025e-07,1.722866618686742957e+00
2.907727204801200216e+01,5.946177087763966640e-02,-2.037726636319828113e-03,7.433428965556948081e-07,1.722872908356043009e+00
2.908727454613653052e+01,5.944139549268677436e-02,-2.036332841520798430e-03,7.420701862826705778e-07,1.722879191576016433e+00
2.909727704426106243e+01,5.942103404202538769e-02,-2.034940473710497317e-03,7.408000884491382320e-07,1.722885468355464855e+00
2.910727954238559434e+01,5.940068651139179118e-02,-2.033549530945118113e-03,7.395325968047437147e-07,1.722891738703174580e+00
2.911728204051012625e+01,5.938035288654168464e-02,-2.032160011284156638e-03,7.382677051162068247e-07,1.722898002627916814e+00
2.912728453863465816e+01,5.936003315325014823e-02,-2.030771912790404251e-03,7.370054071672688056e-07,1.722904260138447885e+00
2.913728703675918652e+01,5.933972729731165630e-02,-2.029385233529942649e-03,7.357456967586427944e-07,1.722910511243509468e+00
2.914728953488371843e+01,5.931943530453995944e-02,-2.027999971572133891e-03,7.344885677079565407e-07,1.722916755951827916e+00
2.915729203300825034e+01,5.929915716076815391e-02,-2.026616124989617362e-03,7.332340138497069845e-07,1.722922994272115149e+00
2.916729453113278225e+01,5.927889285184857054e-02,-2.025233691858301967e-03,7.319820290352036113e-07,1.722929226213068432e+00
2.917729702925731061e+01,5.925864236365278176e-02,-2.023852670257359192e-03,7.307326071325192177e-07,1.722935451783370153e+00
2.918729952738184252e+01,5.923840568207153906e-02,-2.022473058269213999e-03,7.294857420264369723e-07,1.722941670991686935e+00
2.919730202550637443e+01,5.921818279301478000e-02,-2.021094853979543953e-03,7.282414276184011819e-07,1.722947883846672079e+00
2.920730452363090635e+01,5.919797368241155183e-02,-2.019718055477267519e-03,7.269996578264644576e-07,1.722954090356964008e+00
2.921730702175543826e+01,5.917777833621001848e-02,-2.018342660854540154e-03,7.257604265852381634e-07,1.722960290531185601e+00
2.922730951987996662e+01,5.915759674037741889e-02,-2.016968668206746505e-03,7.245237278458423354e-07,1.722966484377945973e+00
2.923731201800449853e+01,5.913742888089999761e-02,-2.015596075632493898e-03,7.232895555758517896e-07,1.722972671905839359e+00
2.924731451612903044e+01,5.911727474378301872e-02,-2.014224881233606275e-03,7.220579037592496405e-07,1.722978853123444898e+00
2.925731701425356235e+01,5.909713431505071723e-02,-2.012855083115118546e-03,7.208287663963752090e-07,1.722985028039328403e+00
2.926731951237809426e+01,5.907700758074626440e-02,-2.011486679385268359e-03,7.196021375038747883e-07,1.722991196662040370e+00
2.927732201050262262e+01,5.905689452693175384e-02,-2.010119668155490452e-03,7.183780111146520926e-07,1.722997359000116413e+00
2.928732450862715453e+01,5.903679513968811132e-02,-2.008754047540409291e-03,7.171563812778156351e-07,1.723003515062078828e+00
2.929732700675168644e+01,5.901670940511515029e-02,-2.007389815657835159e-03,7.159372420586344709e-07,1.723009664856434364e+00
2.930732950487621835e+01,5.899663730933146777e-02,-2.006026970628754617e-03,7.147205875384843039e-07,1.723015808391676451e+00
2.931733200300074671e+01,5.897657883847446519e-02,-2.004665510577326604e-03,7.135064118148016417e-07,1.723021945676283195e+00
2.932733450112527862e+01,5.895653397870025125e-02,-2.003305433630873326e-03,7.122947090010308555e-07,1.723028076718718937e+00
2.933733699924981053e+01,5.893650271618368353e-02,-2.001946737919876786e-03,7.110854732265798175e-07,1.723034201527433806e+00
2.934733949737434244e+01,5.891648503711829216e-02,-2.000589421577970116e-03,7.098786986367684429e-07,1.723040320110862833e+00
2.935734199549887435e+01,5.889648092771626597e-02,-1.999233482741932799e-03,7.086743793927814681e-07,1.723046432477427725e+00
2.936734449362340271e+01,5.887649037420841086e-02,-1.997878919551684170e-03,7.074725096716195349e-07,1.723052538635535980e+00
2.937734699174793462e+01,5.885651336284411506e-02,-1.996525730150274305e-03,7.062730836660504853e-07,1.723058638593580216e+00
2.938734948987246653e+01,5.883654987989134222e-02,-1.995173912683882288e-03,7.050760955845631991e-07,1.723064732359939066e+00
2.939735198799699845e+01,5.881659991163656204e-02,-1.993823465301806236e-03,7.038815396513171948e-07,1.723070819942977172e+00
2.940735448612152680e+01,5.879666344438476411e-02,-1.992474386156460261e-03,7.026894101060981607e-07,1.723076901351045853e+00
2.941735698424605872e+01,5.877674046445937467e-02,-1.991126673403363200e-03,7.014997012042664973e-07,1.723082976592480886e+00
2.942735948237059063e+01,5.875683095820227742e-02,-1.989780325201137741e-03,7.003124072167140134e-07,1.723089045675605169e+00
2.943736198049512254e+01,5.873693491197375105e-02,-1.988435339711501753e-03,6.991275224298141621e-07,1.723095108608727166e+00
2.944736447861965445e+01,5.871705231215244847e-02,-1.987091715099260913e-03,6.979450411453758780e-07,1.723101165400140911e+00
2.945736697674418281e+01,5.869718314513536900e-02,-1.985749449532306105e-03,6.967649576805968846e-07,1.723107216058127555e+00
2.946736947486871472e+01,5.867732739733780289e-02,-1.984408541181601274e-03,6.955872663680156247e-07,1.723113260590953155e+00
2.947737197299324663e+01,5.865748505519332440e-02,-1.983068988221183861e-03,6.944119615554658389e-07,1.723119299006870442e+00
2.948737447111777854e+01,5.863765610515378479e-02,-1.981730788828154396e-03,6.932390376060318838e-07,1.723125331314118380e+00
2.949737696924230690e+01,5.861784053368922220e-02,-1.980393941182673027e-03,6.920684888979986520e-07,1.723131357520922391e+00
2.950737946736683881e+01,5.859803832728786854e-02,-1.979058443467948680e-03,6.909003098248081612e-07,1.723137377635492573e+00
2.951738196549137072e+01,5.857824947245612174e-02,-1.977724293870239489e-03,6.897344947950132850e-07,1.723143391666027258e+00
2.952738446361590263e+01,5.855847395571850411e-02,-1.976391490578841524e-03,6.885710382322315899e-07,1.723149399620709454e+00
2.953738696174043454e+01,5.853871176361762768e-02,-1.975060031786085319e-03,6.874099345750993835e-07,1.723155401507709295e+00
2.954738945986496290e+01,5.851896288271418722e-02,-1.973729915687328501e-03,6.862511782772277748e-07,1.723161397335182476e+00
2.955739195798949481e+01,5.849922729958689088e-02,-1.972401140480950152e-03,6.850947638071547107e-07,1.723167387111272264e+00
2.956739445611402672e+01,5.847950500083246017e-02,-1.971073704368345603e-03,6.839406856483019897e-07,1.723173370844107266e+00
2.957739695423855864e+01,5.845979597306559528e-02,-1.969747605553918198e-03,6.827889382989298389e-07,1.723179348541802325e+00
2.958739945236308699e+01,5.844010020291896118e-02,-1.968422842245076253e-03,6.816395162720927633e-07,1.723185320212458960e+00
2.959740195048761890e+01,5.842041767704309052e-02,-1.967099412652223520e-03,6.804924140955913699e-07,1.723191285864165367e+00
2.960740444861215082e+01,5.840074838210644603e-02,-1.965777314988757015e-03,6.793476263119327697e-07,1.723197245504996200e+00
2.961740694673668273e+01,5.838109230479531647e-02,-1.964456547471057912e-03,6.782051474782820847e-07,1.723203199143012121e+00
2.962740944486121464e+01,5.836144943181384437e-02,-1.963137108318487641e-03,6.770649721664214725e-07,1.723209146786261137e+00
2.963741194298574300e+01,5.834181974988395664e-02,-1.961818995753380514e-03,6.759270949627036458e-07,1.723215088442776821e+00
2.964741444111027491e+01,5.832220324574532294e-02,-1.960502208001037652e-03,6.747915104680076146e-07,1.723221024120579870e+00
2.965741693923480682e+01,5.830259990615537652e-02,-1.959186743289723087e-03,6.736582132976969700e-07,1.723226953827677210e+00
2.966741943735933873e+01,5.828300971788925172e-02,-1.957872599850655950e-03,6.725271980815752031e-07,1.723232877572063115e+00
2.967742193548387064e+01,5.826343266773976320e-02,-1.956559775918004403e-03,6.713984594638420829e-07,1.723238795361717424e+00
2.968742443360839900e+01,5.824386874251737817e-02,-1.955248269728882167e-03,6.702719921030507751e-07,1.723244707204607762e+00
2.969742693173293091e+01,5.822431792905014697e-02,-1.953938079523338985e-03,6.691477906720619966e-07,1.723250613108687990e+00
2.970742942985746282e+01,5.820478021418375864e-02,-1.952629203544357147e-03,6.680258498580058991e-07,1.723256513081897978e+00
2.971743192798199473e+01,5.818525558478142984e-02,-1.951321640037846509e-03,6.669061643622344231e-07,1.723262407132165830e+00
2.972743442610652309e+01,5.816574402772393265e-02,-1.950015387252636463e-03,6.657887289002821231e-07,1.723268295267405215e+00
2.973743692423105500e+01,5.814624552990949741e-02,-1.948710443440470090e-03,6.646735382018189453e-07,1.723274177495516923e+00
2.974743942235558691e+01,5.812676007825388208e-02,-1.947406806856000466e-03,6.635605870106139110e-07,1.723280053824388647e+00
2.975744192048011882e+01,5.810728765969024046e-02,-1.946104475756783511e-03,6.624498700844864122e-07,1.723285924261895197e+00
2.976744441860465074e+01,5.808782826116917070e-02,-1.944803448403271918e-03,6.613413821952690482e-07,1.723291788815898062e+00
2.977744691672917909e+01,5.806838186965865983e-02,-1.943503723058810596e-03,6.602351181287632622e-07,1.723297647494245188e+00
2.978744941485371100e+01,5.804894847214401438e-02,-1.942205297989628649e-03,6.591310726846956131e-07,1.723303500304771863e+00
2.979745191297824292e+01,5.802952805562790195e-02,-1.940908171464836556e-03,6.580292406766798707e-07,1.723309347255300938e+00
2.980745441110277483e+01,5.801012060713028190e-02,-1.939612341756418367e-03,6.569296169321727587e-07,1.723315188353641281e+00
2.981745690922730319e+01,5.799072611368838448e-02,-1.938317807139227364e-03,6.558321962924334024e-07,1.723321023607589098e+00
2.982745940735183510e+01,5.797134456235666922e-02,-1.937024565890978038e-03,6.547369736124806598e-07,1.723326853024927718e+00
2.983746190547636701e+01,5.795197594020681797e-02,-1.935732616292243271e-03,6.536439437610533110e-07,1.723332676613427594e+00
2.984746440360089892e+01,5.793262023432770025e-02,-1.934441956626447180e-03,6.525531016205686593e-07,1.723338494380846075e+00
2.985746690172543083e+01,5.791327743182533849e-02,-1.933152585179859695e-03,6.514644420870812385e-07,1.723344306334927856e+00
2.986746939984995919e+01,5.789394751982288728e-02,-1.931864500241590706e-03,6.503779600702419436e-07,1.723350112483404528e+00
2.987747189797449110e+01,5.787463048546057781e-02,-1.930577700103584208e-03,6.492936504932566317e-07,1.723355912833994807e+00
2.988747439609902301e+01,5.785532631589573871e-02,-1.929292183060613312e-03,6.482115082928474767e-07,1.723361707394404974e+00
2.989747689422355492e+01,5.783603499830272665e-02,-1.928007947410275043e-03,6.471315284192105113e-07,1.723367496172328872e+00
2.990747939234808328e+01,5.781675651987292636e-02,-1.926724991452983616e-03,6.460537058359772991e-07,1.723373279175446138e+00
2.991748189047261519e+01,5.779749086781468814e-02,-1.925443313491964148e-03,6.449780355201721590e-07,1.723379056411424859e+00
2.992748438859714710e+01,5.777823802935333486e-02,-1.924162911833250059e-03,6.439045124621745786e-07,1.723384827887920467e+00
2.993748688672167901e+01,5.775899799173111332e-02,-1.922883784785675045e-03,6.428331316656780269e-07,1.723390593612575072e+00
2.994748938484621092e+01,5.773977074220717348e-02,-1.921605930660867656e-03,6.417638881476505674e-07,1.723396353593018349e+00
2.995749188297073928e+01,5.772055626805755457e-02,-1.920329347773247399e-03,6.406967769382957886e-07,1.723402107836867758e+00
2.996749438109527119e+01,5.770135455657510876e-02,-1.919054034440016709e-03,6.396317930810109821e-07,1.723407856351728107e+00
2.997749687921980311e+01,5.768216559506952890e-02,-1.917779988981157700e-03,6.385689316323507196e-07,1.723413599145190434e+00
2.998749937734433502e+01,5.766298937086729998e-02,-1.916507209719425873e-03,6.375081876619863015e-07,1.723419336224834897e+00
2.999750187546886693e+01,5.764382587131165747e-02,-1.915235694980344482e-03,6.364495562526659467e-07,1.723425067598228111e+00
3.000750437359339529e+01,5.762467508376259429e-02,-1.913965443092199327e-03,6.353930325001778400e-07,1.723430793272924477e+00
3.001750687171792720e+01,5.760553699559677748e-02,-1.912696452386032035e-03,6.343386115133078870e-07,1.723436513256465963e+00
3.002750936984245911e+01,5.758641159420758299e-02,-1.911428721195637019e-03,6.332862884138048798e-07,1.723442227556381878e+00
3.003751186796699102e+01,5.756729886700501925e-02,-1.910162247857554113e-03,6.322360583363388860e-07,1.723447936180189322e+00
3.004751436609151938e+01,5.754819880141574112e-02,-1.908897030711064662e-03,6.311879164284649328e-07,1.723453639135392956e+00
3.005751686421605129e+01,5.752911138488298048e-02,-1.907633068098183284e-03,6.301418578505825608e-07,1.723459336429484567e+00
3.006751936234058320e+01,5.751003660486654623e-02,-1.906370358363656354e-03,6.290978777758992957e-07,1.723465028069944838e+00
3.007752186046511511e+01,5.749097444884279651e-02,-1.905108899854953764e-03,6.280559713903921086e-07,1.723470714064240683e+00
3.008752435858964702e+01,5.747192490430459710e-02,-1.903848690922264799e-03,6.270161338927687697e-07,1.723476394419827473e+00
3.009752685671417538e+01,5.745288795876131449e-02,-1.902589729918492721e-03,6.259783604944314262e-07,1.723482069144148365e+00
3.010752935483870729e+01,5.743386359973876032e-02,-1.901332015199247612e-03,6.249426464194367918e-07,1.723487738244633416e+00
3.011753185296323920e+01,5.741485181477918448e-02,-1.900075545122844635e-03,6.239089869044601473e-07,1.723493401728701802e+00
3.012753435108777111e+01,5.739585259144125429e-02,-1.898820318050295367e-03,6.228773771987579659e-07,1.723499059603759376e+00
3.013753684921229947e+01,5.737686591730002672e-02,-1.897566332345304975e-03,6.218478125641304317e-07,1.723504711877200446e+00
3.014753934733683138e+01,5.735789177994686516e-02,-1.896313586374263763e-03,6.208202882748815232e-07,1.723510358556406663e+00
3.015754184546136329e+01,5.733893016698951572e-02,-1.895062078506245433e-03,6.197947996177871438e-07,1.723515999648747687e+00
3.016754434358589521e+01,5.731998106605199622e-02,-1.893811807113000151e-03,6.187713418920536172e-07,1.723521635161581411e+00
3.017754684171042712e+01,5.730104446477459618e-02,-1.892562770568948687e-03,6.177499104092823237e-07,1.723527265102253070e+00
3.018754933983495548e+01,5.728212035081386988e-02,-1.891314967251179167e-03,6.167305004934344425e-07,1.723532889478096797e+00
3.019755183795948739e+01,5.726320871184256700e-02,-1.890068395539438182e-03,6.157131074807911410e-07,1.723538508296433402e+00
3.020755433608401930e+01,5.724430953554963952e-02,-1.888823053816129915e-03,6.146977267199196939e-07,1.723544121564572151e+00
3.021755683420855121e+01,5.722542280964022787e-02,-1.887578940466308345e-03,6.136843535716374838e-07,1.723549729289810983e+00
3.022755933233307957e+01,5.720654852183558459e-02,-1.886336053877672898e-03,6.126729834089730379e-07,1.723555331479434960e+00
3.023756183045761148e+01,5.718768665987307431e-02,-1.885094392440561954e-03,6.116636116171312999e-07,1.723560928140717818e+00
3.024756432858214339e+01,5.716883721150618075e-02,-1.883853954547949801e-03,6.106562335934595364e-07,1.723566519280921305e+00
3.025756682670667530e+01,5.715000016450440951e-02,-1.882614738595439702e-03,6.096508447474074209e-07,1.723572104907294289e+00
3.026756932483120721e+01,5.713117550665332972e-02,-1.881376742981259991e-03,6.086474405004950580e-07,1.723577685027075423e+00
3.027757182295573557e+01,5.711236322575451857e-02,-1.880139966106258217e-03,6.076460162862759262e-07,1.723583259647490262e+00
3.028757432108026748e+01,5.709356330962551268e-02,-1.878904406373895072e-03,6.066465675502996076e-07,1.723588828775753035e+00
3.029757681920479939e+01,5.707477574609982202e-02,-1.877670062190241792e-03,6.056490897500788606e-07,1.723594392419065979e+00
3.030757931732933130e+01,5.705600052302688130e-02,-1.876436931963972781e-03,6.046535783550533022e-07,1.723599950584619345e+00
3.031758181545385966e+01,5.703723762827204308e-02,-1.875205014106362143e-03,6.036600288465547866e-07,1.723605503279591833e+00
3.032758431357839157e+01,5.701848704971651527e-02,-1.873974307031276310e-03,6.026684367177703466e-07,1.723611050511150822e+00
3.033758681170292348e+01,5.699974877525737504e-02,-1.872744809155171873e-03,6.016787974737101130e-07,1.723616592286451699e+00
3.034758930982745539e+01,5.698102279280751331e-02,-1.871516518897088643e-03,6.006911066311697268e-07,1.723622128612637860e+00
3.035759180795198731e+01,5.696230909029564166e-02,-1.870289434678644664e-03,5.997053597186983643e-07,1.723627659496840936e+00
3.036759430607651566e+01,5.694360765566622989e-02,-1.869063554924032741e-03,5.987215522765614674e-07,1.723633184946181673e+00
3.037759680420104758e+01,5.692491847687949219e-02,-1.867838878060012423e-03,5.977396798567073915e-07,1.723638704967768165e+00
3.038759930232557949e+01,5.690624154191138012e-02,-1.866615402515908045e-03,5.967597380227335245e-07,1.723644219568697844e+00
3.039760180045011140e+01,5.688757683875354104e-02,-1.865393126723602661e-03,5.957817223498514525e-07,1.723649728756056154e+00
3.040760429857464331e+01,5.686892435541329033e-02,-1.864172049117531968e-03,5.948056284248525488e-07,1.723655232536916770e+00
3.041760679669917167e+01,5.685028407991360444e-02,-1.862952168134681709e-03,5.938314518460749401e-07,1.723660730918342265e+00
3.042760929482370358e+01,5.683165600029304459e-02,-1.861733482214579212e-03,5.928591882233669777e-07,1.723666223907383666e+00
3.043761179294823549e+01,5.681304010460579840e-02,-1.860515989799291876e-03,5.918888331780565330e-07,1.723671711511079785e+00
3.044761429107276740e+01,5.679443638092163127e-02,-1.859299689333420661e-03,5.909203823429164805e-07,1.723677193736459001e+00
3.045761678919729576e+01,5.677584481732583094e-02,-1.858084579264095539e-03,5.899538313621293347e-07,1.723682670590537924e+00
3.046761928732182767e+01,5.675726540191920744e-02,-1.856870658040968769e-03,5.889891758912548504e-07,1.723688142080321173e+00
3.047762178544635958e+01,5.673869812281807229e-02,-1.855657924116213379e-03,5.880264115971974124e-07,1.723693608212802264e+00
3.048762428357089149e+01,5.672014296815421769e-02,-1.854446375944515798e-03,5.870655341581723661e-07,1.723699068994963834e+00
3.049762678169542340e+01,5.670159992607486099e-02,-1.853236011983071295e-03,5.861065392636715003e-07,1.723704524433776752e+00
3.050762927981995176e+01,5.668306898474265859e-02,-1.852026830691580082e-03,5.851494226144319193e-07,1.723709974536200118e+00
3.051763177794448367e+01,5.666455013233562960e-02,-1.850818830532240588e-03,5.841941799224006790e-07,1.723715419309182595e+00
3.052763427606901558e+01,5.664604335704719051e-02,-1.849612009969747077e-03,5.832408069107046114e-07,1.723720858759661301e+00
3.053763677419354750e+01,5.662754864708609975e-02,-1.848406367471282707e-03,5.822892993136162315e-07,1.723726292894561585e+00
3.054763927231807585e+01,5.660906599067642986e-02,-1.847201901506516277e-03,5.813396528765211267e-07,1.723731721720797916e+00
3.055764177044260776e+01,5.659059537605753976e-02,-1.845998610547595507e-03,5.803918633558846045e-07,1.723737145245273883e+00
3.056764426856713968e+01,5.657213679148406782e-02,-1.844796493069144000e-03,5.794459265192209882e-07,1.723742563474881084e+00
3.057764676669167159e+01,5.655369022522590411e-02,-1.843595547548255607e-03,5.785018381450604759e-07,1.723747976416500460e+00
3.058764926481620350e+01,5.653525566556814180e-02,-1.842395772464490303e-03,5.775595940229161070e-07,1.723753384077001849e+00
3.059765176294073186e+01,5.651683310081109801e-02,-1.841197166299868770e-03,5.766191899532539036e-07,1.723758786463243764e+00
3.060765426106526377e+01,5.649842251927021664e-02,-1.839999727538866757e-03,5.756806217474566606e-07,1.723764183582073617e+00
3.061765675918979568e+01,5.648002390927613081e-02,-1.838803454668412260e-03,5.747438852277973692e-07,1.723769575440327495e+00
3.062765925731432759e+01,5.646163725917457271e-02,-1.837608346177879888e-03,5.738089762274032188e-07,1.723774962044831049e+00
3.063766175543885595e+01,5.644326255732639436e-02,-1.836414400559086089e-03,5.728758905902265854e-07,1.723780343402398163e+00
3.064766425356338786e+01,5.642489979210748435e-02,-1.835221616306283512e-03,5.719446241710104098e-07,1.723785719519832504e+00
3.065766675168791977e+01,5.640654895190880952e-02,-1.834029991916158193e-03,5.710151728352602448e-07,1.723791090403925530e+00
3.066766924981245168e+01,5.638821002513635938e-02,-1.832839525887823692e-03,5.700875324592105865e-07,1.723796456061459148e+00
3.067767174793698359e+01,5.636988300021111148e-02,-1.831650216722816114e-03,5.691616989297938509e-07,1.723801816499203055e+00
3.068767424606151195e+01,5.635156786556904523e-02,-1.830462062925090850e-03,5.682376681446106223e-07,1.723807171723916953e+00
3.069767674418604386e+01,5.633326460966104482e-02,-1.829275063001015210e-03,5.673154360118951366e-07,1.723812521742348780e+00
3.070767924231057577e+01,5.631497322095296854e-02,-1.828089215459366900e-03,5.663949984504887057e-07,1.723817866561236700e+00
3.071768174043510768e+01,5.629669368792555861e-02,-1.826904518811327304e-03,5.654763513898057304e-07,1.723823206187306001e+00
3.072768423855963604e+01,5.627842599907444121e-02,-1.825720971570478661e-03,5.645594907698041596e-07,1.723828540627273975e+00
3.073768673668416795e+01,5.626017014291009172e-02,-1.824538572252795829e-03,5.636444125409538332e-07,1.723833869887844372e+00
3.074768923480869987e+01,5.624192610795782782e-02,-1.823357319376646283e-03,5.627311126642074708e-07,1.723839193975711614e+00
3.075769173293323178e+01,5.622369388275776092e-02,-1.822177211462782309e-03,5.618195871109681667e-07,1.723844512897558801e+00
3.076769423105776369e+01,5.620547345586481003e-02,-1.820998247034337969e-03,5.609098318630613323e-07,1.723849826660059037e+00
3.077769672918229205e+01,5.618726481584863930e-02,-1.819820424616823678e-03,5.600018429127024025e-07,1.723855135269873440e+00
3.078769922730682396e+01,5.616906795129364416e-02,-1.818643742738120786e-03,5.590956162624671901e-07,1.723860438733652911e+00
3.079770172543135587e+01,5.615088285079893743e-02,-1.817468199928480056e-03,5.581911479252617099e-07,1.723865737058038361e+00
3.080770422355588778e+01,5.613270950297832851e-02,-1.816293794720513863e-03,5.572884339242933795e-07,1.723871030249658709e+00
3.081770672168041969e+01,5.611454789646028868e-02,-1.815120525649193371e-03,5.563874702930394676e-07,1.723876318315133549e+00
3.082770921980494805e+01,5.609639801988793029e-02,-1.813948391251843763e-03,5.554882530752181888e-07,1.723881601261070484e+00
3.083771171792947996e+01,5.607825986191898593e-02,-1.812777390068138388e-03,5.545907783247585281e-07,1.723886879094067570e+00
3.084771421605401187e+01,5.606013341122577376e-02,-1.811607520640096808e-03,5.536950421057704892e-07,1.723892151820711760e+00
3.085771671417854378e+01,5.604201865649519748e-02,-1.810438781512077860e-03,5.528010404925168239e-07,1.723897419447579349e+00
3.086771921230307214e+01,5.602391558642870473e-02,-1.809271171230777053e-03,5.519087695693821164e-07,1.723902681981236418e+00
3.087772171042760405e+01,5.600582418974226623e-02,-1.808104688345219847e-03,5.510182254308439837e-07,1.723907939428238167e+00
3.088772420855213596e+01,5.598774445516634807e-02,-1.806939331406759702e-03,5.501294041814437469e-07,1.723913191795129585e+00
3.089772670667666787e+01,5.596967637144591168e-02,-1.805775098969071568e-03,5.492423019357579501e-07,1.723918439088444554e+00
3.090772920480119978e+01,5.595161992734036527e-02,-1.804611989588148857e-03,5.483569148183685024e-07,1.723923681314707190e+00
3.091773170292572814e+01,5.593357511162354301e-02,-1.803450001822298667e-03,5.474732389638336668e-07,1.723928918480430728e+00
3.092773420105026005e+01,5.591554191308369115e-02,-1.802289134232135277e-03,5.465912705166596847e-07,1.723934150592117964e+00
3.093773669917479197e+01,5.589752032052344027e-02,-1.801129385380579716e-03,5.457110056312714477e-07,1.723939377656261263e+00
3.094773919729932388e+01,5.587951032275979835e-02,-1.799970753832851956e-03,5.448324404719850745e-07,1.723944599679342993e+00
3.095774169542385224e+01,5.586151190862409521e-02,-1.798813238156468522e-03,5.439555712129777354e-07,1.723949816667834867e+00
3.096774419354838415e+01,5.584352506696198259e-02,-1.797656836921235346e-03,5.430803940382595945e-07,1.723955028628197717e+00
3.097774669167291606e+01,5.582554978663341327e-02,-1.796501548699247540e-03,5.422069051416462811e-07,1.723960235566882604e+00
3.098774918979744797e+01,5.580758605651259946e-02,-1.795347372064881597e-03,5.413351007267294552e-07,1.723965437490330377e+00
3.099775168792197988e+01,5.578963386548801279e-02,-1.794194305594792567e-03,5.404649770068492790e-07,1.723970634404971003e+00
3.100775418604650824e+01,5.577169320246235656e-02,-1.793042347867909291e-03,5.395965302050665707e-07,1.723975826317224902e+00
3.101775668417104015e+01,5.575376405635251026e-02,-1.791891497465429410e-03,5.387297565541328408e-07,1.723981013233501614e+00
3.102775918229557206e+01,5.573584641608955031e-02,-1.790741752970816331e-03,5.378646522964645630e-07,1.723986195160200241e+00
3.103776168042010397e+01,5.571794027061872240e-02,-1.789593112969794456e-03,5.370012136841150112e-07,1.723991372103710784e+00
3.104776417854463233e+01,5.570004560889938588e-02,-1.788445576050344630e-03,5.361394369787450361e-07,1.723996544070411918e+00
3.105776667666916424e+01,5.568216241990502774e-02,-1.787299140802698716e-03,5.352793184515969133e-07,1.724001711066672105e+00
3.106776917479369615e+01,5.566429069262321394e-02,-1.786153805819337866e-03,5.344208543834656503e-07,1.724006873098850923e+00
3.107777167291822806e+01,5.564643041605558255e-02,-1.785009569694986009e-03,5.335640410646720928e-07,1.724012030173295962e+00
3.108777417104275997e+01,5.562858157921782287e-02,-1.783866431026606822e-03,5.327088747950356083e-07,1.724017182296346151e+00
3.109777666916728833e+01,5.561074417113964080e-02,-1.782724388413398954e-03,5.318553518838464513e-07,1.724022329474329762e+00
3.110777916729182024e+01,5.559291818086473796e-02,-1.781583440456791043e-03,5.310034686498381290e-07,1.724027471713565296e+00
3.111778166541635215e+01,5.557510359745079787e-02,-1.780443585760438895e-03,5.301532214211607197e-07,1.724032609020360152e+00
3.112778416354088407e+01,5.555730040996946506e-02,-1.779304822930220277e-03,5.293046065353544033e-07,1.724037741401012624e+00
3.113778666166541598e+01,5.553950860750631741e-02,-1.778167150574231671e-03,5.284576203393212971e-07,1.724042868861811240e+00
3.114778915978994434e+01,5.552172817916083830e-02,-1.777030567302782848e-03,5.276122591892993035e-07,1.724047991409033420e+00
3.115779165791447625e+01,5.550395911404639587e-02,-1.775895071728392097e-03,5.267685194508343705e-07,1.724053109048947485e+00
3.116779415603900816e+01,5.548620140129023603e-02,-1.774760662465784929e-03,5.259263974987552916e-07,1.724058221787811540e+00
3.117779665416354007e+01,5.546845503003344779e-02,-1.773627338131886699e-03,5.250858897171459657e-07,1.724063329631873254e+00
3.118779915228806843e+01,5.545071998943094937e-02,-1.772495097345820657e-03,5.242469924993193513e-07,1.724068432587371191e+00
3.119780165041260034e+01,5.543299626865143270e-02,-1.771363938728901660e-03,5.234097022477894077e-07,1.724073530660533260e+00
3.120780414853713225e+01,5.541528385687740504e-02,-1.770233860904634436e-03,5.225740153742479084e-07,1.724078623857578485e+00
3.121780664666166416e+01,5.539758274330511267e-02,-1.769104862498707296e-03,5.217399282995352178e-07,1.724083712184714345e+00
3.122780914478619607e+01,5.537989291714453394e-02,-1.767976942138989316e-03,5.209074374536148803e-07,1.724088795648139882e+00
3.123781164291072443e+01,5.536221436761937925e-02,-1.766850098455525781e-03,5.200765392755486330e-07,1.724093874254043701e+00
3.124781414103525634e+01,5.534454708396702172e-02,-1.765724330080533418e-03,5.192472302134680304e-07,1.724098948008604637e+00
3.125781663915978825e+01,5.532689105543853181e-02,-1.764599635648397358e-03,5.184195067245511500e-07,1.724104016917991977e+00
3.126781913728432016e+01,5.530924627129862187e-02,-1.763476013795666365e-03,5.175933652749949590e-07,1.724109080988364795e+00
3.127782163540884852e+01,5.529161272082562528e-02,-1.762353463161049801e-03,5.167688023399897968e-07,1.724114140225872838e+00
3.128782413353338043e+01,5.527399039331147568e-02,-1.761231982385410254e-03,5.159458144036933286e-07,1.724119194636655861e+00
3.129782663165791234e+01,5.525637927806170691e-02,-1.760111570111764405e-03,5.151243979592064055e-07,1.724124244226843850e+00
3.130782912978244426e+01,5.523877936439541142e-02,-1.758992224985274789e-03,5.143045495085459592e-07,1.724129289002556797e+00
3.131783162790697617e+01,5.522119064164521252e-02,-1.757873945653247840e-03,5.134862655626199083e-07,1.724134328969905816e+00
3.132783412603150452e+01,5.520361309915726433e-02,-1.756756730765129774e-03,5.126695426412020654e-07,1.724139364134991581e+00
3.133783662415603644e+01,5.518604672629120328e-02,-1.755640578972500303e-03,5.118543772729059851e-07,1.724144394503905220e+00
3.134783912228056835e+01,5.516849151242016885e-02,-1.754525488929072410e-03,5.110407659951616698e-07,1.724149420082728756e+00
3.135784162040510026e+01,5.515094744693072731e-02,-1.753411459290684987e-03,5.102287053541876186e-07,1.724154440877534222e+00
3.136784411852962862e+01,5.513341451922290637e-02,-1.752298488715300657e-03,5.094181919049684860e-07,1.724159456894383657e+00
3.137784661665416053e+01,5.511589271871011886e-02,-1.751186575863000359e-03,5.086092222112274479e-07,1.724164468139329998e+00
3.138784911477869244e+01,5.509838203481919050e-02,-1.750075719395980962e-03,5.078017928454037552e-07,1.724169474618416631e+00
3.139785161290322435e+01,5.508088245699031132e-02,-1.748965917978550274e-03,5.069959003886263696e-07,1.724174476337677397e+00
3.140785411102775626e+01,5.506339397467702179e-02,-1.747857170277122710e-03,5.061915414306897177e-07,1.724179473303135923e+00
3.141785660915228462e+01,5.504591657734619892e-02,-1.746749474960216904e-03,5.053887125700291266e-07,1.724184465520807397e+00
3.142785910727681653e+01,5.502845025447800770e-02,-1.745642830698449204e-03,5.045874104136950957e-07,1.724189452996696570e+00
3.143786160540134844e+01,5.501099499556590805e-02,-1.744537236164532155e-03,5.037876315773301089e-07,1.724194435736799536e+00
3.144786410352588035e+01,5.499355079011663400e-02,-1.743432690033269294e-03,5.029893726851440708e-07,1.724199413747101950e+00
3.145786660165040871e+01,5.497611762765016591e-02,-1.742329190981552114e-03,5.021926303698894250e-07,1.724204387033581254e+00
3.146786909977494062e+01,5.495869549769968887e-02,-1.741226737688353560e-03,5.013974012728364842e-07,1.724209355602204230e+00
3.147787159789947253e+01,5.494128438981160656e-02,-1.740125328834728029e-03,5.006036820437500310e-07,1.724214319458929223e+00
3.148787409602400444e+01,5.492388429354550655e-02,-1.739024963103804645e-03,4.998114693408653894e-07,1.724219278609704586e+00
3.149787659414853636e+01,5.490649519847412563e-02,-1.737925639180783795e-03,4.990207598308628019e-07,1.724224233060469347e+00
3.150787909227306471e+01,5.488911709418336365e-02,-1.736827355752934739e-03,4.982315501888457240e-07,1.724229182817153427e+00
3.151788159039759663e+01,5.487174997027220724e-02,-1.735730111509588888e-03,4.974438370983140372e-07,1.724234127885677870e+00
3.152788408852212854e+01,5.485439381635277833e-02,-1.734633905142138506e-03,4.966576172511435084e-07,1.724239068271952835e+00
3.153788658664666045e+01,5.483704862205025093e-02,-1.733538735344031939e-03,4.958728873475590023e-07,1.724244003981880935e+00
3.154788908477119236e+01,5.481971437700286498e-02,-1.732444600810769493e-03,4.950896440961124585e-07,1.724248935021354345e+00
3.155789158289572072e+01,5.480239107086191941e-02,-1.731351500239900398e-03,4.943078842136600220e-07,1.724253861396256582e+00
3.156789408102025263e+01,5.478507869329169583e-02,-1.730259432331016740e-03,4.935276044253354670e-07,1.724258783112461835e+00
3.157789657914478454e+01,5.476777723396949321e-02,-1.729168395785752807e-03,4.927488014645299745e-07,1.724263700175834524e+00
3.158789907726931645e+01,5.475048668258558626e-02,-1.728078389307779019e-03,4.919714720728672502e-07,1.724268612592230854e+00
3.159790157539384481e+01,5.473320702884321154e-02,-1.726989411602799108e-03,4.911956130001803376e-07,1.724273520367496371e+00
3.160790407351837672e+01,5.471593826245851194e-02,-1.725901461378545132e-03,4.904212210044873710e-07,1.724278423507469071e+00
3.161790657164290863e+01,5.469868037316058529e-02,-1.724814537344775307e-03,4.896482928519711414e-07,1.724283322017976960e+00
3.162790906976744054e+01,5.468143335069140798e-02,-1.723728638213269018e-03,4.888768253169534733e-07,1.724288215904838495e+00
3.163791156789197245e+01,5.466419718480582113e-02,-1.722643762697823348e-03,4.881068151818725670e-07,1.724293105173864138e+00
3.164791406601650081e+01,5.464697186527154443e-02,-1.721559909514249831e-03,4.873382592372613989e-07,1.724297989830854139e+00
3.165791656414103272e+01,5.462975738186910679e-02,-1.720477077380368810e-03,4.865711542817229458e-07,1.724302869881599864e+00
3.166791906226556463e+01,5.461255372439187405e-02,-1.719395265016008352e-03,4.858054971219091154e-07,1.724307745331884467e+00
3.167792156039009654e+01,5.459536088264598658e-02,-1.718314471142999046e-03,4.850412845724963936e-07,1.724312616187481328e+00
3.168792405851462490e+01,5.457817884645038697e-02,-1.717234694485169884e-03,4.842785134561654101e-07,1.724317482454154060e+00
3.169792655663915681e+01,5.456100760563673685e-02,-1.716155933768344789e-03,4.835171806035748917e-07,1.724322344137659169e+00
3.170792905476368873e+01,5.454384715004946538e-02,-1.715078187720339795e-03,4.827572828533430285e-07,1.724327201243742280e+00
3.171793155288822064e+01,5.452669746954570684e-02,-1.714001455070958066e-03,4.819988170520224855e-07,1.724332053778141027e+00
3.172793405101275255e+01,5.450955855399527289e-02,-1.712925734551986852e-03,4.812417800540780624e-07,1.724336901746583939e+00
3.173793654913728091e+01,5.449243039328068722e-02,-1.711851024897194243e-03,4.804861687218664710e-07,1.724341745154789995e+00
3.174793904726181282e+01,5.447531297729708150e-02,-1.710777324842323744e-03,4.797319799256105003e-07,1.724346584008470407e+00
3.175794154538634473e+01,5.445820629595226475e-02,-1.709704633125092108e-03,4.789792105433808053e-07,1.724351418313326167e+00
3.176794404351087664e+01,5.444111033916664705e-02,-1.708632948485186084e-03,4.782278574610714495e-07,1.724356248075050724e+00
3.177794654163540500e+01,5.442402509687323253e-02,-1.707562269664256996e-03,4.774779175723779869e-07,1.724361073299327085e+00
3.178794903975993691e+01,5.440695055901759863e-02,-1.706492595405917703e-03,4.767293877787758637e-07,1.724365893991830267e+00
3.179795153788446882e+01,5.438988671555788218e-02,-1.705423924455740222e-03,4.759822649894985536e-07,1.724370710158226849e+00
3.180795403600900073e+01,5.437283355646477245e-02,-1.704356255561250083e-03,4.752365461215162763e-07,1.724375521804173417e+00
3.181795653413353264e+01,5.435579107172146263e-02,-1.703289587471924597e-03,4.744922280995131277e-07,1.724380328935319007e+00
3.182795903225806100e+01,5.433875925132364976e-02,-1.702223918939187869e-03,4.737493078558660098e-07,1.724385131557302664e+00
3.183796153038259291e+01,5.432173808527949316e-02,-1.701159248716406893e-03,4.730077823306222374e-07,1.724389929675755440e+00
3.184796402850712482e+01,5.430472756360963521e-02,-1.700095575558889169e-03,4.722676484714795797e-07,1.724394723296299281e+00
3.185796652663165673e+01,5.428772767634715279e-02,-1.699032898223879016e-03,4.715289032337634964e-07,1.724399512424547698e+00
3.186796902475618865e+01,5.427073841353752953e-02,-1.697971215470552801e-03,4.707915435804054857e-07,1.724404297066104874e+00
3.187797152288071700e+01,5.425375976523867660e-02,-1.696910526060016336e-03,4.700555664819233372e-07,1.724409077226566556e+00
3.188797402100524891e+01,5.423679172152086336e-02,-1.695850828755300329e-03,4.693209689163976803e-07,1.724413852911520051e+00
3.189797651912978083e+01,5.421983427246673121e-02,-1.694792122321358207e-03,4.685877478694522375e-07,1.724418624126543786e+00
3.190797901725431274e+01,5.420288740817126583e-02,-1.693734405525061573e-03,4.678559003342322248e-07,1.724423390877207307e+00
3.191798151537884110e+01,5.418595111874178333e-02,-1.692677677135196943e-03,4.671254233113835470e-07,1.724428153169071720e+00
3.192798401350337301e+01,5.416902539429789554e-02,-1.691621935922461200e-03,4.663963138090310921e-07,1.724432911007689473e+00
3.193798651162790492e+01,5.415211022497150306e-02,-1.690567180659459639e-03,4.656685688427581906e-07,1.724437664398604131e+00
3.194798900975243683e+01,5.413520560090677447e-02,-1.689513410120702065e-03,4.649421854355858639e-07,1.724442413347351044e+00
3.195799150787696874e+01,5.411831151226013936e-02,-1.688460623082598021e-03,4.642171606179522299e-07,1.724447157859456903e+00
3.196799400600149710e+01,5.410142794920024673e-02,-1.687408818323455056e-03,4.634934914276909044e-07,1.724451897940439515e+00
3.197799650412602901e+01,5.408455490190793719e-02,-1.686357994623472649e-03,4.627711749100099306e-07,1.724456633595808031e+00
3.198799900225056092e+01,5.406769236057627076e-02,-1.685308150764742215e-03,4.620502081174730920e-07,1.724461364831063603e+00
3.199800150037509283e+01,5.405084031541047135e-02,-1.684259285531240595e-03,4.613305881099778889e-07,1.724466091651698729e+00
3.200800399849962474e+01,5.403399875662791285e-02,-1.683211397708827672e-03,4.606123119547349984e-07,1.724470814063196800e+00
3.201800649662416021e+01,5.401716767445810530e-02,-1.682164486085243119e-03,4.598953767262482630e-07,1.724475532071034101e+00
3.202800899474868856e+01,5.400034705914269484e-02,-1.681118549450103146e-03,4.591797795062948913e-07,1.724480245680676038e+00
3.203801149287321692e+01,5.398353690093539436e-02,-1.680073586594895731e-03,4.584655173839033290e-07,1.724484954897581579e+00
3.204801399099775239e+01,5.396673719010199738e-02,-1.679029596312977147e-03,4.577525874553339364e-07,1.724489659727201030e+00
3.205801648912228075e+01,5.394994791692038494e-02,-1.677986577399571966e-03,4.570409868240601944e-07,1.724494360174975593e+00
3.206801898724681621e+01,5.393316907168044239e-02,-1.676944528651763732e-03,4.563307126007457292e-07,1.724499056246338036e+00
3.207802148537134457e+01,5.391640064468412874e-02,-1.675903448868497781e-03,4.556217619032280065e-07,1.724503747946713350e+00
3.208802398349587293e+01,5.389964262624535873e-02,-1.674863336850572352e-03,4.549141318564939794e-07,1.724508435281517427e+00
3.209802648162040839e+01,5.388289500669003751e-02,-1.673824191400637932e-03,4.542078195926626716e-07,1.724513118256158606e+00
3.210802897974493675e+01,5.386615777635608143e-02,-1.672786011323195311e-03,4.535028222509665952e-07,1.724517796876036346e+00
3.211803147786947221e+01,5.384943092559330013e-02,-1.671748795424587118e-03,4.527991369777279810e-07,1.724522471146540781e+00
3.212803397599400057e+01,5.383271444476347978e-02,-1.670712542513001298e-03,4.520967609263432672e-07,1.724527141073056047e+00
3.213803647411852893e+01,5.381600832424028591e-02,-1.669677251398460913e-03,4.513956912572600179e-07,1.724531806660956068e+00
3.214803897224306439e+01,5.379931255440927734e-02,-1.668642920892824582e-03,4.506959251379586058e-07,1.724536467915606996e+00
3.215804147036759275e+01,5.378262712566792003e-02,-1.667609549809783874e-03,4.499974597429341069e-07,1.724541124842366990e+00
3.216804396849212111e+01,5.376595202842551768e-02,-1.666577136964856589e-03,4.493002922536745955e-07,1.724545777446585548e+00
3.217804646661665657e+01,5.374928725310318400e-02,-1.665545681175385241e-03,4.486044198586411857e-07,1.724550425733604175e+00
3.218804896474118493e+01,5.373263279013391208e-02,-1.664515181260535536e-03,4.479098397532524672e-07,1.724555069708756383e+00
3.219805146286572040e+01,5.371598862996244256e-02,-1.663485636041288351e-03,4.472165491398602063e-07,1.724559709377366357e+00
3.220805396099024875e+01,5.369935476304534688e-02,-1.662457044340441906e-03,4.465245452277345756e-07,1.724564344744751176e+00
3.221805645911477711e+01,5.368273117985092324e-02,-1.661429404982603950e-03,4.458338252330411250e-07,1.724568975816219485e+00
3.222805895723931258e+01,5.366611787085923124e-02,-1.660402716794189383e-03,4.451443863788237888e-07,1.724573602597071931e+00
3.223806145536384093e+01,5.364951482656207110e-02,-1.659376978603420254e-03,4.444562258949859327e-07,1.724578225092599837e+00
3.224806395348837640e+01,5.363292203746293507e-02,-1.658352189240317083e-03,4.437693410182698134e-07,1.724582843308088309e+00
3.225806645161290476e+01,5.361633949407704214e-02,-1.657328347536701036e-03,4.430837289922398500e-07,1.724587457248812683e+00
3.226806894973743312e+01,5.359976718693124781e-02,-1.656305452326185899e-03,4.423993870672606007e-07,1.724592066920040967e+00
3.227807144786196858e+01,5.358320510656407187e-02,-1.655283502444176123e-03,4.417163125004800873e-07,1.724596672327032509e+00
3.228807394598649694e+01,5.356665324352570534e-02,-1.654262496727867049e-03,4.410345025558116893e-07,1.724601273475039331e+00
3.229807644411103240e+01,5.355011158837792717e-02,-1.653242434016235791e-03,4.403539545039127569e-07,1.724605870369304794e+00
3.230807894223556076e+01,5.353358013169415286e-02,-1.652223313150043412e-03,4.396746656221688877e-07,1.724610463015064932e+00
3.231808144036008912e+01,5.351705886405935114e-02,-1.651205132971827333e-03,4.389966331946722214e-07,1.724615051417546230e+00
3.232808393848462458e+01,5.350054777607005790e-02,-1.650187892325899594e-03,4.383198545122044991e-07,1.724619635581968957e+00
3.233808643660915294e+01,5.348404685833441086e-02,-1.649171590058346208e-03,4.376443268722205465e-07,1.724624215513543390e+00
3.234808893473368130e+01,5.346755610147202464e-02,-1.648156225017019571e-03,4.369700475788253508e-07,1.724628791217474699e+00
3.235809143285821676e+01,5.345107549611403941e-02,-1.647141796051536941e-03,4.362970139427584964e-07,1.724633362698956729e+00
3.236809393098274512e+01,5.343460503290313468e-02,-1.646128302013279577e-03,4.356252232813770656e-07,1.724637929963177552e+00
3.237809642910728058e+01,5.341814470249340446e-02,-1.645115741755384924e-03,4.349546729186327688e-07,1.724642493015317024e+00
3.238809892723180894e+01,5.340169449555048214e-02,-1.644104114132748356e-03,4.342853601850599797e-07,1.724647051860546121e+00
3.239810142535633730e+01,5.338525440275137396e-02,-1.643093418002015797e-03,4.336172824177509072e-07,1.724651606504028933e+00
3.240810392348087277e+01,5.336882441478454919e-02,-1.642083652221581341e-03,4.329504369603423072e-07,1.724656156950920893e+00
3.241810642160540112e+01,5.335240452234989161e-02,-1.641074815651588116e-03,4.322848211629958952e-07,1.724660703206369883e+00
3.242810891972993659e+01,5.333599471615865784e-02,-1.640066907153918093e-03,4.316204323823794468e-07,1.724665245275515790e+00
3.243811141785446495e+01,5.331959498693350508e-02,-1.639059925592196206e-03,4.309572679816506508e-07,1.724669783163490955e+00
3.244811391597899330e+01,5.330320532540842871e-02,-1.638053869831780814e-03,4.302953253304374165e-07,1.724674316875419500e+00
3.245811641410352877e+01,5.328682572232875531e-02,-1.637048738739763911e-03,4.296346018048202966e-07,1.724678846416417777e+00
3.246811891222805713e+01,5.327045616845117737e-02,-1.636044531184969184e-03,4.289750947873169772e-07,1.724683371791594144e+00
3.247812141035259259e+01,5.325409665454364228e-02,-1.635041246037944197e-03,4.283168016668606775e-07,1.724687893006049411e+00
3.248812390847712095e+01,5.323774717138542861e-02,-1.634038882170963432e-03,4.276597198387861740e-07,1.724692410064877501e+00
3.249812640660164931e+01,5.322140770976704904e-02,-1.633037438458018967e-03,4.270038467048090484e-07,1.724696922973162350e+00
3.250812890472618477e+01,5.320507826049029193e-02,-1.632036913774820254e-03,4.263491796730104410e-07,1.724701431735981227e+00
3.251813140285071313e+01,5.318875881436820052e-02,-1.631037306998793686e-03,4.256957161578193155e-07,1.724705936358405189e+00
3.252813390097524859e+01,5.317244936222498275e-02,-1.630038617009073060e-03,4.250434535799921839e-07,1.724710436845495076e+00
3.253813639909977695e+01,5.315614989489611530e-02,-1.629040842686503045e-03,4.243923893666003472e-07,1.724714933202305511e+00
3.254813889722430531e+01,5.313986040322821874e-02,-1.628043982913631371e-03,4.237425209510084027e-07,1.724719425433882902e+00
3.255814139534884077e+01,5.312358087807907830e-02,-1.627048036574706884e-03,4.230938457728584675e-07,1.724723913545266107e+00
3.256814389347336913e+01,5.310731131031766472e-02,-1.626053002555679326e-03,4.224463612780541910e-07,1.724728397541485991e+00
3.257814639159789749e+01,5.309105169082406483e-02,-1.625058879744191746e-03,4.218000649187415909e-07,1.724732877427565869e+00
3.258814888972243295e+01,5.307480201048946078e-02,-1.624065667029579848e-03,4.211549541532919532e-07,1.724737353208522395e+00
3.259815138784696131e+01,5.305856226021618549e-02,-1.623073363302870260e-03,4.205110264462871686e-07,1.724741824889362896e+00
3.260815388597149678e+01,5.304233243091760475e-02,-1.622081967456773157e-03,4.198682792684990327e-07,1.724746292475088039e+00
3.261815638409602514e+01,5.302611251351820043e-02,-1.621091478385684867e-03,4.192267100968761700e-07,1.724750755970691163e+00
3.262815888222055349e+01,5.300990249895346645e-02,-1.620101894985679410e-03,4.185863164145233876e-07,1.724755215381157392e+00
3.263816138034508896e+01,5.299370237816992957e-02,-1.619113216154507637e-03,4.179470957106865872e-07,1.724759670711463633e+00
3.264816387846961732e+01,5.297751214212517018e-02,-1.618125440791597005e-03,4.173090454807371483e-07,1.724764121966581465e+00
3.265816637659415278e+01,5.296133178178773215e-02,-1.617138567798042910e-03,4.166721632261524991e-07,1.724768569151472697e+00
3.266816887471868114e+01,5.294516128813716443e-02,-1.616152596076610853e-03,4.160364464545012933e-07,1.724773012271092254e+00
3.267817137284320950e+01,5.292900065216397248e-02,-1.615167524531729718e-03,4.154018926794259405e-07,1.724777451330388178e+00
3.268817387096774496e+01,5.291284986486960440e-02,-1.614183352069490252e-03,4.147684994206256650e-07,1.724781886334300518e+00
3.269817636909227332e+01,5.289670891726647173e-02,-1.613200077597643336e-03,4.141362642038415772e-07,1.724786317287760662e+00
3.270817886721680878e+01,5.288057780037786620e-02,-1.612217700025593689e-03,4.135051845608375626e-07,1.724790744195695336e+00
3.271818136534133714e+01,5.286445650523800832e-02,-1.611236218264400959e-03,4.128752580293862521e-07,1.724795167063020829e+00
3.272818386346586550e+01,5.284834502289198488e-02,-1.610255631226772998e-03,4.122464821532507057e-07,1.724799585894647658e+00
3.273818636159040096e+01,5.283224334439574205e-02,-1.609275937827063909e-03,4.116188544821686360e-07,1.724804000695478567e+00
3.274818885971492932e+01,5.281615146081612006e-02,-1.608297136981274265e-03,4.109923725718379030e-07,1.724808411470408531e+00
3.275819135783945768e+01,5.280006936323074912e-02,-1.607319227607042654e-03,4.103670339838968205e-07,1.724812818224325861e+00
3.276819385596399314e+01,5.278399704272808413e-02,-1.606342208623645889e-03,4.097428362859099154e-07,1.724817220962109987e+00
3.277819635408852150e+01,5.276793449040740464e-02,-1.605366078951998149e-03,4.091197770513523635e-07,1.724821619688635232e+00
3.278819885221305697e+01,5.275188169737875243e-02,-1.604390837514641866e-03,4.084978538595921486e-07,1.724826014408765928e+00
3.279820135033758532e+01,5.273583865476295929e-02,-1.603416483235751630e-03,4.078770642958755574e-07,1.724830405127360633e+00
3.280820384846211368e+01,5.271980535369159143e-02,-1.602443015041126167e-03,4.072574059513097095e-07,1.724834791849270799e+00
3.281820634658664915e+01,5.270378178530694957e-02,-1.601470431858187035e-03,4.066388764228471515e-07,1.724839174579339884e+00
3.282820884471117751e+01,5.268776794076208275e-02,-1.600498732615977760e-03,4.060214733132710345e-07,1.724843553322403800e+00
3.283821134283571297e+01,5.267176381122069817e-02,-1.599527916245156462e-03,4.054051942311763730e-07,1.724847928083291126e+00
3.284821384096024133e+01,5.265576938785724442e-02,-1.598557981677998455e-03,4.047900367909581338e-07,1.724852298866824230e+00
3.285821633908476969e+01,5.263978466185680050e-02,-1.597588927848388012e-03,4.041759986127917014e-07,1.724856665677817036e+00
3.286821883720930515e+01,5.262380962441511045e-02,-1.596620753691818141e-03,4.035630773226190075e-07,1.724861028521076811e+00
3.287822133533383351e+01,5.260784426673858344e-02,-1.595653458145389293e-03,4.029512705521336021e-07,1.724865387401403050e+00
3.288822383345836897e+01,5.259188858004421041e-02,-1.594687040147801547e-03,4.023405759387622309e-07,1.724869742323588362e+00
3.289822633158289733e+01,5.257594255555964047e-02,-1.593721498639357652e-03,4.017309911256529765e-07,1.724874093292418253e+00
3.290822882970742569e+01,5.256000618452305595e-02,-1.592756832561955434e-03,4.011225137616553530e-07,1.724878440312670902e+00
3.291823132783196115e+01,5.254407945818325570e-02,-1.591793040859086281e-03,4.005151415013085539e-07,1.724882783389116492e+00
3.292823382595648951e+01,5.252816236779959264e-02,-1.590830122475834704e-03,3.999088720048244052e-07,1.724887122526519656e+00
3.293823632408102497e+01,5.251225490464194595e-02,-1.589868076358870756e-03,3.993037029380714307e-07,1.724891457729636146e+00
3.294823882220555333e+01,5.249635705999075586e-02,-1.588906901456452626e-03,3.986996319725611404e-07,1.724895789003216162e+00
3.295824132033008169e+01,5.248046882513694028e-02,-1.587946596718419054e-03,3.980966567854305082e-07,1.724900116352001023e+00
3.296824381845461716e+01,5.246459019138191571e-02,-1.586987161096187812e-03,3.974947750594278361e-07,1.724904439780725829e+00
3.297824631657914551e+01,5.244872115003761104e-02,-1.586028593542756571e-03,3.968939844828988319e-07,1.724908759294119243e+00
3.298824881470367387e+01,5.243286169242639128e-02,-1.585070893012693579e-03,3.962942827497688740e-07,1.724913074896901044e+00
3.299825131282820934e+01,5.241701180988107139e-02,-1.584114058462139391e-03,3.956956675595291413e-07,1.724917386593785906e+00
3.300825381095273769e+01,5.240117149374492328e-02,-1.583158088848804273e-03,3.950981366172224256e-07,1.724921694389479621e+00
3.301825630907727316e+01,5.238534073537159941e-02,-1.582202983131961041e-03,3.945016876334256083e-07,1.724925998288682205e+00
3.302825880720180152e+01,5.236951952612520222e-02,-1.581248740272448534e-03,3.939063183242381199e-07,1.724930298296085907e+00
3.303826130532632988e+01,5.235370785738018007e-02,-1.580295359232662504e-03,3.933120264112631991e-07,1.724934594416376088e+00
3.304826380345086534e+01,5.233790572052134799e-02,-1.579342838976556702e-03,3.927188096215949228e-07,1.724938886654231007e+00
3.305826630157539370e+01,5.232211310694391548e-02,-1.578391178469640277e-03,3.921266656878045477e-07,1.724943175014322483e+00
3.306826879969992916e+01,5.230633000805340327e-02,-1.577440376678971917e-03,3.915355923479231458e-07,1.724947459501314562e+00
3.307827129782445752e+01,5.229055641526567100e-02,-1.576490432573160721e-03,3.909455873454286349e-07,1.724951740119864185e+00
3.308827379594898588e+01,5.227479232000686871e-02,-1.575541345122360342e-03,3.903566484292297899e-07,1.724956016874622300e+00
3.309827629407352134e+01,5.225903771371345069e-02,-1.574593113298267252e-03,3.897687733536524266e-07,1.724960289770231636e+00
3.310827879219804970e+01,5.224329258783216162e-02,-1.573645736074120310e-03,3.891819598784250543e-07,1.724964558811328708e+00
3.311828129032258516e+01,5.222755693381997411e-02,-1.572699212424693172e-03,3.885962057686622530e-07,1.724968824002543588e+00
3.312828378844711352e+01,5.221183074314415112e-02,-1.571753541326297108e-03,3.880115087948533446e-07,1.724973085348497692e+00
3.313828628657164188e+01,5.219611400728215583e-02,-1.570808721756773631e-03,3.874278667328447106e-07,1.724977342853807771e+00
3.314828878469617734e+01,5.218040671772167238e-02,-1.569864752695492765e-03,3.868452773638270343e-07,1.724981596523081473e+00
3.315829128282070570e+01,5.216470886596061285e-02,-1.568921633123353688e-03,3.862637384743212712e-07,1.724985846360920450e+00
3.316829378094524117e+01,5.214902044350702010e-02,-1.567979362022776935e-03,3.856832478561617085e-07,1.724990092371920802e+00
3.317829627906976953e+01,5.213334144187917879e-02,-1.567037938377706125e-03,3.851038033064858012e-07,1.724994334560669085e+00
3.318829877719429788e+01,5.211767185260547663e-02,-1.566097361173601895e-03,3.845254026277157483e-07,1.724998572931747409e+00
3.319830127531883335e+01,5.210201166722443905e-02,-1.565157629397440162e-03,3.839480436275456293e-07,1.725002807489729451e+00
3.320830377344336171e+01,5.208636087728476388e-02,-1.564218742037711690e-03,3.833717241189294921e-07,1.725007038239182888e+00
3.321830627156789006e+01,5.207071947434521036e-02,-1.563280698084416019e-03,3.827964419200631952e-07,1.725011265184668297e+00
3.322830876969242553e+01,5.205508744997465465e-02,-1.562343496529059296e-03,3.822221948543731845e-07,1.725015488330738922e+00
3.323831126781695389e+01,5.203946479575206202e-02,-1.561407136364655578e-03,3.816489807505018816e-07,1.725019707681942682e+00
3.324831376594148935e+01,5.202385150326643143e-02,-1.560471616585717720e-03,3.810767974422919612e-07,1.725023923242819057e+00
3.325831626406601771e+01,5.200824756411685790e-02,-1.559536936188260633e-03,3.805056427687754453e-07,1.725028135017901532e+00
3.326831876219054607e+01,5.199265296991242846e-02,-1.558603094169794343e-03,3.799355145741562330e-07,1.725032343011716707e+00
3.327832126031508153e+01,5.197706771227225686e-02,-1.557670089529323123e-03,3.793664107077982426e-07,1.725036547228784745e+00
3.328832375843960989e+01,5.196149178282549047e-02,-1.556737921267343974e-03,3.787983290242120701e-07,1.725040747673618480e+00
3.329832625656414535e+01,5.194592517321122704e-02,-1.555806588385840556e-03,3.782312673830388432e-07,1.725044944350724085e+00
3.330832875468867371e+01,5.193036787507859103e-02,-1.554876089888285358e-03,3.776652236490397392e-07,1.725049137264601740e+00
3.331833125281320207e+01,5.191481988008660869e-02,-1.553946424779632319e-03,3.771001956920780910e-07,1.725053326419744293e+00
3.332833375093773753e+01,5.189928117990428441e-02,-1.553017592066315749e-03,3.765361813871089584e-07,1.725057511820637934e+00
3.333833624906226589e+01,5.188375176621055906e-02,-1.552089590756250545e-03,3.759731786141648345e-07,1.725061693471762192e+00
3.334833874718680136e+01,5.186823163069426146e-02,-1.551162419858824384e-03,3.754111852583402928e-07,1.725065871377589710e+00
3.335834124531132971e+01,5.185272076505415689e-02,-1.550236078384900542e-03,3.748501992097810291e-07,1.725070045542586916e+00
3.336834374343585807e+01,5.183721916099887778e-02,-1.549310565346810956e-03,3.742902183636681913e-07,1.725074215971214020e+00
3.337834624156039354e+01,5.182172681024690974e-02,-1.548385879758354270e-03,3.737312406202049325e-07,1.725078382667923016e+00
3.338834873968492190e+01,5.180624370452663330e-02,-1.547462020634797139e-03,3.731732638846050295e-07,1.725082545637161013e+00
3.339835123780945025e+01,5.179076983557625441e-02,-1.546538986992866422e-03,3.726162860670772121e-07,1.725086704883367572e+00
3.340835373593398572e+01,5.177530519514379759e-02,-1.545616777850748530e-03,3.720603050828124052e-07,1.725090860410975369e+00
3.341835623405851408e+01,5.175984977498711281e-02,-1.544695392228089426e-03,3.715053188519710228e-07,1.725095012224411306e+00
3.342835873218304954e+01,5.174440356687384085e-02,-1.543774829145987040e-03,3.709513252996687277e-07,1.725099160328095627e+00
3.343836123030757790e+01,5.172896656258142017e-02,-1.542855087626994080e-03,3.703983223559642023e-07,1.725103304726441467e+00
3.344836372843210626e+01,5.171353875389705229e-02,-1.541936166695110451e-03,3.698463079558451195e-07,1.725107445423855079e+00
3.345836622655664172e+01,5.169812013261766703e-02,-1.541018065375783248e-03,3.692952800392140610e-07,1.725111582424737833e+00
3.346836872468117008e+01,5.168271069054998501e-02,-1.540100782695905893e-03,3.687452365508783526e-07,1.725115715733482435e+00
3.347837122280570554e+01,5.166731041951041353e-02,-1.539184317683811197e-03,3.681961754405335474e-07,1.725119845354476933e+00
3.348837372093023390e+01,5.165191931132510211e-02,-1.538268669369273305e-03,3.676480946627529964e-07,1.725123971292102265e+00
3.349837621905476226e+01,5.163653735782986615e-02,-1.537353836783501198e-03,3.671009921769724964e-07,1.725128093550731156e+00
3.350837871717929772e+01,5.162116455087020772e-02,-1.536439818959138689e-03,3.665548659474784840e-07,1.725132212134733445e+00
3.351838121530382608e+01,5.160580088230134338e-02,-1.535526614930262041e-03,3.660097139433968658e-07,1.725136327048469198e+00
3.352838371342836155e+01,5.159044634398807921e-02,-1.534614223732374758e-03,3.654655341386758126e-07,1.725140438296293155e+00
3.353838621155288990e+01,5.157510092780491495e-02,-1.533702644402409106e-03,3.649223245120771838e-07,1.725144545882554059e+00
3.354838870967741826e+01,5.155976462563594681e-02,-1.532791875978719610e-03,3.643800830471609626e-07,1.725148649811593993e+00
3.355839120780195373e+01,5.154443742937487444e-02,-1.531881917501081965e-03,3.638388077322728152e-07,1.725152750087748377e+00
3.356839370592648208e+01,5.152911933092502866e-02,-1.530972768010693038e-03,3.632984965605331330e-07,1.725156846715346193e+00
3.357839620405101755e+01,5.151381032219929518e-02,-1.530064426550163280e-03,3.627591475298218910e-07,1.725160939698709539e+00
3.358839870217554591e+01,5.149851039512014922e-02,-1.529156892163520192e-03,3.622207586427679018e-07,1.725165029042156295e+00
3.359840120030007427e+01,5.148321954161960701e-02,-1.528250163896199875e-03,3.616833279067346800e-07,1.725169114749994792e+00
3.360840369842460973e+01,5.146793775363921880e-02,-1.527344240795048321e-03,3.611468533338081611e-07,1.725173196826529365e+00
3.361840619654913809e+01,5.145266502313008972e-02,-1.526439121908319254e-03,3.606113329407855306e-07,1.725177275276057243e+00
3.362840869467366645e+01,5.143740134205281728e-02,-1.525534806285668487e-03,3.600767647491606656e-07,1.725181350102868771e+00
3.363841119279820191e+01,5.142214670237747753e-02,-1.524631292978153706e-03,3.595431467851119064e-07,1.725185421311249190e+00
3.364841369092273027e+01,5.140690109608368752e-02,-1.523728581038233170e-03,3.590104770794921560e-07,1.725189488905476187e+00
3.365841618904726573e+01,5.139166451516048034e-02,-1.522826669519758988e-03,3.584787536678124694e-07,1.725193552889821458e+00
3.366841868717179409e+01,5.137643695160638152e-02,-1.521925557477980372e-03,3.579479745902330007e-07,1.725197613268551367e+00
3.367842118529632245e+01,5.136121839742934653e-02,-1.521025243969535614e-03,3.574181378915488154e-07,1.725201670045924285e+00
3.368842368342085791e+01,5.134600884464673998e-02,-1.520125728052452519e-03,3.568892416211772907e-07,1.725205723226193699e+00
3.369842618154538627e+01,5.133080828528538420e-02,-1.519227008786147538e-03,3.563612838331482159e-07,1.725209772813605991e+00
3.370842867966992173e+01,5.131561671138146208e-02,-1.518329085231418830e-03,3.558342625860883337e-07,1.725213818812402433e+00
3.371843117779445009e+01,5.130043411498057954e-02,-1.517431956450448430e-03,3.553081759432120235e-07,1.725217861226816307e+00
3.372843367591897845e+01,5.128526048813768917e-02,-1.516535621506796610e-03,3.547830219723068484e-07,1.725221900061076008e+00
3.373843617404351392e+01,5.127009582291709722e-02,-1.515640079465399928e-03,3.542587987457222261e-07,1.725225935319403048e+00
3.374843867216804227e+01,5.125494011139249823e-02,-1.514745329392571662e-03,3.537355043403587354e-07,1.725229967006013609e+00
3.375844117029257774e+01,5.123979334564686405e-02,-1.513851370355994439e-03,3.532131368376530812e-07,1.725233995125116326e+00
3.376844366841710610e+01,5.122465551777254100e-02,-1.512958201424723483e-03,3.526916943235694654e-07,1.725238019680914725e+00
3.377844616654163445e+01,5.120952661987113880e-02,-1.512065821669179248e-03,3.521711748885846051e-07,1.725242040677605670e+00
3.378844866466616992e+01,5.119440664405356528e-02,-1.511174230161146546e-03,3.516515766276771442e-07,1.725246058119380033e+00
3.379845116279069828e+01,5.117929558244002641e-02,-1.510283425973775418e-03,3.511328976403162723e-07,1.725250072010422464e+00
3.380845366091522664e+01,5.116419342715997770e-02,-1.509393408181573326e-03,3.506151360304488065e-07,1.725254082354911178e+00
3.381845615903976210e+01,5.114910017035210338e-02,-1.508504175860405586e-03,3.500982899064868570e-07,1.725258089157018837e+00
3.382845865716429046e+01,5.113401580416437886e-02,-1.507615728087495152e-03,3.495823573812986156e-07,1.725262092420911442e+00
3.383846115528882592e+01,5.111894032075393890e-02,-1.506728063941415027e-03,3.490673365721926326e-07,1.725266092150749664e+00
3.384846365341335428e+01,5.110387371228719555e-02,-1.505841182502090864e-03,3.485532256009106168e-07,1.725270088350686626e+00
3.385846615153788264e+01,5.108881597093969940e-02,-1.504955082850795113e-03,3.480400225936111305e-07,1.725274081024870565e+00
3.386846864966241810e+01,5.107376708889620198e-02,-1.504069764070146151e-03,3.475277256808609071e-07,1.725278070177443723e+00
3.387847114778694646e+01,5.105872705835064890e-02,-1.503185225244107201e-03,3.470163329976229399e-07,1.725282055812541460e+00
3.388847364591148192e+01,5.104369587150610343e-02,-1.502301465457980259e-03,3.465058426832431940e-07,1.725286037934294026e+00
3.389847614403601028e+01,5.102867352057479516e-02,-1.501418483798408476e-03,3.459962528814408129e-07,1.725290016546824123e+00
3.390847864216053864e+01,5.101365999777808524e-02,-1.500536279353369661e-03,3.454875617402959421e-07,1.725293991654249792e+00
3.391848114028507410e+01,5.099865529534642478e-02,-1.499654851212175620e-03,3.449797674122373941e-07,1.725297963260682410e+00
3.392848363840960246e+01,5.098365940551940340e-02,-1.498774198465471514e-03,3.444728680540329079e-07,1.725301931370228248e+00
3.393848613653413793e+01,5.096867232054566599e-02,-1.497894320205229784e-03,3.439668618267756490e-07,1.725305895986986027e+00
3.394848863465866629e+01,5.095369403268296127e-02,-1.497015215524751669e-03,3.434617468958748924e-07,1.725309857115049361e+00
3.395849113278319464e+01,5.093872453419808627e-02,-1.496136883518662218e-03,3.429575214310428932e-07,1.725313814758506314e+00
3.396849363090773011e+01,5.092376381736687246e-02,-1.495259323282907907e-03,3.424541836062838755e-07,1.725317768921438066e+00
3.397849612903225847e+01,5.090881187447423434e-02,-1.494382533914758154e-03,3.419517315998846091e-07,1.725321719607920468e+00
3.398849862715679393e+01,5.089386869781404449e-02,-1.493506514512796647e-03,3.414501635943993746e-07,1.725325666822022930e+00
3.399850112528132229e+01,5.087893427968925852e-02,-1.492631264176925683e-03,3.409494777766434517e-07,1.725329610567809091e+00
3.400850362340585065e+01,5.086400861241176241e-02,-1.491756782008358791e-03,3.404496723376770786e-07,1.725333550849336817e+00
3.401850612153038611e+01,5.084909168830245574e-02,-1.490883067109620083e-03,3.399507454727976704e-07,1.725337487670658199e+00
3.402850861965491447e+01,5.083418349969122396e-02,-1.490010118584544256e-03,3.394526953815279596e-07,1.725341421035818668e+00
3.403851111777944283e+01,5.081928403891688290e-02,-1.489137935538270520e-03,3.389555202676037150e-07,1.725345350948858325e+00
3.404851361590397829e+01,5.080439329832719259e-02,-1.488266517077241943e-03,3.384592183389632064e-07,1.725349277413811722e+00
3.405851611402850665e+01,5.078951127027887119e-02,-1.487395862309205457e-03,3.379637878077375697e-07,1.725353200434706524e+00
3.406851861215304211e+01,5.077463794713751172e-02,-1.486525970343204701e-03,3.374692268902368306e-07,1.725357120015565515e+00
3.407852111027757047e+01,5.075977332127767222e-02,-1.485656840289583053e-03,3.369755338069428111e-07,1.725361036160405037e+00
3.408852360840209883e+01,5.074491738508275784e-02,-1.484788471259977129e-03,3.364827067824945177e-07,1.725364948873235882e+00
3.409852610652663429e+01,5.073007013094504164e-02,-1.483920862367315912e-03,3.359907440456783480e-07,1.725368858158062846e+00
3.410852860465116265e+01,5.071523155126572008e-02,-1.483054012725820974e-03,3.354996438294193556e-07,1.725372764018884286e+00
3.411853110277569812e+01,5.070040163845478814e-02,-1.482187921450999315e-03,3.350094043707669033e-07,1.725376666459694341e+00
3.412853360090022647e+01,5.068558038493110873e-02,-1.481322587659646400e-03,3.345200239108864047e-07,1.725380565484479378e+00
3.413853609902475483e+01,5.067076778312237795e-02,-1.480458010469839873e-03,3.340315006950478360e-07,1.725384461097221545e+00
3.414853859714929030e+01,5.065596382546506959e-02,-1.479594189000938255e-03,3.335438329726134546e-07,1.725388353301896105e+00
3.415854109527381866e+01,5.064116850440451151e-02,-1.478731122373581593e-03,3.330570189970302283e-07,1.725392242102473661e+00
3.416854359339835412e+01,5.062638181239477453e-02,-1.477868809709684305e-03,3.325710570258157533e-07,1.725396127502917931e+00
3.417854609152288248e+01,5.061160374189874189e-02,-1.477007250132437999e-03,3.320859453205502078e-07,1.725400009507187304e+00
3.418854858964741084e+01,5.059683428538804678e-02,-1.476146442766304969e-03,3.316016821468643344e-07,1.725403888119234619e+00
3.419855108777194630e+01,5.058207343534305150e-02,-1.475286386737017976e-03,3.311182657744282700e-07,1.725407763343006495e+00
3.420855358589647466e+01,5.056732118425290995e-02,-1.474427081171579600e-03,3.306356944769434989e-07,1.725411635182444225e+00
3.421855608402100302e+01,5.055257752461544268e-02,-1.473568525198256816e-03,3.301539665321289296e-07,1.725415503641483772e+00
3.422855858214553848e+01,5.053784244893721328e-02,-1.472710717946579912e-03,3.296730802217127425e-07,1.725419368724054658e+00
3.423856108027006684e+01,5.052311594973350056e-02,-1.471853658547342923e-03,3.291930338314218544e-07,1.725423230434080413e+00
3.424856357839460230e+01,5.050839801952823616e-02,-1.470997346132596690e-03,3.287138256509697959e-07,1.725427088775479900e+00
3.425856607651913066e+01,5.049368865085406000e-02,-1.470141779835651245e-03,3.282354539740481346e-07,1.725430943752165547e+00
3.426856857464365902e+01,5.047898783625224400e-02,-1.469286958791070396e-03,3.277579170983145111e-07,1.725434795368044227e+00
3.427857107276819448e+01,5.046429556827272678e-02,-1.468432882134670416e-03,3.272812133253833219e-07,1.725438643627017932e+00
3.428857357089272284e+01,5.044961183947409972e-02,-1.467579549003519834e-03,3.268053409608158191e-07,1.725442488532981544e+00
3.429857606901725831e+01,5.043493664242354457e-02,-1.466726958535934013e-03,3.263302983141077228e-07,1.725446330089826175e+00
3.430857856714178666e+01,5.042026996969689590e-02,-1.465875109871475797e-03,3.258560836986817040e-07,1.725450168301434717e+00
3.431858106526631502e+01,5.040561181387855083e-02,-1.465024002150951609e-03,3.253826954318744138e-07,1.725454003171686956e+00
3.432858356339085049e+01,5.039096216756150381e-02,-1.464173634516409070e-03,3.249101318349280137e-07,1.725457834704456017e+00
3.433858606151537884e+01,5.037632102334736045e-02,-1.463324006111137426e-03,3.244383912329805402e-07,1.725461662903609250e+00
3.434858855963991431e+01,5.036168837384622649e-02,-1.462475116079661915e-03,3.239674719550528816e-07,1.725465487773008899e+00
3.435859105776444267e+01,5.034706421167682577e-02,-1.461626963567744632e-03,3.234973723340424786e-07,1.725469309316510547e+00
3.436859355588897103e+01,5.033244852946636844e-02,-1.460779547722380412e-03,3.230280907067098244e-07,1.725473127537966223e+00
3.437859605401350649e+01,5.031784131985059944e-02,-1.459932867691794440e-03,3.225596254136699413e-07,1.725476942441220185e+00
3.438859855213803485e+01,5.030324257547381245e-02,-1.459086922625443556e-03,3.220919747993834875e-07,1.725480754030112696e+00
3.439860105026257031e+01,5.028865228898875966e-02,-1.458241711674008447e-03,3.216251372121439449e-07,1.725484562308477354e+00
3.440860354838709867e+01,5.027407045305671424e-02,-1.457397233989397986e-03,3.211591110040703669e-07,1.725488367280143542e+00
3.441860604651162703e+01,5.025949706034740089e-02,-1.456553488724741203e-03,3.206938945310953610e-07,1.725492168948933536e+00
3.442860854463616249e+01,5.024493210353902367e-02,-1.455710475034388378e-03,3.202294861529564596e-07,1.725495967318665169e+00
3.443861104276069085e+01,5.023037557531824515e-02,-1.454868192073909949e-03,3.197658842331860616e-07,1.725499762393150949e+00
3.444861354088521921e+01,5.021582746838015171e-02,-1.454026639000090878e-03,3.193030871391006854e-07,1.725503554176196497e+00
3.445861603900975467e+01,5.020128777542825355e-02,-1.453185814970930434e-03,3.188410932417917050e-07,1.725507342671603883e+00
3.446861853713428303e+01,5.018675648917451243e-02,-1.452345719145642410e-03,3.183799009161167202e-07,1.725511127883167850e+00
3.447862103525881849e+01,5.017223360233925150e-02,-1.451506350684647964e-03,3.179195085406871163e-07,1.725514909814679143e+00
3.448862353338334685e+01,5.015771910765121772e-02,-1.450667708749578660e-03,3.174599144978610228e-07,1.725518688469922068e+00
3.449862603150787521e+01,5.014321299784751940e-02,-1.449829792503270608e-03,3.170011171737317730e-07,1.725522463852676047e+00
3.450862852963241068e+01,5.012871526567362623e-02,-1.448992601109763603e-03,3.165431149581184803e-07,1.725526235966714728e+00
3.451863102775693903e+01,5.011422590388340398e-02,-1.448156133734301116e-03,3.160859062445580975e-07,1.725530004815805984e+00
3.452863352588147450e+01,5.009974490523899648e-02,-1.447320389543324233e-03,3.156294894302923936e-07,1.725533770403713474e+00
3.453863602400600286e+01,5.008527226251095060e-02,-1.446485367704473599e-03,3.151738629162623424e-07,1.725537532734194412e+00
3.454863852213053121e+01,5.007080796847808435e-02,-1.445651067386584214e-03,3.147190251070952579e-07,1.725541291811000688e+00
3.455864102025506668e+01,5.005635201592752159e-02,-1.444817487759684355e-03,3.142649744110962181e-07,1.725545047637879303e+00
3.456864351837959504e+01,5.004190439765472675e-02,-1.443984627994996002e-03,3.138117092402402832e-07,1.725548800218571266e+00
3.457864601650413050e+01,5.002746510646340072e-02,-1.443152487264927905e-03,3.133592280101601075e-07,1.725552549556812476e+00
3.458864851462865886e+01,5.001303413516554330e-02,-1.442321064743078834e-03,3.129075291401386338e-07,1.725556295656333949e+00
3.459865101275318722e+01,4.999861147658140464e-02,-1.441490359604231074e-03,3.124566110530985582e-07,1.725560038520860706e+00
3.460865351087772268e+01,4.998419712353947136e-02,-1.440660371024349989e-03,3.120064721755929604e-07,1.725563778154112216e+00
3.461865600900225104e+01,4.996979106887650124e-02,-1.439831098180584679e-03,3.115571109377970974e-07,1.725567514559803506e+00
3.462865850712677940e+01,4.995539330543744688e-02,-1.439002540251261252e-03,3.111085257734972865e-07,1.725571247741643610e+00
3.463866100525131486e+01,4.994100382607547656e-02,-1.438174696415883257e-03,3.106607151200824879e-07,1.725574977703335788e+00
3.464866350337584322e+01,4.992662262365197418e-02,-1.437347565855131475e-03,3.102136774185352521e-07,1.725578704448579304e+00
3.465866600150037868e+01,4.991224969103649073e-02,-1.436521147750857187e-03,3.097674111134215025e-07,1.725582427981067424e+00
3.466866849962490704e+01,4.989788502110679286e-02,-1.435695441286085651e-03,3.093219146528829648e-07,1.725586148304487866e+00
3.467867099774943540e+01,4.988352860674877265e-02,-1.434870445645008942e-03,3.088771864886254148e-07,1.725589865422523239e+00
3.468867349587397086e+01,4.986918044085648927e-02,-1.434046160012987254e-03,3.084332250759114256e-07,1.725593579338851269e+00
3.469867599399849922e+01,4.985484051633215508e-02,-1.433222583576546950e-03,3.079900288735509443e-07,1.725597290057143463e+00
3.470867849212303469e+01,4.984050882608609401e-02,-1.432399715523375791e-03,3.075475963438910743e-07,1.725600997581067109e+00
3.471868099024756305e+01,4.982618536303679013e-02,-1.431577555042324885e-03,3.071059259528090881e-07,1.725604701914283945e+00
3.472868348837209140e+01,4.981187012011077664e-02,-1.430756101323402618e-03,3.066650161696999857e-07,1.725608403060450158e+00
3.473868598649662687e+01,4.979756309024271910e-02,-1.429935353557775088e-03,3.062248654674705658e-07,1.725612101023217271e+00
3.474868848462115523e+01,4.978326426637538077e-02,-1.429115310937764801e-03,3.057854723225295261e-07,1.725615795806230146e+00
3.475869098274569069e+01,4.976897364145955321e-02,-1.428295972656845906e-03,3.053468352147766104e-07,1.725619487413130981e+00
3.476869348087021905e+01,4.975469120845413262e-02,-1.427477337909645923e-03,3.049089526275965739e-07,1.725623175847554425e+00
3.477869597899474741e+01,4.974041696032603654e-02,-1.426659405891939460e-03,3.044718230478475360e-07,1.725626861113130461e+00
3.478869847711928287e+01,4.972615089005023165e-02,-1.425842175800649293e-03,3.040354449658538341e-07,1.725630543213485080e+00
3.479870097524381123e+01,4.971189299060972677e-02,-1.425025646833845069e-03,3.035998168753967055e-07,1.725634222152237607e+00
3.480870347336834669e+01,4.969764325499550356e-02,-1.424209818190737232e-03,3.031649372737039648e-07,1.725637897933002929e+00
3.481870597149287505e+01,4.968340167620660663e-02,-1.423394689071680709e-03,3.027308046614439685e-07,1.725641570559391047e+00
3.482870846961740341e+01,4.966916824725003260e-02,-1.422580258678167757e-03,3.022974175427139684e-07,1.725645240035006189e+00
3.483871096774193887e+01,4.965494296114075085e-02,-1.421766526212828391e-03,3.018647744250322234e-07,1.725648906363447921e+00
3.484871346586646723e+01,4.964072581090174519e-02,-1.420953490879429742e-03,3.014328738193305883e-07,1.725652569548309812e+00
3.485871596399099559e+01,4.962651678956392365e-02,-1.420141151882871712e-03,3.010017142399437139e-07,1.725656229593181656e+00
3.486871846211553105e+01,4.961231589016613236e-02,-1.419329508429185245e-03,3.005712942046007353e-07,1.725659886501646811e+00
3.487872096024005941e+01,4.959812310575519717e-02,-1.418518559725533189e-03,3.001416122344183374e-07,1.725663540277284635e+00
3.488872345836459488e+01,4.958393842938582652e-02,-1.417708304980204014e-03,2.997126668538894783e-07,1.725667190923668937e+00
3.489872595648912323e+01,4.956976185412066693e-02,-1.416898743402614626e-03,2.992844565908765072e-07,1.725670838444367972e+00
3.490872845461365159e+01,4.955559337303025447e-02,-1.416089874203303864e-03,2.988569799766017943e-07,1.725674482842945112e+00
3.491873095273818706e+01,4.954143297919301470e-02,-1.415281696593933365e-03,2.984302355456389426e-07,1.725678124122959733e+00
3.492873345086271542e+01,4.952728066569527660e-02,-1.414474209787286484e-03,2.980042218359054825e-07,1.725681762287964549e+00
3.493873594898725088e+01,4.951313642563119621e-02,-1.413667412997262436e-03,2.975789373886518072e-07,1.725685397341508720e+00
3.494873844711177924e+01,4.949900025210282606e-02,-1.412861305438879332e-03,2.971543807484555611e-07,1.725689029287134524e+00
3.495874094523630760e+01,4.948487213822005265e-02,-1.412055886328268325e-03,2.967305504632111581e-07,1.725692658128380907e+00
3.496874344336084306e+01,4.947075207710057571e-02,-1.411251154882673395e-03,2.963074450841211520e-07,1.725696283868781489e+00
3.497874594148537142e+01,4.945664006186995670e-02,-1.410447110320450261e-03,2.958850631656896723e-07,1.725699906511863890e+00
3.498874843960990688e+01,4.944253608566152869e-02,-1.409643751861061828e-03,2.954634032657113598e-07,1.725703526061151738e+00
3.499875093773443524e+01,4.942844014161647953e-02,-1.408841078725080144e-03,2.950424639452659666e-07,1.725707142520162884e+00
3.500875343585896360e+01,4.941435222288373397e-02,-1.408039090134180970e-03,2.946222437687066037e-07,1.725710755892411408e+00
3.501875593398349906e+01,4.940027232262000911e-02,-1.407237785311142705e-03,2.942027413036534940e-07,1.725714366181404724e+00
3.502875843210802742e+01,4.938620043398983528e-02,-1.406437163479847246e-03,2.937839551209864549e-07,1.725717973390646254e+00
3.503876093023256288e+01,4.937213655016543107e-02,-1.405637223865273703e-03,2.933658837948331989e-07,1.725721577523635197e+00
3.504876342835709124e+01,4.935808066432682134e-02,-1.404837965693500786e-03,2.929485259025648862e-07,1.725725178583863650e+00
3.505876592648161960e+01,4.934403276966173313e-02,-1.404039388191701812e-03,2.925318800247851138e-07,1.725728776574821266e+00
3.506876842460615507e+01,4.932999285936561645e-02,-1.403241490588143410e-03,2.921159447453224506e-07,1.725732371499990370e+00
3.507877092273068342e+01,4.931596092664165820e-02,-1.402444272112186386e-03,2.917007186512230260e-07,1.725735963362850178e+00
3.508877342085521178e+01,4.930193696470074050e-02,-1.401647731994279866e-03,2.912862003327415303e-07,1.725739552166873914e+00
3.509877591897974725e+01,4.928792096676141293e-02,-1.400851869465961300e-03,2.908723883833322150e-07,1.725743137915530578e+00
3.510877841710427560e+01,4.927391292604994116e-02,-1.400056683759856677e-03,2.904592813996428044e-07,1.725746720612283625e+00
3.511878091522881107e+01,4.925991283580023750e-02,-1.399262174109674019e-03,2.900468779815044903e-07,1.725750300260592285e+00
3.512878341335333943e+01,4.924592068925388866e-02,-1.398468339750206634e-03,2.896351767319248381e-07,1.725753876863910685e+00
3.513878591147786778e+01,4.923193647966012110e-02,-1.397675179917327046e-03,2.892241762570791577e-07,1.725757450425687622e+00
3.514878840960240325e+01,4.921796020027579405e-02,-1.396882693847986993e-03,2.888138751663024034e-07,1.725761020949367230e+00
3.515879090772693161e+01,4.920399184436541340e-02,-1.396090880780217211e-03,2.884042720720820276e-07,1.725764588438388758e+00
3.516879340585146707e+01,4.919003140520107620e-02,-1.395299739953121797e-03,2.879953655900484512e-07,1.725768152896187235e+00
3.517879590397599543e+01,4.917607887606250533e-02,-1.394509270606880593e-03,2.875871543389683935e-07,1.725771714326191697e+00
3.518879840210052379e+01,4.916213425023700789e-02,-1.393719471982744198e-03,2.871796369407361898e-07,1.725775272731827403e+00
3.519880090022505925e+01,4.914819752101946826e-02,-1.392930343323032453e-03,2.867728120203656923e-07,1.725778828116514063e+00
3.520880339834958761e+01,4.913426868171237583e-02,-1.392141883871135955e-03,2.863666782059835988e-07,1.725782380483666723e+00
3.521880589647412307e+01,4.912034772562573481e-02,-1.391354092871508906e-03,2.859612341288191833e-07,1.725785929836695765e+00
3.522880839459865143e+01,4.910643464607714753e-02,-1.390566969569672793e-03,2.855564784231990014e-07,1.725789476179006909e+00
3.523881089272317979e+01,4.909252943639172417e-02,-1.389780513212210107e-03,2.851524097265370438e-07,1.725793019514000548e+00
3.524881339084771525e+01,4.907863208990211751e-02,-1.388994723046764338e-03,2.847490266793278014e-07,1.725796559845072409e+00
3.525881588897224361e+01,4.906474259994851594e-02,-1.388209598322040408e-03,2.843463279251388535e-07,1.725800097175614445e+00
3.526881838709677197e+01,4.905086095987859496e-02,-1.387425138287798603e-03,2.839443121106017621e-07,1.725803631509012392e+00
3.527882088522130744e+01,4.903698716304752403e-02,-1.386641342194855006e-03,2.835429778854048195e-07,1.725807162848647547e+00
3.528882338334583579e+01,4.902312120281799440e-02,-1.385858209295081278e-03,2.831423239022865895e-07,1.725810691197897206e+00
3.529882588147037126e+01,4.900926307256013581e-02,-1.385075738841399237e-03,2.827423488170257959e-07,1.725814216560133563e+00
3.530882837959489962e+01,4.899541276565158587e-02,-1.384293930087782815e-03,2.823430512884360288e-07,1.725817738938723256e+00
3.531883087771942797e+01,4.898157027547739989e-02,-1.383512782289253494e-03,2.819444299783558446e-07,1.725821258337028929e+00
3.532883337584396344e+01,4.896773559543009940e-02,-1.382732294701879234e-03,2.815464835516426250e-07,1.725824774758408786e+00
3.533883587396849180e+01,4.895390871890965140e-02,-1.381952466582774897e-03,2.811492106761647421e-07,1.725828288206215921e+00
3.534883837209302726e+01,4.894008963932342665e-02,-1.381173297190096180e-03,2.807526100227928237e-07,1.725831798683798546e+00
3.535884087021755562e+01,4.892627835008622750e-02,-1.380394785783043083e-03,2.803566802653937173e-07,1.725835306194500651e+00
3.536884336834208398e+01,4.891247484462025313e-02,-1.379616931621853188e-03,2.799614200808215441e-07,1.725838810741660678e+00
3.537884586646661944e+01,4.889867911635508574e-02,-1.378839733967802744e-03,2.795668281489106050e-07,1.725842312328613515e+00
3.538884836459114780e+01,4.888489115872772517e-02,-1.378063192083205145e-03,2.791729031524688157e-07,1.725845810958687832e+00
3.539885086271568326e+01,4.887111096518249875e-02,-1.377287305231407032e-03,2.787796437772679662e-07,1.725849306635209857e+00
3.540885336084021162e+01,4.885733852917115150e-02,-1.376512072676789591e-03,2.783870487120391148e-07,1.725852799361498713e+00
3.541885585896473998e+01,4.884357384415273506e-02,-1.375737493684763783e-03,2.779951166484622121e-07,1.725856289140870858e+00
3.542885835708927544e+01,4.882981690359364940e-02,-1.374963567521769476e-03,2.776038462811601189e-07,1.725859775976636756e+00
3.543886085521380380e+01,4.881606770096766357e-02,-1.374190293455276098e-03,2.772132363076920416e-07,1.725863259872102429e+00
3.544886335333833927e+01,4.880232622975581858e-02,-1.373417670753776998e-03,2.768232854285436851e-07,1.725866740830570345e+00
3.545886585146286762e+01,4.878859248344651067e-02,-1.372645698686791827e-03,2.764339923471223832e-07,1.725870218855337201e+00
3.546886834958739598e+01,4.877486645553541500e-02,-1.371874376524860693e-03,2.760453557697480980e-07,1.725873693949695031e+00
3.547887084771193145e+01,4.876114813952547866e-02,-1.371103703539545016e-03,2.756573744056459030e-07,1.725877166116932537e+00
3.548887334583645981e+01,4.874743752892699011e-02,-1.370333679003426673e-03,2.752700469669409536e-07,1.725880635360332205e+00
3.549887584396098816e+01,4.873373461725744732e-02,-1.369564302190103000e-03,2.748833721686477935e-07,1.725884101683172744e+00
3.550887834208552363e+01,4.872003939804162714e-02,-1.368795572374187450e-03,2.744973487286652723e-07,1.725887565088728426e+00
3.551888084021005199e+01,4.870635186481158535e-02,-1.368027488831308723e-03,2.741119753677697166e-07,1.725891025580268412e+00
3.552888333833458745e+01,4.869267201110656640e-02,-1.367260050838105560e-03,2.737272508096049769e-07,1.725894483161057424e+00
3.553888583645911581e+01,4.867899983047310752e-02,-1.366493257672229782e-03,2.733431737806789340e-07,1.725897937834356188e+00
3.554888833458364417e+01,4.866533531646492078e-02,-1.365727108612339999e-03,2.729597430103529110e-07,1.725901389603420322e+00
3.555889083270817963e+01,4.865167846264292079e-02,-1.364961602938102479e-03,2.725769572308356380e-07,1.725904838471501224e+00
3.556889333083270799e+01,4.863802926257526638e-02,-1.364196739930190064e-03,2.721948151771775348e-07,1.725908284441844964e+00
3.557889582895724345e+01,4.862438770983727038e-02,-1.363432518870277398e-03,2.718133155872613936e-07,1.725911727517694061e+00
3.558889832708177181e+01,4.861075379801144819e-02,-1.362668939041043747e-03,2.714324572017966611e-07,1.725915167702286146e+00
3.559890082520630017e+01,4.859712752068746922e-02,-1.361905999726166711e-03,2.710522387643114455e-07,1.725918604998853745e+00
3.560890332333083563e+01,4.858350887146214991e-02,-1.361143700210323089e-03,2.706726590211454744e-07,1.725922039410626052e+00
3.561890582145536399e+01,4.856989784393950932e-02,-1.360382039779188231e-03,2.702937167214447489e-07,1.725925470940826489e+00
3.562890831957989946e+01,4.855629443173063720e-02,-1.359621017719430617e-03,2.699154106171512728e-07,1.725928899592675370e+00
3.563891081770442781e+01,4.854269862845381894e-02,-1.358860633318715108e-03,2.695377394629995057e-07,1.725932325369387232e+00
3.564891331582895617e+01,4.852911042773441763e-02,-1.358100885865696442e-03,2.691607020165065693e-07,1.725935748274172621e+00
3.565891581395349164e+01,4.851552982320490870e-02,-1.357341774650020101e-03,2.687842970379665300e-07,1.725939168310237415e+00
3.566891831207801999e+01,4.850195680850489383e-02,-1.356583298962322527e-03,2.684085232904437281e-07,1.725942585480784164e+00
3.567892081020254835e+01,4.848839137728103849e-02,-1.355825458094224835e-03,2.680333795397648374e-07,1.725945999789008978e+00
3.568892330832708382e+01,4.847483352318709277e-02,-1.355068251338334114e-03,2.676588645545123534e-07,1.725949411238105302e+00
3.569892580645161217e+01,4.846128323988391218e-02,-1.354311677988242991e-03,2.672849771060188757e-07,1.725952819831261031e+00
3.570892830457614764e+01,4.844774052103934664e-02,-1.353555737338523997e-03,2.669117159683571555e-07,1.725956225571659841e+00
3.571893080270067600e+01,4.843420536032837231e-02,-1.352800428684732600e-03,2.665390799183371840e-07,1.725959628462481632e+00
3.572893330082520436e+01,4.842067775143295283e-02,-1.352045751323401350e-03,2.661670677354959749e-07,1.725963028506901198e+00
3.573893579894973982e+01,4.840715768804209479e-02,-1.351291704552040531e-03,2.657956782020921647e-07,1.725966425708089114e+00
3.574893829707426818e+01,4.839364516385184778e-02,-1.350538287669137078e-03,2.654249101030998185e-07,1.725969820069210847e+00
3.575894079519880364e+01,4.838014017256524191e-02,-1.349785499974150670e-03,2.650547622261998544e-07,1.725973211593428758e+00
3.576894329332333200e+01,4.836664270789234332e-02,-1.349033340767515250e-03,2.646852333617752782e-07,1.725976600283900542e+00
3.577894579144786036e+01,4.835315276355017788e-02,-1.348281809350633607e-03,2.643163223029026076e-07,1.725979986143778344e+00
3.578894828957239582e+01,4.833967033326277279e-02,-1.347530905025878453e-03,2.639480278453463136e-07,1.725983369176211424e+00
3.579895078769692418e+01,4.832619541076113578e-02,-1.346780627096591130e-03,2.635803487875519910e-07,1.725986749384343710e+00
3.580895328582145964e+01,4.831272798978320654e-02,-1.346030974867077484e-03,2.632132839306384179e-07,1.725990126771314914e+00
3.581895578394598800e+01,4.829926806407391915e-02,-1.345281947642609170e-03,2.628468320783931082e-07,1.725993501340260527e+00
3.582895828207051636e+01,4.828581562738513272e-02,-1.344533544729419744e-03,2.624809920372636301e-07,1.725996873094312267e+00
3.583896078019505183e+01,4.827237067347562444e-02,-1.343785765434703369e-03,2.621157626163513587e-07,1.726000242036596077e+00
3.584896327831958018e+01,4.825893319611112425e-02,-1.343038609066615893e-03,2.617511426274058650e-07,1.726003608170235237e+00
3.585896577644411565e+01,4.824550318906425939e-02,-1.342292074934268780e-03,2.613871308848170274e-07,1.726006971498347475e+00
3.586896827456864401e+01,4.823208064611458207e-02,-1.341546162347732147e-03,2.610237262056096848e-07,1.726010332024046301e+00
3.587897077269317236e+01,4.821866556104851403e-02,-1.340800870618029123e-03,2.606609274094355373e-07,1.726013689750441449e+00
3.588897327081770783e+01,4.820525792765938122e-02,-1.340056199057136502e-03,2.602987333185678520e-07,1.726017044680638213e+00
3.589897576894223619e+01,4.819185773974738601e-02,-1.339312146977984308e-03,2.599371427578945276e-07,1.726020396817737446e+00
3.590897826706676454e+01,4.817846499111960029e-02,-1.338568713694450593e-03,2.595761545549115833e-07,1.726023746164835782e+00
3.591898076519130001e+01,4.816507967558993769e-02,-1.337825898521362517e-03,2.592157675397160648e-07,1.726027092725025414e+00
3.592898326331582837e+01,4.815170178697918135e-02,-1.337083700774495268e-03,2.588559805450006973e-07,1.726030436501394316e+00
3.593898576144036383e+01,4.813833131911493535e-02,-1.336342119770567941e-03,2.584967924060463149e-07,1.726033777497026467e+00
3.594898825956489219e+01,4.812496826583165938e-02,-1.335601154827244837e-03,2.581382019607165673e-07,1.726037115715000958e+00
3.595899075768942055e+01,4.811161262097060631e-02,-1.334860805263131563e-03,2.577802080494500841e-07,1.726040451158393552e+00
3.596899325581395601e+01,4.809826437837983609e-02,-1.334121070397773943e-03,2.574228095152547048e-07,1.726043783830274458e+00
3.597899575393848437e+01,4.808492353191425733e-02,-1.333381949551658893e-03,2.570660052037022905e-07,1.726047113733711447e+00
3.598899825206301983e+01,4.807159007543550938e-02,-1.332643442046208557e-03,2.567097939629197771e-07,1.726050440871766289e+00
3.599900075018754819e+01,4.805826400281206640e-02,-1.331905547203783569e-03,2.563541746435853639e-07,1.726053765247497651e+00
3.600900324831207655e+01,4.804494530791913326e-02,-1.331168264347676756e-03,2.559991460989200960e-07,1.726057086863959089e+00
3.601900574643661201e+01,4.803163398463870803e-02,-1.330431592802114879e-03,2.556447071846832056e-07,1.726060405724200830e+00
3.602900824456114037e+01,4.801833002685953339e-02,-1.329695531892257114e-03,2.552908567591647535e-07,1.726063721831268882e+00
3.603901074268567584e+01,4.800503342847708965e-02,-1.328960080944190060e-03,2.549375936831795411e-07,1.726067035188203480e+00
3.604901324081020419e+01,4.799174418339361564e-02,-1.328225239284931648e-03,2.545849168200613926e-07,1.726070345798042860e+00
3.605901573893473255e+01,4.797846228551806008e-02,-1.327491006242424200e-03,2.542328250356561676e-07,1.726073653663819929e+00
3.606901823705926802e+01,4.796518772876608161e-02,-1.326757381145535946e-03,2.538813171983154605e-07,1.726076958788563376e+00
3.607902073518379638e+01,4.795192050706006959e-02,-1.326024363324060156e-03,2.535303921788913603e-07,1.726080261175297670e+00
3.608902323330832473e+01,4.793866061432910247e-02,-1.325291952108710375e-03,2.531800488507293561e-07,1.726083560827043728e+00
3.609902573143286020e+01,4.792540804450892700e-02,-1.324560146831121714e-03,2.528302860896617197e-07,1.726086857746817582e+00
3.610902822955738856e+01,4.791216279154201368e-02,-1.323828946823849342e-03,2.524811027740031650e-07,1.726090151937631934e+00
3.611903072768192402e+01,4.789892484937745970e-02,-1.323098351420364362e-03,2.521324977845424302e-07,1.726093443402494376e+00
3.612903322580645238e+01,4.788569421197107212e-02,-1.322368359955055760e-03,2.517844700045384133e-07,1.726096732144408952e+00
3.613903572393098074e+01,4.787247087328527773e-02,-1.321638971763225857e-03,2.514370183197119136e-07,1.726100018166375261e+00
3.614903822205551620e+01,4.785925482728913688e-02,-1.320910186181090303e-03,2.510901416182403376e-07,1.726103301471389573e+00
3.615904072018004456e+01,4.784604606795838516e-02,-1.320182002545777647e-03,2.507438387907526701e-07,1.726106582062442829e+00
3.616904321830458002e+01,4.783284458927534316e-02,-1.319454420195324352e-03,2.503981087303214798e-07,1.726109859942522640e+00
3.617904571642910838e+01,4.781965038522898587e-02,-1.318727438468678256e-03,2.500529503324588963e-07,1.726113135114612618e+00
3.618904821455363674e+01,4.780646344981486634e-02,-1.318001056705692077e-03,2.497083624951087220e-07,1.726116407581691492e+00
3.619905071267817220e+01,4.779328377703514347e-02,-1.317275274247124706e-03,2.493643441186412969e-07,1.726119677346734882e+00
3.620905321080270056e+01,4.778011136089858196e-02,-1.316550090434640344e-03,2.490208941058479928e-07,1.726122944412713300e+00
3.621905570892723603e+01,4.776694619542050380e-02,-1.315825504610803947e-03,2.486780113619340138e-07,1.726126208782594151e+00
3.622905820705176438e+01,4.775378827462281595e-02,-1.315101516119084046e-03,2.483356947945134199e-07,1.726129470459339954e+00
3.623906070517629274e+01,4.774063759253398959e-02,-1.314378124303847107e-03,2.479939433136027210e-07,1.726132729445910341e+00
3.624906320330082821e+01,4.772749414318903233e-02,-1.313655328510357533e-03,2.476527558316148421e-07,1.726135985745259172e+00
3.625906570142535656e+01,4.771435792062952291e-02,-1.312933128084778529e-03,2.473121312633537764e-07,1.726139239360337418e+00
3.626906819954989203e+01,4.770122891890354877e-02,-1.312211522374166035e-03,2.469720685260077561e-07,1.726142490294092058e+00
3.627907069767442039e+01,4.768810713206574764e-02,-1.311490510726472623e-03,2.466325665391445405e-07,1.726145738549465625e+00
3.628907319579894875e+01,4.767499255417725901e-02,-1.310770092490540998e-03,2.462936242247043224e-07,1.726148984129396657e+00
3.629907569392348421e+01,4.766188517930572410e-02,-1.310050267016104860e-03,2.459552405069944341e-07,1.726152227036819475e+00
3.630907819204801257e+01,4.764878500152531365e-02,-1.309331033653789340e-03,2.456174143126840534e-07,1.726155467274665289e+00
3.631908069017254093e+01,4.763569201491666544e-02,-1.308612391755105365e-03,2.452801445707973743e-07,1.726158704845860425e+00
3.632908318829707639e+01,4.762260621356689816e-02,-1.307894340672450736e-03,2.449434302127081543e-07,1.726161939753326546e+00
3.633908568642160475e+01,4.760952759156961839e-02,-1.307176879759109917e-03,2.446072701721344206e-07,1.726165171999983539e+00
3.634908818454614021e+01,4.759645614302488587e-02,-1.306460008369249044e-03,2.442716633851319583e-07,1.726168401588745072e+00
3.635909068267066857e+01,4.758339186203922044e-02,-1.305743725857918093e-03,2.439366087900890166e-07,1.726171628522522372e+00
3.636909318079519693e+01,4.757033474272559515e-02,-1.305028031581046332e-03,2.436021053277204853e-07,1.726174852804221338e+00
3.637909567891973239e+01,4.755728477920339453e-02,-1.304312924895442531e-03,2.432681519410615951e-07,1.726178074436744980e+00
3.638909817704426075e+01,4.754424196559847021e-02,-1.303598405158794748e-03,2.429347475754634707e-07,1.726181293422991869e+00
3.639910067516879622e+01,4.753120629604305758e-02,-1.302884471729665559e-03,2.426018911785858780e-07,1.726184509765856800e+00
3.640910317329332457e+01,4.751817776467584520e-02,-1.302171123967494010e-03,2.422695817003932008e-07,1.726187723468230129e+00
3.641910567141785293e+01,4.750515636564188460e-02,-1.301458361232591928e-03,2.419378180931470821e-07,1.726190934532999544e+00
3.642910816954238840e+01,4.749214209309262497e-02,-1.300746182886142622e-03,2.416065993114015536e-07,1.726194142963046740e+00
3.643911066766691675e+01,4.747913494118594091e-02,-1.300034588290201968e-03,2.412759243119983243e-07,1.726197348761251638e+00
3.644911316579145222e+01,4.746613490408602837e-02,-1.299323576807693203e-03,2.409457920540590511e-07,1.726200551930488380e+00
3.645911566391598058e+01,4.745314197596350869e-02,-1.298613147802409095e-03,2.406162014989822685e-07,1.726203752473628894e+00
3.646911816204050893e+01,4.744015615099531069e-02,-1.297903300639007603e-03,2.402871516104351299e-07,1.726206950393539774e+00
3.647912066016504440e+01,4.742717742336473308e-02,-1.297194034683011449e-03,2.399586413543497017e-07,1.726210145693084286e+00
3.648912315828957276e+01,4.741420578726143753e-02,-1.296485349300808979e-03,2.396306696989173521e-07,1.726213338375121698e+00
3.649912565641410112e+01,4.740124123688139318e-02,-1.295777243859648530e-03,2.393032356145820274e-07,1.726216528442507947e+00
3.650912815453863658e+01,4.738828376642689050e-02,-1.295069717727639945e-03,2.389763380740352759e-07,1.726219715898094087e+00
3.651913065266316494e+01,4.737533337010656903e-02,-1.294362770273753491e-03,2.386499760522119068e-07,1.726222900744728506e+00
3.652913315078770040e+01,4.736239004213532722e-02,-1.293656400867815521e-03,2.383241485262818903e-07,1.726226082985254040e+00
3.653913564891222876e+01,4.734945377673441952e-02,-1.292950608880511290e-03,2.379988544756480550e-07,1.726229262622511307e+00
3.654913814703675712e+01,4.733652456813134540e-02,-1.292245393683379324e-03,2.376740928819377762e-07,1.726232439659335816e+00
3.655914064516129258e+01,4.732360241055989097e-02,-1.291540754648812066e-03,2.373498627289988731e-07,1.726235614098560189e+00
3.656914314328582094e+01,4.731068729826014979e-02,-1.290836691150056307e-03,2.370261630028947914e-07,1.726238785943012832e+00
3.657914564141035640e+01,4.729777922547843960e-02,-1.290133202561207339e-03,2.367029926918974562e-07,1.726241955195518596e+00
3.658914813953488476e+01,4.728487818646736479e-02,-1.289430288257212417e-03,2.363803507864834874e-07,1.726245121858897447e+00
3.659915063765941312e+01,4.727198417548575393e-02,-1.288727947613865343e-03,2.360582362793275814e-07,1.726248285935966464e+00
3.660915313578394858e+01,4.725909718679868060e-02,-1.288026180007806895e-03,2.357366481652977737e-07,1.726251447429538288e+00
3.661915563390847694e+01,4.724621721467747726e-02,-1.287324984816525051e-03,2.354155854414506743e-07,1.726254606342423115e+00
3.662915813203301241e+01,4.723334425339964504e-02,-1.286624361418349559e-03,2.350950471070240028e-07,1.726257762677425367e+00
3.663916063015754077e+01,4.722047829724896478e-02,-1.285924309192455414e-03,2.347750321634343387e-07,1.726260916437347470e+00
3.664916312828206912e+01,4.720761934051536518e-02,-1.285224827518856999e-03,2.344555396142685982e-07,1.726264067624986520e+00
3.665916562640660459e+01,4.719476737749499218e-02,-1.284525915778408954e-03,2.341365684652808314e-07,1.726267216243136726e+00
3.666916812453113295e+01,4.718192240249020203e-02,-1.283827573352806176e-03,2.338181177243867163e-07,1.726270362294588079e+00
3.667917062265566841e+01,4.716908440980949191e-02,-1.283129799624578831e-03,2.335001864016569946e-07,1.726273505782127460e+00
3.668917312078019677e+01,4.715625339376757624e-02,-1.282432593977094739e-03,2.331827735093142157e-07,1.726276646708536866e+00
3.669917561890472513e+01,4.714342934868528956e-02,-1.281735955794555473e-03,2.328658780617251930e-07,1.726279785076595852e+00
3.670917811702926059e+01,4.713061226888964200e-02,-1.281039884461995055e-03,2.325494990753975098e-07,1.726282920889078865e+00
3.671918061515378895e+01,4.711780214871380545e-02,-1.280344379365281260e-03,2.322336355689740399e-07,1.726286054148757687e+00
3.672918311327831731e+01,4.710499898249705802e-02,-1.279649439891111275e-03,2.319182865632266746e-07,1.726289184858400105e+00
3.673918561140285277e+01,4.709220276458482568e-02,-1.278955065427010620e-03,2.316034510810521667e-07,1.726292313020769020e+00
3.674918810952738113e+01,4.707941348932867531e-02,-1.278261255361335096e-03,2.312891281474672335e-07,1.726295438638626001e+00
3.675919060765191659e+01,4.706663115108623840e-02,-1.277568009083264282e-03,2.309753167896015427e-07,1.726298561714725954e+00
3.676919310577644495e+01,4.705385574422131512e-02,-1.276875325982805218e-03,2.306620160366953032e-07,1.726301682251822234e+00
3.677919560390097331e+01,4.704108726310374244e-02,-1.276183205450787421e-03,2.303492249200912980e-07,1.726304800252663973e+00
3.678919810202550877e+01,4.702832570210948443e-02,-1.275491646878862666e-03,2.300369424732318401e-07,1.726307915719995645e+00
3.679920060015003713e+01,4.701557105562057665e-02,-1.274800649659505423e-03,2.297251677316528697e-07,1.726311028656559499e+00
3.680920309827457260e+01,4.700282331802511926e-02,-1.274110213186008082e-03,2.294138997329785808e-07,1.726314139065092679e+00
3.681920559639910095e+01,4.699008248371729785e-02,-1.273420336852483558e-03,2.291031375169172127e-07,1.726317246948329664e+00
3.682920809452362931e+01,4.697734854709733482e-02,-1.272731020053860518e-03,2.287928801252549086e-07,1.726320352309000938e+00
3.683921059264816478e+01,4.696462150257148943e-02,-1.272042262185883385e-03,2.284831266018510044e-07,1.726323455149833208e+00
3.684921309077269314e+01,4.695190134455209940e-02,-1.271354062645112335e-03,2.281738759926339789e-07,1.726326555473549185e+00
3.685921558889722860e+01,4.693918806745749767e-02,-1.270666420828919611e-03,2.278651273455947299e-07,1.726329653282868248e+00
3.686921808702175696e+01,4.692648166571206786e-02,-1.269979336135490392e-03,2.275568797107831071e-07,1.726332748580506227e+00
3.687922058514628532e+01,4.691378213374618883e-02,-1.269292807963819970e-03,2.272491321403017446e-07,1.726335841369175617e+00
3.688922308327082078e+01,4.690108946599625545e-02,-1.268606835713711805e-03,2.269418836883017463e-07,1.726338931651583808e+00
3.689922558139534914e+01,4.688840365690466472e-02,-1.267921418785780121e-03,2.266351334109775242e-07,1.726342019430436636e+00
3.690922807951988460e+01,4.687572470091979498e-02,-1.267236556581442753e-03,2.263288803665617163e-07,1.726345104708434386e+00
3.691923057764441296e+01,4.686305259249602673e-02,-1.266552248502925268e-03,2.260231236153206602e-07,1.726348187488274233e+00
3.692923307576894132e+01,4.685038732609370093e-02,-1.265868493953256407e-03,2.257178622195489140e-07,1.726351267772651132e+00
3.693923557389347678e+01,4.683772889617911911e-02,-1.265185292336266790e-03,2.254130952435643326e-07,1.726354345564254489e+00
3.694923807201800514e+01,4.682507729722455714e-02,-1.264502643056590646e-03,2.251088217537038066e-07,1.726357420865770820e+00
3.695924057014253350e+01,4.681243252370824448e-02,-1.263820545519660828e-03,2.248050408183179412e-07,1.726360493679883534e+00
3.696924306826706896e+01,4.679979457011432947e-02,-1.263138999131708812e-03,2.245017515077656835e-07,1.726363564009271379e+00
3.697924556639159732e+01,4.678716343093292790e-02,-1.262458003299765565e-03,2.241989528944106691e-07,1.726366631856610212e+00
3.698924806451613279e+01,4.677453910066004666e-02,-1.261777557431656340e-03,2.238966440526148168e-07,1.726369697224572786e+00
3.699925056264066114e+01,4.676192157379765318e-02,-1.261097660936003496e-03,2.235948240587352844e-07,1.726372760115826965e+00
3.700925306076518950e+01,4.674931084485359906e-02,-1.260418313222221292e-03,2.232934919911180367e-07,1.726375820533038175e+00
3.701925555888972497e+01,4.673670690834162700e-02,-1.259739513700516974e-03,2.229926469300933720e-07,1.726378878478867396e+00
3.702925805701425332e+01,4.672410975878141942e-02,-1.259061261781890340e-03,2.226922879579724543e-07,1.726381933955972947e+00
3.703926055513878879e+01,4.671151939069850129e-02,-1.258383556878129184e-03,2.223924141590404051e-07,1.726384986967008039e+00
3.704926305326331715e+01,4.669893579862430949e-02,-1.257706398401812120e-03,2.220930246195533653e-07,1.726388037514624774e+00
3.705926555138784551e+01,4.668635897709613736e-02,-1.257029785766303155e-03,2.217941184277325919e-07,1.726391085601468811e+00
3.706926804951238097e+01,4.667378892065712076e-02,-1.256353718385753429e-03,2.214956946737595882e-07,1.726394131230184925e+00
3.707927054763690933e+01,4.666122562385630751e-02,-1.255678195675099694e-03,2.211977524497731121e-07,1.726397174403412782e+00
3.708927304576144479e+01,4.664866908124853939e-02,-1.255003217050060411e-03,2.209002908498619770e-07,1.726400215123788051e+00
3.709927554388597315e+01,4.663611928739453544e-02,-1.254328781927139006e-03,2.206033089700623511e-07,1.726403253393945292e+00
3.710927804201050151e+01,4.662357623686081559e-02,-1.253654889723617794e-03,2.203068059083515377e-07,1.726406289216512402e+00
3.711928054013503697e+01,4.661103992421974929e-02,-1.252981539857559497e-03,2.200107807646445339e-07,1.726409322594115947e+00
3.712928303825956533e+01,4.659851034404951381e-02,-1.252308731747806816e-03,2.197152326407886834e-07,1.726412353529378274e+00
3.713928553638409369e+01,4.658598749093410124e-02,-1.251636464813978087e-03,2.194201606405591506e-07,1.726415382024917733e+00
3.714928803450862915e+01,4.657347135946328376e-02,-1.250964738476468370e-03,2.191255638696539176e-07,1.726418408083350897e+00
3.715929053263315751e+01,4.656096194423266221e-02,-1.250293552156448362e-03,2.188314414356901312e-07,1.726421431707288345e+00
3.716929303075769297e+01,4.654845923984358286e-02,-1.249622905275861147e-03,2.185377924481980420e-07,1.726424452899339101e+00
3.717929552888222133e+01,4.653596324090321368e-02,-1.248952797257423496e-03,2.182446160186180917e-07,1.726427471662107971e+00
3.718929802700674969e+01,4.652347394202446806e-02,-1.248283227524622395e-03,2.179519112602948789e-07,1.726430487998196206e+00
3.719930052513128516e+01,4.651099133782600481e-02,-1.247614195501714615e-03,2.176596772884726058e-07,1.726433501910201729e+00
3.720930302325581351e+01,4.649851542293227669e-02,-1.246945700613727144e-03,2.173679132202919813e-07,1.726436513400719130e+00
3.721930552138034898e+01,4.648604619197346105e-02,-1.246277742286452418e-03,2.170766181747840802e-07,1.726439522472339450e+00
3.722930801950487734e+01,4.647358363958547373e-02,-1.245610319946450920e-03,2.167857912728663197e-07,1.726442529127649728e+00
3.723931051762940569e+01,4.646112776040998288e-02,-1.244943433021047062e-03,2.164954316373384888e-07,1.726445533369234564e+00
3.724931301575394116e+01,4.644867854909433963e-02,-1.244277080938328752e-03,2.162055383928766603e-07,1.726448535199674117e+00
3.725931551387846952e+01,4.643623600029166132e-02,-1.243611263127148260e-03,2.159161106660309148e-07,1.726451534621545880e+00
3.726931801200300498e+01,4.642380010866074130e-02,-1.242945979017116799e-03,2.156271475852188282e-07,1.726454531637423573e+00
3.727932051012753334e+01,4.641137086886609059e-02,-1.242281228038607990e-03,2.153386482807221907e-07,1.726457526249877139e+00
3.728932300825206170e+01,4.639894827557790313e-02,-1.241617009622752879e-03,2.150506118846818441e-07,1.726460518461473637e+00
3.729932550637659716e+01,4.638653232347205585e-02,-1.240953323201440155e-03,2.147630375310933412e-07,1.726463508274776348e+00
3.730932800450112552e+01,4.637412300723012942e-02,-1.240290168207316794e-03,2.144759243558033197e-07,1.726466495692345893e+00
3.731933050262566098e+01,4.636172032153933892e-02,-1.239627544073782861e-03,2.141892714965034400e-07,1.726469480716738447e+00
3.732933300075018934e+01,4.634932426109260317e-02,-1.238965450234994110e-03,2.139030780927278183e-07,1.726472463350507303e+00
3.733933549887471770e+01,4.633693482058846846e-02,-1.238303886125858297e-03,2.136173432858470438e-07,1.726475443596201753e+00
3.734933799699925316e+01,4.632455199473112933e-02,-1.237642851182034964e-03,2.133320662190643148e-07,1.726478421456369094e+00
3.735934049512378152e+01,4.631217577823044940e-02,-1.236982344839934788e-03,2.130472460374118646e-07,1.726481396933551515e+00
3.736934299324830988e+01,4.629980616580189196e-02,-1.236322366536717196e-03,2.127628818877449266e-07,1.726484370030289206e+00
3.737934549137284534e+01,4.628744315216655469e-02,-1.235662915710289281e-03,2.124789729187385320e-07,1.726487340749118360e+00
3.738934798949737370e+01,4.627508673205117662e-02,-1.235003991799306453e-03,2.121955182808834061e-07,1.726490309092571396e+00
3.739935048762190917e+01,4.626273690018807561e-02,-1.234345594243168101e-03,2.119125171264802779e-07,1.726493275063178512e+00
3.740935298574643753e+01,4.625039365131520391e-02,-1.233687722482019978e-03,2.116299686096371270e-07,1.726496238663465244e+00
3.741935548387096588e+01,4.623805698017609267e-02,-1.233030375956749866e-03,2.113478718862636252e-07,1.726499199895954684e+00
3.742935798199550135e+01,4.622572688151984494e-02,-1.232373554108987575e-03,2.110662261140669274e-07,1.726502158763166150e+00
3.743936048012002971e+01,4.621340335010119121e-02,-1.231717256381105376e-03,2.107850304525487338e-07,1.726505115267615853e+00
3.744936297824456517e+01,4.620108638068038537e-02,-1.231061482216213449e-03,2.105042840629988312e-07,1.726508069411816448e+00
3.745936547636909353e+01,4.618877596802329483e-02,-1.230406231058162481e-03,2.102239861084930546e-07,1.726511021198277263e+00
3.746936797449362189e+01,4.617647210690131732e-02,-1.229751502351539554e-03,2.099441357538871730e-07,1.726513970629504957e+00
3.747937047261815735e+01,4.616417479209138086e-02,-1.229097295541667269e-03,2.096647321658129982e-07,1.726516917708001531e+00
3.748937297074268571e+01,4.615188401837602705e-02,-1.228443610074605270e-03,2.093857745126759760e-07,1.726519862436266539e+00
3.749937546886722117e+01,4.613959978054325839e-02,-1.227790445397145686e-03,2.091072619646478012e-07,1.726522804816796652e+00
3.750937796699174953e+01,4.612732207338666318e-02,-1.227137800956814434e-03,2.088291936936651471e-07,1.726525744852084099e+00
3.751938046511627789e+01,4.611505089170531840e-02,-1.226485676201867969e-03,2.085515688734233919e-07,1.726528682544618221e+00
3.752938296324081335e+01,4.610278623030383133e-02,-1.225834070581293712e-03,2.082743866793735750e-07,1.726531617896885917e+00
3.753938546136534171e+01,4.609052808399232565e-02,-1.225182983544808972e-03,2.079976462887180031e-07,1.726534550911369870e+00
3.754938795948987007e+01,4.607827644758639984e-02,-1.224532414542858555e-03,2.077213468804053262e-07,1.726537481590549428e+00
3.755939045761440553e+01,4.606603131590715494e-02,-1.223882363026613466e-03,2.074454876351271237e-07,1.726540409936900833e+00
3.756939295573893389e+01,4.605379268378120144e-02,-1.223232828447972861e-03,2.071700677353140923e-07,1.726543335952897884e+00
3.757939545386346936e+01,4.604156054604058995e-02,-1.222583810259557976e-03,2.068950863651305671e-07,1.726546259641009717e+00
3.758939795198799771e+01,4.602933489752288054e-02,-1.221935307914715808e-03,2.066205427104719271e-07,1.726549181003702804e+00
3.759940045011252607e+01,4.601711573307108033e-02,-1.221287320867514353e-03,2.063464359589594077e-07,1.726552100043440952e+00
3.760940294823706154e+01,4.600490304753362958e-02,-1.220639848572742598e-03,2.060727652999357592e-07,1.726555016762683747e+00
3.761940544636158990e+01,4.599269683576447110e-02,-1.219992890485911176e-03,2.057995299244628382e-07,1.726557931163887671e+00
3.762940794448612536e+01,4.598049709262293228e-02,-1.219346446063248029e-03,2.055267290253151225e-07,1.726560843249506760e+00
3.763941044261065372e+01,4.596830381297383611e-02,-1.218700514761700791e-03,2.052543617969781759e-07,1.726563753021991277e+00
3.764941294073518208e+01,4.595611699168737629e-02,-1.218055096038931804e-03,2.049824274356419513e-07,1.726566660483787707e+00
3.765941543885971754e+01,4.594393662363920050e-02,-1.217410189353319632e-03,2.047109251391988320e-07,1.726569565637340098e+00
3.766941793698424590e+01,4.593176270371038261e-02,-1.216765794163958414e-03,2.044398541072390788e-07,1.726572468485088940e+00
3.767942043510878136e+01,4.591959522678735334e-02,-1.216121909930653741e-03,2.041692135410453508e-07,1.726575369029472062e+00
3.768942293323330972e+01,4.590743418776199736e-02,-1.215478536113925260e-03,2.038990026435910906e-07,1.726578267272922851e+00
3.769942543135783808e+01,4.589527958153156312e-02,-1.214835672175002337e-03,2.036292206195345425e-07,1.726581163217872916e+00
3.770942792948237354e+01,4.588313140299868365e-02,-1.214193317575824058e-03,2.033598666752154964e-07,1.726584056866749206e+00
3.771943042760690190e+01,4.587098964707139043e-02,-1.213551471779039876e-03,2.030909400186517144e-07,1.726586948221977114e+00
3.772943292573143736e+01,4.585885430866305790e-02,-1.212910134248005060e-03,2.028224398595337694e-07,1.726589837285976925e+00
3.773943542385596572e+01,4.584672538269245201e-02,-1.212269304446783082e-03,2.025543654092224244e-07,1.726592724061167594e+00
3.774943792198049408e+01,4.583460286408368167e-02,-1.211628981840141926e-03,2.022867158807437090e-07,1.726595608549963412e+00
3.775944042010502955e+01,4.582248674776619873e-02,-1.210989165893553657e-03,2.020194904887851347e-07,1.726598490754776671e+00
3.776944291822955790e+01,4.581037702867481881e-02,-1.210349856073194641e-03,2.017526884496923327e-07,1.726601370678015446e+00
3.777944541635408626e+01,4.579827370174967271e-02,-1.209711051845942719e-03,2.014863089814641838e-07,1.726604248322085366e+00
3.778944791447862173e+01,4.578617676193623420e-02,-1.209072752679376129e-03,2.012203513037497477e-07,1.726607123689388956e+00
3.779945041260315008e+01,4.577408620418529223e-02,-1.208434958041774586e-03,2.009548146378438429e-07,1.726609996782324741e+00
3.780945291072768555e+01,4.576200202345295787e-02,-1.207797667402114947e-03,2.006896982066833932e-07,1.726612867603289247e+00
3.781945540885221391e+01,4.574992421470064352e-02,-1.207160880230073166e-03,2.004250012348433522e-07,1.726615736154674563e+00
3.782945790697674227e+01,4.573785277289506984e-02,-1.206524595996021033e-03,2.001607229485330233e-07,1.726618602438870775e+00
3.783946040510127773e+01,4.572578769300822410e-02,-1.205888814171025315e-03,1.998968625755914808e-07,1.726621466458264198e+00
3.784946290322580609e+01,4.571372897001743651e-02,-1.205253534226848836e-03,1.996334193454854786e-07,1.726624328215238258e+00
3.785946540135034155e+01,4.570167659890524842e-02,-1.204618755635946141e-03,1.993703924893029919e-07,1.726627187712173050e+00
3.786946789947486991e+01,4.568963057465954408e-02,-1.203984477871465012e-03,1.991077812397522108e-07,1.726630044951445342e+00
3.787947039759939827e+01,4.567759089227342584e-02,-1.203350700407244088e-03,1.988455848311552938e-07,1.726632899935429899e+00
3.788947289572393373e+01,4.566555754674526263e-02,-1.202717422717811341e-03,1.985838024994457210e-07,1.726635752666496826e+00
3.789947539384846209e+01,4.565353053307869002e-02,-1.202084644278385165e-03,1.983224334821645615e-07,1.726638603147014450e+00
3.790947789197299755e+01,4.564150984628257551e-02,-1.201452364564870251e-03,1.980614770184561852e-07,1.726641451379346659e+00
3.791948039009752591e+01,4.562949548137105321e-02,-1.200820583053859763e-03,1.978009323490652723e-07,1.726644297365855341e+00
3.792948288822205427e+01,4.561748743336344752e-02,-1.200189299222631425e-03,1.975407987163315187e-07,1.726647141108899053e+00
3.793948538634658973e+01,4.560548569728432866e-02,-1.199558512549147313e-03,1.972810753641873600e-07,1.726649982610832801e+00
3.794948788447111809e+01,4.559349026816349876e-02,-1.198928222512054935e-03,1.970217615381538686e-07,1.726652821874009591e+00
3.795949038259564645e+01,4.558150114103595718e-02,-1.198298428590682026e-03,1.967628564853365448e-07,1.726655658900777324e+00
3.796949288072018192e+01,4.556951831094188665e-02,-1.197669130265038937e-03,1.965043594544212938e-07,1.726658493693483232e+00
3.797949537884471027e+01,4.555754177292671570e-02,-1.197040327015816896e-03,1.962462696956723605e-07,1.726661326254469886e+00
3.798949787696924574e+01,4.554557152204102149e-02,-1.196412018324384974e-03,1.959885864609264275e-07,1.726664156586076970e+00
3.799950037509377410e+01,4.553360755334059234e-02,-1.195784203672792256e-03,1.957313090035906290e-07,1.726666984690641948e+00
3.800950287321830245e+01,4.552164986188637907e-02,-1.195156882543763283e-03,1.954744365786378133e-07,1.726669810570498065e+00
3.801950537134283792e+01,4.550969844274449505e-02,-1.194530054420699355e-03,1.952179684426030223e-07,1.726672634227976344e+00
3.802950786946736628e+01,4.549775329098625781e-02,-1.193903718787677880e-03,1.949619038535807911e-07,1.726675455665404701e+00
3.803951036759190174e+01,4.548581440168807805e-02,-1.193277875129448258e-03,1.947062420712194047e-07,1.726678274885107500e+00
3.804951286571643010e+01,4.547388176993159142e-02,-1.192652522931434691e-03,1.944509823567199976e-07,1.726681091889406217e+00
3.805951536384095846e+01,4.546195539080351289e-02,-1.192027661679732290e-03,1.941961239728300687e-07,1.726683906680619662e+00
3.806951786196549392e+01,4.545003525939571992e-02,-1.191403290861106851e-03,1.939416661838416818e-07,1.726686719261063985e+00
3.807952036009002228e+01,4.543812137080523866e-02,-1.190779409962994641e-03,1.936876082555877328e-07,1.726689529633050668e+00
3.808952285821455774e+01,4.542621372013418146e-02,-1.190156018473500013e-03,1.934339494554371059e-07,1.726692337798890087e+00
3.809952535633908610e+01,4.541431230248980933e-02,-1.189533115881396055e-03,1.931806890522925034e-07,1.726695143760888396e+00
3.810952785446361446e+01,4.540241711298447641e-02,-1.188910701676121123e-03,1.929278263165858395e-07,1.726697947521348642e+00
3.811953035258814992e+01,4.539052814673564390e-02,-1.188288775347779705e-03,1.926753605202750907e-07,1.726700749082572317e+00
3.812953285071267828e+01,4.537864539886588000e-02,-1.187667336387141555e-03,1.924232909368407488e-07,1.726703548446855585e+00
3.813953534883721375e+01,4.536676886450281138e-02,-1.187046384285638878e-03,1.921716168412815325e-07,1.726706345616494387e+00
3.814953784696174210e+01,4.535489853877920641e-02,-1.186425918535367625e-03,1.919203375101125352e-07,1.726709140593779557e+00
3.815954034508627046e+01,4.534303441683285030e-02,-1.185805938629083808e-03,1.916694522213592683e-07,1.726711933380999264e+00
3.816954284321080593e+01,4.533117649380661446e-02,-1.185186444060204588e-03,1.914189602545557036e-07,1.726714723980439903e+00
3.817954534133533429e+01,4.531932476484847733e-02,-1.184567434322806754e-03,1.911688608907412811e-07,1.726717512394382759e+00
3.818954783945986264e+01,4.530747922511141335e-02,-1.183948908911625205e-03,1.909191534124551924e-07,1.726720298625108674e+00
3.819955033758439811e+01,4.529563986975346929e-02,-1.183330867322051651e-03,1.906698371037346067e-07,1.726723082674893828e+00
3.820955283570892647e+01,4.528380669393777119e-02,-1.182713309050135476e-03,1.904209112501114681e-07,1.726725864546011735e+00
3.821955533383346193e+01,4.527197969283242029e-02,-1.182096233592579409e-03,1.901723751386068577e-07,1.726728644240732802e+00
3.822955783195799029e+01,4.526015886161061097e-02,-1.181479640446742767e-03,1.899242280577301463e-07,1.726731421761325214e+00
3.823956033008251865e+01,4.524834419545051972e-02,-1.180863529110636476e-03,1.896764692974734360e-07,1.726734197110053826e+00
3.824956282820705411e+01,4.523653568953533294e-02,-1.180247899082923282e-03,1.894290981493085952e-07,1.726736970289179940e+00
3.825956532633158247e+01,4.522473333905330239e-02,-1.179632749862919274e-03,1.891821139061852210e-07,1.726739741300962860e+00
3.826956782445611793e+01,4.521293713919762730e-02,-1.179018080950588456e-03,1.889355158625248418e-07,1.726742510147658560e+00
3.827957032258064629e+01,4.520114708516655144e-02,-1.178403891846546009e-03,1.886893033142195677e-07,1.726745276831519904e+00
3.828957282070517465e+01,4.518936317216326604e-02,-1.177790182052053944e-03,1.884434755586268227e-07,1.726748041354797314e+00
3.829957531882971011e+01,4.517758539539597912e-02,-1.177176951069021111e-03,1.881980318945674920e-07,1.726750803719737437e+00
3.830957781695423847e+01,4.516581375007787391e-02,-1.176564198400004493e-03,1.879529716223217135e-07,1.726753563928584700e+00
3.831958031507877394e+01,4.515404823142708107e-02,-1.175951923548204008e-03,1.877082940436250391e-07,1.726756321983580644e+00
3.832958281320330229e+01,4.514228883466674114e-02,-1.175340126017465538e-03,1.874639984616664501e-07,1.726759077886963700e+00
3.833958531132783065e+01,4.513053555502492126e-02,-1.174728805312277033e-03,1.872200841810834865e-07,1.726761831640969191e+00
3.834958780945236612e+01,4.511878838773463601e-02,-1.174117960937768289e-03,1.869765505079592026e-07,1.726764583247829998e+00
3.835959030757689447e+01,4.510704732803388906e-02,-1.173507592399712033e-03,1.867333967498199445e-07,1.726767332709775449e+00
3.836959280570142994e+01,4.509531237116556207e-02,-1.172897699204518938e-03,1.864906222156298167e-07,1.726770080029032872e+00
3.837959530382595830e+01,4.508358351237753275e-02,-1.172288280859240658e-03,1.862482262157897832e-07,1.726772825207825601e+00
3.838959780195048666e+01,4.507186074692257766e-02,-1.171679336871566356e-03,1.860062080621325582e-07,1.726775568248375858e+00
3.839960030007502212e+01,4.506014407005836525e-02,-1.171070866749821405e-03,1.857645670679191123e-07,1.726778309152900537e+00
3.840960279819955048e+01,4.504843347704754614e-02,-1.170462870002969341e-03,1.855233025478374812e-07,1.726781047923615642e+00
3.841960529632407884e+01,4.503672896315762120e-02,-1.169855346140607523e-03,1.852824138179967839e-07,1.726783784562733182e+00
3.842960779444861430e+01,4.502503052366101099e-02,-1.169248294672967569e-03,1.850419001959254223e-07,1.726786519072463388e+00
3.843961029257314266e+01,4.501333815383505577e-02,-1.168641715110915139e-03,1.848017610005679581e-07,1.726789251455012497e+00
3.844961279069767812e+01,4.500165184896193910e-02,-1.168035606965947548e-03,1.845619955522803215e-07,1.726791981712584745e+00
3.845961528882220648e+01,4.498997160432877118e-02,-1.167429969750193768e-03,1.843226031728284881e-07,1.726794709847380815e+00
3.846961778694673484e+01,4.497829741522751945e-02,-1.166824802976412908e-03,1.840835831853836610e-07,1.726797435861599173e+00
3.847962028507127030e+01,4.496662927695500855e-02,-1.166220106157992700e-03,1.838449349145194122e-07,1.726800159757434949e+00
3.848962278319579866e+01,4.495496718481295506e-02,-1.165615878808950795e-03,1.836066576862089828e-07,1.726802881537080392e+00
3.849962528132033412e+01,4.494331113410791195e-02,-1.165012120443930646e-03,1.833687508278212329e-07,1.726805601202725526e+00
3.850962777944486248e+01,4.493166112015130331e-02,-1.164408830578203677e-03,1.831312136681180744e-07,1.726808318756557270e+00
3.851963027756939084e+01,4.492001713825938963e-02,-1.163806008727665594e-03,1.828940455372507382e-07,1.726811034200759654e+00
3.852963277569392631e+01,4.490837918375324006e-02,-1.163203654408836388e-03,1.826572457667560955e-07,1.726813747537513599e+00
3.853963527381845466e+01,4.489674725195882260e-02,-1.162601767138860768e-03,1.824208136895553339e-07,1.726816458768997364e+00
3.854963777194299013e+01,4.488512133820686534e-02,-1.162000346435504905e-03,1.821847486399481342e-07,1.726819167897386764e+00
3.855964027006751849e+01,4.487350143783296053e-02,-1.161399391817157737e-03,1.819490499536115852e-07,1.726821874924854727e+00
3.856964276819204684e+01,4.486188754617750213e-02,-1.160798902802827499e-03,1.817137169675960011e-07,1.726824579853570851e+00
3.857964526631658231e+01,4.485027965858567889e-02,-1.160198878912142373e-03,1.814787490203215341e-07,1.726827282685702514e+00
3.858964776444111067e+01,4.483867777040749514e-02,-1.159599319665350270e-03,1.812441454515757120e-07,1.726829983423413761e+00
3.859965026256563903e+01,4.482708187699775693e-02,-1.159000224583316228e-03,1.810099056025099445e-07,1.726832682068866642e+00
3.860965276069017449e+01,4.481549197371603732e-02,-1.158401593187521113e-03,1.807760288156358968e-07,1.726835378624219652e+00
3.861965525881470285e+01,4.480390805592671805e-02,-1.157803425000063571e-03,1.805425144348232928e-07,1.726838073091628845e+00
3.862965775693923831e+01,4.479233011899893396e-02,-1.157205719543655253e-03,1.803093618052956265e-07,1.726840765473247163e+00
3.863966025506376667e+01,4.478075815830662165e-02,-1.156608476341623856e-03,1.800765702736283625e-07,1.726843455771225777e+00
3.864966275318829503e+01,4.476919216922845002e-02,-1.156011694917908131e-03,1.798441391877442508e-07,1.726846143987711413e+00
3.865966525131283049e+01,4.475763214714785498e-02,-1.155415374797059405e-03,1.796120678969112620e-07,1.726848830124849909e+00
3.866966774943735885e+01,4.474607808745304643e-02,-1.154819515504241362e-03,1.793803557517396226e-07,1.726851514184783332e+00
3.867967024756189431e+01,4.473452998553694576e-02,-1.154224116565225706e-03,1.791490021041775010e-07,1.726854196169649969e+00
3.868967274568642267e+01,4.472298783679726220e-02,-1.153629177506395849e-03,1.789180063075097095e-07,1.726856876081587888e+00
3.869967524381095103e+01,4.471145163663638872e-02,-1.153034697854741488e-03,1.786873677163525702e-07,1.726859553922730273e+00
3.870967774193548649e+01,4.469992138046147145e-02,-1.152440677137860124e-03,1.784570856866522996e-07,1.726862229695208306e+00
3.871968024006001485e+01,4.468839706368438885e-02,-1.151847114883957062e-03,1.782271595756817003e-07,1.726864903401150730e+00
3.872968273818455032e+01,4.467687868172170312e-02,-1.151254010621840856e-03,1.779975887420362431e-07,1.726867575042682512e+00
3.873968523630907868e+01,4.466536622999472267e-02,-1.150661363880926998e-03,1.777683725456323205e-07,1.726870244621927730e+00
3.874968773443360703e+01,4.465385970392944659e-02,-1.150069174191232927e-03,1.775395103477031962e-07,1.726872912141005800e+00
3.875969023255814250e+01,4.464235909895654386e-02,-1.149477441083378683e-03,1.773110015107957501e-07,1.726875577602034140e+00
3.876969273068267086e+01,4.463086441051142966e-02,-1.148886164088587991e-03,1.770828453987689950e-07,1.726878241007127945e+00
3.877969522880720632e+01,4.461937563403415435e-02,-1.148295342738683052e-03,1.768550413767890219e-07,1.726880902358399306e+00
3.878969772693173468e+01,4.460789276496948674e-02,-1.147704976566088237e-03,1.766275888113276493e-07,1.726883561657958088e+00
3.879970022505626304e+01,4.459641579876685163e-02,-1.147115065103825092e-03,1.764004870701583736e-07,1.726886218907909720e+00
3.880970272318079850e+01,4.458494473088031596e-02,-1.146525607885513645e-03,1.761737355223532457e-07,1.726888874110358740e+00
3.881970522130532686e+01,4.457347955676867202e-02,-1.145936604445372403e-03,1.759473335382814680e-07,1.726891527267406579e+00
3.882970771942985522e+01,4.456202027189531262e-02,-1.145348054318214882e-03,1.757212804896042595e-07,1.726894178381152223e+00
3.883971021755439068e+01,4.455056687172829349e-02,-1.144759957039449610e-03,1.754955757492730024e-07,1.726896827453690442e+00
3.884971271567891904e+01,4.453911935174033332e-02,-1.144172312145081208e-03,1.752702186915265693e-07,1.726899474487115560e+00
3.885971521380345450e+01,4.452767770740876513e-02,-1.143585119171705838e-03,1.750452086918874580e-07,1.726902119483517239e+00
3.886971771192798286e+01,4.451624193421558490e-02,-1.142998377656514021e-03,1.748205451271598068e-07,1.726904762444983810e+00
3.887972021005251122e+01,4.450481202764737521e-02,-1.142412087137286954e-03,1.745962273754251855e-07,1.726907403373600491e+00
3.888972270817704668e+01,4.449338798319536076e-02,-1.141826247152396504e-03,1.743722548160407954e-07,1.726910042271449619e+00
3.889972520630157504e+01,4.448196979635538756e-02,-1.141240857240805430e-03,1.741486268296362138e-07,1.726912679140610640e+00
3.890972770442611051e+01,4.447055746262789516e-02,-1.140655916942064129e-03,1.739253427981100849e-07,1.726915313983161449e+00
3.891973020255063886e+01,4.445915097751794443e-02,-1.140071425796312802e-03,1.737024021046278175e-07,1.726917946801176384e+00
3.892973270067516722e+01,4.444775033653516200e-02,-1.139487383344277120e-03,1.734798041336177196e-07,1.726920577596726902e+00
3.893973519879970269e+01,4.443635553519379583e-02,-1.138903789127269743e-03,1.732575482707692788e-07,1.726923206371882902e+00
3.894973769692423105e+01,4.442496656901266661e-02,-1.138320642687189448e-03,1.730356339030294026e-07,1.726925833128710730e+00
3.895974019504876651e+01,4.441358343351516774e-02,-1.137737943566517881e-03,1.728140604185996930e-07,1.726928457869274069e+00
3.896974269317329487e+01,4.440220612422928620e-02,-1.137155691308322156e-03,1.725928272069339840e-07,1.726931080595634382e+00
3.897974519129782323e+01,4.439083463668756085e-02,-1.136573885456250736e-03,1.723719336587349010e-07,1.726933701309850244e+00
3.898974768942235869e+01,4.437946896642707556e-02,-1.135992525554533868e-03,1.721513791659508431e-07,1.726936320013977788e+00
3.899975018754688705e+01,4.436810910898952159e-02,-1.135411611147984232e-03,1.719311631217745008e-07,1.726938936710070704e+00
3.900975268567141541e+01,4.435675505992108664e-02,-1.134831141781993038e-03,1.717112849206379591e-07,1.726941551400179575e+00
3.901975518379595087e+01,4.434540681477252416e-02,-1.134251117002530460e-03,1.714917439582112680e-07,1.726944164086352318e+00
3.902975768192047923e+01,4.433406436909913956e-02,-1.133671536356146720e-03,1.712725396313994782e-07,1.726946774770634851e+00
3.903976018004501469e+01,4.432272771846074849e-02,-1.133092399389967536e-03,1.710536713383390939e-07,1.726949383455070430e+00
3.904976267816954305e+01,4.431139685842170467e-02,-1.132513705651696720e-03,1.708351384783958757e-07,1.726951990141698978e+00
3.905976517629407141e+01,4.430007178455088596e-02,-1.131935454689612496e-03,1.706169404521619558e-07,1.726954594832557977e+00
3.906976767441860687e+01,4.428875249242167356e-02,-1.131357646052567716e-03,1.703990766614525553e-07,1.726957197529683352e+00
3.907977017254313523e+01,4.427743897761197284e-02,-1.130780279289990723e-03,1.701815465093038935e-07,1.726959798235107479e+00
3.908977267066767070e+01,4.426613123570417863e-02,-1.130203353951881023e-03,1.699643493999696140e-07,1.726962396950859846e+00
3.909977516879219905e+01,4.425482926228520297e-02,-1.129626869588811660e-03,1.697474847389188795e-07,1.726964993678968607e+00
3.910977766691672741e+01,4.424353305294643351e-02,-1.129050825751925970e-03,1.695309519328326653e-07,1.726967588421458144e+00
3.911978016504126288e+01,4.423224260328374041e-02,-1.128475221992937582e-03,1.693147503896013513e-07,1.726970181180350616e+00
3.912978266316579123e+01,4.422095790889750411e-02,-1.127900057864131061e-03,1.690988795183226037e-07,1.726972771957666408e+00
3.913978516129032670e+01,4.420967896539253900e-02,-1.127325332918357580e-03,1.688833387292971670e-07,1.726975360755421685e+00
3.914978765941485506e+01,4.419840576837817669e-02,-1.126751046709038168e-03,1.686681274340278839e-07,1.726977947575631722e+00
3.915979015753938342e+01,4.418713831346817583e-02,-1.126177198790159154e-03,1.684532450452152755e-07,1.726980532420308023e+00
3.916979265566391888e+01,4.417587659628074981e-02,-1.125603788716273259e-03,1.682386909767554764e-07,1.726983115291460757e+00
3.917979515378844724e+01,4.416462061243860843e-02,-1.125030816042499370e-03,1.680244646437384343e-07,1.726985696191095654e+00
3.918979765191298270e+01,4.415337035756886075e-02,-1.124458280324519511e-03,1.678105654624433318e-07,1.726988275121218219e+00
3.919980015003751106e+01,4.414212582730308448e-02,-1.123886181118580142e-03,1.675969928503373412e-07,1.726990852083829964e+00
3.920980264816203942e+01,4.413088701727729130e-02,-1.123314517981489555e-03,1.673837462260723958e-07,1.726993427080929511e+00
3.921980514628657488e+01,4.411965392313189904e-02,-1.122743290470617876e-03,1.671708250094820398e-07,1.726996000114513929e+00
3.922980764441110324e+01,4.410842654051178729e-02,-1.122172498143897065e-03,1.669582286215798405e-07,1.726998571186577625e+00
3.923981014253563160e+01,4.409720486506622794e-02,-1.121602140559818314e-03,1.667459564845555229e-07,1.727001140299112114e+00
3.924981264066016706e+01,4.408598889244891295e-02,-1.121032217277431612e-03,1.665340080217729059e-07,1.727003707454106696e+00
3.925981513878469542e+01,4.407477861831794741e-02,-1.120462727856346829e-03,1.663223826577672019e-07,1.727006272653547780e+00
3.926981763690923088e+01,4.406357403833582875e-02,-1.119893671856729382e-03,1.661110798182420522e-07,1.727008835899419559e+00
3.927982013503375924e+01,4.405237514816946753e-02,-1.119325048839303486e-03,1.659000989300673569e-07,1.727011397193703557e+00
3.928982263315828760e+01,4.404118194349015275e-02,-1.118756858365347598e-03,1.656894394212760449e-07,1.727013956538378636e+00
3.929982513128282307e+01,4.402999441997354491e-02,-1.118189099996695288e-03,1.654791007210614276e-07,1.727016513935421882e+00
3.930982762940735142e+01,4.401881257329972458e-02,-1.117621773295735454e-03,1.652690822597755044e-07,1.727019069386806827e+00
3.931983012753188689e+01,4.400763639915309527e-02,-1.117054877825408637e-03,1.650593834689246747e-07,1.727021622894505448e+00
3.932983262565641525e+01,4.399646589322248752e-02,-1.116488413149209404e-03,1.648500037811691821e-07,1.727024174460486394e+00
3.933983512378094360e+01,4.398530105120104783e-02,-1.115922378831182881e-03,1.646409426303183498e-07,1.727026724086716536e+00
3.934983762190547907e+01,4.397414186878628728e-02,-1.115356774435924967e-03,1.644321994513291778e-07,1.727029271775159858e+00
3.935984012003000743e+01,4.396298834168010233e-02,-1.114791599528582771e-03,1.642237736803040398e-07,1.727031817527777902e+00
3.936984261815454289e+01,4.395184046558869850e-02,-1.114226853674850706e-03,1.640156647544869247e-07,1.727034361346530211e+00
3.937984511627907125e+01,4.394069823622264587e-02,-1.113662536440973095e-03,1.638078721122617952e-07,1.727036903233372778e+00
3.938984761440359961e+01,4.392956164929683743e-02,-1.113098647393740911e-03,1.636003951931494914e-07,1.727039443190260259e+00
3.939985011252813507e+01,4.391843070053048914e-02,-1.112535186100491354e-03,1.633932334378050832e-07,1.727041981219144651e+00
3.940985261065266343e+01,4.390730538564718149e-02,-1.111972152129108923e-03,1.631863862880162824e-07,1.727044517321974393e+00
3.941985510877719179e+01,4.389618570037476936e-02,-1.111409545048021525e-03,1.629798531866992604e-07,1.727047051500697039e+00
3.942985760690172725e+01,4.388507164044543746e-02,-1.110847364426201331e-03,1.627736335778971662e-07,1.727049583757256146e+00
3.943986010502625561e+01,4.387396320159569346e-02,-1.110285609833165654e-03,1.625677269067775847e-07,1.727052114093594382e+00
3.944986260315079107e+01,4.386286037956631939e-02,-1.109724280838971736e-03,1.623621326196292284e-07,1.727054642511650417e+00
3.945986510127531943e+01,4.385176317010242714e-02,-1.109163377014220873e-03,1.621568501638603758e-07,1.727057169013361815e+00
3.946986759939984779e+01,4.384067156895340295e-02,-1.108602897930053644e-03,1.619518789879955093e-07,1.727059693600662804e+00
3.947987009752438325e+01,4.382958557187290743e-02,-1.108042843158150992e-03,1.617472185416728804e-07,1.727062216275485840e+00
3.948987259564891161e+01,4.381850517461891720e-02,-1.107483212270734011e-03,1.615428682756427888e-07,1.727064737039760045e+00
3.949987509377344708e+01,4.380743037295365544e-02,-1.106924004840560910e-03,1.613388276417639299e-07,1.727067255895413433e+00
3.950987759189797544e+01,4.379636116264363360e-02,-1.106365220440928745e-03,1.611350960930017004e-07,1.727069772844370021e+00
3.951988009002250379e+01,4.378529753945960973e-02,-1.105806858645670384e-03,1.609316730834250754e-07,1.727072287888552271e+00
3.952988258814703926e+01,4.377423949917662316e-02,-1.105248919029154942e-03,1.607285580682047812e-07,1.727074801029880646e+00
3.953988508627156762e+01,4.376318703757395984e-02,-1.104691401166287782e-03,1.605257505036103050e-07,1.727077312270272502e+00
3.954988758439610308e+01,4.375214015043513843e-02,-1.104134304632506608e-03,1.603232498470072209e-07,1.727079821611642751e+00
3.955989008252063144e+01,4.374109883354795197e-02,-1.103577629003784939e-03,1.601210555568555491e-07,1.727082329055904308e+00
3.956989258064515980e+01,4.373006308270441927e-02,-1.103021373856627333e-03,1.599191670927065528e-07,1.727084834604967201e+00
3.957989507876969526e+01,4.371903289370077106e-02,-1.102465538768070911e-03,1.597175839152000121e-07,1.727087338260739902e+00
3.958989757689422362e+01,4.370800826233750547e-02,-1.101910123315684702e-03,1.595163054860629532e-07,1.727089840025127554e+00
3.959990007501875908e+01,4.369698918441930480e-02,-1.101355127077566828e-03,1.593153312681057310e-07,1.727092339900033524e+00
3.960990257314328744e+01,4.368597565575510489e-02,-1.100800549632346016e-03,1.591146607252209173e-07,1.727094837887358070e+00
3.961990507126781580e+01,4.367496767215803266e-02,-1.100246390559179435e-03,1.589142933223798069e-07,1.727097333989000116e+00
3.962990756939235126e+01,4.366396522944540615e-02,-1.099692649437751394e-03,1.587142285256301675e-07,1.727099828206855037e+00
3.963991006751687962e+01,4.365296832343878303e-02,-1.099139325848275291e-03,1.585144658020946517e-07,1.727102320542816871e+00
3.964991256564140798e+01,4.364197694996389820e-02,-1.098586419371489062e-03,1.583150046199673823e-07,1.727104810998776774e+00
3.965991506376594344e+01,4.363099110485065685e-02,-1.098033929588656914e-03,1.581158444485115170e-07,1.727107299576623234e+00
3.966991756189047180e+01,4.362001078393319686e-02,-1.097481856081568676e-03,1.579169847580580575e-07,1.727109786278243186e+00
3.967992006001500727e+01,4.360903598304979173e-02,-1.096930198432536545e-03,1.577184250200017728e-07,1.727112271105520236e+00
3.968992255813953562e+01,4.359806669804291990e-02,-1.096378956224397907e-03,1.575201647068000350e-07,1.727114754060336654e+00
3.969992505626406398e+01,4.358710292475921622e-02,-1.095828129040510995e-03,1.573222032919698277e-07,1.727117235144571383e+00
3.970992755438859945e+01,4.357614465904947193e-02,-1.095277716464755982e-03,1.571245402500853375e-07,1.727119714360101588e+00
3.971993005251312781e+01,4.356519189676866938e-02,-1.094727718081535189e-03,1.569271750567762338e-07,1.727122191708801768e+00
3.972993255063766327e+01,4.355424463377589872e-02,-1.094178133475769187e-03,1.567301071887240416e-07,1.727124667192544871e+00
3.973993504876219163e+01,4.354330286593445509e-02,-1.093628962232899614e-03,1.565333361236614013e-07,1.727127140813200068e+00
3.974993754688671999e+01,4.353236658911173451e-02,-1.093080203938885490e-03,1.563368613403681239e-07,1.727129612572635420e+00
3.975994004501125545e+01,4.352143579917926858e-02,-1.092531858180203650e-03,1.561406823186693916e-07,1.727132082472716323e+00
3.976994254313578381e+01,4.351051049201277304e-02,-1.091983924543848744e-03,1.559447985394344607e-07,1.727134550515305511e+00
3.977994504126031927e+01,4.349959066349202291e-02,-1.091436402617330633e-03,1.557492094845721083e-07,1.727137016702263494e+00
3.978994753938484763e+01,4.348867630950098428e-02,-1.090889291988675911e-03,1.555539146370307654e-07,1.727139481035448787e+00
3.979995003750937599e+01,4.347776742592768945e-02,-1.090342592246424432e-03,1.553589134807939636e-07,1.727141943516717237e+00
3.980995253563391145e+01,4.346686400866430627e-02,-1.089796302979630397e-03,1.551642055008795146e-07,1.727144404147922474e+00
3.981995503375843981e+01,4.345596605360711739e-02,-1.089250423777862135e-03,1.549697901833366781e-07,1.727146862930916127e+00
3.982995753188296817e+01,4.344507355665648551e-02,-1.088704954231199066e-03,1.547756670152434618e-07,1.727149319867546939e+00
3.983996003000750363e+01,4.343418651371688810e-02,-1.088159893930232356e-03,1.545818354847049536e-07,1.727151774959661878e+00
3.984996252813203199e+01,4.342330492069690351e-02,-1.087615242466065130e-03,1.543882950808509133e-07,1.727154228209105247e+00
3.985996502625656746e+01,4.341242877350916241e-02,-1.087070999430309005e-03,1.541950452938325429e-07,1.727156679617719126e+00
3.986996752438109581e+01,4.340155806807042410e-02,-1.086527164415086472e-03,1.540020856148218514e-07,1.727159129187343378e+00
3.987997002250562417e+01,4.339069280030149328e-02,-1.085983737013027214e-03,1.538094155360078168e-07,1.727161576919814978e+00
3.988997252063015964e+01,4.337983296612724082e-02,-1.085440716817269186e-03,1.536170345505946125e-07,1.727164022816970013e+00
3.989997501875468799e+01,4.336897856147664543e-02,-1.084898103421458185e-03,1.534249421528000987e-07,1.727166466880640794e+00
3.990997751687922346e+01,4.335812958228269648e-02,-1.084355896419744595e-03,1.532331378378520369e-07,1.727168909112658302e+00
3.991998001500375182e+01,4.334728602448248425e-02,-1.083814095406786205e-03,1.530416211019873757e-07,1.727171349514850851e+00
3.992998251312828017e+01,4.333644788401712356e-02,-1.083272699977744311e-03,1.528503914424487563e-07,1.727173788089044537e+00
3.993998501125281564e+01,4.332561515683178155e-02,-1.082731709728284144e-03,1.526594483574829509e-07,1.727176224837063012e+00
3.994998750937734400e+01,4.331478783887567768e-02,-1.082191124254575304e-03,1.524687913463384544e-07,1.727178659760727708e+00
3.995999000750187946e+01,4.330396592610204903e-02,-1.081650943153288297e-03,1.522784199092629954e-07,1.727181092861858058e+00
3.996999250562640782e+01,4.329314941446819887e-02,-1.081111166021597346e-03,1.520883335475020284e-07,1.727183524142271276e+00
3.997999500375093618e+01,4.328233829993541337e-02,-1.080571792457176057e-03,1.518985317632952124e-07,1.727185953603781909e+00
3.998999750187547164e+01,4.327153257846903106e-02,-1.080032822058198507e-03,1.517090140598754322e-07,1.727188381248202287e+00
4.000000000000000000e+01,4.326073224603839418e-02,-1.079494254423339454e-03,1.515197799414658599e-07,1.727190807077343182e+00
